customer_id,first_name,last_name,email,city,state,region,signup_date
1,Ravi,Kim,ravi.kim1@example.com,New York,NY,Northeast,2026-01-29
2,Lucas,Brown,lucas.brown2@example.com,Minneapolis,MN,Midwest,2024-05-22
3,Ella,Kim,ella.kim3@example.com,Los Angeles,CA,West,2026-01-28
4,Kiran,Thomas,kiran.thomas4@example.com,Boston,MA,Northeast,2025-08-27
5,Ava,Patel,ava.patel5@example.com,New York,NY,Northeast,2024-04-05
6,Ethan,Brown,ethan.brown6@example.com,Seattle,WA,West,2025-09-08
7,Aarav,Thomas,aarav.thomas7@example.com,Minneapolis,MN,Midwest,2026-01-03
8,Ravi,Hall,ravi.hall8@example.com,Seattle,WA,West,2025-03-05
9,Priya,Gonzalez,priya.gonzalez9@example.com,San Francisco,CA,West,2024-10-11
10,Grace,Green,grace.green10@example.com,New York,NY,Northeast,2026-02-16
11,Grace,Singh,grace.singh11@example.com,Phoenix,AZ,West,2025-03-08
12,Arjun,Davis,arjun.davis12@example.com,Chicago,IL,Midwest,2024-08-08
13,Vikram,Khan,vikram.khan13@example.com,Boston,MA,Northeast,2024-04-04
14,Mateo,Kim,mateo.kim14@example.com,Atlanta,GA,South,2026-05-17
15,Olivia,Martin,olivia.martin15@example.com,Dallas,TX,South,2026-04-06
16,Maya,Young,maya.young16@example.com,Denver,CO,West,2025-07-03
17,Sofia,Lopez,sofia.lopez17@example.com,Boston,MA,Northeast,2025-07-19
18,Emma,Scott,emma.scott18@example.com,Los Angeles,CA,West,2025-09-25
19,Kiran,Green,kiran.green19@example.com,Atlanta,GA,South,2025-08-14
20,Ethan,Hall,ethan.hall20@example.com,Boston,MA,Northeast,2024-02-16
21,Chloe,Brown,chloe.brown21@example.com,Dallas,TX,South,2024-03-22
22,Lena,Brown,lena.brown22@example.com,Boston,MA,Northeast,2025-01-24
23,Lucas,Gonzalez,lucas.gonzalez23@example.com,Los Angeles,CA,West,2026-05-04
24,Olivia,Singh,olivia.singh24@example.com,Atlanta,GA,South,2024-12-29
25,Ethan,Walker,ethan.walker25@example.com,Dallas,TX,South,2025-12-19
26,Ruby,Walker,ruby.walker26@example.com,Los Angeles,CA,West,2024-03-14
27,Nina,Lee,nina.lee27@example.com,Chicago,IL,Midwest,2025-06-30
28,Ella,Brown,ella.brown28@example.com,Chicago,IL,Midwest,2025-04-18
29,Mateo,Davis,mateo.davis29@example.com,Los Angeles,CA,West,2025-12-05
30,Zara,Brown,zara.brown30@example.com,Los Angeles,CA,West,2024-11-28
31,Diego,King,diego.king31@example.com,New York,NY,Northeast,2024-08-22
32,Diego,Patel,diego.patel32@example.com,Atlanta,GA,South,2025-02-14
33,Lucas,Garcia,lucas.garcia33@example.com,Minneapolis,MN,Midwest,2025-08-03
34,Kiran,Hall,kiran.hall34@example.com,Atlanta,GA,South,2024-08-05
35,Ravi,Wilson,ravi.wilson35@example.com,Miami,FL,South,2025-10-20
36,Kabir,Nguyen,kabir.nguyen36@example.com,Dallas,TX,South,2024-05-22
37,Priya,Young,priya.young37@example.com,Seattle,WA,West,2025-07-05
38,Lucas,Young,lucas.young38@example.com,San Francisco,CA,West,2025-03-14
39,Kiran,Moore,kiran.moore39@example.com,Miami,FL,South,2025-01-05
40,Priya,Nguyen,priya.nguyen40@example.com,Seattle,WA,West,2025-05-20
41,Liam,King,liam.king41@example.com,New York,NY,Northeast,2026-05-31
42,Sofia,Nguyen,sofia.nguyen42@example.com,Los Angeles,CA,West,2024-06-12
43,Grace,Walker,grace.walker43@example.com,Miami,FL,South,2025-09-02
44,Liam,Lopez,liam.lopez44@example.com,Miami,FL,South,2025-09-02
45,Kabir,Anderson,kabir.anderson45@example.com,Dallas,TX,South,2025-07-20
46,Lena,Sharma,lena.sharma46@example.com,Los Angeles,CA,West,2026-01-08
47,Sofia,Walker,sofia.walker47@example.com,Seattle,WA,West,2026-02-07
48,Lucas,King,lucas.king48@example.com,Los Angeles,CA,West,2024-12-14
49,Sofia,Miller,sofia.miller49@example.com,Miami,FL,South,2024-06-10
50,Kabir,Sharma,kabir.sharma50@example.com,Phoenix,AZ,West,2026-01-06
51,Lucas,Anderson,lucas.anderson51@example.com,Chicago,IL,Midwest,2025-06-03
52,Ruby,Kim,ruby.kim52@example.com,Los Angeles,CA,West,2024-11-01
53,Diego,Lee,diego.lee53@example.com,Seattle,WA,West,2025-09-15
54,Ethan,Nguyen,ethan.nguyen54@example.com,Atlanta,GA,South,2026-02-19
55,Aisha,Thomas,aisha.thomas55@example.com,Seattle,WA,West,2024-01-01
56,Nina,Khan,nina.khan56@example.com,Denver,CO,West,2024-01-20
57,Sofia,Reddy,sofia.reddy57@example.com,Dallas,TX,South,2024-09-02
58,Maya,Brown,maya.brown58@example.com,San Francisco,CA,West,2024-03-21
59,Liam,Young,liam.young59@example.com,Denver,CO,West,2026-04-15
60,Liam,King,liam.king60@example.com,Seattle,WA,West,2026-02-23
61,Noah,Nguyen,noah.nguyen61@example.com,Los Angeles,CA,West,2025-05-01
62,Zara,Singh,zara.singh62@example.com,Dallas,TX,South,2025-06-24
63,Lena,Martin,lena.martin63@example.com,Miami,FL,South,2024-08-04
64,Ruby,Thomas,ruby.thomas64@example.com,Phoenix,AZ,West,2025-12-07
65,Ethan,Hall,ethan.hall65@example.com,Dallas,TX,South,2025-02-12
66,Chloe,Lee,chloe.lee66@example.com,Atlanta,GA,South,2025-03-24
67,Kiran,Anderson,kiran.anderson67@example.com,Denver,CO,West,2024-05-03
68,Priya,Brown,priya.brown68@example.com,Boston,MA,Northeast,2024-12-12
69,Aarav,Moore,aarav.moore69@example.com,Seattle,WA,West,2024-08-23
70,Daniel,Brown,daniel.brown70@example.com,New York,NY,Northeast,2024-03-13
71,Omar,Lee,omar.lee71@example.com,New York,NY,Northeast,2024-08-22
72,Liam,Patel,liam.patel72@example.com,Atlanta,GA,South,2024-03-13
73,James,Brown,james.brown73@example.com,Dallas,TX,South,2025-11-16
74,Mia,Johnson,mia.johnson74@example.com,Seattle,WA,West,2024-05-15
75,Ella,Moore,ella.moore75@example.com,San Francisco,CA,West,2025-04-29
76,Priya,Wright,priya.wright76@example.com,Denver,CO,West,2026-04-06
77,Ava,Johnson,ava.johnson77@example.com,Boston,MA,Northeast,2024-04-09
78,Chloe,Hernandez,chloe.hernandez78@example.com,Atlanta,GA,South,2025-03-09
79,Ava,Gonzalez,ava.gonzalez79@example.com,Phoenix,AZ,West,2024-02-25
80,Chloe,Lee,chloe.lee80@example.com,Los Angeles,CA,West,2024-04-10
81,Maya,Lopez,maya.lopez81@example.com,Phoenix,AZ,West,2024-12-13
82,Grace,Green,grace.green82@example.com,Boston,MA,Northeast,2024-09-11
83,Ethan,Johnson,ethan.johnson83@example.com,Seattle,WA,West,2025-04-04
84,Noah,Hernandez,noah.hernandez84@example.com,Chicago,IL,Midwest,2024-10-12
85,Kabir,Brown,kabir.brown85@example.com,Boston,MA,Northeast,2025-03-29
86,Grace,Green,grace.green86@example.com,Seattle,WA,West,2024-04-10
87,Maya,Lee,maya.lee87@example.com,Seattle,WA,West,2026-05-06
88,Aarav,Garcia,aarav.garcia88@example.com,Minneapolis,MN,Midwest,2024-06-19
89,Ava,Wilson,ava.wilson89@example.com,Denver,CO,West,2024-08-06
90,Lena,Lopez,lena.lopez90@example.com,New York,NY,Northeast,2024-06-17
91,Mateo,Sharma,mateo.sharma91@example.com,Miami,FL,South,2024-09-28
92,Ruby,Wright,ruby.wright92@example.com,Denver,CO,West,2024-10-19
93,Ava,Hall,ava.hall93@example.com,Phoenix,AZ,West,2026-03-13
94,Zara,Walker,zara.walker94@example.com,Phoenix,AZ,West,2025-05-13
95,Noah,Johnson,noah.johnson95@example.com,Dallas,TX,South,2024-08-10
96,Maya,Moore,maya.moore96@example.com,Phoenix,AZ,West,2025-07-09
97,Maya,Young,maya.young97@example.com,Atlanta,GA,South,2024-02-28
98,Maya,Moore,maya.moore98@example.com,Denver,CO,West,2025-05-29
99,Ruby,Green,ruby.green99@example.com,Seattle,WA,West,2024-06-10
100,Maya,Anderson,maya.anderson100@example.com,Boston,MA,Northeast,2026-05-21
101,Aisha,Garcia,aisha.garcia101@example.com,San Francisco,CA,West,2024-03-10
102,Chloe,Green,chloe.green102@example.com,Minneapolis,MN,Midwest,2025-02-17
103,Sofia,Moore,sofia.moore103@example.com,Minneapolis,MN,Midwest,2025-08-15
104,Nina,Patel,nina.patel104@example.com,San Francisco,CA,West,2024-03-24
105,Ava,Walker,ava.walker105@example.com,San Francisco,CA,West,2025-08-01
106,James,Khan,james.khan106@example.com,Dallas,TX,South,2024-07-28
107,Chloe,Hall,chloe.hall107@example.com,Atlanta,GA,South,2024-09-01
108,Lucas,Lopez,lucas.lopez108@example.com,Chicago,IL,Midwest,2025-11-18
109,Ravi,Miller,ravi.miller109@example.com,Denver,CO,West,2024-11-19
110,Ruby,King,ruby.king110@example.com,Boston,MA,Northeast,2024-01-10
111,Kabir,Martin,kabir.martin111@example.com,San Francisco,CA,West,2024-04-12
112,Liam,Thomas,liam.thomas112@example.com,Minneapolis,MN,Midwest,2025-06-02
113,Lucas,Nguyen,lucas.nguyen113@example.com,Atlanta,GA,South,2024-03-11
114,Kiran,Brown,kiran.brown114@example.com,Atlanta,GA,South,2024-10-18
115,Aisha,Gonzalez,aisha.gonzalez115@example.com,Seattle,WA,West,2025-12-21
116,Emma,Martin,emma.martin116@example.com,Los Angeles,CA,West,2025-06-25
117,Aarav,Walker,aarav.walker117@example.com,Seattle,WA,West,2024-11-02
118,Ruby,Walker,ruby.walker118@example.com,Boston,MA,Northeast,2024-05-17
119,Lucas,Kim,lucas.kim119@example.com,Boston,MA,Northeast,2026-01-30
120,Zara,Nguyen,zara.nguyen120@example.com,Dallas,TX,South,2024-10-15
121,Nina,Johnson,nina.johnson121@example.com,Phoenix,AZ,West,2024-12-17
122,Ethan,Walker,ethan.walker122@example.com,Los Angeles,CA,West,2026-05-23
123,Lucas,Anderson,lucas.anderson123@example.com,Denver,CO,West,2024-09-14
124,Kiran,Green,kiran.green124@example.com,New York,NY,Northeast,2024-04-04
125,Ravi,Hernandez,ravi.hernandez125@example.com,Dallas,TX,South,2024-02-15
126,Aarav,Khan,aarav.khan126@example.com,Chicago,IL,Midwest,2025-10-14
127,Lucas,Singh,lucas.singh127@example.com,Phoenix,AZ,West,2025-03-28
128,Zara,Hall,zara.hall128@example.com,Miami,FL,South,2025-07-28
129,Aarav,Kim,aarav.kim129@example.com,Boston,MA,Northeast,2025-12-08
130,Kiran,Nguyen,kiran.nguyen130@example.com,Seattle,WA,West,2024-02-06
131,Diego,Reddy,diego.reddy131@example.com,San Francisco,CA,West,2025-07-19
132,Noah,Hernandez,noah.hernandez132@example.com,Chicago,IL,Midwest,2024-02-12
133,Emma,Reddy,emma.reddy133@example.com,New York,NY,Northeast,2025-01-01
134,Ethan,Walker,ethan.walker134@example.com,Minneapolis,MN,Midwest,2025-11-13
135,Sofia,Reddy,sofia.reddy135@example.com,Seattle,WA,West,2025-02-20
136,Nina,Young,nina.young136@example.com,Chicago,IL,Midwest,2024-08-30
137,Lena,Singh,lena.singh137@example.com,Chicago,IL,Midwest,2025-02-26
138,Aarav,Singh,aarav.singh138@example.com,Phoenix,AZ,West,2024-12-06
139,Grace,Hernandez,grace.hernandez139@example.com,Los Angeles,CA,West,2026-01-22
140,Grace,Brown,grace.brown140@example.com,Dallas,TX,South,2024-06-12
141,Grace,Hall,grace.hall141@example.com,Boston,MA,Northeast,2025-01-26
142,Lena,Patel,lena.patel142@example.com,Denver,CO,West,2024-08-15
143,Ethan,Scott,ethan.scott143@example.com,Denver,CO,West,2024-12-24
144,Emma,Scott,emma.scott144@example.com,Minneapolis,MN,Midwest,2024-08-16
145,Aarav,Walker,aarav.walker145@example.com,Minneapolis,MN,Midwest,2025-02-12
146,Arjun,Davis,arjun.davis146@example.com,Boston,MA,Northeast,2026-03-02
147,Lucas,Reddy,lucas.reddy147@example.com,Los Angeles,CA,West,2025-06-05
148,Mateo,Walker,mateo.walker148@example.com,Seattle,WA,West,2024-12-05
149,Aarav,Kim,aarav.kim149@example.com,Dallas,TX,South,2024-07-01
150,Daniel,Davis,daniel.davis150@example.com,New York,NY,Northeast,2024-04-21
151,Nina,Hernandez,nina.hernandez151@example.com,Atlanta,GA,South,2026-01-16
152,Grace,Khan,grace.khan152@example.com,Miami,FL,South,2025-09-12
153,James,Kim,james.kim153@example.com,Miami,FL,South,2025-08-13
154,Ethan,Davis,ethan.davis154@example.com,New York,NY,Northeast,2025-12-26
155,Ava,Sharma,ava.sharma155@example.com,Seattle,WA,West,2026-04-05
156,Zara,Walker,zara.walker156@example.com,Phoenix,AZ,West,2026-01-29
157,Ella,Walker,ella.walker157@example.com,Minneapolis,MN,Midwest,2025-01-07
158,Ava,Garcia,ava.garcia158@example.com,Los Angeles,CA,West,2024-12-04
159,Nina,Khan,nina.khan159@example.com,Los Angeles,CA,West,2026-05-18
160,Sofia,Young,sofia.young160@example.com,Dallas,TX,South,2025-06-03
161,Emma,Walker,emma.walker161@example.com,Miami,FL,South,2024-11-30
162,Mateo,Hall,mateo.hall162@example.com,Dallas,TX,South,2025-07-21
163,Noah,Johnson,noah.johnson163@example.com,Miami,FL,South,2025-11-11
164,Mateo,Walker,mateo.walker164@example.com,Phoenix,AZ,West,2024-06-27
165,Nina,Moore,nina.moore165@example.com,Dallas,TX,South,2025-02-19
166,Zara,Scott,zara.scott166@example.com,New York,NY,Northeast,2024-11-07
167,Emma,Johnson,emma.johnson167@example.com,Miami,FL,South,2026-03-15
168,Daniel,Martin,daniel.martin168@example.com,Los Angeles,CA,West,2024-11-25
169,Kabir,Gonzalez,kabir.gonzalez169@example.com,Denver,CO,West,2025-11-22
170,Ethan,Anderson,ethan.anderson170@example.com,Denver,CO,West,2026-03-23
171,Kiran,Wright,kiran.wright171@example.com,Phoenix,AZ,West,2024-06-22
172,Chloe,Garcia,chloe.garcia172@example.com,Dallas,TX,South,2025-06-11
173,Chloe,Lee,chloe.lee173@example.com,San Francisco,CA,West,2024-12-09
174,Liam,Scott,liam.scott174@example.com,Minneapolis,MN,Midwest,2025-11-19
175,Emma,Brown,emma.brown175@example.com,Minneapolis,MN,Midwest,2024-05-30
176,Aarav,Patel,aarav.patel176@example.com,Minneapolis,MN,Midwest,2025-05-01
177,Nina,Green,nina.green177@example.com,Boston,MA,Northeast,2025-04-11
178,Ava,Lee,ava.lee178@example.com,San Francisco,CA,West,2024-07-18
179,Omar,Hall,omar.hall179@example.com,Miami,FL,South,2025-05-21
180,Mateo,Brown,mateo.brown180@example.com,Chicago,IL,Midwest,2025-11-02
181,Omar,Sharma,omar.sharma181@example.com,Boston,MA,Northeast,2026-03-08
182,Ava,Brown,ava.brown182@example.com,Chicago,IL,Midwest,2026-04-03
183,Omar,Anderson,omar.anderson183@example.com,Denver,CO,West,2024-02-21
184,Zara,Brown,zara.brown184@example.com,Boston,MA,Northeast,2025-04-12
185,Noah,Wright,noah.wright185@example.com,Denver,CO,West,2025-11-14
186,James,Thomas,james.thomas186@example.com,San Francisco,CA,West,2024-11-20
187,Vikram,Gonzalez,vikram.gonzalez187@example.com,San Francisco,CA,West,2026-04-14
188,Ella,Anderson,ella.anderson188@example.com,Miami,FL,South,2026-04-30
189,Ruby,Thomas,ruby.thomas189@example.com,Denver,CO,West,2024-06-11
190,Ella,Green,ella.green190@example.com,Denver,CO,West,2025-04-05
191,Lucas,King,lucas.king191@example.com,Minneapolis,MN,Midwest,2026-05-10
192,Ravi,Davis,ravi.davis192@example.com,Seattle,WA,West,2025-05-11
193,Ravi,Brown,ravi.brown193@example.com,Dallas,TX,South,2025-03-26
194,Liam,Hall,liam.hall194@example.com,Dallas,TX,South,2024-08-28
195,Lucas,Khan,lucas.khan195@example.com,Atlanta,GA,South,2025-07-07
196,Liam,Nguyen,liam.nguyen196@example.com,Chicago,IL,Midwest,2024-08-24
197,Mateo,Hall,mateo.hall197@example.com,Chicago,IL,Midwest,2025-12-24
198,Ethan,Garcia,ethan.garcia198@example.com,Miami,FL,South,2025-02-21
199,Arjun,Thomas,arjun.thomas199@example.com,Denver,CO,West,2025-03-01
200,Maya,Johnson,maya.johnson200@example.com,Miami,FL,South,2025-02-02
201,Kiran,King,kiran.king201@example.com,San Francisco,CA,West,2025-12-13
202,Aarav,Green,aarav.green202@example.com,San Francisco,CA,West,2025-01-24
203,Mia,Sharma,mia.sharma203@example.com,Atlanta,GA,South,2024-11-01
204,Vikram,Lopez,vikram.lopez204@example.com,Miami,FL,South,2025-07-05
205,Ella,Young,ella.young205@example.com,Seattle,WA,West,2026-03-30
206,Nina,Brown,nina.brown206@example.com,Denver,CO,West,2024-08-12
207,Lucas,Hernandez,lucas.hernandez207@example.com,Denver,CO,West,2024-01-30
208,Mateo,Khan,mateo.khan208@example.com,Los Angeles,CA,West,2025-11-26
209,Grace,Lopez,grace.lopez209@example.com,Phoenix,AZ,West,2024-06-18
210,Diego,Gonzalez,diego.gonzalez210@example.com,Chicago,IL,Midwest,2025-09-29
211,Zara,Sharma,zara.sharma211@example.com,Miami,FL,South,2025-08-29
212,Daniel,Walker,daniel.walker212@example.com,New York,NY,Northeast,2024-03-26
213,Ravi,Hernandez,ravi.hernandez213@example.com,Chicago,IL,Midwest,2025-04-17
214,Aisha,Patel,aisha.patel214@example.com,Dallas,TX,South,2025-01-23
215,Arjun,Johnson,arjun.johnson215@example.com,Denver,CO,West,2024-11-30
216,Arjun,King,arjun.king216@example.com,Miami,FL,South,2024-10-11
217,Vikram,Scott,vikram.scott217@example.com,Miami,FL,South,2024-09-15
218,Diego,Garcia,diego.garcia218@example.com,Denver,CO,West,2024-01-20
219,Ella,Thomas,ella.thomas219@example.com,New York,NY,Northeast,2024-12-24
220,Priya,Lee,priya.lee220@example.com,Boston,MA,Northeast,2026-03-10
221,Ravi,Patel,ravi.patel221@example.com,New York,NY,Northeast,2024-09-10
222,Ethan,Scott,ethan.scott222@example.com,New York,NY,Northeast,2025-09-28
223,Noah,Brown,noah.brown223@example.com,Chicago,IL,Midwest,2025-04-29
224,Chloe,Kim,chloe.kim224@example.com,San Francisco,CA,West,2024-08-11
225,Kabir,Hall,kabir.hall225@example.com,Dallas,TX,South,2026-02-24
226,Olivia,Singh,olivia.singh226@example.com,San Francisco,CA,West,2025-09-13
227,Ella,Hall,ella.hall227@example.com,Boston,MA,Northeast,2026-03-07
228,Diego,Singh,diego.singh228@example.com,Dallas,TX,South,2024-04-20
229,Daniel,Sharma,daniel.sharma229@example.com,Dallas,TX,South,2025-08-12
230,Chloe,Lopez,chloe.lopez230@example.com,Miami,FL,South,2026-01-02
231,Ethan,Garcia,ethan.garcia231@example.com,San Francisco,CA,West,2025-12-08
232,Diego,Lee,diego.lee232@example.com,Minneapolis,MN,Midwest,2024-04-14
233,Omar,King,omar.king233@example.com,Dallas,TX,South,2026-05-20
234,Chloe,Martin,chloe.martin234@example.com,Boston,MA,Northeast,2026-03-26
235,Daniel,Wright,daniel.wright235@example.com,New York,NY,Northeast,2024-12-21
236,Zara,Hernandez,zara.hernandez236@example.com,Los Angeles,CA,West,2025-01-14
237,Liam,Anderson,liam.anderson237@example.com,Los Angeles,CA,West,2024-12-15
238,Aarav,Green,aarav.green238@example.com,Miami,FL,South,2026-04-22
239,Mia,Kim,mia.kim239@example.com,Miami,FL,South,2025-01-05
240,Ravi,Scott,ravi.scott240@example.com,Denver,CO,West,2025-12-25
241,Noah,Hernandez,noah.hernandez241@example.com,Chicago,IL,Midwest,2026-01-21
242,James,Lee,james.lee242@example.com,Dallas,TX,South,2025-09-22
243,Grace,Thomas,grace.thomas243@example.com,Denver,CO,West,2025-04-21
244,Ava,Scott,ava.scott244@example.com,Phoenix,AZ,West,2025-08-29
245,Lucas,Khan,lucas.khan245@example.com,Minneapolis,MN,Midwest,2026-04-30
246,Ruby,Garcia,ruby.garcia246@example.com,Dallas,TX,South,2025-04-06
247,Priya,King,priya.king247@example.com,Denver,CO,West,2025-08-06
248,Nina,Walker,nina.walker248@example.com,Miami,FL,South,2024-12-10
249,Aarav,Wilson,aarav.wilson249@example.com,Atlanta,GA,South,2024-07-05
250,Mia,Johnson,mia.johnson250@example.com,Atlanta,GA,South,2026-03-27
251,Lucas,Khan,lucas.khan251@example.com,Dallas,TX,South,2025-09-02
252,Omar,Davis,omar.davis252@example.com,Seattle,WA,West,2024-01-11
253,James,Johnson,james.johnson253@example.com,Boston,MA,Northeast,2024-09-04
254,Ella,Hernandez,ella.hernandez254@example.com,Denver,CO,West,2025-07-22
255,Vikram,Brown,vikram.brown255@example.com,Phoenix,AZ,West,2025-05-02
256,Ravi,Hall,ravi.hall256@example.com,Denver,CO,West,2025-04-03
257,Grace,Sharma,grace.sharma257@example.com,Boston,MA,Northeast,2024-10-28
258,Priya,Lopez,priya.lopez258@example.com,Phoenix,AZ,West,2024-09-06
259,Emma,Walker,emma.walker259@example.com,San Francisco,CA,West,2025-01-12
260,Mia,Thomas,mia.thomas260@example.com,Seattle,WA,West,2024-12-18
261,Ava,Young,ava.young261@example.com,Seattle,WA,West,2024-12-04
262,Olivia,Hall,olivia.hall262@example.com,Denver,CO,West,2024-10-04
263,Emma,Davis,emma.davis263@example.com,Minneapolis,MN,Midwest,2024-05-03
264,Ella,Johnson,ella.johnson264@example.com,Atlanta,GA,South,2024-05-02
265,Ella,Thomas,ella.thomas265@example.com,Phoenix,AZ,West,2024-07-08
266,Ethan,Johnson,ethan.johnson266@example.com,Phoenix,AZ,West,2025-05-10
267,Lucas,Young,lucas.young267@example.com,San Francisco,CA,West,2026-02-17
268,James,Martin,james.martin268@example.com,Dallas,TX,South,2024-04-12
269,Diego,Johnson,diego.johnson269@example.com,Dallas,TX,South,2024-08-20
270,Olivia,Singh,olivia.singh270@example.com,Dallas,TX,South,2024-01-15
271,Omar,Thomas,omar.thomas271@example.com,Chicago,IL,Midwest,2024-10-07
272,Maya,Patel,maya.patel272@example.com,Seattle,WA,West,2024-10-26
273,Omar,Nguyen,omar.nguyen273@example.com,Los Angeles,CA,West,2026-02-09
274,Mia,Kim,mia.kim274@example.com,New York,NY,Northeast,2025-08-10
275,Emma,Wilson,emma.wilson275@example.com,Denver,CO,West,2025-03-27
276,Arjun,Singh,arjun.singh276@example.com,New York,NY,Northeast,2024-09-15
277,Lena,Wilson,lena.wilson277@example.com,Boston,MA,Northeast,2026-04-21
278,Liam,Lopez,liam.lopez278@example.com,Denver,CO,West,2024-03-16
279,Daniel,Lee,daniel.lee279@example.com,Los Angeles,CA,West,2024-02-24
280,Noah,Nguyen,noah.nguyen280@example.com,San Francisco,CA,West,2024-11-07
281,Liam,Brown,liam.brown281@example.com,Boston,MA,Northeast,2025-07-25
282,Vikram,Hernandez,vikram.hernandez282@example.com,San Francisco,CA,West,2025-09-02
283,Grace,Martin,grace.martin283@example.com,Minneapolis,MN,Midwest,2026-03-05
284,James,Lopez,james.lopez284@example.com,Denver,CO,West,2025-03-29
285,Emma,Green,emma.green285@example.com,San Francisco,CA,West,2025-03-15
286,Emma,Moore,emma.moore286@example.com,San Francisco,CA,West,2024-03-02
287,Nina,Young,nina.young287@example.com,Boston,MA,Northeast,2026-02-20
288,Ethan,Lee,ethan.lee288@example.com,Minneapolis,MN,Midwest,2024-09-27
289,Chloe,Garcia,chloe.garcia289@example.com,Chicago,IL,Midwest,2024-09-02
290,Aisha,Thomas,aisha.thomas290@example.com,Boston,MA,Northeast,2024-06-09
291,Aarav,Hernandez,aarav.hernandez291@example.com,Denver,CO,West,2025-12-06
292,Nina,Wilson,nina.wilson292@example.com,Dallas,TX,South,2024-02-03
293,Priya,Miller,priya.miller293@example.com,Phoenix,AZ,West,2024-10-16
294,Omar,Green,omar.green294@example.com,Denver,CO,West,2024-03-13
295,Chloe,Brown,chloe.brown295@example.com,Dallas,TX,South,2026-03-17
296,Grace,Lee,grace.lee296@example.com,San Francisco,CA,West,2025-11-08
297,Grace,Johnson,grace.johnson297@example.com,Miami,FL,South,2024-04-27
298,Zara,Brown,zara.brown298@example.com,Los Angeles,CA,West,2024-06-01
299,Ruby,Davis,ruby.davis299@example.com,Chicago,IL,Midwest,2024-03-14
300,Maya,Singh,maya.singh300@example.com,Dallas,TX,South,2025-09-01
301,Ella,Scott,ella.scott301@example.com,San Francisco,CA,West,2024-10-22
302,Kabir,Kim,kabir.kim302@example.com,Denver,CO,West,2025-12-06
303,Emma,Hall,emma.hall303@example.com,Miami,FL,South,2024-10-05
304,James,Thomas,james.thomas304@example.com,Denver,CO,West,2025-03-24
305,Liam,Martin,liam.martin305@example.com,New York,NY,Northeast,2025-03-18
306,Ella,Khan,ella.khan306@example.com,San Francisco,CA,West,2024-09-13
307,Aarav,Garcia,aarav.garcia307@example.com,Minneapolis,MN,Midwest,2025-11-21
308,Diego,Green,diego.green308@example.com,San Francisco,CA,West,2025-08-24
309,Aarav,King,aarav.king309@example.com,Los Angeles,CA,West,2026-04-21
310,Lucas,Moore,lucas.moore310@example.com,New York,NY,Northeast,2026-02-20
311,Vikram,Singh,vikram.singh311@example.com,Denver,CO,West,2025-06-15
312,Ravi,Gonzalez,ravi.gonzalez312@example.com,Dallas,TX,South,2024-07-04
313,Daniel,Hernandez,daniel.hernandez313@example.com,Los Angeles,CA,West,2026-04-13
314,Mia,Garcia,mia.garcia314@example.com,Denver,CO,West,2024-12-22
315,Ava,Khan,ava.khan315@example.com,Atlanta,GA,South,2025-11-17
316,Sofia,Green,sofia.green316@example.com,Chicago,IL,Midwest,2024-12-03
317,Ava,Hall,ava.hall317@example.com,Denver,CO,West,2024-10-22
318,Chloe,Lopez,chloe.lopez318@example.com,Seattle,WA,West,2024-02-07
319,Kabir,Garcia,kabir.garcia319@example.com,Atlanta,GA,South,2024-09-15
320,Arjun,Kim,arjun.kim320@example.com,Miami,FL,South,2025-06-10
321,Diego,Sharma,diego.sharma321@example.com,Los Angeles,CA,West,2025-07-09
322,Kabir,Hernandez,kabir.hernandez322@example.com,New York,NY,Northeast,2024-07-11
323,James,Reddy,james.reddy323@example.com,San Francisco,CA,West,2026-02-13
324,Mia,Lee,mia.lee324@example.com,Denver,CO,West,2026-02-17
325,Maya,Johnson,maya.johnson325@example.com,Dallas,TX,South,2025-07-16
326,Noah,Miller,noah.miller326@example.com,Denver,CO,West,2025-12-16
327,Mia,Kim,mia.kim327@example.com,New York,NY,Northeast,2025-10-07
328,Nina,Wright,nina.wright328@example.com,Minneapolis,MN,Midwest,2025-12-27
329,Aisha,Miller,aisha.miller329@example.com,Seattle,WA,West,2024-01-15
330,Zara,Hernandez,zara.hernandez330@example.com,Boston,MA,Northeast,2024-08-18
331,Diego,Kim,diego.kim331@example.com,Denver,CO,West,2024-04-30
332,Ravi,Scott,ravi.scott332@example.com,Chicago,IL,Midwest,2025-05-25
333,Ruby,Hall,ruby.hall333@example.com,Dallas,TX,South,2025-06-05
334,Omar,Davis,omar.davis334@example.com,Miami,FL,South,2026-05-04
335,Mia,Wilson,mia.wilson335@example.com,Minneapolis,MN,Midwest,2025-04-12
336,Zara,Nguyen,zara.nguyen336@example.com,Miami,FL,South,2024-07-14
337,Ruby,Martin,ruby.martin337@example.com,Seattle,WA,West,2026-02-03
338,Kiran,Nguyen,kiran.nguyen338@example.com,Boston,MA,Northeast,2024-10-09
339,Vikram,Wright,vikram.wright339@example.com,Miami,FL,South,2024-12-14
340,Ruby,Wright,ruby.wright340@example.com,Seattle,WA,West,2024-09-30
341,Diego,Sharma,diego.sharma341@example.com,Dallas,TX,South,2026-01-13
342,Emma,Scott,emma.scott342@example.com,San Francisco,CA,West,2025-08-16
343,Chloe,Wilson,chloe.wilson343@example.com,Chicago,IL,Midwest,2025-04-02
344,Zara,Wilson,zara.wilson344@example.com,Atlanta,GA,South,2024-12-06
345,Zara,King,zara.king345@example.com,Seattle,WA,West,2025-01-21
346,Kabir,Khan,kabir.khan346@example.com,Minneapolis,MN,Midwest,2025-12-15
347,Priya,Moore,priya.moore347@example.com,Miami,FL,South,2024-08-27
348,Lena,King,lena.king348@example.com,Miami,FL,South,2024-02-14
349,Arjun,Young,arjun.young349@example.com,Denver,CO,West,2025-12-23
350,Ruby,Wright,ruby.wright350@example.com,Miami,FL,South,2025-01-30
351,Chloe,Wright,chloe.wright351@example.com,Los Angeles,CA,West,2024-06-04
352,Mia,Patel,mia.patel352@example.com,Chicago,IL,Midwest,2025-05-29
353,Daniel,Khan,daniel.khan353@example.com,Boston,MA,Northeast,2026-05-15
354,Kabir,Kim,kabir.kim354@example.com,Seattle,WA,West,2025-04-12
355,Aarav,Young,aarav.young355@example.com,Chicago,IL,Midwest,2025-02-23
356,Lena,Lee,lena.lee356@example.com,Chicago,IL,Midwest,2024-03-17
357,Mia,Wright,mia.wright357@example.com,Dallas,TX,South,2024-12-12
358,Nina,Hall,nina.hall358@example.com,Miami,FL,South,2025-10-27
359,Liam,Green,liam.green359@example.com,Atlanta,GA,South,2026-05-22
360,Chloe,Green,chloe.green360@example.com,Seattle,WA,West,2025-01-24
361,Arjun,Lee,arjun.lee361@example.com,Phoenix,AZ,West,2026-02-16
362,Mia,Green,mia.green362@example.com,Seattle,WA,West,2024-02-06
363,Nina,Garcia,nina.garcia363@example.com,Minneapolis,MN,Midwest,2025-10-08
364,Chloe,Miller,chloe.miller364@example.com,Minneapolis,MN,Midwest,2026-02-03
365,Liam,Hernandez,liam.hernandez365@example.com,Boston,MA,Northeast,2026-02-17
366,Ravi,Hall,ravi.hall366@example.com,Boston,MA,Northeast,2025-03-30
367,Aisha,Hall,aisha.hall367@example.com,Dallas,TX,South,2024-01-30
368,Maya,Khan,maya.khan368@example.com,New York,NY,Northeast,2024-10-27
369,Olivia,Reddy,olivia.reddy369@example.com,Miami,FL,South,2024-05-29
370,Priya,Anderson,priya.anderson370@example.com,Miami,FL,South,2025-08-02
371,Chloe,Wright,chloe.wright371@example.com,Chicago,IL,Midwest,2024-06-23
372,Aisha,Garcia,aisha.garcia372@example.com,San Francisco,CA,West,2025-01-26
373,Nina,Walker,nina.walker373@example.com,Minneapolis,MN,Midwest,2025-05-24
374,Ruby,Moore,ruby.moore374@example.com,Chicago,IL,Midwest,2024-08-25
375,Kabir,Lee,kabir.lee375@example.com,Dallas,TX,South,2025-04-15
376,Lucas,Walker,lucas.walker376@example.com,New York,NY,Northeast,2026-04-03
377,Kabir,Miller,kabir.miller377@example.com,Los Angeles,CA,West,2025-07-13
378,Aisha,Garcia,aisha.garcia378@example.com,Denver,CO,West,2024-12-19
379,Daniel,Miller,daniel.miller379@example.com,Los Angeles,CA,West,2025-03-10
380,Omar,Davis,omar.davis380@example.com,Denver,CO,West,2026-05-15
381,Emma,Johnson,emma.johnson381@example.com,Miami,FL,South,2026-05-23
382,Mia,Kim,mia.kim382@example.com,Minneapolis,MN,Midwest,2025-01-25
383,Daniel,Reddy,daniel.reddy383@example.com,San Francisco,CA,West,2024-10-29
384,Omar,Miller,omar.miller384@example.com,New York,NY,Northeast,2026-04-29
385,Chloe,Lopez,chloe.lopez385@example.com,Dallas,TX,South,2024-01-09
386,Daniel,Green,daniel.green386@example.com,Los Angeles,CA,West,2026-03-07
387,Ella,Patel,ella.patel387@example.com,San Francisco,CA,West,2026-02-02
388,Mia,Scott,mia.scott388@example.com,Dallas,TX,South,2026-03-05
389,Grace,Brown,grace.brown389@example.com,San Francisco,CA,West,2026-04-01
390,Olivia,Brown,olivia.brown390@example.com,Los Angeles,CA,West,2024-07-13
391,Nina,Davis,nina.davis391@example.com,Los Angeles,CA,West,2026-02-12
392,Ella,King,ella.king392@example.com,Los Angeles,CA,West,2025-11-28
393,Diego,Nguyen,diego.nguyen393@example.com,Los Angeles,CA,West,2024-04-09
394,Kiran,Lee,kiran.lee394@example.com,Los Angeles,CA,West,2024-02-10
395,Emma,Wright,emma.wright395@example.com,Denver,CO,West,2024-02-04
396,Daniel,Reddy,daniel.reddy396@example.com,Phoenix,AZ,West,2024-05-14
397,Liam,Miller,liam.miller397@example.com,Atlanta,GA,South,2026-02-04
398,Ava,Singh,ava.singh398@example.com,Minneapolis,MN,Midwest,2024-05-15
399,Grace,Thomas,grace.thomas399@example.com,Atlanta,GA,South,2025-06-27
400,James,Davis,james.davis400@example.com,Chicago,IL,Midwest,2024-09-20
401,Ruby,Scott,ruby.scott401@example.com,Denver,CO,West,2026-04-05
402,Emma,Young,emma.young402@example.com,Atlanta,GA,South,2026-04-03
403,Sofia,Gonzalez,sofia.gonzalez403@example.com,Boston,MA,Northeast,2024-05-24
404,Vikram,Brown,vikram.brown404@example.com,Los Angeles,CA,West,2026-01-11
405,Chloe,Lopez,chloe.lopez405@example.com,Seattle,WA,West,2025-01-09
406,Liam,Wright,liam.wright406@example.com,Miami,FL,South,2024-01-15
407,Lucas,Thomas,lucas.thomas407@example.com,Boston,MA,Northeast,2025-04-10
408,Olivia,Walker,olivia.walker408@example.com,Phoenix,AZ,West,2025-11-19
409,Lucas,Moore,lucas.moore409@example.com,Miami,FL,South,2026-04-22
410,Ravi,Reddy,ravi.reddy410@example.com,Boston,MA,Northeast,2025-11-22
411,Priya,Wilson,priya.wilson411@example.com,New York,NY,Northeast,2025-09-26
412,Kiran,Thomas,kiran.thomas412@example.com,Atlanta,GA,South,2025-09-16
413,Priya,Lee,priya.lee413@example.com,Boston,MA,Northeast,2025-10-12
414,Diego,Gonzalez,diego.gonzalez414@example.com,Phoenix,AZ,West,2024-11-05
415,Ravi,Hernandez,ravi.hernandez415@example.com,Boston,MA,Northeast,2024-05-23
416,Maya,Patel,maya.patel416@example.com,Dallas,TX,South,2025-05-19
417,Sofia,Kim,sofia.kim417@example.com,Minneapolis,MN,Midwest,2025-07-04
418,Noah,Lopez,noah.lopez418@example.com,Denver,CO,West,2025-01-14
419,Chloe,Young,chloe.young419@example.com,Phoenix,AZ,West,2025-07-07
420,Ava,Moore,ava.moore420@example.com,Phoenix,AZ,West,2026-01-14
421,Noah,Hernandez,noah.hernandez421@example.com,Los Angeles,CA,West,2024-04-11
422,Diego,Wilson,diego.wilson422@example.com,San Francisco,CA,West,2025-02-21
423,Lucas,Patel,lucas.patel423@example.com,Phoenix,AZ,West,2025-01-14
424,Ethan,Gonzalez,ethan.gonzalez424@example.com,Denver,CO,West,2024-08-29
425,Lena,Reddy,lena.reddy425@example.com,Boston,MA,Northeast,2025-12-03
426,Olivia,Thomas,olivia.thomas426@example.com,Los Angeles,CA,West,2025-01-02
427,Maya,Lopez,maya.lopez427@example.com,Dallas,TX,South,2024-07-13
428,Sofia,Green,sofia.green428@example.com,Denver,CO,West,2024-04-03
429,Chloe,Johnson,chloe.johnson429@example.com,Los Angeles,CA,West,2025-10-16
430,Nina,Sharma,nina.sharma430@example.com,New York,NY,Northeast,2026-03-16
431,Arjun,Brown,arjun.brown431@example.com,Chicago,IL,Midwest,2026-03-16
432,Daniel,Johnson,daniel.johnson432@example.com,Boston,MA,Northeast,2026-04-29
433,Vikram,Thomas,vikram.thomas433@example.com,Minneapolis,MN,Midwest,2025-08-23
434,Ethan,Scott,ethan.scott434@example.com,Minneapolis,MN,Midwest,2024-12-02
435,Vikram,Nguyen,vikram.nguyen435@example.com,San Francisco,CA,West,2024-01-03
436,Lucas,Green,lucas.green436@example.com,Chicago,IL,Midwest,2024-05-13
437,Zara,Davis,zara.davis437@example.com,Chicago,IL,Midwest,2024-04-22
438,Chloe,Green,chloe.green438@example.com,New York,NY,Northeast,2024-05-14
439,Aarav,Reddy,aarav.reddy439@example.com,Minneapolis,MN,Midwest,2025-08-25
440,Arjun,Sharma,arjun.sharma440@example.com,Chicago,IL,Midwest,2024-09-28
441,Maya,Nguyen,maya.nguyen441@example.com,Phoenix,AZ,West,2025-03-07
442,James,Kim,james.kim442@example.com,Phoenix,AZ,West,2024-03-06
443,Mia,Gonzalez,mia.gonzalez443@example.com,Atlanta,GA,South,2025-06-09
444,Daniel,Kim,daniel.kim444@example.com,Denver,CO,West,2025-05-30
445,Priya,Martin,priya.martin445@example.com,New York,NY,Northeast,2026-01-14
446,Grace,Green,grace.green446@example.com,Los Angeles,CA,West,2025-06-17
447,Emma,Gonzalez,emma.gonzalez447@example.com,Los Angeles,CA,West,2024-02-01
448,Maya,Wilson,maya.wilson448@example.com,Miami,FL,South,2025-03-12
449,Chloe,Kim,chloe.kim449@example.com,Denver,CO,West,2025-12-30
450,Ruby,Gonzalez,ruby.gonzalez450@example.com,Boston,MA,Northeast,2024-03-23
451,Arjun,Martin,arjun.martin451@example.com,Chicago,IL,Midwest,2024-03-08
452,Noah,Davis,noah.davis452@example.com,San Francisco,CA,West,2025-10-10
453,Daniel,Thomas,daniel.thomas453@example.com,Phoenix,AZ,West,2024-11-28
454,Mateo,Martin,mateo.martin454@example.com,Seattle,WA,West,2024-10-28
455,Kabir,Anderson,kabir.anderson455@example.com,San Francisco,CA,West,2025-03-16
456,Sofia,Wright,sofia.wright456@example.com,Phoenix,AZ,West,2024-04-27
457,Lena,Lee,lena.lee457@example.com,Los Angeles,CA,West,2026-02-26
458,Zara,Young,zara.young458@example.com,Minneapolis,MN,Midwest,2025-03-16
459,Kabir,Brown,kabir.brown459@example.com,Miami,FL,South,2024-12-13
460,Diego,Gonzalez,diego.gonzalez460@example.com,Miami,FL,South,2025-03-01
461,Ella,Kim,ella.kim461@example.com,Atlanta,GA,South,2025-03-13
462,Arjun,Walker,arjun.walker462@example.com,Dallas,TX,South,2025-01-18
463,Noah,Walker,noah.walker463@example.com,Denver,CO,West,2024-03-09
464,Liam,Scott,liam.scott464@example.com,Boston,MA,Northeast,2024-04-05
465,Ava,Kim,ava.kim465@example.com,Phoenix,AZ,West,2026-01-26
466,Olivia,Wright,olivia.wright466@example.com,Chicago,IL,Midwest,2025-07-23
467,Maya,Moore,maya.moore467@example.com,Seattle,WA,West,2025-07-29
468,Arjun,Walker,arjun.walker468@example.com,Boston,MA,Northeast,2025-02-24
469,Olivia,Green,olivia.green469@example.com,Los Angeles,CA,West,2026-02-07
470,Ava,Green,ava.green470@example.com,Phoenix,AZ,West,2024-02-22
471,Emma,Martin,emma.martin471@example.com,Dallas,TX,South,2024-12-26
472,Sofia,Moore,sofia.moore472@example.com,Seattle,WA,West,2024-08-05
473,Noah,Walker,noah.walker473@example.com,Denver,CO,West,2024-08-17
474,Lena,Kim,lena.kim474@example.com,Atlanta,GA,South,2026-05-15
475,Zara,Reddy,zara.reddy475@example.com,Boston,MA,Northeast,2026-02-19
476,Lucas,Moore,lucas.moore476@example.com,Minneapolis,MN,Midwest,2026-04-06
477,Ava,Green,ava.green477@example.com,Seattle,WA,West,2026-02-24
478,Diego,Martin,diego.martin478@example.com,San Francisco,CA,West,2025-11-22
479,Ravi,Thomas,ravi.thomas479@example.com,New York,NY,Northeast,2025-09-15
480,Ruby,Walker,ruby.walker480@example.com,Phoenix,AZ,West,2024-09-30
481,Aarav,Singh,aarav.singh481@example.com,Dallas,TX,South,2025-12-20
482,Vikram,Miller,vikram.miller482@example.com,Atlanta,GA,South,2024-12-25
483,Aarav,Singh,aarav.singh483@example.com,Chicago,IL,Midwest,2025-08-02
484,Chloe,Lopez,chloe.lopez484@example.com,Boston,MA,Northeast,2024-05-25
485,Ella,Lee,ella.lee485@example.com,New York,NY,Northeast,2024-04-03
486,Ella,Anderson,ella.anderson486@example.com,Minneapolis,MN,Midwest,2025-01-20
487,Ava,Gonzalez,ava.gonzalez487@example.com,Atlanta,GA,South,2024-06-10
488,Olivia,Miller,olivia.miller488@example.com,Phoenix,AZ,West,2024-11-28
489,Vikram,Moore,vikram.moore489@example.com,San Francisco,CA,West,2024-03-27
490,Kiran,Patel,kiran.patel490@example.com,Chicago,IL,Midwest,2024-06-10
491,Vikram,Martin,vikram.martin491@example.com,New York,NY,Northeast,2025-11-21
492,Liam,Davis,liam.davis492@example.com,Denver,CO,West,2025-11-08
493,Ava,Wilson,ava.wilson493@example.com,San Francisco,CA,West,2025-03-28
494,Ava,Davis,ava.davis494@example.com,Minneapolis,MN,Midwest,2026-02-12
495,James,Kim,james.kim495@example.com,Atlanta,GA,South,2025-03-16
496,Sofia,Miller,sofia.miller496@example.com,Los Angeles,CA,West,2025-11-25
497,Daniel,Wilson,daniel.wilson497@example.com,Seattle,WA,West,2025-11-14
498,Emma,Patel,emma.patel498@example.com,Minneapolis,MN,Midwest,2025-02-08
499,Nina,Patel,nina.patel499@example.com,New York,NY,Northeast,2024-07-28
500,Emma,Johnson,emma.johnson500@example.com,Chicago,IL,Midwest,2026-02-21
501,Lucas,Miller,lucas.miller501@example.com,Atlanta,GA,South,2024-05-02
502,Aarav,Wilson,aarav.wilson502@example.com,Phoenix,AZ,West,2025-03-16
503,Aisha,Nguyen,aisha.nguyen503@example.com,Miami,FL,South,2025-06-29
504,Omar,Brown,omar.brown504@example.com,Seattle,WA,West,2025-07-26
505,Diego,Walker,diego.walker505@example.com,Atlanta,GA,South,2024-03-14
506,Mateo,Green,mateo.green506@example.com,Phoenix,AZ,West,2024-02-13
507,Ava,Sharma,ava.sharma507@example.com,Denver,CO,West,2024-03-20
508,Lena,Khan,lena.khan508@example.com,San Francisco,CA,West,2025-03-15
509,Daniel,Lopez,daniel.lopez509@example.com,Phoenix,AZ,West,2025-10-17
510,Ava,Miller,ava.miller510@example.com,Boston,MA,Northeast,2025-02-18
511,Aarav,Khan,aarav.khan511@example.com,Chicago,IL,Midwest,2026-03-31
512,Nina,Gonzalez,nina.gonzalez512@example.com,Phoenix,AZ,West,2025-01-05
513,Liam,Hernandez,liam.hernandez513@example.com,Boston,MA,Northeast,2024-09-06
514,Ava,Moore,ava.moore514@example.com,Miami,FL,South,2025-06-20
515,Liam,Lopez,liam.lopez515@example.com,Dallas,TX,South,2026-02-02
516,Arjun,Brown,arjun.brown516@example.com,Atlanta,GA,South,2026-03-08
517,Aisha,Garcia,aisha.garcia517@example.com,Seattle,WA,West,2025-10-10
518,Sofia,Anderson,sofia.anderson518@example.com,Seattle,WA,West,2024-07-17
519,Kiran,King,kiran.king519@example.com,Atlanta,GA,South,2024-12-25
520,Ella,Scott,ella.scott520@example.com,Los Angeles,CA,West,2026-04-14
521,Noah,Brown,noah.brown521@example.com,Boston,MA,Northeast,2024-05-29
522,Lucas,Johnson,lucas.johnson522@example.com,Chicago,IL,Midwest,2025-09-08
523,Noah,King,noah.king523@example.com,Los Angeles,CA,West,2024-03-18
524,Aisha,King,aisha.king524@example.com,Los Angeles,CA,West,2025-05-20
525,Kabir,King,kabir.king525@example.com,San Francisco,CA,West,2026-02-17
526,Daniel,Gonzalez,daniel.gonzalez526@example.com,Los Angeles,CA,West,2025-08-01
527,Ravi,Lee,ravi.lee527@example.com,San Francisco,CA,West,2024-11-26
528,Lena,Lee,lena.lee528@example.com,Atlanta,GA,South,2024-06-03
529,Kabir,Garcia,kabir.garcia529@example.com,Denver,CO,West,2025-03-28
530,Ravi,Miller,ravi.miller530@example.com,Dallas,TX,South,2025-08-28
531,Maya,Reddy,maya.reddy531@example.com,Seattle,WA,West,2024-03-16
532,Emma,Gonzalez,emma.gonzalez532@example.com,Denver,CO,West,2024-02-08
533,Maya,Reddy,maya.reddy533@example.com,Dallas,TX,South,2024-03-19
534,Ravi,Green,ravi.green534@example.com,Boston,MA,Northeast,2025-09-21
535,Nina,Anderson,nina.anderson535@example.com,Miami,FL,South,2025-04-18
536,Daniel,Thomas,daniel.thomas536@example.com,Phoenix,AZ,West,2024-02-12
537,Kabir,Wright,kabir.wright537@example.com,San Francisco,CA,West,2025-10-29
538,Ethan,Khan,ethan.khan538@example.com,San Francisco,CA,West,2025-05-02
539,James,Nguyen,james.nguyen539@example.com,New York,NY,Northeast,2025-04-06
540,Sofia,Wright,sofia.wright540@example.com,Atlanta,GA,South,2026-01-01
541,Liam,Anderson,liam.anderson541@example.com,Los Angeles,CA,West,2024-06-25
542,Maya,Brown,maya.brown542@example.com,Phoenix,AZ,West,2025-03-24
543,Kabir,Anderson,kabir.anderson543@example.com,Seattle,WA,West,2025-09-16
544,Aisha,Reddy,aisha.reddy544@example.com,Atlanta,GA,South,2024-10-16
545,Mateo,Hernandez,mateo.hernandez545@example.com,Atlanta,GA,South,2025-11-26
546,Nina,Patel,nina.patel546@example.com,Los Angeles,CA,West,2025-10-24
547,Arjun,Garcia,arjun.garcia547@example.com,Atlanta,GA,South,2024-04-06
548,Zara,Walker,zara.walker548@example.com,Miami,FL,South,2024-10-17
549,Lucas,Young,lucas.young549@example.com,Los Angeles,CA,West,2025-09-09
550,Lena,Nguyen,lena.nguyen550@example.com,Atlanta,GA,South,2024-03-24
551,Daniel,Walker,daniel.walker551@example.com,Chicago,IL,Midwest,2024-12-24
552,Emma,Lee,emma.lee552@example.com,Phoenix,AZ,West,2025-11-09
553,Mateo,Nguyen,mateo.nguyen553@example.com,San Francisco,CA,West,2025-12-26
554,Liam,Miller,liam.miller554@example.com,Seattle,WA,West,2025-01-20
555,Ravi,Wright,ravi.wright555@example.com,Atlanta,GA,South,2026-04-12
556,Noah,Walker,noah.walker556@example.com,Phoenix,AZ,West,2026-04-28
557,Ella,Walker,ella.walker557@example.com,Seattle,WA,West,2024-04-05
558,Ravi,Walker,ravi.walker558@example.com,Miami,FL,South,2025-06-04
559,Olivia,Sharma,olivia.sharma559@example.com,Atlanta,GA,South,2024-11-12
560,Aisha,Johnson,aisha.johnson560@example.com,Atlanta,GA,South,2026-02-23
561,Mia,Johnson,mia.johnson561@example.com,Minneapolis,MN,Midwest,2024-05-20
562,Noah,Garcia,noah.garcia562@example.com,Dallas,TX,South,2026-05-14
563,Grace,Kim,grace.kim563@example.com,Seattle,WA,West,2026-02-28
564,Zara,Scott,zara.scott564@example.com,Phoenix,AZ,West,2025-06-23
565,Maya,Walker,maya.walker565@example.com,Atlanta,GA,South,2026-02-23
566,Nina,Nguyen,nina.nguyen566@example.com,San Francisco,CA,West,2025-01-20
567,Noah,Singh,noah.singh567@example.com,Chicago,IL,Midwest,2026-05-01
568,Omar,King,omar.king568@example.com,San Francisco,CA,West,2026-04-08
569,Kiran,Singh,kiran.singh569@example.com,Phoenix,AZ,West,2025-03-24
570,Maya,Hernandez,maya.hernandez570@example.com,Atlanta,GA,South,2025-11-23
571,Ella,Brown,ella.brown571@example.com,Denver,CO,West,2025-09-17
572,Emma,King,emma.king572@example.com,Phoenix,AZ,West,2026-03-13
573,Kabir,Brown,kabir.brown573@example.com,Seattle,WA,West,2024-09-01
574,Emma,Wright,emma.wright574@example.com,Denver,CO,West,2026-05-05
575,Ethan,Reddy,ethan.reddy575@example.com,Los Angeles,CA,West,2025-08-07
576,Kabir,Gonzalez,kabir.gonzalez576@example.com,Dallas,TX,South,2026-03-07
577,Mateo,Anderson,mateo.anderson577@example.com,Seattle,WA,West,2025-03-04
578,Aisha,Scott,aisha.scott578@example.com,Minneapolis,MN,Midwest,2026-03-31
579,Nina,Nguyen,nina.nguyen579@example.com,Dallas,TX,South,2024-02-23
580,Ravi,Wilson,ravi.wilson580@example.com,Atlanta,GA,South,2025-07-21
581,Ruby,Kim,ruby.kim581@example.com,Phoenix,AZ,West,2026-05-16
582,James,Green,james.green582@example.com,Boston,MA,Northeast,2024-10-18
583,Liam,King,liam.king583@example.com,Chicago,IL,Midwest,2024-10-06
584,Kabir,Anderson,kabir.anderson584@example.com,Chicago,IL,Midwest,2026-04-30
585,Ava,Garcia,ava.garcia585@example.com,Minneapolis,MN,Midwest,2026-04-16
586,Kabir,Reddy,kabir.reddy586@example.com,New York,NY,Northeast,2025-02-28
587,Maya,Lopez,maya.lopez587@example.com,Seattle,WA,West,2025-01-17
588,Priya,Lopez,priya.lopez588@example.com,Boston,MA,Northeast,2025-01-18
589,Priya,Sharma,priya.sharma589@example.com,Atlanta,GA,South,2024-04-11
590,Diego,Hall,diego.hall590@example.com,Los Angeles,CA,West,2024-12-09
591,Grace,Nguyen,grace.nguyen591@example.com,Chicago,IL,Midwest,2024-02-09
592,Emma,Scott,emma.scott592@example.com,Denver,CO,West,2025-12-13
593,Diego,Nguyen,diego.nguyen593@example.com,Phoenix,AZ,West,2025-04-25
594,Kabir,Martin,kabir.martin594@example.com,New York,NY,Northeast,2024-03-22
595,Aarav,Davis,aarav.davis595@example.com,Minneapolis,MN,Midwest,2026-05-05
596,Noah,Thomas,noah.thomas596@example.com,Phoenix,AZ,West,2025-09-15
597,James,Hernandez,james.hernandez597@example.com,Boston,MA,Northeast,2026-03-05
598,Emma,Brown,emma.brown598@example.com,Dallas,TX,South,2024-05-04
599,Maya,Brown,maya.brown599@example.com,Miami,FL,South,2025-10-16
600,Grace,Martin,grace.martin600@example.com,Denver,CO,West,2024-03-05
601,Sofia,Scott,sofia.scott601@example.com,Denver,CO,West,2025-09-03
602,Zara,Sharma,zara.sharma602@example.com,Los Angeles,CA,West,2025-06-11
603,Daniel,Brown,daniel.brown603@example.com,Phoenix,AZ,West,2024-05-27
604,Emma,Hernandez,emma.hernandez604@example.com,New York,NY,Northeast,2025-09-21
605,Olivia,Brown,olivia.brown605@example.com,San Francisco,CA,West,2025-03-02
606,Aisha,Walker,aisha.walker606@example.com,Los Angeles,CA,West,2024-03-28
607,James,Reddy,james.reddy607@example.com,Boston,MA,Northeast,2025-06-22
608,Zara,Anderson,zara.anderson608@example.com,Seattle,WA,West,2025-07-21
609,Aarav,Lopez,aarav.lopez609@example.com,Denver,CO,West,2024-02-14
610,Ravi,Lopez,ravi.lopez610@example.com,Atlanta,GA,South,2024-09-16
611,Ella,Sharma,ella.sharma611@example.com,Atlanta,GA,South,2026-03-18
612,Liam,Reddy,liam.reddy612@example.com,Minneapolis,MN,Midwest,2026-01-20
613,Chloe,Lee,chloe.lee613@example.com,Boston,MA,Northeast,2026-03-01
614,Daniel,Young,daniel.young614@example.com,Atlanta,GA,South,2024-05-16
615,Maya,Reddy,maya.reddy615@example.com,Seattle,WA,West,2024-12-12
616,Diego,Lee,diego.lee616@example.com,Chicago,IL,Midwest,2026-04-30
617,Vikram,Walker,vikram.walker617@example.com,Denver,CO,West,2025-12-13
618,Mia,Lee,mia.lee618@example.com,Chicago,IL,Midwest,2026-04-10
619,Noah,Garcia,noah.garcia619@example.com,Phoenix,AZ,West,2026-03-05
620,Kabir,Patel,kabir.patel620@example.com,Dallas,TX,South,2024-07-25
621,Maya,Wright,maya.wright621@example.com,Minneapolis,MN,Midwest,2024-02-12
622,Arjun,Miller,arjun.miller622@example.com,Seattle,WA,West,2025-02-11
623,Diego,Thomas,diego.thomas623@example.com,Denver,CO,West,2024-09-16
624,Maya,King,maya.king624@example.com,Los Angeles,CA,West,2024-07-14
625,Emma,Reddy,emma.reddy625@example.com,New York,NY,Northeast,2025-11-02
626,Arjun,Davis,arjun.davis626@example.com,Boston,MA,Northeast,2026-03-29
627,Olivia,Hernandez,olivia.hernandez627@example.com,Miami,FL,South,2026-01-31
628,Kabir,Lopez,kabir.lopez628@example.com,Atlanta,GA,South,2024-07-10
629,Mia,Hall,mia.hall629@example.com,Denver,CO,West,2025-01-11
630,Ruby,Wright,ruby.wright630@example.com,Seattle,WA,West,2024-09-30
631,Grace,Garcia,grace.garcia631@example.com,Phoenix,AZ,West,2025-03-10
632,Liam,Hernandez,liam.hernandez632@example.com,San Francisco,CA,West,2026-04-22
633,Aisha,Thomas,aisha.thomas633@example.com,Dallas,TX,South,2024-11-24
634,Sofia,Garcia,sofia.garcia634@example.com,Atlanta,GA,South,2025-11-07
635,Emma,Miller,emma.miller635@example.com,Denver,CO,West,2025-09-09
636,Omar,Hernandez,omar.hernandez636@example.com,Chicago,IL,Midwest,2025-12-07
637,Kabir,Reddy,kabir.reddy637@example.com,Denver,CO,West,2024-02-13
638,Ella,Green,ella.green638@example.com,Atlanta,GA,South,2025-09-21
639,Ava,Davis,ava.davis639@example.com,Los Angeles,CA,West,2026-03-21
640,Maya,Garcia,maya.garcia640@example.com,Los Angeles,CA,West,2025-10-14
641,Mateo,Reddy,mateo.reddy641@example.com,Seattle,WA,West,2026-03-31
642,Ella,Walker,ella.walker642@example.com,Chicago,IL,Midwest,2024-02-01
643,Noah,Green,noah.green643@example.com,San Francisco,CA,West,2025-11-25
644,Grace,Gonzalez,grace.gonzalez644@example.com,New York,NY,Northeast,2024-05-09
645,Liam,Brown,liam.brown645@example.com,Los Angeles,CA,West,2025-01-10
646,Olivia,Lopez,olivia.lopez646@example.com,San Francisco,CA,West,2024-02-03
647,Nina,Nguyen,nina.nguyen647@example.com,Los Angeles,CA,West,2025-04-05
648,Olivia,Reddy,olivia.reddy648@example.com,Denver,CO,West,2026-02-20
649,Liam,Moore,liam.moore649@example.com,Chicago,IL,Midwest,2025-06-26
650,Olivia,Lopez,olivia.lopez650@example.com,Atlanta,GA,South,2025-10-27
651,Lucas,Brown,lucas.brown651@example.com,Boston,MA,Northeast,2024-01-27
652,Ella,Singh,ella.singh652@example.com,Denver,CO,West,2025-06-14
653,Mateo,Thomas,mateo.thomas653@example.com,Boston,MA,Northeast,2024-09-25
654,Vikram,Davis,vikram.davis654@example.com,Phoenix,AZ,West,2025-04-01
655,Ethan,Martin,ethan.martin655@example.com,Dallas,TX,South,2025-12-11
656,Ruby,Wilson,ruby.wilson656@example.com,Minneapolis,MN,Midwest,2024-05-05
657,Noah,Green,noah.green657@example.com,Boston,MA,Northeast,2025-04-07
658,Aisha,Hall,aisha.hall658@example.com,Denver,CO,West,2024-03-30
659,Grace,Walker,grace.walker659@example.com,Atlanta,GA,South,2025-11-14
660,Olivia,Hall,olivia.hall660@example.com,Boston,MA,Northeast,2025-07-17
661,Zara,Miller,zara.miller661@example.com,Dallas,TX,South,2026-05-21
662,Aisha,Hall,aisha.hall662@example.com,Phoenix,AZ,West,2025-12-18
663,Ravi,Singh,ravi.singh663@example.com,Atlanta,GA,South,2025-06-04
664,Priya,Kim,priya.kim664@example.com,Minneapolis,MN,Midwest,2026-03-22
665,Noah,Brown,noah.brown665@example.com,Denver,CO,West,2024-01-27
666,Olivia,Thomas,olivia.thomas666@example.com,San Francisco,CA,West,2025-01-12
667,Kabir,Wright,kabir.wright667@example.com,Seattle,WA,West,2024-05-12
668,Nina,Garcia,nina.garcia668@example.com,Boston,MA,Northeast,2024-11-12
669,Mateo,Hall,mateo.hall669@example.com,Phoenix,AZ,West,2025-05-05
670,James,Hernandez,james.hernandez670@example.com,Miami,FL,South,2026-04-23
671,Daniel,Garcia,daniel.garcia671@example.com,Chicago,IL,Midwest,2024-11-20
672,Ravi,Garcia,ravi.garcia672@example.com,Denver,CO,West,2025-04-22
673,Chloe,Anderson,chloe.anderson673@example.com,Atlanta,GA,South,2024-05-11
674,Kiran,Scott,kiran.scott674@example.com,Seattle,WA,West,2025-10-17
675,Daniel,Singh,daniel.singh675@example.com,Chicago,IL,Midwest,2025-03-19
676,James,Green,james.green676@example.com,New York,NY,Northeast,2026-05-01
677,Sofia,Anderson,sofia.anderson677@example.com,Chicago,IL,Midwest,2024-11-07
678,Aisha,Singh,aisha.singh678@example.com,Atlanta,GA,South,2025-12-27
679,Priya,Reddy,priya.reddy679@example.com,Seattle,WA,West,2024-10-17
680,Lena,Garcia,lena.garcia680@example.com,Dallas,TX,South,2024-07-20
681,Ravi,Thomas,ravi.thomas681@example.com,Dallas,TX,South,2024-05-08
682,Ravi,Miller,ravi.miller682@example.com,San Francisco,CA,West,2025-06-30
683,Liam,Anderson,liam.anderson683@example.com,Los Angeles,CA,West,2024-06-21
684,Daniel,Moore,daniel.moore684@example.com,Chicago,IL,Midwest,2024-06-24
685,Chloe,Martin,chloe.martin685@example.com,Phoenix,AZ,West,2025-09-11
686,Arjun,Scott,arjun.scott686@example.com,San Francisco,CA,West,2024-02-12
687,Diego,Green,diego.green687@example.com,New York,NY,Northeast,2024-03-24
688,Maya,Lee,maya.lee688@example.com,San Francisco,CA,West,2024-09-28
689,Ravi,Johnson,ravi.johnson689@example.com,San Francisco,CA,West,2025-03-02
690,Nina,Lee,nina.lee690@example.com,New York,NY,Northeast,2025-05-24
691,Kiran,Lee,kiran.lee691@example.com,Seattle,WA,West,2024-10-23
692,Ravi,Miller,ravi.miller692@example.com,Denver,CO,West,2024-09-07
693,Grace,Wright,grace.wright693@example.com,Los Angeles,CA,West,2025-02-19
694,Emma,Gonzalez,emma.gonzalez694@example.com,Boston,MA,Northeast,2025-12-06
695,Maya,Singh,maya.singh695@example.com,Denver,CO,West,2025-03-01
696,Mia,Gonzalez,mia.gonzalez696@example.com,Minneapolis,MN,Midwest,2024-12-14
697,Nina,Nguyen,nina.nguyen697@example.com,Atlanta,GA,South,2026-01-05
698,Arjun,Young,arjun.young698@example.com,Atlanta,GA,South,2025-02-12
699,Noah,King,noah.king699@example.com,Atlanta,GA,South,2025-06-11
700,Zara,Kim,zara.kim700@example.com,Atlanta,GA,South,2024-09-04
701,Kabir,Kim,kabir.kim701@example.com,Dallas,TX,South,2025-04-05
702,Priya,Nguyen,priya.nguyen702@example.com,Boston,MA,Northeast,2024-02-21
703,Emma,Lopez,emma.lopez703@example.com,San Francisco,CA,West,2025-03-04
704,Priya,Green,priya.green704@example.com,Chicago,IL,Midwest,2026-04-13
705,Arjun,Moore,arjun.moore705@example.com,Phoenix,AZ,West,2024-11-16
706,Ethan,King,ethan.king706@example.com,Chicago,IL,Midwest,2025-05-25
707,James,Gonzalez,james.gonzalez707@example.com,Denver,CO,West,2024-11-11
708,Mia,Sharma,mia.sharma708@example.com,Boston,MA,Northeast,2025-02-06
709,James,Gonzalez,james.gonzalez709@example.com,Minneapolis,MN,Midwest,2024-08-08
710,Daniel,Reddy,daniel.reddy710@example.com,New York,NY,Northeast,2024-02-21
711,Emma,Wilson,emma.wilson711@example.com,San Francisco,CA,West,2026-05-13
712,Ravi,Walker,ravi.walker712@example.com,Denver,CO,West,2024-10-19
713,Zara,Sharma,zara.sharma713@example.com,Boston,MA,Northeast,2025-03-17
714,Noah,Davis,noah.davis714@example.com,Phoenix,AZ,West,2025-01-09
715,Vikram,Lopez,vikram.lopez715@example.com,Atlanta,GA,South,2024-02-16
716,Mateo,Patel,mateo.patel716@example.com,San Francisco,CA,West,2025-07-29
717,Ethan,Reddy,ethan.reddy717@example.com,Seattle,WA,West,2024-10-22
718,Liam,Lopez,liam.lopez718@example.com,Seattle,WA,West,2025-04-06
719,Vikram,Thomas,vikram.thomas719@example.com,Dallas,TX,South,2026-04-25
720,Nina,Walker,nina.walker720@example.com,San Francisco,CA,West,2024-05-01
721,Noah,Kim,noah.kim721@example.com,Miami,FL,South,2025-01-17
722,Grace,Khan,grace.khan722@example.com,Seattle,WA,West,2025-01-09
723,Vikram,Nguyen,vikram.nguyen723@example.com,Minneapolis,MN,Midwest,2025-09-08
724,James,Lopez,james.lopez724@example.com,Seattle,WA,West,2024-02-11
725,Maya,Patel,maya.patel725@example.com,Chicago,IL,Midwest,2025-12-31
726,Arjun,Wright,arjun.wright726@example.com,Denver,CO,West,2025-06-15
727,Kabir,Nguyen,kabir.nguyen727@example.com,San Francisco,CA,West,2025-06-11
728,Noah,Khan,noah.khan728@example.com,San Francisco,CA,West,2024-11-22
729,Aisha,Lopez,aisha.lopez729@example.com,San Francisco,CA,West,2026-01-27
730,Diego,Miller,diego.miller730@example.com,San Francisco,CA,West,2024-12-10
731,James,Scott,james.scott731@example.com,Seattle,WA,West,2025-06-29
732,Mia,Hall,mia.hall732@example.com,San Francisco,CA,West,2024-11-02
733,Mia,Scott,mia.scott733@example.com,New York,NY,Northeast,2025-01-12
734,Arjun,Walker,arjun.walker734@example.com,Boston,MA,Northeast,2025-03-02
735,Daniel,Miller,daniel.miller735@example.com,Phoenix,AZ,West,2025-12-05
736,Ravi,Sharma,ravi.sharma736@example.com,San Francisco,CA,West,2025-04-30
737,Lucas,Lee,lucas.lee737@example.com,San Francisco,CA,West,2025-08-14
738,Priya,Young,priya.young738@example.com,New York,NY,Northeast,2025-08-20
739,Mia,Singh,mia.singh739@example.com,Seattle,WA,West,2025-10-06
740,Ella,Martin,ella.martin740@example.com,Miami,FL,South,2024-05-31
741,Diego,Walker,diego.walker741@example.com,Minneapolis,MN,Midwest,2024-02-02
742,Daniel,Hall,daniel.hall742@example.com,Boston,MA,Northeast,2024-07-14
743,Aarav,Gonzalez,aarav.gonzalez743@example.com,Atlanta,GA,South,2025-03-04
744,Noah,Hernandez,noah.hernandez744@example.com,Phoenix,AZ,West,2024-07-27
745,Ava,Anderson,ava.anderson745@example.com,San Francisco,CA,West,2025-04-27
746,Lena,Green,lena.green746@example.com,Phoenix,AZ,West,2026-01-14
747,Maya,Hall,maya.hall747@example.com,Chicago,IL,Midwest,2025-06-15
748,Ethan,Thomas,ethan.thomas748@example.com,Atlanta,GA,South,2025-11-09
749,Mia,Anderson,mia.anderson749@example.com,Miami,FL,South,2024-11-17
750,Aisha,Gonzalez,aisha.gonzalez750@example.com,Seattle,WA,West,2024-12-16
751,Zara,Reddy,zara.reddy751@example.com,Los Angeles,CA,West,2026-03-01
752,Lena,Young,lena.young752@example.com,Los Angeles,CA,West,2025-10-20
753,Grace,Hall,grace.hall753@example.com,Dallas,TX,South,2025-09-16
754,Mia,Johnson,mia.johnson754@example.com,Minneapolis,MN,Midwest,2024-10-12
755,Zara,Miller,zara.miller755@example.com,Minneapolis,MN,Midwest,2024-10-31
756,Vikram,Miller,vikram.miller756@example.com,Phoenix,AZ,West,2024-07-31
757,Omar,Hall,omar.hall757@example.com,Denver,CO,West,2024-11-20
758,Mia,Reddy,mia.reddy758@example.com,Seattle,WA,West,2026-03-25
759,Ella,Davis,ella.davis759@example.com,Dallas,TX,South,2024-05-04
760,Daniel,Walker,daniel.walker760@example.com,Seattle,WA,West,2025-01-23
761,Kiran,Lopez,kiran.lopez761@example.com,Atlanta,GA,South,2026-03-02
762,Grace,Nguyen,grace.nguyen762@example.com,Dallas,TX,South,2024-02-13
763,Emma,Hall,emma.hall763@example.com,Boston,MA,Northeast,2024-12-20
764,Ruby,Gonzalez,ruby.gonzalez764@example.com,Los Angeles,CA,West,2024-09-19
765,Ella,Wilson,ella.wilson765@example.com,Minneapolis,MN,Midwest,2024-07-25
766,Diego,Thomas,diego.thomas766@example.com,Dallas,TX,South,2025-07-29
767,Omar,Davis,omar.davis767@example.com,Chicago,IL,Midwest,2024-04-21
768,Nina,Young,nina.young768@example.com,San Francisco,CA,West,2024-09-02
769,Priya,Patel,priya.patel769@example.com,Los Angeles,CA,West,2025-06-27
770,Priya,Lee,priya.lee770@example.com,Minneapolis,MN,Midwest,2024-02-23
771,Sofia,Hernandez,sofia.hernandez771@example.com,Atlanta,GA,South,2026-01-04
772,Mia,Kim,mia.kim772@example.com,Los Angeles,CA,West,2026-02-28
773,Noah,Sharma,noah.sharma773@example.com,Seattle,WA,West,2024-06-10
774,Ava,Lee,ava.lee774@example.com,Denver,CO,West,2025-05-03
775,Ravi,Johnson,ravi.johnson775@example.com,Dallas,TX,South,2024-11-24
776,Emma,Lee,emma.lee776@example.com,New York,NY,Northeast,2026-02-26
777,Liam,Lee,liam.lee777@example.com,San Francisco,CA,West,2024-08-25
778,Zara,Young,zara.young778@example.com,Phoenix,AZ,West,2026-05-20
779,Ruby,Patel,ruby.patel779@example.com,Chicago,IL,Midwest,2025-03-03
780,Kiran,Scott,kiran.scott780@example.com,Chicago,IL,Midwest,2024-02-07
781,Diego,Lopez,diego.lopez781@example.com,Denver,CO,West,2024-07-09
782,Ruby,Young,ruby.young782@example.com,Dallas,TX,South,2024-02-08
783,Aarav,Miller,aarav.miller783@example.com,San Francisco,CA,West,2025-09-09
784,Sofia,Khan,sofia.khan784@example.com,Dallas,TX,South,2025-04-10
785,Ravi,Thomas,ravi.thomas785@example.com,Seattle,WA,West,2025-05-20
786,Kiran,Nguyen,kiran.nguyen786@example.com,Seattle,WA,West,2025-04-24
787,Lucas,Johnson,lucas.johnson787@example.com,Boston,MA,Northeast,2024-12-04
788,Aisha,Young,aisha.young788@example.com,Denver,CO,West,2025-10-25
789,Lucas,Hall,lucas.hall789@example.com,Chicago,IL,Midwest,2024-01-15
790,Ella,Khan,ella.khan790@example.com,Dallas,TX,South,2025-08-04
791,Chloe,King,chloe.king791@example.com,Minneapolis,MN,Midwest,2024-06-28
792,Nina,Green,nina.green792@example.com,Los Angeles,CA,West,2025-02-19
793,Diego,Hernandez,diego.hernandez793@example.com,Seattle,WA,West,2024-12-01
794,Liam,Lopez,liam.lopez794@example.com,Los Angeles,CA,West,2024-04-07
795,Aisha,Nguyen,aisha.nguyen795@example.com,Denver,CO,West,2024-11-27
796,Ruby,Brown,ruby.brown796@example.com,New York,NY,Northeast,2024-09-24
797,Mateo,Brown,mateo.brown797@example.com,Denver,CO,West,2026-02-10
798,Lucas,Khan,lucas.khan798@example.com,Dallas,TX,South,2025-08-19
799,Ella,Moore,ella.moore799@example.com,New York,NY,Northeast,2024-09-24
800,Ravi,Reddy,ravi.reddy800@example.com,Phoenix,AZ,West,2024-08-29
801,Maya,Walker,maya.walker801@example.com,Boston,MA,Northeast,2025-04-21
802,Emma,Singh,emma.singh802@example.com,Miami,FL,South,2025-12-03
803,James,Hall,james.hall803@example.com,Dallas,TX,South,2025-12-07
804,Sofia,Lee,sofia.lee804@example.com,Dallas,TX,South,2025-01-11
805,Nina,Brown,nina.brown805@example.com,Minneapolis,MN,Midwest,2024-05-16
806,Mia,Nguyen,mia.nguyen806@example.com,Denver,CO,West,2026-02-04
807,Nina,Reddy,nina.reddy807@example.com,Miami,FL,South,2025-12-19
808,Zara,Wilson,zara.wilson808@example.com,Seattle,WA,West,2026-04-01
809,Chloe,Scott,chloe.scott809@example.com,Minneapolis,MN,Midwest,2026-02-19
810,Priya,Walker,priya.walker810@example.com,San Francisco,CA,West,2026-03-17
811,Liam,Anderson,liam.anderson811@example.com,Denver,CO,West,2025-06-24
812,Omar,Reddy,omar.reddy812@example.com,Boston,MA,Northeast,2025-07-31
813,Sofia,Patel,sofia.patel813@example.com,Seattle,WA,West,2025-06-01
814,Ethan,Moore,ethan.moore814@example.com,Seattle,WA,West,2024-06-02
815,Aisha,Khan,aisha.khan815@example.com,Seattle,WA,West,2025-03-28
816,Sofia,Walker,sofia.walker816@example.com,Minneapolis,MN,Midwest,2026-01-04
817,Daniel,Wilson,daniel.wilson817@example.com,Boston,MA,Northeast,2025-06-06
818,Kabir,Wright,kabir.wright818@example.com,New York,NY,Northeast,2025-04-09
819,Noah,Anderson,noah.anderson819@example.com,Miami,FL,South,2025-04-12
820,Daniel,Patel,daniel.patel820@example.com,Seattle,WA,West,2025-04-18
821,Chloe,Wright,chloe.wright821@example.com,Dallas,TX,South,2026-01-10
822,Aarav,Lopez,aarav.lopez822@example.com,Dallas,TX,South,2026-04-16
823,Aarav,Young,aarav.young823@example.com,Minneapolis,MN,Midwest,2025-08-15
824,Liam,Patel,liam.patel824@example.com,Miami,FL,South,2024-12-18
825,Omar,Garcia,omar.garcia825@example.com,Seattle,WA,West,2024-03-02
826,Ruby,Garcia,ruby.garcia826@example.com,Denver,CO,West,2024-02-02
827,Emma,Hernandez,emma.hernandez827@example.com,Chicago,IL,Midwest,2026-02-26
828,Noah,King,noah.king828@example.com,Los Angeles,CA,West,2026-01-16
829,Ravi,Hernandez,ravi.hernandez829@example.com,Atlanta,GA,South,2025-01-26
830,Kabir,Green,kabir.green830@example.com,Miami,FL,South,2025-01-19
831,Liam,Walker,liam.walker831@example.com,Los Angeles,CA,West,2025-07-06
832,Noah,Lee,noah.lee832@example.com,Atlanta,GA,South,2024-05-01
833,Aisha,Thomas,aisha.thomas833@example.com,Miami,FL,South,2025-06-25
834,Noah,Young,noah.young834@example.com,Minneapolis,MN,Midwest,2026-05-04
835,Aarav,King,aarav.king835@example.com,New York,NY,Northeast,2024-11-01
836,Kabir,Walker,kabir.walker836@example.com,Phoenix,AZ,West,2025-07-11
837,Ava,Thomas,ava.thomas837@example.com,Miami,FL,South,2026-04-23
838,Priya,Brown,priya.brown838@example.com,Denver,CO,West,2024-12-20
839,Noah,Davis,noah.davis839@example.com,Minneapolis,MN,Midwest,2026-01-12
840,Vikram,Kim,vikram.kim840@example.com,New York,NY,Northeast,2026-04-08
841,Chloe,Hernandez,chloe.hernandez841@example.com,San Francisco,CA,West,2026-02-23
842,Ruby,Sharma,ruby.sharma842@example.com,Minneapolis,MN,Midwest,2024-07-30
843,Liam,Kim,liam.kim843@example.com,San Francisco,CA,West,2024-02-04
844,Kabir,Martin,kabir.martin844@example.com,Los Angeles,CA,West,2025-12-21
845,Lena,Patel,lena.patel845@example.com,Minneapolis,MN,Midwest,2026-01-28
846,Maya,Lopez,maya.lopez846@example.com,Denver,CO,West,2024-08-27
847,Zara,Johnson,zara.johnson847@example.com,New York,NY,Northeast,2024-05-23
848,James,Miller,james.miller848@example.com,Minneapolis,MN,Midwest,2026-04-15
849,Ruby,Young,ruby.young849@example.com,San Francisco,CA,West,2024-11-22
850,Daniel,Martin,daniel.martin850@example.com,Los Angeles,CA,West,2026-04-18
851,Arjun,Brown,arjun.brown851@example.com,Dallas,TX,South,2024-05-26
852,Chloe,Anderson,chloe.anderson852@example.com,Minneapolis,MN,Midwest,2025-02-27
853,Emma,Davis,emma.davis853@example.com,New York,NY,Northeast,2025-07-24
854,Daniel,Young,daniel.young854@example.com,Chicago,IL,Midwest,2025-10-03
855,Chloe,Hernandez,chloe.hernandez855@example.com,Seattle,WA,West,2025-05-22
856,Maya,Reddy,maya.reddy856@example.com,Los Angeles,CA,West,2025-11-18
857,Mateo,Wright,mateo.wright857@example.com,Seattle,WA,West,2024-11-22
858,Omar,Hernandez,omar.hernandez858@example.com,Miami,FL,South,2024-06-01
859,Emma,Lopez,emma.lopez859@example.com,Chicago,IL,Midwest,2026-02-11
860,Zara,Wilson,zara.wilson860@example.com,Minneapolis,MN,Midwest,2026-05-19
861,Priya,Miller,priya.miller861@example.com,Phoenix,AZ,West,2024-05-27
862,Grace,Gonzalez,grace.gonzalez862@example.com,New York,NY,Northeast,2025-07-29
863,Ava,Hernandez,ava.hernandez863@example.com,Seattle,WA,West,2025-06-26
864,Noah,Lopez,noah.lopez864@example.com,Minneapolis,MN,Midwest,2024-09-18
865,Ethan,Khan,ethan.khan865@example.com,Los Angeles,CA,West,2024-03-21
866,Ruby,Gonzalez,ruby.gonzalez866@example.com,Atlanta,GA,South,2024-04-04
867,Zara,Young,zara.young867@example.com,Minneapolis,MN,Midwest,2024-02-22
868,Lucas,Lopez,lucas.lopez868@example.com,Los Angeles,CA,West,2025-09-11
869,Nina,Patel,nina.patel869@example.com,Boston,MA,Northeast,2024-07-11
870,Grace,King,grace.king870@example.com,San Francisco,CA,West,2026-01-11
871,Chloe,Thomas,chloe.thomas871@example.com,Minneapolis,MN,Midwest,2025-05-05
872,Ethan,Green,ethan.green872@example.com,Atlanta,GA,South,2024-11-06
873,Ruby,Sharma,ruby.sharma873@example.com,Minneapolis,MN,Midwest,2024-07-13
874,Ella,Kim,ella.kim874@example.com,Phoenix,AZ,West,2026-02-11
875,Mia,Brown,mia.brown875@example.com,Phoenix,AZ,West,2025-09-10
876,Omar,Johnson,omar.johnson876@example.com,Miami,FL,South,2024-09-02
877,Zara,Khan,zara.khan877@example.com,Dallas,TX,South,2025-01-24
878,Kabir,Thomas,kabir.thomas878@example.com,Los Angeles,CA,West,2025-01-02
879,Emma,Davis,emma.davis879@example.com,Atlanta,GA,South,2025-06-09
880,Kiran,Wilson,kiran.wilson880@example.com,Denver,CO,West,2024-04-10
881,Grace,Young,grace.young881@example.com,Denver,CO,West,2026-02-18
882,Diego,Khan,diego.khan882@example.com,Minneapolis,MN,Midwest,2025-01-14
883,Arjun,Hernandez,arjun.hernandez883@example.com,New York,NY,Northeast,2025-07-30
884,Lena,Brown,lena.brown884@example.com,Phoenix,AZ,West,2024-05-29
885,Aarav,Davis,aarav.davis885@example.com,Seattle,WA,West,2025-08-21
886,Daniel,Young,daniel.young886@example.com,Miami,FL,South,2024-10-29
887,Noah,Johnson,noah.johnson887@example.com,Atlanta,GA,South,2024-08-23
888,Mateo,Moore,mateo.moore888@example.com,Minneapolis,MN,Midwest,2025-05-26
889,Zara,Lee,zara.lee889@example.com,Los Angeles,CA,West,2024-12-11
890,Lucas,King,lucas.king890@example.com,Denver,CO,West,2026-01-10
891,Ravi,Young,ravi.young891@example.com,Denver,CO,West,2025-04-16
892,Aisha,Young,aisha.young892@example.com,Atlanta,GA,South,2024-06-22
893,Noah,Young,noah.young893@example.com,Seattle,WA,West,2025-05-15
894,Aisha,Thomas,aisha.thomas894@example.com,Los Angeles,CA,West,2024-03-01
895,James,Patel,james.patel895@example.com,Boston,MA,Northeast,2026-04-17
896,Chloe,Patel,chloe.patel896@example.com,New York,NY,Northeast,2025-02-26
897,Noah,Scott,noah.scott897@example.com,Los Angeles,CA,West,2024-08-24
898,Liam,Hall,liam.hall898@example.com,Chicago,IL,Midwest,2024-01-10
899,Ethan,Anderson,ethan.anderson899@example.com,Denver,CO,West,2025-01-17
900,Maya,Martin,maya.martin900@example.com,Los Angeles,CA,West,2025-11-13
901,Ruby,Martin,ruby.martin901@example.com,Denver,CO,West,2025-11-06
902,Mia,Sharma,mia.sharma902@example.com,New York,NY,Northeast,2025-06-28
903,Zara,Hernandez,zara.hernandez903@example.com,New York,NY,Northeast,2024-01-18
904,James,Young,james.young904@example.com,Dallas,TX,South,2025-07-02
905,Emma,Sharma,emma.sharma905@example.com,Seattle,WA,West,2026-04-12
906,Omar,Walker,omar.walker906@example.com,Miami,FL,South,2026-04-05
907,Ruby,Singh,ruby.singh907@example.com,Boston,MA,Northeast,2024-04-08
908,James,Nguyen,james.nguyen908@example.com,Minneapolis,MN,Midwest,2024-07-15
909,Nina,Anderson,nina.anderson909@example.com,Dallas,TX,South,2026-04-14
910,Olivia,Davis,olivia.davis910@example.com,Miami,FL,South,2024-03-21
911,Olivia,Lopez,olivia.lopez911@example.com,Denver,CO,West,2025-08-01
912,Priya,Hall,priya.hall912@example.com,Minneapolis,MN,Midwest,2024-11-03
913,Chloe,Scott,chloe.scott913@example.com,Boston,MA,Northeast,2025-10-31
914,Lena,Lee,lena.lee914@example.com,New York,NY,Northeast,2024-04-05
915,Mateo,Lopez,mateo.lopez915@example.com,Miami,FL,South,2025-07-19
916,Mia,Patel,mia.patel916@example.com,Los Angeles,CA,West,2024-01-10
917,Omar,Singh,omar.singh917@example.com,Boston,MA,Northeast,2025-05-26
918,Lena,Hernandez,lena.hernandez918@example.com,Los Angeles,CA,West,2026-03-14
919,Arjun,Moore,arjun.moore919@example.com,Boston,MA,Northeast,2025-06-24
920,Ruby,Patel,ruby.patel920@example.com,Minneapolis,MN,Midwest,2024-08-04
921,Kiran,Green,kiran.green921@example.com,Phoenix,AZ,West,2025-08-03
922,Mia,Davis,mia.davis922@example.com,New York,NY,Northeast,2024-03-17
923,Chloe,Davis,chloe.davis923@example.com,Seattle,WA,West,2025-07-31
924,Chloe,Patel,chloe.patel924@example.com,Chicago,IL,Midwest,2026-05-20
925,Arjun,Sharma,arjun.sharma925@example.com,Minneapolis,MN,Midwest,2025-08-24
926,Noah,King,noah.king926@example.com,Phoenix,AZ,West,2026-04-20
927,Mateo,Garcia,mateo.garcia927@example.com,Dallas,TX,South,2024-06-15
928,Daniel,Brown,daniel.brown928@example.com,San Francisco,CA,West,2026-05-04
929,Lena,Lopez,lena.lopez929@example.com,Los Angeles,CA,West,2025-07-07
930,Arjun,Lopez,arjun.lopez930@example.com,Phoenix,AZ,West,2024-05-23
931,Grace,Hall,grace.hall931@example.com,Phoenix,AZ,West,2024-03-21
932,James,Young,james.young932@example.com,Atlanta,GA,South,2024-02-24
933,Sofia,Hernandez,sofia.hernandez933@example.com,Minneapolis,MN,Midwest,2026-05-08
934,Liam,Khan,liam.khan934@example.com,San Francisco,CA,West,2026-02-26
935,Nina,Martin,nina.martin935@example.com,Miami,FL,South,2026-03-03
936,Arjun,Sharma,arjun.sharma936@example.com,Los Angeles,CA,West,2024-10-06
937,Grace,Gonzalez,grace.gonzalez937@example.com,Denver,CO,West,2024-08-21
938,Olivia,Thomas,olivia.thomas938@example.com,Miami,FL,South,2025-03-18
939,Aisha,Walker,aisha.walker939@example.com,San Francisco,CA,West,2025-11-07
940,Mateo,Garcia,mateo.garcia940@example.com,San Francisco,CA,West,2024-10-29
941,Grace,Brown,grace.brown941@example.com,Phoenix,AZ,West,2024-03-16
942,Liam,Davis,liam.davis942@example.com,Chicago,IL,Midwest,2025-01-24
943,Omar,Wright,omar.wright943@example.com,Los Angeles,CA,West,2024-06-06
944,Ella,Lopez,ella.lopez944@example.com,Atlanta,GA,South,2025-01-04
945,Sofia,Garcia,sofia.garcia945@example.com,New York,NY,Northeast,2024-11-11
946,Kabir,Reddy,kabir.reddy946@example.com,Dallas,TX,South,2024-04-14
947,Noah,Garcia,noah.garcia947@example.com,Chicago,IL,Midwest,2025-03-17
948,Kabir,Thomas,kabir.thomas948@example.com,Seattle,WA,West,2025-06-08
949,Ava,Kim,ava.kim949@example.com,New York,NY,Northeast,2024-04-01
950,Olivia,Thomas,olivia.thomas950@example.com,Boston,MA,Northeast,2025-09-03
951,Nina,Wright,nina.wright951@example.com,Atlanta,GA,South,2025-01-29
952,Aarav,Miller,aarav.miller952@example.com,Miami,FL,South,2025-02-01
953,Vikram,Garcia,vikram.garcia953@example.com,Phoenix,AZ,West,2025-07-26
954,Kiran,Brown,kiran.brown954@example.com,San Francisco,CA,West,2025-06-17
955,Aisha,Walker,aisha.walker955@example.com,Miami,FL,South,2024-06-22
956,Noah,Davis,noah.davis956@example.com,Dallas,TX,South,2024-10-01
957,Mia,Nguyen,mia.nguyen957@example.com,Boston,MA,Northeast,2024-06-20
958,Ava,Davis,ava.davis958@example.com,Miami,FL,South,2024-11-02
959,Mia,Wright,mia.wright959@example.com,Boston,MA,Northeast,2025-01-04
960,Lucas,Brown,lucas.brown960@example.com,Phoenix,AZ,West,2025-10-02
961,Mia,Martin,mia.martin961@example.com,San Francisco,CA,West,2024-07-19
962,Kabir,Kim,kabir.kim962@example.com,Chicago,IL,Midwest,2024-11-07
963,Aarav,Lopez,aarav.lopez963@example.com,Atlanta,GA,South,2026-05-11
964,Nina,Lopez,nina.lopez964@example.com,Atlanta,GA,South,2025-03-26
965,Arjun,Hernandez,arjun.hernandez965@example.com,Los Angeles,CA,West,2025-08-31
966,Noah,Miller,noah.miller966@example.com,Atlanta,GA,South,2025-09-09
967,Omar,Johnson,omar.johnson967@example.com,Denver,CO,West,2024-11-17
968,Aisha,Lopez,aisha.lopez968@example.com,Atlanta,GA,South,2024-10-25
969,Ella,Hall,ella.hall969@example.com,Los Angeles,CA,West,2025-05-17
970,Daniel,Wright,daniel.wright970@example.com,Minneapolis,MN,Midwest,2024-11-29
971,Mateo,Davis,mateo.davis971@example.com,Miami,FL,South,2025-01-08
972,Sofia,Moore,sofia.moore972@example.com,Minneapolis,MN,Midwest,2025-08-29
973,Zara,Singh,zara.singh973@example.com,Los Angeles,CA,West,2026-02-25
974,Zara,Sharma,zara.sharma974@example.com,Phoenix,AZ,West,2025-04-17
975,Omar,Johnson,omar.johnson975@example.com,Denver,CO,West,2026-03-27
976,Emma,Scott,emma.scott976@example.com,Phoenix,AZ,West,2024-03-11
977,Diego,Green,diego.green977@example.com,Miami,FL,South,2025-11-20
978,Mia,Nguyen,mia.nguyen978@example.com,Los Angeles,CA,West,2024-11-06
979,Priya,Davis,priya.davis979@example.com,Los Angeles,CA,West,2024-06-06
980,Omar,Hernandez,omar.hernandez980@example.com,Miami,FL,South,2024-03-16
981,Kabir,Martin,kabir.martin981@example.com,Denver,CO,West,2025-08-19
982,Mateo,Thomas,mateo.thomas982@example.com,Seattle,WA,West,2025-12-09
983,Ava,Thomas,ava.thomas983@example.com,New York,NY,Northeast,2026-03-20
984,Olivia,Hall,olivia.hall984@example.com,Seattle,WA,West,2025-08-31
985,Ravi,Garcia,ravi.garcia985@example.com,Boston,MA,Northeast,2026-02-26
986,Priya,Walker,priya.walker986@example.com,Los Angeles,CA,West,2024-12-29
987,Aisha,Lee,aisha.lee987@example.com,San Francisco,CA,West,2024-02-15
988,Daniel,Lee,daniel.lee988@example.com,Los Angeles,CA,West,2025-10-24
989,Mateo,King,mateo.king989@example.com,Atlanta,GA,South,2026-03-26
990,Ava,Kim,ava.kim990@example.com,New York,NY,Northeast,2024-04-10
991,Lucas,Brown,lucas.brown991@example.com,Seattle,WA,West,2026-02-03
992,James,Thomas,james.thomas992@example.com,San Francisco,CA,West,2025-12-05
993,Daniel,Brown,daniel.brown993@example.com,Denver,CO,West,2025-01-18
994,Mateo,Gonzalez,mateo.gonzalez994@example.com,Los Angeles,CA,West,2025-08-25
995,Omar,Anderson,omar.anderson995@example.com,Chicago,IL,Midwest,2024-12-19
996,Aarav,Wilson,aarav.wilson996@example.com,Boston,MA,Northeast,2024-10-29
997,Ava,Garcia,ava.garcia997@example.com,Boston,MA,Northeast,2026-05-01
998,Ella,Nguyen,ella.nguyen998@example.com,Atlanta,GA,South,2024-11-15
999,Arjun,Gonzalez,arjun.gonzalez999@example.com,Minneapolis,MN,Midwest,2025-06-17
1000,Mia,Reddy,mia.reddy1000@example.com,Denver,CO,West,2024-04-09
1001,Kabir,Young,kabir.young1001@example.com,Phoenix,AZ,West,2025-04-08
1002,Arjun,Garcia,arjun.garcia1002@example.com,Dallas,TX,South,2024-02-15
1003,Grace,Hall,grace.hall1003@example.com,Boston,MA,Northeast,2024-01-24
1004,Lena,Khan,lena.khan1004@example.com,Los Angeles,CA,West,2024-04-21
1005,Chloe,Wright,chloe.wright1005@example.com,Chicago,IL,Midwest,2026-01-28
1006,Priya,Anderson,priya.anderson1006@example.com,Chicago,IL,Midwest,2025-07-19
1007,Aisha,Khan,aisha.khan1007@example.com,Seattle,WA,West,2025-03-12
1008,Kabir,Brown,kabir.brown1008@example.com,Miami,FL,South,2025-10-06
1009,Aisha,Singh,aisha.singh1009@example.com,Los Angeles,CA,West,2025-11-04
1010,Ava,Lopez,ava.lopez1010@example.com,New York,NY,Northeast,2026-01-25
1011,Nina,Johnson,nina.johnson1011@example.com,Denver,CO,West,2025-08-29
1012,Ava,Lopez,ava.lopez1012@example.com,New York,NY,Northeast,2025-12-22
1013,Ethan,Johnson,ethan.johnson1013@example.com,Dallas,TX,South,2026-02-09
1014,Omar,Wright,omar.wright1014@example.com,Boston,MA,Northeast,2025-08-14
1015,Sofia,Wright,sofia.wright1015@example.com,Seattle,WA,West,2024-07-10
1016,Olivia,Khan,olivia.khan1016@example.com,Minneapolis,MN,Midwest,2025-04-13
1017,Sofia,Davis,sofia.davis1017@example.com,Los Angeles,CA,West,2025-05-16
1018,James,Lee,james.lee1018@example.com,Atlanta,GA,South,2025-09-03
1019,Mateo,Martin,mateo.martin1019@example.com,Miami,FL,South,2025-08-24
1020,Sofia,Reddy,sofia.reddy1020@example.com,Atlanta,GA,South,2026-05-15
1021,Kabir,Martin,kabir.martin1021@example.com,Chicago,IL,Midwest,2026-04-13
1022,Chloe,Hall,chloe.hall1022@example.com,Dallas,TX,South,2025-09-21
1023,Daniel,Garcia,daniel.garcia1023@example.com,Los Angeles,CA,West,2024-05-17
1024,Arjun,Kim,arjun.kim1024@example.com,Minneapolis,MN,Midwest,2024-11-08
1025,Sofia,Singh,sofia.singh1025@example.com,Atlanta,GA,South,2025-12-11
1026,Noah,Anderson,noah.anderson1026@example.com,Miami,FL,South,2025-03-04
1027,Nina,Nguyen,nina.nguyen1027@example.com,San Francisco,CA,West,2025-01-27
1028,Ava,Singh,ava.singh1028@example.com,Denver,CO,West,2025-10-12
1029,Zara,Hall,zara.hall1029@example.com,Los Angeles,CA,West,2024-06-26
1030,Zara,Singh,zara.singh1030@example.com,Denver,CO,West,2024-10-22
1031,Noah,Singh,noah.singh1031@example.com,Atlanta,GA,South,2026-05-12
1032,Kabir,Martin,kabir.martin1032@example.com,New York,NY,Northeast,2025-01-02
1033,Aarav,Wilson,aarav.wilson1033@example.com,Chicago,IL,Midwest,2024-07-18
1034,Diego,Lopez,diego.lopez1034@example.com,Seattle,WA,West,2025-06-01
1035,Ravi,Wilson,ravi.wilson1035@example.com,Miami,FL,South,2025-12-02
1036,Mia,Hernandez,mia.hernandez1036@example.com,Phoenix,AZ,West,2026-05-10
1037,Kabir,Wilson,kabir.wilson1037@example.com,Chicago,IL,Midwest,2024-03-25
1038,Daniel,Sharma,daniel.sharma1038@example.com,Minneapolis,MN,Midwest,2024-10-26
1039,Maya,Davis,maya.davis1039@example.com,Minneapolis,MN,Midwest,2025-07-04
1040,Emma,Singh,emma.singh1040@example.com,Denver,CO,West,2025-08-02
1041,Ella,King,ella.king1041@example.com,Denver,CO,West,2025-07-16
1042,James,Kim,james.kim1042@example.com,San Francisco,CA,West,2024-04-26
1043,Lucas,King,lucas.king1043@example.com,Seattle,WA,West,2026-04-23
1044,Olivia,Thomas,olivia.thomas1044@example.com,New York,NY,Northeast,2026-02-17
1045,Ella,Gonzalez,ella.gonzalez1045@example.com,Seattle,WA,West,2024-08-11
1046,Ava,Kim,ava.kim1046@example.com,Phoenix,AZ,West,2026-04-29
1047,Ravi,King,ravi.king1047@example.com,Minneapolis,MN,Midwest,2024-10-31
1048,Lena,Patel,lena.patel1048@example.com,Denver,CO,West,2024-09-26
1049,Olivia,Green,olivia.green1049@example.com,Boston,MA,Northeast,2025-03-25
1050,Lena,Kim,lena.kim1050@example.com,Minneapolis,MN,Midwest,2024-08-02
1051,Grace,Young,grace.young1051@example.com,San Francisco,CA,West,2025-12-06
1052,Olivia,Green,olivia.green1052@example.com,Phoenix,AZ,West,2025-09-16
1053,Ravi,Hernandez,ravi.hernandez1053@example.com,Chicago,IL,Midwest,2025-09-22
1054,Noah,Wright,noah.wright1054@example.com,Minneapolis,MN,Midwest,2026-04-13
1055,Ethan,Wright,ethan.wright1055@example.com,New York,NY,Northeast,2025-08-06
1056,Olivia,Thomas,olivia.thomas1056@example.com,Dallas,TX,South,2025-09-03
1057,Zara,Singh,zara.singh1057@example.com,Atlanta,GA,South,2025-12-21
1058,Emma,Miller,emma.miller1058@example.com,San Francisco,CA,West,2024-09-30
1059,Lena,Anderson,lena.anderson1059@example.com,Los Angeles,CA,West,2026-04-14
1060,Sofia,Nguyen,sofia.nguyen1060@example.com,Miami,FL,South,2024-03-01
1061,Lucas,Green,lucas.green1061@example.com,Los Angeles,CA,West,2024-05-09
1062,Omar,Green,omar.green1062@example.com,Chicago,IL,Midwest,2024-09-12
1063,Noah,Hall,noah.hall1063@example.com,Atlanta,GA,South,2026-04-28
1064,Priya,King,priya.king1064@example.com,Los Angeles,CA,West,2025-02-06
1065,Mia,Nguyen,mia.nguyen1065@example.com,San Francisco,CA,West,2025-10-09
1066,Lucas,Lee,lucas.lee1066@example.com,Miami,FL,South,2025-01-19
1067,Kabir,Garcia,kabir.garcia1067@example.com,Los Angeles,CA,West,2026-03-24
1068,Kiran,King,kiran.king1068@example.com,Boston,MA,Northeast,2025-02-16
1069,James,Young,james.young1069@example.com,Dallas,TX,South,2025-12-12
1070,Ruby,Reddy,ruby.reddy1070@example.com,Denver,CO,West,2025-05-14
1071,Arjun,Moore,arjun.moore1071@example.com,New York,NY,Northeast,2026-03-03
1072,Lena,Young,lena.young1072@example.com,Boston,MA,Northeast,2026-01-18
1073,Kabir,Lee,kabir.lee1073@example.com,Los Angeles,CA,West,2025-12-15
1074,Olivia,Green,olivia.green1074@example.com,Boston,MA,Northeast,2026-03-25
1075,Zara,Lopez,zara.lopez1075@example.com,Minneapolis,MN,Midwest,2025-03-15
1076,Diego,Johnson,diego.johnson1076@example.com,Denver,CO,West,2024-10-01
1077,Arjun,Scott,arjun.scott1077@example.com,Dallas,TX,South,2024-12-11
1078,Zara,Moore,zara.moore1078@example.com,Chicago,IL,Midwest,2025-08-02
1079,Lena,Wilson,lena.wilson1079@example.com,Atlanta,GA,South,2025-11-29
1080,Vikram,Patel,vikram.patel1080@example.com,New York,NY,Northeast,2024-04-11
1081,Ravi,Wright,ravi.wright1081@example.com,Denver,CO,West,2024-01-17
1082,Sofia,Green,sofia.green1082@example.com,Chicago,IL,Midwest,2025-03-27
1083,Kabir,Sharma,kabir.sharma1083@example.com,Miami,FL,South,2024-07-26
1084,Omar,Nguyen,omar.nguyen1084@example.com,Los Angeles,CA,West,2024-11-05
1085,Aisha,Green,aisha.green1085@example.com,Dallas,TX,South,2024-04-05
1086,Ravi,Reddy,ravi.reddy1086@example.com,Dallas,TX,South,2024-03-25
1087,Olivia,Walker,olivia.walker1087@example.com,Los Angeles,CA,West,2024-06-18
1088,Maya,Lopez,maya.lopez1088@example.com,Los Angeles,CA,West,2024-11-08
1089,Ella,Hall,ella.hall1089@example.com,Minneapolis,MN,Midwest,2025-03-15
1090,Ravi,Garcia,ravi.garcia1090@example.com,Phoenix,AZ,West,2024-04-07
1091,Aarav,Johnson,aarav.johnson1091@example.com,Denver,CO,West,2024-03-20
1092,Noah,Moore,noah.moore1092@example.com,Minneapolis,MN,Midwest,2025-06-15
1093,Chloe,Gonzalez,chloe.gonzalez1093@example.com,New York,NY,Northeast,2024-01-09
1094,Omar,Khan,omar.khan1094@example.com,Boston,MA,Northeast,2026-05-30
1095,Ava,Hall,ava.hall1095@example.com,Chicago,IL,Midwest,2025-05-04
1096,Liam,Brown,liam.brown1096@example.com,Miami,FL,South,2024-04-01
1097,Ella,Wright,ella.wright1097@example.com,Boston,MA,Northeast,2024-04-15
1098,Arjun,Reddy,arjun.reddy1098@example.com,Dallas,TX,South,2024-05-20
1099,Mateo,King,mateo.king1099@example.com,Chicago,IL,Midwest,2025-10-18
1100,Chloe,Nguyen,chloe.nguyen1100@example.com,Boston,MA,Northeast,2025-06-27
1101,Daniel,Sharma,daniel.sharma1101@example.com,San Francisco,CA,West,2025-10-27
1102,Aisha,Gonzalez,aisha.gonzalez1102@example.com,Atlanta,GA,South,2026-01-09
1103,Ethan,Lee,ethan.lee1103@example.com,Phoenix,AZ,West,2024-06-04
1104,Ruby,Hernandez,ruby.hernandez1104@example.com,San Francisco,CA,West,2025-12-04
1105,Kabir,Green,kabir.green1105@example.com,Minneapolis,MN,Midwest,2024-03-29
1106,Kiran,Kim,kiran.kim1106@example.com,Chicago,IL,Midwest,2026-02-09
1107,Sofia,Moore,sofia.moore1107@example.com,Phoenix,AZ,West,2025-01-28
1108,Olivia,Hernandez,olivia.hernandez1108@example.com,Atlanta,GA,South,2026-03-21
1109,Noah,Brown,noah.brown1109@example.com,Dallas,TX,South,2025-10-22
1110,Liam,Brown,liam.brown1110@example.com,Seattle,WA,West,2025-09-07
1111,Nina,Young,nina.young1111@example.com,San Francisco,CA,West,2024-10-18
1112,Vikram,Hall,vikram.hall1112@example.com,New York,NY,Northeast,2026-05-18
1113,Lena,Walker,lena.walker1113@example.com,Dallas,TX,South,2024-07-29
1114,James,Martin,james.martin1114@example.com,Seattle,WA,West,2024-07-12
1115,Ella,Lopez,ella.lopez1115@example.com,Dallas,TX,South,2025-10-23
1116,Maya,Wright,maya.wright1116@example.com,Minneapolis,MN,Midwest,2025-05-21
1117,Mateo,Kim,mateo.kim1117@example.com,Minneapolis,MN,Midwest,2025-05-26
1118,Ravi,Martin,ravi.martin1118@example.com,Boston,MA,Northeast,2025-06-24
1119,Kiran,Sharma,kiran.sharma1119@example.com,Atlanta,GA,South,2024-11-20
1120,Noah,Lopez,noah.lopez1120@example.com,San Francisco,CA,West,2025-03-06
1121,Olivia,Thomas,olivia.thomas1121@example.com,Los Angeles,CA,West,2024-06-25
1122,Vikram,Wilson,vikram.wilson1122@example.com,Boston,MA,Northeast,2024-01-18
1123,Daniel,Garcia,daniel.garcia1123@example.com,New York,NY,Northeast,2024-09-25
1124,Ethan,Patel,ethan.patel1124@example.com,New York,NY,Northeast,2026-03-19
1125,Mateo,Anderson,mateo.anderson1125@example.com,Dallas,TX,South,2025-10-05
1126,Omar,Anderson,omar.anderson1126@example.com,Miami,FL,South,2025-03-09
1127,Omar,Lopez,omar.lopez1127@example.com,Boston,MA,Northeast,2025-10-17
1128,Zara,Thomas,zara.thomas1128@example.com,San Francisco,CA,West,2024-06-05
1129,Lucas,Garcia,lucas.garcia1129@example.com,Dallas,TX,South,2024-03-21
1130,James,Johnson,james.johnson1130@example.com,Chicago,IL,Midwest,2025-07-03
1131,Arjun,Lopez,arjun.lopez1131@example.com,San Francisco,CA,West,2025-10-11
1132,Vikram,Scott,vikram.scott1132@example.com,Los Angeles,CA,West,2025-11-28
1133,Ravi,Garcia,ravi.garcia1133@example.com,Dallas,TX,South,2025-12-16
1134,Ava,Young,ava.young1134@example.com,Minneapolis,MN,Midwest,2024-02-29
1135,Priya,Garcia,priya.garcia1135@example.com,Miami,FL,South,2024-04-28
1136,Kabir,Martin,kabir.martin1136@example.com,San Francisco,CA,West,2024-02-26
1137,Emma,Walker,emma.walker1137@example.com,Phoenix,AZ,West,2025-11-04
1138,Ella,Singh,ella.singh1138@example.com,Boston,MA,Northeast,2024-01-13
1139,Omar,Nguyen,omar.nguyen1139@example.com,Phoenix,AZ,West,2024-01-12
1140,Aisha,Wilson,aisha.wilson1140@example.com,Atlanta,GA,South,2025-06-19
1141,James,Wright,james.wright1141@example.com,Phoenix,AZ,West,2024-09-22
1142,Aisha,Reddy,aisha.reddy1142@example.com,Chicago,IL,Midwest,2026-02-06
1143,Vikram,Green,vikram.green1143@example.com,Dallas,TX,South,2026-01-20
1144,Kiran,Kim,kiran.kim1144@example.com,New York,NY,Northeast,2024-12-09
1145,Grace,Hernandez,grace.hernandez1145@example.com,Dallas,TX,South,2025-06-20
1146,Liam,Davis,liam.davis1146@example.com,Phoenix,AZ,West,2025-08-13
1147,Ravi,Garcia,ravi.garcia1147@example.com,Denver,CO,West,2025-04-11
1148,James,Reddy,james.reddy1148@example.com,New York,NY,Northeast,2025-05-26
1149,Lena,Moore,lena.moore1149@example.com,Chicago,IL,Midwest,2025-01-11
1150,Aisha,Davis,aisha.davis1150@example.com,Boston,MA,Northeast,2025-08-10
1151,Chloe,Young,chloe.young1151@example.com,Boston,MA,Northeast,2024-08-21
1152,Ella,Anderson,ella.anderson1152@example.com,New York,NY,Northeast,2024-02-15
1153,Lena,Green,lena.green1153@example.com,New York,NY,Northeast,2024-09-07
1154,Maya,Wilson,maya.wilson1154@example.com,Atlanta,GA,South,2025-01-27
1155,Ruby,Nguyen,ruby.nguyen1155@example.com,Chicago,IL,Midwest,2026-05-28
1156,Maya,Thomas,maya.thomas1156@example.com,Phoenix,AZ,West,2026-01-28
1157,Ravi,Hernandez,ravi.hernandez1157@example.com,Minneapolis,MN,Midwest,2024-11-25
1158,Priya,Hernandez,priya.hernandez1158@example.com,Phoenix,AZ,West,2024-11-23
1159,Lucas,Scott,lucas.scott1159@example.com,Boston,MA,Northeast,2025-08-08
1160,Olivia,Kim,olivia.kim1160@example.com,Seattle,WA,West,2025-11-20
1161,Kiran,Patel,kiran.patel1161@example.com,Chicago,IL,Midwest,2024-08-16
1162,Grace,Anderson,grace.anderson1162@example.com,New York,NY,Northeast,2025-02-14
1163,Liam,Gonzalez,liam.gonzalez1163@example.com,Dallas,TX,South,2026-03-03
1164,Lena,Miller,lena.miller1164@example.com,Atlanta,GA,South,2024-03-29
1165,Zara,Gonzalez,zara.gonzalez1165@example.com,New York,NY,Northeast,2025-01-12
1166,Ethan,Miller,ethan.miller1166@example.com,San Francisco,CA,West,2026-03-14
1167,Emma,Young,emma.young1167@example.com,San Francisco,CA,West,2024-09-05
1168,Kabir,Reddy,kabir.reddy1168@example.com,San Francisco,CA,West,2025-05-20
1169,Vikram,King,vikram.king1169@example.com,Minneapolis,MN,Midwest,2026-01-20
1170,Kiran,Thomas,kiran.thomas1170@example.com,Minneapolis,MN,Midwest,2024-06-03
1171,Aarav,Hernandez,aarav.hernandez1171@example.com,New York,NY,Northeast,2024-08-26
1172,Zara,Reddy,zara.reddy1172@example.com,Los Angeles,CA,West,2026-05-09
1173,Omar,Sharma,omar.sharma1173@example.com,Atlanta,GA,South,2024-01-02
1174,Vikram,Walker,vikram.walker1174@example.com,Miami,FL,South,2026-05-19
1175,Ella,Young,ella.young1175@example.com,Dallas,TX,South,2024-04-16
1176,Ethan,Anderson,ethan.anderson1176@example.com,Minneapolis,MN,Midwest,2025-03-05
1177,Mia,Patel,mia.patel1177@example.com,Chicago,IL,Midwest,2025-12-29
1178,Lucas,Garcia,lucas.garcia1178@example.com,New York,NY,Northeast,2024-08-25
1179,Kiran,Green,kiran.green1179@example.com,Seattle,WA,West,2025-02-26
1180,Omar,Reddy,omar.reddy1180@example.com,Denver,CO,West,2026-02-04
1181,Liam,Moore,liam.moore1181@example.com,Boston,MA,Northeast,2025-06-01
1182,Noah,Lee,noah.lee1182@example.com,Miami,FL,South,2024-03-17
1183,Daniel,Moore,daniel.moore1183@example.com,New York,NY,Northeast,2025-03-21
1184,Chloe,Nguyen,chloe.nguyen1184@example.com,Minneapolis,MN,Midwest,2024-10-25
1185,Lucas,Green,lucas.green1185@example.com,Atlanta,GA,South,2026-03-31
1186,Mateo,Hall,mateo.hall1186@example.com,Phoenix,AZ,West,2024-11-30
1187,Arjun,Gonzalez,arjun.gonzalez1187@example.com,Dallas,TX,South,2024-08-27
1188,Liam,Johnson,liam.johnson1188@example.com,Chicago,IL,Midwest,2026-03-09
1189,Vikram,Moore,vikram.moore1189@example.com,Boston,MA,Northeast,2024-06-08
1190,Sofia,Singh,sofia.singh1190@example.com,Denver,CO,West,2025-04-22
1191,Arjun,Hernandez,arjun.hernandez1191@example.com,Boston,MA,Northeast,2025-07-02
1192,Olivia,King,olivia.king1192@example.com,Minneapolis,MN,Midwest,2025-04-07
1193,Emma,Gonzalez,emma.gonzalez1193@example.com,Dallas,TX,South,2026-05-22
1194,Sofia,Garcia,sofia.garcia1194@example.com,Chicago,IL,Midwest,2026-04-06
1195,Chloe,Miller,chloe.miller1195@example.com,Phoenix,AZ,West,2025-12-14
1196,Nina,Patel,nina.patel1196@example.com,Minneapolis,MN,Midwest,2026-05-05
1197,Lena,Khan,lena.khan1197@example.com,Chicago,IL,Midwest,2024-04-03
1198,Omar,Brown,omar.brown1198@example.com,Atlanta,GA,South,2025-02-09
1199,James,Patel,james.patel1199@example.com,Los Angeles,CA,West,2024-11-02
1200,Lucas,Scott,lucas.scott1200@example.com,Chicago,IL,Midwest,2024-02-01
1201,Mateo,Green,mateo.green1201@example.com,Denver,CO,West,2025-07-23
1202,Ella,Thomas,ella.thomas1202@example.com,Minneapolis,MN,Midwest,2024-04-06
1203,Kabir,Kim,kabir.kim1203@example.com,Chicago,IL,Midwest,2024-05-04
1204,Aarav,Patel,aarav.patel1204@example.com,Minneapolis,MN,Midwest,2024-05-13
1205,Ethan,Scott,ethan.scott1205@example.com,Miami,FL,South,2025-01-16
1206,Chloe,Lee,chloe.lee1206@example.com,Los Angeles,CA,West,2024-03-27
1207,Daniel,Moore,daniel.moore1207@example.com,Dallas,TX,South,2026-04-12
1208,Liam,Sharma,liam.sharma1208@example.com,Boston,MA,Northeast,2024-07-21
1209,Kiran,Lee,kiran.lee1209@example.com,Denver,CO,West,2026-04-08
1210,Noah,Garcia,noah.garcia1210@example.com,Atlanta,GA,South,2024-05-05
1211,Maya,Gonzalez,maya.gonzalez1211@example.com,New York,NY,Northeast,2024-06-21
1212,Ruby,Moore,ruby.moore1212@example.com,Miami,FL,South,2026-04-21
1213,Ella,Lopez,ella.lopez1213@example.com,Denver,CO,West,2024-01-31
1214,Mateo,Walker,mateo.walker1214@example.com,Miami,FL,South,2024-06-25
1215,Olivia,Johnson,olivia.johnson1215@example.com,Chicago,IL,Midwest,2024-10-08
1216,Lucas,Gonzalez,lucas.gonzalez1216@example.com,Chicago,IL,Midwest,2024-02-05
1217,Nina,Martin,nina.martin1217@example.com,San Francisco,CA,West,2024-09-08
1218,Ravi,Miller,ravi.miller1218@example.com,Denver,CO,West,2025-02-25
1219,Kiran,Thomas,kiran.thomas1219@example.com,Denver,CO,West,2024-03-03
1220,Liam,Davis,liam.davis1220@example.com,Miami,FL,South,2024-05-20
1221,Ava,Johnson,ava.johnson1221@example.com,Los Angeles,CA,West,2026-03-27
1222,James,Brown,james.brown1222@example.com,Los Angeles,CA,West,2026-04-01
1223,Zara,Wright,zara.wright1223@example.com,New York,NY,Northeast,2025-01-26
1224,Grace,Hall,grace.hall1224@example.com,Atlanta,GA,South,2025-05-06
1225,Zara,Wright,zara.wright1225@example.com,Denver,CO,West,2024-12-18
1226,Ruby,Moore,ruby.moore1226@example.com,Seattle,WA,West,2024-11-25
1227,Mateo,Davis,mateo.davis1227@example.com,Chicago,IL,Midwest,2024-01-27
1228,Arjun,Martin,arjun.martin1228@example.com,Minneapolis,MN,Midwest,2024-01-31
1229,Kiran,Wright,kiran.wright1229@example.com,Dallas,TX,South,2024-02-29
1230,Grace,Wilson,grace.wilson1230@example.com,Seattle,WA,West,2025-01-01
1231,Vikram,Moore,vikram.moore1231@example.com,Minneapolis,MN,Midwest,2024-06-12
1232,Sofia,Brown,sofia.brown1232@example.com,Los Angeles,CA,West,2024-09-03
1233,Lucas,Thomas,lucas.thomas1233@example.com,Phoenix,AZ,West,2024-02-27
1234,Vikram,Brown,vikram.brown1234@example.com,San Francisco,CA,West,2026-05-16
1235,Grace,Lopez,grace.lopez1235@example.com,Atlanta,GA,South,2026-05-09
1236,Lena,Singh,lena.singh1236@example.com,Chicago,IL,Midwest,2024-08-30
1237,Daniel,Khan,daniel.khan1237@example.com,Phoenix,AZ,West,2025-12-15
1238,Olivia,Moore,olivia.moore1238@example.com,New York,NY,Northeast,2025-12-21
1239,Omar,Reddy,omar.reddy1239@example.com,San Francisco,CA,West,2025-07-31
1240,Noah,Moore,noah.moore1240@example.com,Minneapolis,MN,Midwest,2026-05-06
1241,Grace,Wilson,grace.wilson1241@example.com,Seattle,WA,West,2024-11-12
1242,Aisha,Wilson,aisha.wilson1242@example.com,New York,NY,Northeast,2024-04-02
1243,Maya,Brown,maya.brown1243@example.com,San Francisco,CA,West,2024-08-12
1244,Aarav,Anderson,aarav.anderson1244@example.com,Denver,CO,West,2024-01-01
1245,Arjun,Martin,arjun.martin1245@example.com,Minneapolis,MN,Midwest,2026-04-05
1246,Noah,Khan,noah.khan1246@example.com,Phoenix,AZ,West,2024-06-30
1247,Ruby,Wright,ruby.wright1247@example.com,Atlanta,GA,South,2024-03-01
1248,Aarav,Nguyen,aarav.nguyen1248@example.com,San Francisco,CA,West,2025-12-22
1249,Ruby,Nguyen,ruby.nguyen1249@example.com,Boston,MA,Northeast,2026-05-16
1250,James,Green,james.green1250@example.com,Atlanta,GA,South,2024-03-15
1251,Olivia,Hall,olivia.hall1251@example.com,Los Angeles,CA,West,2025-02-09
1252,Daniel,Kim,daniel.kim1252@example.com,Atlanta,GA,South,2024-11-05
1253,Arjun,Nguyen,arjun.nguyen1253@example.com,Chicago,IL,Midwest,2026-01-19
1254,Ava,Wright,ava.wright1254@example.com,Los Angeles,CA,West,2025-05-13
1255,Ravi,Khan,ravi.khan1255@example.com,Chicago,IL,Midwest,2025-12-25
1256,Zara,Hall,zara.hall1256@example.com,San Francisco,CA,West,2026-03-16
1257,Olivia,Brown,olivia.brown1257@example.com,Los Angeles,CA,West,2025-08-26
1258,Diego,Singh,diego.singh1258@example.com,Miami,FL,South,2024-11-10
1259,Ella,Hall,ella.hall1259@example.com,Dallas,TX,South,2024-05-10
1260,Aisha,Young,aisha.young1260@example.com,New York,NY,Northeast,2025-12-19
1261,Daniel,Lopez,daniel.lopez1261@example.com,San Francisco,CA,West,2024-02-03
1262,Aisha,Martin,aisha.martin1262@example.com,Atlanta,GA,South,2026-04-08
1263,Nina,Brown,nina.brown1263@example.com,Los Angeles,CA,West,2025-08-02
1264,Sofia,Wilson,sofia.wilson1264@example.com,Chicago,IL,Midwest,2024-12-05
1265,Ella,Garcia,ella.garcia1265@example.com,Minneapolis,MN,Midwest,2024-12-21
1266,Arjun,Singh,arjun.singh1266@example.com,Los Angeles,CA,West,2024-03-31
1267,Diego,Hall,diego.hall1267@example.com,Los Angeles,CA,West,2025-10-16
1268,Ella,Khan,ella.khan1268@example.com,Denver,CO,West,2024-01-12
1269,Lucas,Johnson,lucas.johnson1269@example.com,Minneapolis,MN,Midwest,2025-12-10
1270,Liam,Reddy,liam.reddy1270@example.com,Dallas,TX,South,2026-03-16
1271,Sofia,Young,sofia.young1271@example.com,New York,NY,Northeast,2024-02-19
1272,Mateo,Gonzalez,mateo.gonzalez1272@example.com,Phoenix,AZ,West,2025-03-05
1273,Aisha,Hernandez,aisha.hernandez1273@example.com,Denver,CO,West,2025-01-22
1274,Olivia,Thomas,olivia.thomas1274@example.com,Miami,FL,South,2024-04-13
1275,Diego,Wilson,diego.wilson1275@example.com,San Francisco,CA,West,2025-10-28
1276,Vikram,Walker,vikram.walker1276@example.com,Minneapolis,MN,Midwest,2024-06-15
1277,Kabir,Garcia,kabir.garcia1277@example.com,New York,NY,Northeast,2024-10-28
1278,Aarav,Khan,aarav.khan1278@example.com,Dallas,TX,South,2024-04-17
1279,Liam,Khan,liam.khan1279@example.com,Chicago,IL,Midwest,2025-01-19
1280,Aisha,Young,aisha.young1280@example.com,Boston,MA,Northeast,2025-07-14
1281,Kiran,Garcia,kiran.garcia1281@example.com,Atlanta,GA,South,2025-08-31
1282,Nina,Wilson,nina.wilson1282@example.com,Phoenix,AZ,West,2024-02-01
1283,Ava,Lee,ava.lee1283@example.com,Chicago,IL,Midwest,2025-09-13
1284,Kiran,Hernandez,kiran.hernandez1284@example.com,Chicago,IL,Midwest,2024-02-24
1285,Sofia,Khan,sofia.khan1285@example.com,Minneapolis,MN,Midwest,2024-07-13
1286,Ava,Hall,ava.hall1286@example.com,Seattle,WA,West,2026-01-09
1287,Ruby,Young,ruby.young1287@example.com,Seattle,WA,West,2024-09-28
1288,Chloe,Miller,chloe.miller1288@example.com,Dallas,TX,South,2024-08-31
1289,Sofia,Patel,sofia.patel1289@example.com,Miami,FL,South,2025-08-08
1290,Zara,Scott,zara.scott1290@example.com,Denver,CO,West,2024-06-06
1291,Maya,Reddy,maya.reddy1291@example.com,New York,NY,Northeast,2025-03-13
1292,Liam,Miller,liam.miller1292@example.com,Los Angeles,CA,West,2025-10-02
1293,Nina,Wilson,nina.wilson1293@example.com,Minneapolis,MN,Midwest,2024-04-09
1294,Aarav,Johnson,aarav.johnson1294@example.com,Chicago,IL,Midwest,2025-10-15
1295,Emma,Garcia,emma.garcia1295@example.com,Denver,CO,West,2026-05-14
1296,Sofia,Miller,sofia.miller1296@example.com,Miami,FL,South,2025-04-27
1297,Mia,Walker,mia.walker1297@example.com,Dallas,TX,South,2024-04-03
1298,Ravi,Thomas,ravi.thomas1298@example.com,Miami,FL,South,2024-07-08
1299,Olivia,Lopez,olivia.lopez1299@example.com,Atlanta,GA,South,2024-07-10
1300,Kabir,Patel,kabir.patel1300@example.com,Dallas,TX,South,2025-03-26
1301,Kabir,Davis,kabir.davis1301@example.com,Minneapolis,MN,Midwest,2026-05-07
1302,Lucas,Moore,lucas.moore1302@example.com,New York,NY,Northeast,2024-06-03
1303,Vikram,Hall,vikram.hall1303@example.com,Los Angeles,CA,West,2024-04-09
1304,Liam,Walker,liam.walker1304@example.com,Atlanta,GA,South,2026-04-07
1305,Zara,Hernandez,zara.hernandez1305@example.com,San Francisco,CA,West,2024-08-20
1306,Zara,Patel,zara.patel1306@example.com,Miami,FL,South,2026-04-18
1307,James,Hernandez,james.hernandez1307@example.com,Seattle,WA,West,2025-12-04
1308,Lena,Wilson,lena.wilson1308@example.com,San Francisco,CA,West,2024-08-29
1309,Mia,Miller,mia.miller1309@example.com,Boston,MA,Northeast,2025-02-08
1310,Kiran,Green,kiran.green1310@example.com,Phoenix,AZ,West,2024-02-05
1311,James,Moore,james.moore1311@example.com,Seattle,WA,West,2026-03-30
1312,Daniel,Walker,daniel.walker1312@example.com,San Francisco,CA,West,2024-05-30
1313,Sofia,King,sofia.king1313@example.com,Denver,CO,West,2024-06-26
1314,Aisha,Johnson,aisha.johnson1314@example.com,Minneapolis,MN,Midwest,2024-05-09
1315,Maya,Hernandez,maya.hernandez1315@example.com,Boston,MA,Northeast,2025-11-30
1316,Ava,Johnson,ava.johnson1316@example.com,Los Angeles,CA,West,2024-05-31
1317,Diego,Martin,diego.martin1317@example.com,Dallas,TX,South,2024-11-23
1318,Ruby,Young,ruby.young1318@example.com,Boston,MA,Northeast,2024-03-30
1319,Mateo,Thomas,mateo.thomas1319@example.com,Miami,FL,South,2025-07-19
1320,Arjun,Green,arjun.green1320@example.com,Dallas,TX,South,2025-06-16
1321,Kabir,Green,kabir.green1321@example.com,New York,NY,Northeast,2026-03-16
1322,Omar,Martin,omar.martin1322@example.com,San Francisco,CA,West,2025-06-19
1323,Grace,Hernandez,grace.hernandez1323@example.com,Boston,MA,Northeast,2025-02-28
1324,Noah,Nguyen,noah.nguyen1324@example.com,San Francisco,CA,West,2025-08-25
1325,Daniel,King,daniel.king1325@example.com,Boston,MA,Northeast,2024-04-18
1326,Daniel,King,daniel.king1326@example.com,Boston,MA,Northeast,2026-03-15
1327,Emma,Green,emma.green1327@example.com,Seattle,WA,West,2024-12-18
1328,Kiran,Hernandez,kiran.hernandez1328@example.com,Dallas,TX,South,2025-01-27
1329,Ravi,Wilson,ravi.wilson1329@example.com,San Francisco,CA,West,2025-09-15
1330,Mia,Patel,mia.patel1330@example.com,Chicago,IL,Midwest,2024-10-09
1331,Mateo,Nguyen,mateo.nguyen1331@example.com,San Francisco,CA,West,2025-09-15
1332,Chloe,Hall,chloe.hall1332@example.com,Miami,FL,South,2024-02-09
1333,Mateo,Khan,mateo.khan1333@example.com,Phoenix,AZ,West,2024-08-31
1334,Maya,Young,maya.young1334@example.com,Denver,CO,West,2024-10-02
1335,Kiran,Reddy,kiran.reddy1335@example.com,New York,NY,Northeast,2024-12-11
1336,Diego,Wright,diego.wright1336@example.com,Dallas,TX,South,2024-11-14
1337,Lucas,Scott,lucas.scott1337@example.com,Denver,CO,West,2026-05-28
1338,Omar,Walker,omar.walker1338@example.com,Boston,MA,Northeast,2024-08-21
1339,Noah,Miller,noah.miller1339@example.com,Phoenix,AZ,West,2025-03-29
1340,Vikram,Scott,vikram.scott1340@example.com,Atlanta,GA,South,2024-10-02
1341,Ella,Hernandez,ella.hernandez1341@example.com,San Francisco,CA,West,2025-10-23
1342,Liam,Johnson,liam.johnson1342@example.com,Denver,CO,West,2024-08-04
1343,Ruby,Scott,ruby.scott1343@example.com,Miami,FL,South,2026-01-28
1344,Mia,King,mia.king1344@example.com,Seattle,WA,West,2025-01-17
1345,Diego,Patel,diego.patel1345@example.com,Seattle,WA,West,2026-03-21
1346,Aisha,Garcia,aisha.garcia1346@example.com,Dallas,TX,South,2025-12-27
1347,James,Lopez,james.lopez1347@example.com,Chicago,IL,Midwest,2026-03-10
1348,Lena,Anderson,lena.anderson1348@example.com,San Francisco,CA,West,2024-01-30
1349,Aisha,Johnson,aisha.johnson1349@example.com,Minneapolis,MN,Midwest,2026-05-07
1350,Maya,Brown,maya.brown1350@example.com,New York,NY,Northeast,2025-04-12
1351,Maya,Reddy,maya.reddy1351@example.com,Phoenix,AZ,West,2024-07-22
1352,Lucas,Reddy,lucas.reddy1352@example.com,Denver,CO,West,2025-06-01
1353,Mateo,Lee,mateo.lee1353@example.com,Boston,MA,Northeast,2025-11-28
1354,Aarav,Brown,aarav.brown1354@example.com,Atlanta,GA,South,2025-05-15
1355,Nina,Gonzalez,nina.gonzalez1355@example.com,Chicago,IL,Midwest,2025-04-30
1356,Daniel,Thomas,daniel.thomas1356@example.com,Atlanta,GA,South,2024-12-18
1357,Aisha,Scott,aisha.scott1357@example.com,Dallas,TX,South,2026-02-05
1358,Diego,Hall,diego.hall1358@example.com,Boston,MA,Northeast,2024-10-18
1359,Aarav,Lopez,aarav.lopez1359@example.com,New York,NY,Northeast,2024-06-15
1360,Lena,Moore,lena.moore1360@example.com,Minneapolis,MN,Midwest,2026-05-27
1361,Priya,Lee,priya.lee1361@example.com,Minneapolis,MN,Midwest,2025-11-24
1362,Ethan,Davis,ethan.davis1362@example.com,Los Angeles,CA,West,2025-02-23
1363,James,Sharma,james.sharma1363@example.com,Los Angeles,CA,West,2024-01-10
1364,Mia,Nguyen,mia.nguyen1364@example.com,Los Angeles,CA,West,2024-06-26
1365,Nina,Wright,nina.wright1365@example.com,New York,NY,Northeast,2024-08-17
1366,Lucas,Martin,lucas.martin1366@example.com,Dallas,TX,South,2025-12-30
1367,Omar,Lee,omar.lee1367@example.com,Dallas,TX,South,2025-03-09
1368,Kiran,Lopez,kiran.lopez1368@example.com,Atlanta,GA,South,2025-04-15
1369,Lucas,Johnson,lucas.johnson1369@example.com,Denver,CO,West,2024-11-05
1370,Chloe,Anderson,chloe.anderson1370@example.com,San Francisco,CA,West,2025-02-10
1371,Daniel,Kim,daniel.kim1371@example.com,New York,NY,Northeast,2025-06-07
1372,Chloe,Scott,chloe.scott1372@example.com,Atlanta,GA,South,2025-07-28
1373,Ravi,Martin,ravi.martin1373@example.com,San Francisco,CA,West,2024-10-16
1374,Emma,Walker,emma.walker1374@example.com,Boston,MA,Northeast,2025-05-08
1375,Liam,Khan,liam.khan1375@example.com,Dallas,TX,South,2025-10-17
1376,Arjun,Green,arjun.green1376@example.com,Dallas,TX,South,2024-09-24
1377,Ravi,Hall,ravi.hall1377@example.com,Los Angeles,CA,West,2024-11-01
1378,Ethan,Nguyen,ethan.nguyen1378@example.com,Seattle,WA,West,2026-02-22
1379,Priya,Patel,priya.patel1379@example.com,San Francisco,CA,West,2025-02-17
1380,Chloe,Khan,chloe.khan1380@example.com,Los Angeles,CA,West,2024-05-23
1381,Ella,Sharma,ella.sharma1381@example.com,Los Angeles,CA,West,2025-05-24
1382,Emma,Davis,emma.davis1382@example.com,Miami,FL,South,2025-02-18
1383,Mateo,Young,mateo.young1383@example.com,New York,NY,Northeast,2025-08-20
1384,Omar,Moore,omar.moore1384@example.com,Minneapolis,MN,Midwest,2024-12-17
1385,Ella,Hall,ella.hall1385@example.com,Minneapolis,MN,Midwest,2025-12-03
1386,Zara,Lee,zara.lee1386@example.com,Denver,CO,West,2025-11-18
1387,Olivia,Anderson,olivia.anderson1387@example.com,Dallas,TX,South,2026-05-15
1388,Aisha,Scott,aisha.scott1388@example.com,Los Angeles,CA,West,2025-07-25
1389,Aisha,Miller,aisha.miller1389@example.com,Boston,MA,Northeast,2025-04-27
1390,Noah,Young,noah.young1390@example.com,Dallas,TX,South,2026-01-12
1391,Grace,Thomas,grace.thomas1391@example.com,Chicago,IL,Midwest,2025-11-27
1392,Kiran,Khan,kiran.khan1392@example.com,Los Angeles,CA,West,2024-04-01
1393,Priya,Reddy,priya.reddy1393@example.com,Minneapolis,MN,Midwest,2026-02-01
1394,Lena,Miller,lena.miller1394@example.com,Miami,FL,South,2026-03-18
1395,Kiran,Khan,kiran.khan1395@example.com,Atlanta,GA,South,2024-09-23
1396,Daniel,Miller,daniel.miller1396@example.com,Denver,CO,West,2026-05-21
1397,Sofia,Wilson,sofia.wilson1397@example.com,New York,NY,Northeast,2025-10-11
1398,Daniel,Moore,daniel.moore1398@example.com,San Francisco,CA,West,2024-03-13
1399,Mia,Johnson,mia.johnson1399@example.com,Seattle,WA,West,2024-05-02
1400,Lena,Walker,lena.walker1400@example.com,Miami,FL,South,2025-06-26
1401,Emma,Hernandez,emma.hernandez1401@example.com,New York,NY,Northeast,2026-05-24
1402,Noah,Nguyen,noah.nguyen1402@example.com,Minneapolis,MN,Midwest,2024-12-16
1403,Ava,Moore,ava.moore1403@example.com,Denver,CO,West,2024-05-26
1404,Arjun,Green,arjun.green1404@example.com,Phoenix,AZ,West,2024-07-03
1405,Vikram,Garcia,vikram.garcia1405@example.com,Denver,CO,West,2024-12-06
1406,Ravi,Singh,ravi.singh1406@example.com,Atlanta,GA,South,2025-10-11
1407,Maya,Sharma,maya.sharma1407@example.com,Denver,CO,West,2024-10-07
1408,Ethan,King,ethan.king1408@example.com,Chicago,IL,Midwest,2025-08-13
1409,Vikram,Singh,vikram.singh1409@example.com,Denver,CO,West,2026-03-15
1410,Vikram,King,vikram.king1410@example.com,Boston,MA,Northeast,2024-05-12
1411,Nina,Hernandez,nina.hernandez1411@example.com,Los Angeles,CA,West,2025-03-15
1412,Mateo,Hernandez,mateo.hernandez1412@example.com,Denver,CO,West,2025-01-27
1413,Aarav,Patel,aarav.patel1413@example.com,Seattle,WA,West,2024-07-23
1414,Ella,Reddy,ella.reddy1414@example.com,New York,NY,Northeast,2024-11-25
1415,Vikram,Scott,vikram.scott1415@example.com,Seattle,WA,West,2024-07-14
1416,Aarav,Walker,aarav.walker1416@example.com,New York,NY,Northeast,2025-10-03
1417,Ella,Brown,ella.brown1417@example.com,Minneapolis,MN,Midwest,2025-12-11
1418,Kiran,Reddy,kiran.reddy1418@example.com,Dallas,TX,South,2024-05-12
1419,Sofia,Lopez,sofia.lopez1419@example.com,Seattle,WA,West,2025-08-25
1420,Emma,Singh,emma.singh1420@example.com,Boston,MA,Northeast,2026-04-23
1421,Maya,Miller,maya.miller1421@example.com,Dallas,TX,South,2025-04-11
1422,Ella,Anderson,ella.anderson1422@example.com,San Francisco,CA,West,2025-06-20
1423,Arjun,Hernandez,arjun.hernandez1423@example.com,Los Angeles,CA,West,2024-05-17
1424,Arjun,Wilson,arjun.wilson1424@example.com,Atlanta,GA,South,2026-02-07
1425,Ethan,Singh,ethan.singh1425@example.com,Miami,FL,South,2024-01-20
1426,Priya,Brown,priya.brown1426@example.com,Phoenix,AZ,West,2024-05-14
1427,Ethan,Young,ethan.young1427@example.com,New York,NY,Northeast,2025-08-26
1428,James,Singh,james.singh1428@example.com,Boston,MA,Northeast,2025-01-10
1429,Omar,Lee,omar.lee1429@example.com,New York,NY,Northeast,2025-01-19
1430,Kiran,Lee,kiran.lee1430@example.com,Dallas,TX,South,2026-02-28
1431,Zara,Martin,zara.martin1431@example.com,New York,NY,Northeast,2025-08-31
1432,Maya,Walker,maya.walker1432@example.com,Boston,MA,Northeast,2025-10-31
1433,Diego,Sharma,diego.sharma1433@example.com,New York,NY,Northeast,2025-12-07
1434,Sofia,Hernandez,sofia.hernandez1434@example.com,Denver,CO,West,2025-01-24
1435,Sofia,Thomas,sofia.thomas1435@example.com,Dallas,TX,South,2025-04-30
1436,Omar,Nguyen,omar.nguyen1436@example.com,Minneapolis,MN,Midwest,2025-12-12
1437,Chloe,Lee,chloe.lee1437@example.com,New York,NY,Northeast,2024-11-04
1438,Ava,Walker,ava.walker1438@example.com,Boston,MA,Northeast,2025-11-09
1439,James,Davis,james.davis1439@example.com,San Francisco,CA,West,2025-09-12
1440,Omar,Nguyen,omar.nguyen1440@example.com,Miami,FL,South,2026-04-30
1441,Kiran,Kim,kiran.kim1441@example.com,Seattle,WA,West,2026-01-06
1442,Nina,Kim,nina.kim1442@example.com,Dallas,TX,South,2024-04-26
1443,Grace,Kim,grace.kim1443@example.com,Denver,CO,West,2024-07-22
1444,Nina,Johnson,nina.johnson1444@example.com,Dallas,TX,South,2026-05-01
1445,James,Johnson,james.johnson1445@example.com,Atlanta,GA,South,2025-12-21
1446,Ava,Miller,ava.miller1446@example.com,Chicago,IL,Midwest,2024-02-10
1447,Zara,Wilson,zara.wilson1447@example.com,Minneapolis,MN,Midwest,2025-12-05
1448,Ruby,Wilson,ruby.wilson1448@example.com,Atlanta,GA,South,2024-08-28
1449,Aarav,Sharma,aarav.sharma1449@example.com,Los Angeles,CA,West,2024-04-01
1450,Ruby,Kim,ruby.kim1450@example.com,San Francisco,CA,West,2025-11-16
1451,Mia,Nguyen,mia.nguyen1451@example.com,Boston,MA,Northeast,2026-03-09
1452,James,Garcia,james.garcia1452@example.com,Phoenix,AZ,West,2026-01-10
1453,Sofia,Davis,sofia.davis1453@example.com,Los Angeles,CA,West,2024-08-24
1454,Kabir,Miller,kabir.miller1454@example.com,Dallas,TX,South,2025-04-20
1455,Maya,Kim,maya.kim1455@example.com,Chicago,IL,Midwest,2024-02-10
1456,Lena,Miller,lena.miller1456@example.com,Atlanta,GA,South,2026-03-31
1457,Chloe,Khan,chloe.khan1457@example.com,Miami,FL,South,2026-01-26
1458,Sofia,Kim,sofia.kim1458@example.com,New York,NY,Northeast,2024-01-10
1459,Lena,Nguyen,lena.nguyen1459@example.com,Los Angeles,CA,West,2025-10-24
1460,Aisha,Khan,aisha.khan1460@example.com,Atlanta,GA,South,2025-03-24
1461,Nina,Davis,nina.davis1461@example.com,Phoenix,AZ,West,2024-04-05
1462,Olivia,Scott,olivia.scott1462@example.com,Atlanta,GA,South,2024-07-06
1463,Sofia,Lopez,sofia.lopez1463@example.com,Miami,FL,South,2025-04-12
1464,Lucas,Scott,lucas.scott1464@example.com,Miami,FL,South,2025-12-07
1465,Lena,Wilson,lena.wilson1465@example.com,Miami,FL,South,2025-10-26
1466,Kiran,Wright,kiran.wright1466@example.com,Chicago,IL,Midwest,2024-04-25
1467,Noah,Hall,noah.hall1467@example.com,Phoenix,AZ,West,2024-03-01
1468,Lena,Singh,lena.singh1468@example.com,Boston,MA,Northeast,2025-03-02
1469,Ruby,Moore,ruby.moore1469@example.com,Denver,CO,West,2026-04-01
1470,Daniel,Walker,daniel.walker1470@example.com,Denver,CO,West,2024-07-04
1471,Nina,Lopez,nina.lopez1471@example.com,Atlanta,GA,South,2025-09-18
1472,Aarav,Green,aarav.green1472@example.com,Los Angeles,CA,West,2026-05-08
1473,Ella,Nguyen,ella.nguyen1473@example.com,Denver,CO,West,2025-05-14
1474,Sofia,Hernandez,sofia.hernandez1474@example.com,Denver,CO,West,2024-02-17
1475,Liam,Davis,liam.davis1475@example.com,Los Angeles,CA,West,2024-11-17
1476,Aarav,Hall,aarav.hall1476@example.com,Los Angeles,CA,West,2025-06-21
1477,Vikram,Young,vikram.young1477@example.com,San Francisco,CA,West,2026-01-11
1478,Daniel,Brown,daniel.brown1478@example.com,Los Angeles,CA,West,2024-12-12
1479,James,Anderson,james.anderson1479@example.com,Phoenix,AZ,West,2025-12-18
1480,Nina,Kim,nina.kim1480@example.com,Miami,FL,South,2025-11-08
1481,Ella,Brown,ella.brown1481@example.com,Denver,CO,West,2024-12-20
1482,Chloe,Walker,chloe.walker1482@example.com,Los Angeles,CA,West,2025-01-29
1483,Noah,Scott,noah.scott1483@example.com,Seattle,WA,West,2025-09-19
1484,Maya,Sharma,maya.sharma1484@example.com,Los Angeles,CA,West,2024-06-09
1485,James,Green,james.green1485@example.com,Denver,CO,West,2026-05-22
1486,Mia,Green,mia.green1486@example.com,Chicago,IL,Midwest,2024-03-17
1487,Vikram,Wilson,vikram.wilson1487@example.com,Atlanta,GA,South,2024-09-03
1488,Arjun,Davis,arjun.davis1488@example.com,New York,NY,Northeast,2025-06-03
1489,Priya,Thomas,priya.thomas1489@example.com,Los Angeles,CA,West,2025-01-22
1490,Mateo,Scott,mateo.scott1490@example.com,Minneapolis,MN,Midwest,2024-03-21
1491,Kabir,Gonzalez,kabir.gonzalez1491@example.com,San Francisco,CA,West,2025-04-03
1492,Liam,Green,liam.green1492@example.com,Denver,CO,West,2025-04-02
1493,Arjun,Kim,arjun.kim1493@example.com,Denver,CO,West,2026-02-02
1494,Ravi,Sharma,ravi.sharma1494@example.com,Boston,MA,Northeast,2025-02-17
1495,Ava,Patel,ava.patel1495@example.com,Seattle,WA,West,2025-07-16
1496,Aarav,Scott,aarav.scott1496@example.com,Boston,MA,Northeast,2026-03-21
1497,Nina,Martin,nina.martin1497@example.com,Los Angeles,CA,West,2024-11-07
1498,Kiran,Anderson,kiran.anderson1498@example.com,Seattle,WA,West,2024-07-30
1499,Ravi,Walker,ravi.walker1499@example.com,Denver,CO,West,2024-12-15
1500,Olivia,Scott,olivia.scott1500@example.com,New York,NY,Northeast,2026-04-16
1501,Priya,Green,priya.green1501@example.com,Denver,CO,West,2024-12-05
1502,Zara,King,zara.king1502@example.com,San Francisco,CA,West,2025-09-06
1503,Mia,Hall,mia.hall1503@example.com,Los Angeles,CA,West,2025-01-07
1504,Omar,Gonzalez,omar.gonzalez1504@example.com,Boston,MA,Northeast,2024-04-09
1505,Vikram,Walker,vikram.walker1505@example.com,Minneapolis,MN,Midwest,2024-01-03
1506,Arjun,Reddy,arjun.reddy1506@example.com,Los Angeles,CA,West,2026-03-30
1507,Emma,Thomas,emma.thomas1507@example.com,Seattle,WA,West,2025-01-17
1508,Omar,Kim,omar.kim1508@example.com,New York,NY,Northeast,2024-06-17
1509,Mia,Nguyen,mia.nguyen1509@example.com,Phoenix,AZ,West,2026-01-30
1510,Ella,Hernandez,ella.hernandez1510@example.com,Boston,MA,Northeast,2024-09-17
1511,Nina,Johnson,nina.johnson1511@example.com,Minneapolis,MN,Midwest,2024-05-03
1512,Ruby,Green,ruby.green1512@example.com,Miami,FL,South,2024-08-08
1513,Kabir,Scott,kabir.scott1513@example.com,Minneapolis,MN,Midwest,2026-01-03
1514,Arjun,Kim,arjun.kim1514@example.com,Miami,FL,South,2024-02-17
1515,Ruby,Lee,ruby.lee1515@example.com,Los Angeles,CA,West,2025-08-25
1516,Sofia,King,sofia.king1516@example.com,Denver,CO,West,2025-04-13
1517,Chloe,Moore,chloe.moore1517@example.com,Seattle,WA,West,2024-05-17
1518,Mia,Sharma,mia.sharma1518@example.com,Seattle,WA,West,2026-01-23
1519,Maya,Thomas,maya.thomas1519@example.com,Miami,FL,South,2026-05-08
1520,Daniel,Wilson,daniel.wilson1520@example.com,Seattle,WA,West,2026-03-10
1521,Ruby,Singh,ruby.singh1521@example.com,Phoenix,AZ,West,2025-08-15
1522,Aisha,Young,aisha.young1522@example.com,Chicago,IL,Midwest,2024-04-16
1523,Mateo,Walker,mateo.walker1523@example.com,San Francisco,CA,West,2025-09-12
1524,Kiran,Khan,kiran.khan1524@example.com,Seattle,WA,West,2025-01-28
1525,Ava,Martin,ava.martin1525@example.com,Phoenix,AZ,West,2026-02-19
1526,Priya,Davis,priya.davis1526@example.com,Miami,FL,South,2024-12-17
1527,Emma,Gonzalez,emma.gonzalez1527@example.com,Chicago,IL,Midwest,2024-05-21
1528,Ava,Martin,ava.martin1528@example.com,Phoenix,AZ,West,2026-02-05
1529,James,Miller,james.miller1529@example.com,Phoenix,AZ,West,2025-07-14
1530,Lena,Khan,lena.khan1530@example.com,Phoenix,AZ,West,2026-01-24
1531,Ruby,Thomas,ruby.thomas1531@example.com,Los Angeles,CA,West,2024-08-10
1532,Ethan,Johnson,ethan.johnson1532@example.com,San Francisco,CA,West,2026-01-01
1533,Emma,Walker,emma.walker1533@example.com,Atlanta,GA,South,2025-11-19
1534,Noah,Hall,noah.hall1534@example.com,Los Angeles,CA,West,2024-07-01
1535,James,Thomas,james.thomas1535@example.com,Phoenix,AZ,West,2025-10-14
1536,Arjun,Hall,arjun.hall1536@example.com,Boston,MA,Northeast,2026-02-18
1537,Olivia,Thomas,olivia.thomas1537@example.com,Denver,CO,West,2025-08-19
1538,Daniel,Walker,daniel.walker1538@example.com,Phoenix,AZ,West,2025-03-03
1539,Chloe,Young,chloe.young1539@example.com,Seattle,WA,West,2024-10-19
1540,Kiran,Green,kiran.green1540@example.com,Miami,FL,South,2026-04-07
1541,Aarav,Anderson,aarav.anderson1541@example.com,Boston,MA,Northeast,2024-01-26
1542,Mateo,Nguyen,mateo.nguyen1542@example.com,New York,NY,Northeast,2025-11-17
1543,Maya,Johnson,maya.johnson1543@example.com,Dallas,TX,South,2026-02-07
1544,Grace,Singh,grace.singh1544@example.com,Dallas,TX,South,2025-11-30
1545,Lucas,Nguyen,lucas.nguyen1545@example.com,New York,NY,Northeast,2025-12-08
1546,Grace,Miller,grace.miller1546@example.com,Minneapolis,MN,Midwest,2026-02-10
1547,Zara,Patel,zara.patel1547@example.com,Atlanta,GA,South,2026-04-13
1548,Kabir,Kim,kabir.kim1548@example.com,San Francisco,CA,West,2025-11-22
1549,Ella,Thomas,ella.thomas1549@example.com,Minneapolis,MN,Midwest,2026-01-30
1550,Ravi,Thomas,ravi.thomas1550@example.com,Miami,FL,South,2024-08-31
1551,James,Wright,james.wright1551@example.com,Phoenix,AZ,West,2024-10-21
1552,Omar,Walker,omar.walker1552@example.com,New York,NY,Northeast,2025-01-25
1553,Mateo,Hernandez,mateo.hernandez1553@example.com,Los Angeles,CA,West,2024-11-16
1554,Zara,Patel,zara.patel1554@example.com,New York,NY,Northeast,2026-01-31
1555,Lucas,Johnson,lucas.johnson1555@example.com,San Francisco,CA,West,2026-03-10
1556,Lena,Green,lena.green1556@example.com,Denver,CO,West,2026-04-29
1557,Priya,Lee,priya.lee1557@example.com,Phoenix,AZ,West,2025-12-27
1558,Ravi,Reddy,ravi.reddy1558@example.com,San Francisco,CA,West,2025-07-13
1559,Ella,Martin,ella.martin1559@example.com,Minneapolis,MN,Midwest,2026-03-05
1560,Ella,Johnson,ella.johnson1560@example.com,Dallas,TX,South,2025-04-04
1561,Aisha,Walker,aisha.walker1561@example.com,Boston,MA,Northeast,2024-07-10
1562,Aisha,Young,aisha.young1562@example.com,Seattle,WA,West,2024-05-02
1563,Mateo,Patel,mateo.patel1563@example.com,Miami,FL,South,2024-10-12
1564,Zara,Davis,zara.davis1564@example.com,Chicago,IL,Midwest,2024-06-13
1565,Daniel,Green,daniel.green1565@example.com,Dallas,TX,South,2024-01-06
1566,Arjun,Gonzalez,arjun.gonzalez1566@example.com,Phoenix,AZ,West,2024-06-07
1567,Maya,Nguyen,maya.nguyen1567@example.com,Atlanta,GA,South,2025-09-03
1568,Maya,King,maya.king1568@example.com,Los Angeles,CA,West,2025-09-22
1569,Diego,Walker,diego.walker1569@example.com,Dallas,TX,South,2025-05-17
1570,Grace,Moore,grace.moore1570@example.com,Seattle,WA,West,2025-01-01
1571,Liam,Wright,liam.wright1571@example.com,Phoenix,AZ,West,2024-11-21
1572,James,Brown,james.brown1572@example.com,Chicago,IL,Midwest,2025-06-17
1573,Liam,Wright,liam.wright1573@example.com,Seattle,WA,West,2024-06-12
1574,Ava,Thomas,ava.thomas1574@example.com,Seattle,WA,West,2025-02-17
1575,Liam,Reddy,liam.reddy1575@example.com,Minneapolis,MN,Midwest,2024-08-06
1576,Chloe,Khan,chloe.khan1576@example.com,Atlanta,GA,South,2025-01-04
1577,Emma,Johnson,emma.johnson1577@example.com,San Francisco,CA,West,2025-06-27
1578,Mia,Thomas,mia.thomas1578@example.com,Los Angeles,CA,West,2024-01-10
1579,Sofia,Walker,sofia.walker1579@example.com,Atlanta,GA,South,2025-04-01
1580,Priya,Lee,priya.lee1580@example.com,San Francisco,CA,West,2025-09-28
1581,Priya,Patel,priya.patel1581@example.com,Los Angeles,CA,West,2024-11-24
1582,Mateo,Wright,mateo.wright1582@example.com,Boston,MA,Northeast,2025-01-30
1583,Lucas,Thomas,lucas.thomas1583@example.com,Phoenix,AZ,West,2024-10-16
1584,Aarav,Anderson,aarav.anderson1584@example.com,Atlanta,GA,South,2025-06-10
1585,Grace,Anderson,grace.anderson1585@example.com,Denver,CO,West,2025-05-13
1586,Maya,Miller,maya.miller1586@example.com,Los Angeles,CA,West,2024-07-16
1587,Arjun,Anderson,arjun.anderson1587@example.com,Boston,MA,Northeast,2024-04-08
1588,Aisha,King,aisha.king1588@example.com,Seattle,WA,West,2025-06-30
1589,Aarav,Lee,aarav.lee1589@example.com,Boston,MA,Northeast,2024-08-03
1590,Chloe,Lee,chloe.lee1590@example.com,Minneapolis,MN,Midwest,2025-12-02
1591,Ava,Scott,ava.scott1591@example.com,Boston,MA,Northeast,2024-07-29
1592,Zara,Scott,zara.scott1592@example.com,Phoenix,AZ,West,2026-01-29
1593,Vikram,Hernandez,vikram.hernandez1593@example.com,Los Angeles,CA,West,2026-04-16
1594,Liam,Young,liam.young1594@example.com,Los Angeles,CA,West,2024-06-06
1595,Aarav,Gonzalez,aarav.gonzalez1595@example.com,Phoenix,AZ,West,2024-12-05
1596,Maya,Garcia,maya.garcia1596@example.com,Boston,MA,Northeast,2024-02-25
1597,Aisha,Wright,aisha.wright1597@example.com,Dallas,TX,South,2025-07-25
1598,Liam,Moore,liam.moore1598@example.com,Minneapolis,MN,Midwest,2024-09-21
1599,Ava,Lopez,ava.lopez1599@example.com,Denver,CO,West,2025-10-07
1600,Mateo,Hernandez,mateo.hernandez1600@example.com,Atlanta,GA,South,2024-01-18
1601,Mateo,Walker,mateo.walker1601@example.com,Boston,MA,Northeast,2025-07-01
1602,Aarav,Lee,aarav.lee1602@example.com,Phoenix,AZ,West,2025-09-25
1603,Liam,King,liam.king1603@example.com,Phoenix,AZ,West,2025-08-22
1604,Maya,Hall,maya.hall1604@example.com,Boston,MA,Northeast,2025-01-01
1605,Ruby,Anderson,ruby.anderson1605@example.com,Boston,MA,Northeast,2024-10-23
1606,Grace,Walker,grace.walker1606@example.com,Dallas,TX,South,2025-09-13
1607,Liam,Miller,liam.miller1607@example.com,Denver,CO,West,2025-01-25
1608,Mateo,Scott,mateo.scott1608@example.com,Los Angeles,CA,West,2024-02-01
1609,Mia,Singh,mia.singh1609@example.com,Seattle,WA,West,2024-08-13
1610,Noah,Young,noah.young1610@example.com,Miami,FL,South,2026-03-26
1611,Grace,Green,grace.green1611@example.com,Seattle,WA,West,2024-10-29
1612,Ravi,Nguyen,ravi.nguyen1612@example.com,Dallas,TX,South,2025-11-24
1613,Kiran,Wright,kiran.wright1613@example.com,Phoenix,AZ,West,2025-10-25
1614,Olivia,Sharma,olivia.sharma1614@example.com,Seattle,WA,West,2025-07-22
1615,Noah,Kim,noah.kim1615@example.com,New York,NY,Northeast,2024-01-06
1616,Daniel,Martin,daniel.martin1616@example.com,Miami,FL,South,2025-07-04
1617,Zara,Garcia,zara.garcia1617@example.com,Dallas,TX,South,2024-08-03
1618,Ella,Young,ella.young1618@example.com,Phoenix,AZ,West,2024-12-18
1619,Ethan,Hernandez,ethan.hernandez1619@example.com,Los Angeles,CA,West,2026-05-21
1620,James,Nguyen,james.nguyen1620@example.com,Chicago,IL,Midwest,2024-07-07
1621,Priya,Martin,priya.martin1621@example.com,Dallas,TX,South,2024-07-17
1622,Sofia,Singh,sofia.singh1622@example.com,Los Angeles,CA,West,2026-03-29
1623,Daniel,Green,daniel.green1623@example.com,New York,NY,Northeast,2026-05-21
1624,Vikram,Thomas,vikram.thomas1624@example.com,Denver,CO,West,2025-10-22
1625,Zara,Garcia,zara.garcia1625@example.com,Dallas,TX,South,2025-11-18
1626,Liam,Davis,liam.davis1626@example.com,Boston,MA,Northeast,2024-07-21
1627,Ella,Moore,ella.moore1627@example.com,Denver,CO,West,2024-12-04
1628,Olivia,Nguyen,olivia.nguyen1628@example.com,Los Angeles,CA,West,2025-11-02
1629,Priya,Kim,priya.kim1629@example.com,Dallas,TX,South,2025-09-26
1630,Liam,Johnson,liam.johnson1630@example.com,Atlanta,GA,South,2025-05-12
1631,Kabir,Khan,kabir.khan1631@example.com,San Francisco,CA,West,2025-11-06
1632,Emma,Hall,emma.hall1632@example.com,San Francisco,CA,West,2024-06-05
1633,Daniel,Moore,daniel.moore1633@example.com,Atlanta,GA,South,2026-04-07
1634,Arjun,Hernandez,arjun.hernandez1634@example.com,Chicago,IL,Midwest,2024-01-05
1635,Arjun,Brown,arjun.brown1635@example.com,Minneapolis,MN,Midwest,2025-12-30
1636,Ella,Lee,ella.lee1636@example.com,Miami,FL,South,2024-10-10
1637,Diego,Reddy,diego.reddy1637@example.com,Chicago,IL,Midwest,2025-11-26
1638,Ella,Khan,ella.khan1638@example.com,Denver,CO,West,2025-04-18
1639,Kabir,Reddy,kabir.reddy1639@example.com,Dallas,TX,South,2025-05-13
1640,Zara,Kim,zara.kim1640@example.com,Chicago,IL,Midwest,2025-10-23
1641,Nina,Garcia,nina.garcia1641@example.com,Dallas,TX,South,2026-05-29
1642,Diego,Nguyen,diego.nguyen1642@example.com,Seattle,WA,West,2024-07-20
1643,Lucas,Young,lucas.young1643@example.com,Los Angeles,CA,West,2024-03-19
1644,Ella,Garcia,ella.garcia1644@example.com,New York,NY,Northeast,2026-05-19
1645,James,Lee,james.lee1645@example.com,New York,NY,Northeast,2026-04-12
1646,Daniel,Moore,daniel.moore1646@example.com,Miami,FL,South,2026-02-26
1647,Daniel,Johnson,daniel.johnson1647@example.com,New York,NY,Northeast,2025-07-18
1648,Lucas,Thomas,lucas.thomas1648@example.com,Seattle,WA,West,2025-04-28
1649,Ravi,King,ravi.king1649@example.com,Chicago,IL,Midwest,2025-01-09
1650,Mateo,Brown,mateo.brown1650@example.com,San Francisco,CA,West,2026-01-20
1651,Lena,Miller,lena.miller1651@example.com,Chicago,IL,Midwest,2025-04-20
1652,James,Anderson,james.anderson1652@example.com,Boston,MA,Northeast,2025-02-10
1653,Olivia,Anderson,olivia.anderson1653@example.com,New York,NY,Northeast,2025-11-09
1654,Priya,Green,priya.green1654@example.com,San Francisco,CA,West,2025-12-01
1655,Aisha,King,aisha.king1655@example.com,Seattle,WA,West,2024-05-23
1656,Kabir,Singh,kabir.singh1656@example.com,Chicago,IL,Midwest,2025-08-02
1657,Daniel,Walker,daniel.walker1657@example.com,Chicago,IL,Midwest,2026-01-23
1658,Ella,Wilson,ella.wilson1658@example.com,Atlanta,GA,South,2024-02-11
1659,Priya,King,priya.king1659@example.com,Denver,CO,West,2024-08-25
1660,Liam,Davis,liam.davis1660@example.com,Atlanta,GA,South,2024-08-27
1661,Maya,Walker,maya.walker1661@example.com,Minneapolis,MN,Midwest,2025-06-14
1662,Ruby,Wright,ruby.wright1662@example.com,Atlanta,GA,South,2025-02-01
1663,Mia,Gonzalez,mia.gonzalez1663@example.com,New York,NY,Northeast,2024-02-10
1664,Ravi,Khan,ravi.khan1664@example.com,Boston,MA,Northeast,2025-12-21
1665,James,Lee,james.lee1665@example.com,Dallas,TX,South,2026-05-04
1666,Ella,Davis,ella.davis1666@example.com,San Francisco,CA,West,2025-07-11
1667,Daniel,Singh,daniel.singh1667@example.com,Miami,FL,South,2025-10-31
1668,Mateo,Reddy,mateo.reddy1668@example.com,San Francisco,CA,West,2025-10-31
1669,Kiran,Scott,kiran.scott1669@example.com,Boston,MA,Northeast,2025-06-13
1670,Lucas,Lopez,lucas.lopez1670@example.com,Minneapolis,MN,Midwest,2025-06-12
1671,Mateo,Reddy,mateo.reddy1671@example.com,Atlanta,GA,South,2025-05-13
1672,Grace,Wilson,grace.wilson1672@example.com,San Francisco,CA,West,2024-01-07
1673,James,Nguyen,james.nguyen1673@example.com,Denver,CO,West,2024-06-18
1674,Priya,Garcia,priya.garcia1674@example.com,Seattle,WA,West,2025-10-20
1675,Lucas,Johnson,lucas.johnson1675@example.com,Chicago,IL,Midwest,2024-07-10
1676,Aisha,Reddy,aisha.reddy1676@example.com,San Francisco,CA,West,2026-01-04
1677,Diego,Kim,diego.kim1677@example.com,Los Angeles,CA,West,2024-08-23
1678,Ava,Wright,ava.wright1678@example.com,Atlanta,GA,South,2026-01-07
1679,Sofia,Wilson,sofia.wilson1679@example.com,Los Angeles,CA,West,2025-05-05
1680,Mia,Johnson,mia.johnson1680@example.com,San Francisco,CA,West,2024-06-14
1681,Ravi,Scott,ravi.scott1681@example.com,Miami,FL,South,2024-01-23
1682,Priya,Patel,priya.patel1682@example.com,Chicago,IL,Midwest,2025-08-10
1683,Daniel,Singh,daniel.singh1683@example.com,Chicago,IL,Midwest,2025-10-06
1684,James,Patel,james.patel1684@example.com,San Francisco,CA,West,2024-05-30
1685,Maya,Singh,maya.singh1685@example.com,Dallas,TX,South,2024-07-03
1686,James,Lopez,james.lopez1686@example.com,San Francisco,CA,West,2025-07-31
1687,Ravi,Sharma,ravi.sharma1687@example.com,Phoenix,AZ,West,2026-01-15
1688,Chloe,Scott,chloe.scott1688@example.com,Dallas,TX,South,2024-03-28
1689,Ethan,Gonzalez,ethan.gonzalez1689@example.com,San Francisco,CA,West,2025-04-27
1690,Lena,Wilson,lena.wilson1690@example.com,Chicago,IL,Midwest,2024-08-12
1691,Diego,Hernandez,diego.hernandez1691@example.com,San Francisco,CA,West,2024-05-26
1692,Grace,Moore,grace.moore1692@example.com,Chicago,IL,Midwest,2025-09-30
1693,Chloe,Anderson,chloe.anderson1693@example.com,Dallas,TX,South,2024-06-20
1694,Ella,Walker,ella.walker1694@example.com,Atlanta,GA,South,2025-04-09
1695,Nina,Moore,nina.moore1695@example.com,Boston,MA,Northeast,2024-08-23
1696,Mateo,Lopez,mateo.lopez1696@example.com,Chicago,IL,Midwest,2024-04-21
1697,Aarav,Johnson,aarav.johnson1697@example.com,Seattle,WA,West,2026-05-30
1698,Ruby,Anderson,ruby.anderson1698@example.com,Los Angeles,CA,West,2025-03-05
1699,Diego,Nguyen,diego.nguyen1699@example.com,San Francisco,CA,West,2024-04-08
1700,Aisha,Wilson,aisha.wilson1700@example.com,San Francisco,CA,West,2025-09-06
1701,Maya,Wright,maya.wright1701@example.com,Seattle,WA,West,2025-05-30
1702,Vikram,Kim,vikram.kim1702@example.com,Boston,MA,Northeast,2025-05-08
1703,Chloe,Nguyen,chloe.nguyen1703@example.com,San Francisco,CA,West,2025-07-06
1704,Diego,Sharma,diego.sharma1704@example.com,Los Angeles,CA,West,2025-10-26
1705,Ava,Anderson,ava.anderson1705@example.com,Miami,FL,South,2025-01-14
1706,Lena,Patel,lena.patel1706@example.com,Phoenix,AZ,West,2025-06-26
1707,Ava,Brown,ava.brown1707@example.com,Denver,CO,West,2026-03-19
1708,Vikram,Lopez,vikram.lopez1708@example.com,Atlanta,GA,South,2025-08-26
1709,Grace,Young,grace.young1709@example.com,Phoenix,AZ,West,2025-08-12
1710,Sofia,Hernandez,sofia.hernandez1710@example.com,Chicago,IL,Midwest,2024-09-17
1711,Mia,King,mia.king1711@example.com,Minneapolis,MN,Midwest,2026-05-29
1712,Liam,Miller,liam.miller1712@example.com,San Francisco,CA,West,2025-07-10
1713,Ava,Davis,ava.davis1713@example.com,Minneapolis,MN,Midwest,2024-01-06
1714,Omar,Young,omar.young1714@example.com,New York,NY,Northeast,2025-08-14
1715,James,Kim,james.kim1715@example.com,Seattle,WA,West,2024-01-08
1716,Mateo,Lee,mateo.lee1716@example.com,Minneapolis,MN,Midwest,2025-12-05
1717,Grace,Khan,grace.khan1717@example.com,Miami,FL,South,2025-01-05
1718,Sofia,Nguyen,sofia.nguyen1718@example.com,Miami,FL,South,2025-10-29
1719,Daniel,Davis,daniel.davis1719@example.com,Dallas,TX,South,2026-05-25
1720,Zara,Hernandez,zara.hernandez1720@example.com,San Francisco,CA,West,2025-01-09
1721,Nina,Davis,nina.davis1721@example.com,Los Angeles,CA,West,2025-02-10
1722,Vikram,Johnson,vikram.johnson1722@example.com,Miami,FL,South,2025-07-19
1723,Grace,Thomas,grace.thomas1723@example.com,Denver,CO,West,2024-07-02
1724,Olivia,Thomas,olivia.thomas1724@example.com,Seattle,WA,West,2025-05-10
1725,Lucas,Miller,lucas.miller1725@example.com,San Francisco,CA,West,2024-12-18
1726,Vikram,Hall,vikram.hall1726@example.com,Miami,FL,South,2026-01-23
1727,Noah,Green,noah.green1727@example.com,Los Angeles,CA,West,2024-05-01
1728,Ella,Brown,ella.brown1728@example.com,Denver,CO,West,2026-03-12
1729,Omar,Singh,omar.singh1729@example.com,Boston,MA,Northeast,2024-08-07
1730,James,Lopez,james.lopez1730@example.com,Atlanta,GA,South,2026-03-31
1731,Zara,Martin,zara.martin1731@example.com,Phoenix,AZ,West,2025-12-01
1732,Omar,Patel,omar.patel1732@example.com,Chicago,IL,Midwest,2025-02-02
1733,Ravi,Sharma,ravi.sharma1733@example.com,Boston,MA,Northeast,2026-04-23
1734,Noah,Wilson,noah.wilson1734@example.com,San Francisco,CA,West,2025-03-21
1735,Liam,Garcia,liam.garcia1735@example.com,Dallas,TX,South,2024-08-15
1736,Olivia,Garcia,olivia.garcia1736@example.com,San Francisco,CA,West,2024-02-08
1737,Ella,Lopez,ella.lopez1737@example.com,Miami,FL,South,2025-09-20
1738,Ravi,Anderson,ravi.anderson1738@example.com,Dallas,TX,South,2025-12-29
1739,Nina,Patel,nina.patel1739@example.com,Chicago,IL,Midwest,2025-10-17
1740,Mia,Gonzalez,mia.gonzalez1740@example.com,New York,NY,Northeast,2024-07-25
1741,Lena,Walker,lena.walker1741@example.com,Seattle,WA,West,2024-10-19
1742,Ethan,Patel,ethan.patel1742@example.com,San Francisco,CA,West,2025-06-06
1743,James,Hall,james.hall1743@example.com,Minneapolis,MN,Midwest,2025-09-21
1744,Aisha,Walker,aisha.walker1744@example.com,New York,NY,Northeast,2025-01-03
1745,Priya,Lee,priya.lee1745@example.com,New York,NY,Northeast,2024-06-10
1746,Liam,Davis,liam.davis1746@example.com,Miami,FL,South,2024-12-27
1747,Chloe,Lopez,chloe.lopez1747@example.com,Miami,FL,South,2025-08-23
1748,Ethan,Anderson,ethan.anderson1748@example.com,New York,NY,Northeast,2026-01-24
1749,Omar,Garcia,omar.garcia1749@example.com,Boston,MA,Northeast,2025-07-16
1750,Emma,Young,emma.young1750@example.com,Seattle,WA,West,2025-08-19
1751,Olivia,Reddy,olivia.reddy1751@example.com,Dallas,TX,South,2024-08-19
1752,Nina,Johnson,nina.johnson1752@example.com,Denver,CO,West,2025-02-17
1753,Daniel,Sharma,daniel.sharma1753@example.com,Dallas,TX,South,2024-06-28
1754,Ava,Anderson,ava.anderson1754@example.com,Boston,MA,Northeast,2025-07-26
1755,Liam,Anderson,liam.anderson1755@example.com,Dallas,TX,South,2024-12-14
1756,Sofia,Wright,sofia.wright1756@example.com,Seattle,WA,West,2024-09-20
1757,Kiran,Thomas,kiran.thomas1757@example.com,San Francisco,CA,West,2024-09-13
1758,Omar,Gonzalez,omar.gonzalez1758@example.com,Miami,FL,South,2025-07-30
1759,Mia,King,mia.king1759@example.com,Minneapolis,MN,Midwest,2026-02-14
1760,Arjun,King,arjun.king1760@example.com,Denver,CO,West,2025-11-28
1761,Kabir,Moore,kabir.moore1761@example.com,New York,NY,Northeast,2025-05-08
1762,Sofia,Davis,sofia.davis1762@example.com,Boston,MA,Northeast,2025-01-26
1763,Ravi,Wright,ravi.wright1763@example.com,Minneapolis,MN,Midwest,2025-11-24
1764,Omar,Brown,omar.brown1764@example.com,Atlanta,GA,South,2025-02-26
1765,Olivia,Anderson,olivia.anderson1765@example.com,Seattle,WA,West,2024-01-10
1766,Omar,Scott,omar.scott1766@example.com,Dallas,TX,South,2024-09-11
1767,Emma,Garcia,emma.garcia1767@example.com,Miami,FL,South,2025-11-20
1768,Ella,Scott,ella.scott1768@example.com,Atlanta,GA,South,2024-03-18
1769,Zara,Singh,zara.singh1769@example.com,Denver,CO,West,2024-11-17
1770,Olivia,Johnson,olivia.johnson1770@example.com,San Francisco,CA,West,2024-10-02
1771,Aisha,Young,aisha.young1771@example.com,Los Angeles,CA,West,2024-07-13
1772,Mia,Young,mia.young1772@example.com,Minneapolis,MN,Midwest,2024-08-28
1773,Ella,Brown,ella.brown1773@example.com,Dallas,TX,South,2024-07-30
1774,Priya,Johnson,priya.johnson1774@example.com,Minneapolis,MN,Midwest,2026-05-06
1775,Nina,Reddy,nina.reddy1775@example.com,Chicago,IL,Midwest,2026-03-08
1776,Sofia,Kim,sofia.kim1776@example.com,Boston,MA,Northeast,2025-11-23
1777,Chloe,Wilson,chloe.wilson1777@example.com,San Francisco,CA,West,2024-01-07
1778,Vikram,Green,vikram.green1778@example.com,Seattle,WA,West,2024-02-13
1779,Lena,Wilson,lena.wilson1779@example.com,Atlanta,GA,South,2025-09-27
1780,Arjun,Wilson,arjun.wilson1780@example.com,San Francisco,CA,West,2024-10-08
1781,Mia,Singh,mia.singh1781@example.com,Seattle,WA,West,2024-10-13
1782,Mateo,Brown,mateo.brown1782@example.com,San Francisco,CA,West,2024-05-11
1783,Maya,Anderson,maya.anderson1783@example.com,Miami,FL,South,2025-05-04
1784,Zara,Patel,zara.patel1784@example.com,Seattle,WA,West,2024-12-21
1785,Mateo,Green,mateo.green1785@example.com,Los Angeles,CA,West,2026-03-05
1786,Aisha,Gonzalez,aisha.gonzalez1786@example.com,Boston,MA,Northeast,2025-12-16
1787,James,Gonzalez,james.gonzalez1787@example.com,Atlanta,GA,South,2025-12-06
1788,Aarav,Sharma,aarav.sharma1788@example.com,Los Angeles,CA,West,2024-08-03
1789,Mateo,Moore,mateo.moore1789@example.com,Boston,MA,Northeast,2024-11-29
1790,Olivia,Martin,olivia.martin1790@example.com,Dallas,TX,South,2024-07-10
1791,Zara,Davis,zara.davis1791@example.com,Minneapolis,MN,Midwest,2024-10-02
1792,Mia,Martin,mia.martin1792@example.com,Atlanta,GA,South,2025-01-09
1793,Aisha,Wilson,aisha.wilson1793@example.com,Miami,FL,South,2024-08-03
1794,Ava,Hall,ava.hall1794@example.com,Atlanta,GA,South,2025-01-08
1795,Lena,Lopez,lena.lopez1795@example.com,Dallas,TX,South,2025-04-06
1796,Aisha,Moore,aisha.moore1796@example.com,Chicago,IL,Midwest,2025-08-12
1797,Chloe,Brown,chloe.brown1797@example.com,Boston,MA,Northeast,2026-01-08
1798,Lucas,Wright,lucas.wright1798@example.com,Minneapolis,MN,Midwest,2025-07-22
1799,Ava,Green,ava.green1799@example.com,Miami,FL,South,2024-07-19
1800,Noah,Wright,noah.wright1800@example.com,Phoenix,AZ,West,2024-06-02
1801,Mia,Wright,mia.wright1801@example.com,New York,NY,Northeast,2024-06-29
1802,Ava,Wilson,ava.wilson1802@example.com,Chicago,IL,Midwest,2026-05-19
1803,Ravi,Anderson,ravi.anderson1803@example.com,Seattle,WA,West,2026-01-07
1804,Arjun,Wright,arjun.wright1804@example.com,Denver,CO,West,2024-11-03
1805,Lucas,Thomas,lucas.thomas1805@example.com,San Francisco,CA,West,2024-02-18
1806,Mateo,Kim,mateo.kim1806@example.com,Phoenix,AZ,West,2024-06-16
1807,Maya,Johnson,maya.johnson1807@example.com,Dallas,TX,South,2025-05-02
1808,Diego,Lee,diego.lee1808@example.com,Boston,MA,Northeast,2025-04-05
1809,Ella,Khan,ella.khan1809@example.com,Dallas,TX,South,2025-01-04
1810,Olivia,Thomas,olivia.thomas1810@example.com,Seattle,WA,West,2026-04-09
1811,Lucas,Reddy,lucas.reddy1811@example.com,New York,NY,Northeast,2025-02-25
1812,Sofia,Reddy,sofia.reddy1812@example.com,Los Angeles,CA,West,2025-09-12
1813,Ethan,Moore,ethan.moore1813@example.com,San Francisco,CA,West,2025-10-27
1814,Ravi,Thomas,ravi.thomas1814@example.com,Chicago,IL,Midwest,2026-03-10
1815,Emma,Reddy,emma.reddy1815@example.com,Atlanta,GA,South,2025-11-20
1816,James,Wilson,james.wilson1816@example.com,Phoenix,AZ,West,2025-04-02
1817,Kiran,Garcia,kiran.garcia1817@example.com,Miami,FL,South,2025-09-20
1818,Emma,Gonzalez,emma.gonzalez1818@example.com,Los Angeles,CA,West,2024-05-28
1819,Lena,Singh,lena.singh1819@example.com,Los Angeles,CA,West,2026-04-07
1820,Ruby,Khan,ruby.khan1820@example.com,Miami,FL,South,2025-10-08
1821,Nina,Moore,nina.moore1821@example.com,Miami,FL,South,2026-05-19
1822,Ruby,Garcia,ruby.garcia1822@example.com,Boston,MA,Northeast,2024-06-14
1823,Arjun,Brown,arjun.brown1823@example.com,Atlanta,GA,South,2024-11-20
1824,Ravi,Miller,ravi.miller1824@example.com,Phoenix,AZ,West,2024-09-30
1825,Nina,Lee,nina.lee1825@example.com,Miami,FL,South,2024-10-04
1826,Kiran,Gonzalez,kiran.gonzalez1826@example.com,Atlanta,GA,South,2026-02-04
1827,Daniel,Anderson,daniel.anderson1827@example.com,Denver,CO,West,2025-02-27
1828,Aisha,Singh,aisha.singh1828@example.com,New York,NY,Northeast,2024-05-08
1829,Ella,Brown,ella.brown1829@example.com,Los Angeles,CA,West,2024-09-14
1830,Ella,Hall,ella.hall1830@example.com,Phoenix,AZ,West,2024-03-22
1831,Ethan,Singh,ethan.singh1831@example.com,Miami,FL,South,2024-04-15
1832,Sofia,Garcia,sofia.garcia1832@example.com,Denver,CO,West,2025-07-15
1833,Maya,Sharma,maya.sharma1833@example.com,Miami,FL,South,2025-06-20
1834,Vikram,Garcia,vikram.garcia1834@example.com,Boston,MA,Northeast,2024-09-25
1835,Nina,Nguyen,nina.nguyen1835@example.com,Boston,MA,Northeast,2025-11-01
1836,Ruby,Lopez,ruby.lopez1836@example.com,Dallas,TX,South,2024-08-22
1837,Priya,Young,priya.young1837@example.com,Dallas,TX,South,2025-03-29
1838,Ravi,Nguyen,ravi.nguyen1838@example.com,Chicago,IL,Midwest,2025-06-23
1839,Diego,Singh,diego.singh1839@example.com,New York,NY,Northeast,2024-02-05
1840,Chloe,Reddy,chloe.reddy1840@example.com,Atlanta,GA,South,2025-05-02
1841,Kabir,Green,kabir.green1841@example.com,Seattle,WA,West,2024-10-05
1842,Zara,Gonzalez,zara.gonzalez1842@example.com,Chicago,IL,Midwest,2025-12-15
1843,Zara,Singh,zara.singh1843@example.com,San Francisco,CA,West,2025-09-03
1844,Kabir,Lee,kabir.lee1844@example.com,Phoenix,AZ,West,2025-10-13
1845,Kiran,Moore,kiran.moore1845@example.com,Miami,FL,South,2025-06-20
1846,Ravi,Lee,ravi.lee1846@example.com,Seattle,WA,West,2024-11-13
1847,Ruby,Reddy,ruby.reddy1847@example.com,Denver,CO,West,2025-07-06
1848,Priya,Wright,priya.wright1848@example.com,Boston,MA,Northeast,2025-03-28
1849,Emma,Reddy,emma.reddy1849@example.com,Miami,FL,South,2024-09-23
1850,Noah,Miller,noah.miller1850@example.com,New York,NY,Northeast,2024-01-01
1851,James,Scott,james.scott1851@example.com,Chicago,IL,Midwest,2024-12-18
1852,Emma,Wilson,emma.wilson1852@example.com,Seattle,WA,West,2024-01-09
1853,Omar,Wilson,omar.wilson1853@example.com,Denver,CO,West,2024-11-02
1854,Aarav,King,aarav.king1854@example.com,Miami,FL,South,2026-03-28
1855,Emma,Martin,emma.martin1855@example.com,Minneapolis,MN,Midwest,2026-03-26
1856,Aarav,Thomas,aarav.thomas1856@example.com,Atlanta,GA,South,2024-07-12
1857,Ava,Thomas,ava.thomas1857@example.com,Miami,FL,South,2025-02-08
1858,Priya,Singh,priya.singh1858@example.com,Phoenix,AZ,West,2026-01-24
1859,Ravi,Lopez,ravi.lopez1859@example.com,Miami,FL,South,2024-08-13
1860,Lucas,Garcia,lucas.garcia1860@example.com,Miami,FL,South,2025-10-02
1861,Priya,Anderson,priya.anderson1861@example.com,San Francisco,CA,West,2026-04-06
1862,Omar,Walker,omar.walker1862@example.com,Dallas,TX,South,2024-10-18
1863,Ravi,Young,ravi.young1863@example.com,Seattle,WA,West,2026-04-08
1864,Lucas,Hernandez,lucas.hernandez1864@example.com,Minneapolis,MN,Midwest,2026-05-23
1865,Liam,Singh,liam.singh1865@example.com,Chicago,IL,Midwest,2024-10-23
1866,Sofia,Lee,sofia.lee1866@example.com,Denver,CO,West,2025-09-24
1867,Kabir,Davis,kabir.davis1867@example.com,Phoenix,AZ,West,2025-09-29
1868,Mia,Johnson,mia.johnson1868@example.com,Atlanta,GA,South,2024-01-20
1869,Noah,Patel,noah.patel1869@example.com,Seattle,WA,West,2024-01-23
1870,Aisha,Kim,aisha.kim1870@example.com,Dallas,TX,South,2024-10-02
1871,Noah,Hall,noah.hall1871@example.com,Denver,CO,West,2026-01-14
1872,Aarav,Brown,aarav.brown1872@example.com,Boston,MA,Northeast,2024-06-03
1873,Aarav,Wilson,aarav.wilson1873@example.com,Minneapolis,MN,Midwest,2024-12-16
1874,Ava,Miller,ava.miller1874@example.com,Denver,CO,West,2025-01-15
1875,Kabir,Hall,kabir.hall1875@example.com,New York,NY,Northeast,2024-12-04
1876,Liam,Scott,liam.scott1876@example.com,Chicago,IL,Midwest,2024-02-27
1877,Lucas,King,lucas.king1877@example.com,Miami,FL,South,2024-03-14
1878,Zara,Wilson,zara.wilson1878@example.com,Chicago,IL,Midwest,2024-07-15
1879,Kiran,Scott,kiran.scott1879@example.com,Dallas,TX,South,2026-04-16
1880,Mateo,Scott,mateo.scott1880@example.com,New York,NY,Northeast,2024-05-04
1881,Vikram,Hall,vikram.hall1881@example.com,Minneapolis,MN,Midwest,2025-01-29
1882,Vikram,Gonzalez,vikram.gonzalez1882@example.com,Minneapolis,MN,Midwest,2026-01-25
1883,Maya,Johnson,maya.johnson1883@example.com,Denver,CO,West,2026-01-22
1884,Vikram,Kim,vikram.kim1884@example.com,Seattle,WA,West,2025-11-12
1885,Ethan,Wilson,ethan.wilson1885@example.com,Miami,FL,South,2025-11-28
1886,Emma,Khan,emma.khan1886@example.com,Chicago,IL,Midwest,2025-10-06
1887,Ella,Patel,ella.patel1887@example.com,Phoenix,AZ,West,2025-07-16
1888,James,Kim,james.kim1888@example.com,Dallas,TX,South,2025-05-07
1889,Ravi,Miller,ravi.miller1889@example.com,Minneapolis,MN,Midwest,2025-01-04
1890,Kiran,Patel,kiran.patel1890@example.com,Los Angeles,CA,West,2024-08-11
1891,Sofia,Brown,sofia.brown1891@example.com,Los Angeles,CA,West,2025-03-20
1892,Arjun,Sharma,arjun.sharma1892@example.com,Chicago,IL,Midwest,2026-03-24
1893,Lucas,Moore,lucas.moore1893@example.com,Boston,MA,Northeast,2025-02-09
1894,Grace,Brown,grace.brown1894@example.com,New York,NY,Northeast,2024-02-13
1895,Daniel,Wright,daniel.wright1895@example.com,Phoenix,AZ,West,2025-05-01
1896,Omar,Martin,omar.martin1896@example.com,Chicago,IL,Midwest,2025-01-15
1897,Vikram,Garcia,vikram.garcia1897@example.com,Minneapolis,MN,Midwest,2024-06-10
1898,Mia,Garcia,mia.garcia1898@example.com,Los Angeles,CA,West,2025-09-25
1899,Arjun,King,arjun.king1899@example.com,Los Angeles,CA,West,2024-03-02
1900,Maya,Reddy,maya.reddy1900@example.com,Los Angeles,CA,West,2024-06-06
1901,Omar,Thomas,omar.thomas1901@example.com,Boston,MA,Northeast,2024-05-08
1902,Mia,Brown,mia.brown1902@example.com,Atlanta,GA,South,2025-07-25
1903,Grace,Lee,grace.lee1903@example.com,Atlanta,GA,South,2026-04-04
1904,Kiran,Gonzalez,kiran.gonzalez1904@example.com,Phoenix,AZ,West,2024-07-16
1905,Aarav,Hall,aarav.hall1905@example.com,Miami,FL,South,2025-01-01
1906,Ella,Nguyen,ella.nguyen1906@example.com,Dallas,TX,South,2024-02-10
1907,Mia,Hall,mia.hall1907@example.com,Denver,CO,West,2025-07-26
1908,Emma,Thomas,emma.thomas1908@example.com,Phoenix,AZ,West,2025-05-16
1909,Ethan,Moore,ethan.moore1909@example.com,Chicago,IL,Midwest,2025-07-10
1910,Olivia,Khan,olivia.khan1910@example.com,Phoenix,AZ,West,2025-04-24
1911,Lucas,Green,lucas.green1911@example.com,San Francisco,CA,West,2026-05-31
1912,Zara,Singh,zara.singh1912@example.com,Boston,MA,Northeast,2025-06-27
1913,Noah,Gonzalez,noah.gonzalez1913@example.com,Dallas,TX,South,2026-04-19
1914,Lucas,Thomas,lucas.thomas1914@example.com,Atlanta,GA,South,2025-04-09
1915,Aarav,King,aarav.king1915@example.com,Los Angeles,CA,West,2025-06-02
1916,Mateo,Young,mateo.young1916@example.com,Chicago,IL,Midwest,2024-01-20
1917,Nina,Green,nina.green1917@example.com,Atlanta,GA,South,2026-03-05
1918,Nina,Brown,nina.brown1918@example.com,Atlanta,GA,South,2026-01-08
1919,Liam,Walker,liam.walker1919@example.com,Seattle,WA,West,2026-04-18
1920,Mateo,Johnson,mateo.johnson1920@example.com,Seattle,WA,West,2025-11-30
1921,Mia,King,mia.king1921@example.com,Seattle,WA,West,2024-06-06
1922,Nina,Miller,nina.miller1922@example.com,Atlanta,GA,South,2025-02-23
1923,Ravi,Khan,ravi.khan1923@example.com,Boston,MA,Northeast,2024-04-08
1924,James,Walker,james.walker1924@example.com,Boston,MA,Northeast,2024-02-14
1925,Diego,Nguyen,diego.nguyen1925@example.com,Chicago,IL,Midwest,2024-02-02
1926,Ethan,Kim,ethan.kim1926@example.com,Denver,CO,West,2024-07-15
1927,Sofia,Patel,sofia.patel1927@example.com,San Francisco,CA,West,2025-10-19
1928,Diego,Lopez,diego.lopez1928@example.com,Los Angeles,CA,West,2025-05-16
1929,James,Martin,james.martin1929@example.com,Phoenix,AZ,West,2025-08-27
1930,Lucas,Patel,lucas.patel1930@example.com,Atlanta,GA,South,2024-08-14
1931,Nina,Hall,nina.hall1931@example.com,Boston,MA,Northeast,2024-01-14
1932,Ruby,Johnson,ruby.johnson1932@example.com,Los Angeles,CA,West,2025-05-18
1933,Ruby,Scott,ruby.scott1933@example.com,Boston,MA,Northeast,2025-04-24
1934,Grace,Lee,grace.lee1934@example.com,New York,NY,Northeast,2025-01-04
1935,Zara,Young,zara.young1935@example.com,Miami,FL,South,2026-04-21
1936,Olivia,Wright,olivia.wright1936@example.com,Phoenix,AZ,West,2024-02-29
1937,Diego,Martin,diego.martin1937@example.com,Dallas,TX,South,2025-06-25
1938,Maya,Young,maya.young1938@example.com,Boston,MA,Northeast,2026-05-04
1939,Emma,Garcia,emma.garcia1939@example.com,Minneapolis,MN,Midwest,2025-06-15
1940,Sofia,Kim,sofia.kim1940@example.com,Phoenix,AZ,West,2024-08-24
1941,Zara,Lopez,zara.lopez1941@example.com,Minneapolis,MN,Midwest,2024-07-16
1942,James,Walker,james.walker1942@example.com,Minneapolis,MN,Midwest,2025-08-06
1943,Ravi,Singh,ravi.singh1943@example.com,Seattle,WA,West,2026-02-06
1944,Zara,Hernandez,zara.hernandez1944@example.com,Phoenix,AZ,West,2024-04-18
1945,Vikram,Lee,vikram.lee1945@example.com,San Francisco,CA,West,2025-01-01
1946,Chloe,Gonzalez,chloe.gonzalez1946@example.com,Phoenix,AZ,West,2025-11-12
1947,Ava,Kim,ava.kim1947@example.com,Chicago,IL,Midwest,2026-03-22
1948,Aisha,Thomas,aisha.thomas1948@example.com,Miami,FL,South,2025-05-31
1949,Arjun,Walker,arjun.walker1949@example.com,Chicago,IL,Midwest,2025-06-30
1950,Nina,Gonzalez,nina.gonzalez1950@example.com,Atlanta,GA,South,2024-11-18
1951,Zara,Khan,zara.khan1951@example.com,Atlanta,GA,South,2025-02-26
1952,Vikram,Lee,vikram.lee1952@example.com,Miami,FL,South,2026-04-25
1953,Ella,Khan,ella.khan1953@example.com,San Francisco,CA,West,2024-09-03
1954,Daniel,Thomas,daniel.thomas1954@example.com,Minneapolis,MN,Midwest,2025-01-19
1955,Vikram,Thomas,vikram.thomas1955@example.com,Phoenix,AZ,West,2024-09-17
1956,Olivia,Gonzalez,olivia.gonzalez1956@example.com,Denver,CO,West,2025-02-10
1957,Aarav,Young,aarav.young1957@example.com,New York,NY,Northeast,2024-10-18
1958,Nina,Sharma,nina.sharma1958@example.com,Seattle,WA,West,2024-05-18
1959,Kiran,Miller,kiran.miller1959@example.com,New York,NY,Northeast,2024-11-03
1960,Priya,Johnson,priya.johnson1960@example.com,Atlanta,GA,South,2024-01-23
1961,Vikram,Scott,vikram.scott1961@example.com,Phoenix,AZ,West,2026-04-22
1962,Lucas,Thomas,lucas.thomas1962@example.com,Seattle,WA,West,2025-07-23
1963,Daniel,Moore,daniel.moore1963@example.com,Chicago,IL,Midwest,2024-04-06
1964,Maya,Gonzalez,maya.gonzalez1964@example.com,Atlanta,GA,South,2024-06-08
1965,Noah,Davis,noah.davis1965@example.com,Atlanta,GA,South,2025-08-19
1966,Priya,Brown,priya.brown1966@example.com,Dallas,TX,South,2026-04-10
1967,Emma,Garcia,emma.garcia1967@example.com,San Francisco,CA,West,2025-02-13
1968,Daniel,Johnson,daniel.johnson1968@example.com,Phoenix,AZ,West,2024-03-20
1969,Ella,Khan,ella.khan1969@example.com,Denver,CO,West,2024-06-26
1970,Mia,Scott,mia.scott1970@example.com,Phoenix,AZ,West,2025-12-20
1971,Daniel,Scott,daniel.scott1971@example.com,Boston,MA,Northeast,2025-09-01
1972,Ravi,Miller,ravi.miller1972@example.com,New York,NY,Northeast,2026-01-18
1973,Grace,Moore,grace.moore1973@example.com,Miami,FL,South,2024-03-21
1974,Vikram,Patel,vikram.patel1974@example.com,Atlanta,GA,South,2024-12-22
1975,Kiran,Scott,kiran.scott1975@example.com,Miami,FL,South,2025-03-02
1976,Ruby,Green,ruby.green1976@example.com,Boston,MA,Northeast,2026-02-27
1977,Priya,Young,priya.young1977@example.com,Los Angeles,CA,West,2026-05-19
1978,Nina,Sharma,nina.sharma1978@example.com,Los Angeles,CA,West,2026-03-07
1979,Ravi,Lopez,ravi.lopez1979@example.com,New York,NY,Northeast,2024-11-08
1980,James,Patel,james.patel1980@example.com,Atlanta,GA,South,2025-07-06
1981,Daniel,Nguyen,daniel.nguyen1981@example.com,Atlanta,GA,South,2025-05-29
1982,Omar,Brown,omar.brown1982@example.com,Chicago,IL,Midwest,2024-02-21
1983,Chloe,Young,chloe.young1983@example.com,Miami,FL,South,2025-04-01
1984,Vikram,Martin,vikram.martin1984@example.com,San Francisco,CA,West,2025-05-31
1985,Liam,Brown,liam.brown1985@example.com,Miami,FL,South,2024-10-23
1986,Grace,Lopez,grace.lopez1986@example.com,Chicago,IL,Midwest,2024-05-15
1987,Arjun,Garcia,arjun.garcia1987@example.com,Denver,CO,West,2025-08-08
1988,Ella,Patel,ella.patel1988@example.com,Seattle,WA,West,2025-02-12
1989,Lucas,Garcia,lucas.garcia1989@example.com,Miami,FL,South,2025-05-28
1990,Ava,King,ava.king1990@example.com,Phoenix,AZ,West,2024-05-13
1991,Vikram,Nguyen,vikram.nguyen1991@example.com,Denver,CO,West,2025-07-26
1992,Ethan,Wilson,ethan.wilson1992@example.com,Miami,FL,South,2025-10-29
1993,Daniel,Johnson,daniel.johnson1993@example.com,Seattle,WA,West,2025-09-22
1994,Ella,Anderson,ella.anderson1994@example.com,Minneapolis,MN,Midwest,2024-09-05
1995,Liam,Davis,liam.davis1995@example.com,Miami,FL,South,2024-11-27
1996,Chloe,Moore,chloe.moore1996@example.com,Boston,MA,Northeast,2024-04-25
1997,Chloe,Hernandez,chloe.hernandez1997@example.com,Miami,FL,South,2025-01-09
1998,Olivia,Johnson,olivia.johnson1998@example.com,Atlanta,GA,South,2024-12-18
1999,Nina,Lee,nina.lee1999@example.com,New York,NY,Northeast,2026-02-27
2000,Emma,Singh,emma.singh2000@example.com,Atlanta,GA,South,2025-09-23
