order_id,customer_id,order_date,order_status,shipping_mode
1,162,2025-06-04,returned,standard
2,937,2026-06-05,completed,standard
3,154,2025-03-04,completed,standard
4,1605,2024-10-30,completed,standard
5,596,2026-08-06,completed,standard
6,1970,2026-04-29,completed,standard
7,1370,2025-03-18,completed,standard
8,596,2025-11-14,completed,standard
9,494,2026-03-30,completed,same-day
10,852,2026-01-14,cancelled,standard
11,1143,2026-04-06,completed,standard
12,1107,2026-07-09,completed,express
13,1835,2025-02-04,completed,standard
14,1033,2025-10-14,completed,standard
15,1028,2026-05-25,completed,standard
16,824,2024-05-01,completed,express
17,930,2024-12-28,completed,standard
18,1442,2026-08-20,completed,express
19,1625,2024-11-07,completed,express
20,702,2026-07-19,completed,standard
21,1176,2025-10-05,completed,same-day
22,1535,2026-03-02,completed,same-day
23,31,2025-03-29,completed,standard
24,1478,2025-01-08,completed,same-day
25,927,2025-09-04,completed,standard
26,1575,2026-04-06,completed,standard
27,1683,2025-01-11,completed,standard
28,87,2024-07-31,completed,standard
29,830,2026-04-22,completed,standard
30,1412,2025-10-21,completed,standard
31,622,2026-01-20,completed,express
32,1448,2025-11-14,completed,standard
33,1511,2026-01-29,completed,standard
34,898,2024-05-29,completed,standard
35,1617,2026-03-23,completed,express
36,676,2026-02-11,completed,standard
37,1837,2024-08-22,completed,standard
38,1621,2025-04-27,returned,standard
39,417,2025-04-25,completed,standard
40,152,2026-04-26,completed,standard
41,1965,2026-06-19,completed,standard
42,517,2026-08-15,completed,standard
43,1347,2026-07-11,returned,express
44,864,2026-04-04,completed,standard
45,34,2025-06-16,completed,standard
46,784,2026-08-08,completed,standard
47,26,2025-05-16,completed,express
48,1312,2025-06-22,completed,standard
49,920,2025-04-09,completed,standard
50,808,2025-11-06,completed,same-day
51,1317,2024-07-27,completed,standard
52,1486,2025-02-04,completed,express
53,1452,2024-04-18,returned,standard
54,600,2026-08-14,completed,standard
55,1626,2026-03-13,completed,express
56,1234,2025-09-02,completed,standard
57,1384,2024-10-18,completed,standard
58,1926,2026-07-02,completed,standard
59,1350,2024-07-19,completed,standard
60,1612,2026-06-02,cancelled,standard
61,168,2025-06-28,completed,standard
62,263,2026-01-13,completed,standard
63,375,2026-08-15,completed,standard
64,1631,2026-05-21,completed,standard
65,1398,2025-02-05,completed,standard
66,369,2026-03-17,completed,standard
67,52,2025-10-16,completed,standard
68,964,2025-04-07,completed,standard
69,284,2024-06-13,completed,standard
70,479,2025-09-19,completed,standard
71,1682,2025-11-09,completed,standard
72,1715,2026-01-22,completed,express
73,1084,2026-03-01,completed,standard
74,166,2024-12-19,completed,express
75,1537,2024-08-26,completed,standard
76,289,2024-08-25,completed,standard
77,842,2026-06-03,completed,standard
78,223,2024-10-25,completed,same-day
79,1805,2025-03-05,completed,standard
80,1475,2024-12-07,completed,standard
81,887,2026-03-18,completed,express
82,973,2025-08-19,completed,standard
83,39,2026-01-12,completed,express
84,896,2025-06-11,completed,express
85,481,2025-11-20,completed,standard
86,586,2025-09-12,returned,standard
87,1658,2025-02-10,completed,standard
88,777,2025-09-29,completed,standard
89,661,2026-03-26,completed,standard
90,196,2025-02-23,completed,standard
91,1692,2024-11-04,completed,standard
92,860,2024-08-26,completed,standard
93,829,2026-01-25,completed,standard
94,1000,2024-06-26,completed,express
95,1161,2025-12-26,completed,same-day
96,1461,2026-03-17,completed,standard
97,1999,2025-12-11,completed,express
98,71,2025-05-28,completed,express
99,795,2026-06-08,completed,express
100,1033,2025-03-11,completed,standard
101,1449,2026-02-26,completed,standard
102,1872,2025-01-27,completed,standard
103,1810,2026-03-17,completed,express
104,1732,2026-07-13,completed,standard
105,460,2026-05-17,completed,standard
106,117,2026-06-10,completed,standard
107,37,2024-09-06,completed,standard
108,1157,2026-01-25,cancelled,express
109,1110,2026-05-20,completed,standard
110,535,2026-03-28,completed,standard
111,1297,2024-10-02,completed,standard
112,1776,2025-08-05,completed,standard
113,224,2025-01-11,completed,standard
114,1247,2024-08-29,completed,same-day
115,1292,2026-02-03,completed,same-day
116,894,2024-10-16,completed,express
117,869,2026-06-01,completed,standard
118,314,2026-01-26,completed,express
119,1452,2026-03-03,completed,standard
120,939,2025-07-20,completed,standard
121,873,2026-06-28,completed,standard
122,1023,2025-12-26,completed,express
123,1180,2024-04-30,completed,same-day
124,1371,2025-04-13,completed,same-day
125,1843,2024-04-18,completed,standard
126,1704,2025-04-11,returned,same-day
127,1432,2025-10-11,cancelled,standard
128,938,2026-06-18,completed,standard
129,1762,2025-09-11,completed,standard
130,1446,2024-11-21,completed,standard
131,774,2025-03-27,completed,standard
132,831,2024-01-18,completed,express
133,1883,2025-05-30,completed,express
134,1305,2026-07-16,completed,same-day
135,712,2026-04-04,completed,standard
136,944,2024-09-04,completed,express
137,1944,2025-03-12,completed,standard
138,315,2026-07-18,completed,standard
139,409,2025-12-06,completed,standard
140,1384,2026-07-21,cancelled,express
141,166,2025-04-23,completed,standard
142,969,2024-06-07,completed,express
143,340,2026-04-02,completed,express
144,306,2025-08-20,completed,standard
145,991,2024-06-26,completed,standard
146,1590,2026-05-31,completed,standard
147,1886,2025-01-19,completed,express
148,995,2025-02-24,completed,standard
149,465,2026-05-22,completed,standard
150,1116,2026-08-29,completed,standard
151,1999,2025-11-01,completed,standard
152,710,2025-07-08,cancelled,standard
153,519,2025-09-22,cancelled,standard
154,1355,2026-07-19,completed,standard
155,343,2025-09-14,returned,standard
156,1717,2025-12-07,completed,standard
157,1015,2024-09-10,completed,standard
158,1615,2024-06-25,completed,express
159,669,2026-02-08,completed,standard
160,219,2025-02-03,completed,express
161,449,2026-01-05,completed,express
162,1130,2025-04-07,completed,express
163,977,2026-02-04,returned,standard
164,1989,2024-04-20,completed,standard
165,1572,2024-11-14,completed,standard
166,1537,2025-05-20,completed,standard
167,1538,2026-01-19,completed,standard
168,1116,2025-08-28,completed,express
169,1791,2025-03-09,completed,standard
170,1704,2025-01-07,completed,standard
171,1743,2024-10-25,completed,express
172,1210,2026-02-24,completed,standard
173,200,2026-08-01,completed,standard
174,97,2025-03-28,completed,standard
175,1892,2025-12-01,returned,standard
176,1599,2024-12-12,cancelled,express
177,1926,2026-04-16,completed,express
178,1509,2026-06-13,completed,express
179,1951,2026-08-21,completed,express
180,1564,2026-03-11,completed,express
181,1221,2025-02-07,completed,standard
182,1715,2026-06-20,completed,same-day
183,195,2025-07-11,completed,standard
184,1130,2026-08-24,completed,express
185,1023,2025-10-17,completed,standard
186,326,2024-11-27,returned,standard
187,228,2025-03-02,cancelled,express
188,405,2026-03-06,completed,express
189,715,2025-06-23,completed,same-day
190,1457,2025-04-09,completed,standard
191,1418,2026-08-02,completed,standard
192,1521,2024-07-13,completed,standard
193,1005,2026-06-28,completed,standard
194,1737,2025-09-16,completed,standard
195,302,2026-01-13,completed,standard
196,719,2024-08-19,cancelled,standard
197,1637,2024-09-05,completed,standard
198,237,2026-03-20,completed,standard
199,399,2026-06-10,completed,same-day
200,1941,2024-07-11,completed,standard
201,1537,2025-12-01,completed,express
202,13,2024-08-23,cancelled,express
203,1670,2025-11-09,completed,standard
204,948,2026-07-02,completed,standard
205,568,2024-07-01,completed,express
206,336,2025-10-30,completed,standard
207,530,2025-11-14,completed,standard
208,1432,2026-03-18,completed,same-day
209,827,2024-11-03,completed,standard
210,1258,2025-06-01,completed,express
211,486,2025-06-25,completed,standard
212,1504,2024-12-30,completed,standard
213,1066,2025-01-01,completed,standard
214,1577,2026-08-21,completed,standard
215,271,2025-09-28,completed,standard
216,854,2025-07-31,completed,standard
217,1837,2026-07-13,completed,standard
218,1794,2025-04-01,completed,standard
219,1904,2026-05-21,completed,standard
220,1039,2025-08-03,completed,standard
221,1366,2024-10-11,completed,express
222,1887,2025-04-21,completed,express
223,881,2026-06-18,completed,standard
224,1538,2025-01-03,completed,express
225,1437,2026-07-06,completed,standard
226,1042,2025-02-11,completed,standard
227,134,2024-12-06,completed,same-day
228,670,2024-06-11,completed,standard
229,801,2025-07-10,completed,standard
230,1544,2026-01-11,completed,standard
231,865,2026-08-27,completed,standard
232,780,2025-10-01,completed,standard
233,71,2025-08-02,completed,same-day
234,1845,2026-06-12,completed,standard
235,296,2025-08-11,completed,standard
236,1153,2024-12-04,completed,standard
237,1955,2024-08-10,completed,express
238,1960,2025-11-01,completed,standard
239,1599,2025-05-25,completed,standard
240,1747,2024-04-15,completed,standard
241,1948,2025-11-26,cancelled,standard
242,836,2026-05-27,completed,standard
243,1767,2024-02-07,completed,standard
244,1406,2025-09-05,completed,standard
245,1743,2024-03-28,completed,express
246,1444,2025-03-24,completed,same-day
247,622,2026-05-14,completed,standard
248,681,2026-07-26,completed,express
249,1653,2026-01-10,returned,standard
250,1800,2025-06-17,completed,express
251,1222,2025-01-26,completed,standard
252,286,2025-10-09,completed,standard
253,806,2024-11-20,completed,standard
254,1289,2025-09-11,cancelled,express
255,1772,2025-03-01,completed,same-day
256,1249,2026-08-27,completed,standard
257,1238,2024-12-04,returned,standard
258,880,2026-07-11,completed,standard
259,682,2026-07-17,completed,standard
260,1624,2025-04-17,completed,standard
261,1298,2025-02-03,completed,express
262,1549,2024-12-23,completed,express
263,1757,2026-01-26,completed,standard
264,163,2025-11-11,completed,standard
265,1082,2025-06-14,completed,standard
266,773,2026-05-16,completed,standard
267,1439,2025-01-27,completed,standard
268,1754,2024-08-25,completed,express
269,1049,2026-06-21,completed,standard
270,1088,2026-01-01,completed,standard
271,422,2024-04-03,completed,same-day
272,1030,2025-05-15,completed,standard
273,619,2025-02-04,completed,same-day
274,675,2025-04-25,completed,same-day
275,1271,2025-06-16,completed,standard
276,45,2025-09-11,completed,standard
277,1777,2026-01-06,completed,standard
278,1087,2025-02-01,completed,express
279,516,2026-01-16,completed,standard
280,1664,2024-10-08,cancelled,same-day
281,601,2025-10-11,completed,standard
282,844,2025-10-06,completed,standard
283,1019,2026-07-02,completed,standard
284,1463,2025-08-19,completed,express
285,1681,2025-03-03,completed,standard
286,518,2025-02-21,completed,standard
287,1023,2025-12-13,completed,standard
288,240,2026-02-17,completed,standard
289,1510,2024-11-02,completed,standard
290,1883,2026-05-20,completed,standard
291,894,2025-02-21,completed,standard
292,1149,2025-06-12,completed,standard
293,10,2024-10-01,completed,standard
294,671,2026-03-22,completed,standard
295,468,2024-10-12,completed,express
296,1489,2024-09-21,completed,standard
297,1168,2026-05-25,completed,standard
298,1431,2025-03-09,completed,standard
299,1877,2025-12-17,completed,standard
300,1334,2026-04-02,completed,standard
301,1687,2024-10-18,completed,express
302,464,2025-09-16,completed,same-day
303,594,2026-04-06,completed,standard
304,1336,2026-06-23,completed,standard
305,1628,2025-07-28,completed,standard
306,1150,2025-10-12,completed,standard
307,275,2025-12-12,cancelled,same-day
308,749,2025-03-27,completed,standard
309,1474,2025-11-30,completed,same-day
310,202,2025-09-20,completed,standard
311,1040,2026-03-25,completed,standard
312,378,2024-10-10,completed,standard
313,1557,2025-12-05,returned,standard
314,908,2025-08-24,completed,express
315,286,2025-05-02,cancelled,standard
316,848,2025-12-31,completed,same-day
317,822,2025-01-17,completed,express
318,177,2026-08-19,completed,standard
319,848,2025-12-23,completed,express
320,251,2025-10-23,completed,standard
321,424,2026-02-22,completed,standard
322,152,2026-08-25,completed,express
323,1355,2026-07-15,completed,standard
324,804,2025-09-15,completed,standard
325,1121,2026-02-11,cancelled,standard
326,1557,2026-08-30,completed,standard
327,1739,2026-05-22,completed,standard
328,1173,2026-05-21,completed,express
329,1273,2024-12-22,completed,standard
330,1995,2025-02-10,completed,standard
331,1381,2026-06-29,completed,standard
332,1895,2026-06-21,completed,standard
333,1462,2025-09-03,completed,express
334,831,2026-08-09,completed,same-day
335,316,2026-07-14,completed,standard
336,1020,2026-06-19,completed,standard
337,973,2024-12-19,completed,standard
338,915,2026-01-20,completed,standard
339,1938,2025-02-22,completed,standard
340,1033,2025-08-05,completed,standard
341,1065,2026-01-01,completed,standard
342,1394,2025-04-17,completed,standard
343,911,2026-06-07,completed,express
344,63,2025-05-04,completed,standard
345,306,2026-03-04,completed,standard
346,1121,2024-08-21,completed,express
347,1843,2024-10-08,completed,express
348,229,2025-07-23,completed,standard
349,1702,2026-07-25,completed,standard
350,212,2026-03-14,completed,same-day
351,730,2025-01-10,completed,standard
352,574,2026-05-28,completed,standard
353,1053,2025-03-08,completed,standard
354,227,2024-10-21,completed,standard
355,604,2026-08-09,completed,standard
356,742,2026-06-15,completed,standard
357,583,2025-08-17,completed,standard
358,53,2025-07-08,completed,standard
359,279,2026-02-15,completed,standard
360,1569,2025-12-24,completed,standard
361,842,2025-11-30,cancelled,standard
362,1875,2025-09-11,completed,standard
363,605,2025-11-02,completed,same-day
364,561,2025-11-27,completed,standard
365,358,2025-05-08,completed,standard
366,1477,2025-08-16,completed,standard
367,4,2024-01-20,completed,same-day
368,1099,2026-06-27,completed,standard
369,130,2025-01-22,completed,standard
370,86,2024-09-08,completed,same-day
371,964,2025-09-15,completed,express
372,615,2026-06-26,completed,same-day
373,904,2026-08-11,completed,standard
374,669,2026-05-31,completed,standard
375,748,2024-04-16,completed,standard
376,1668,2025-05-03,completed,standard
377,1666,2026-03-08,completed,standard
378,257,2025-06-08,completed,standard
379,271,2025-06-15,completed,standard
380,1273,2026-02-13,cancelled,express
381,1520,2026-06-05,completed,standard
382,1337,2025-12-06,completed,standard
383,291,2024-08-12,completed,express
384,1456,2025-04-28,completed,standard
385,171,2025-07-22,completed,standard
386,1250,2026-03-23,completed,standard
387,1248,2026-03-08,completed,standard
388,767,2026-02-27,completed,express
389,1800,2026-02-11,completed,standard
390,671,2026-06-17,completed,standard
391,87,2025-08-28,completed,standard
392,1343,2025-03-31,completed,express
393,882,2026-05-25,returned,standard
394,552,2026-02-07,completed,standard
395,170,2026-07-23,completed,standard
396,323,2025-05-27,completed,standard
397,48,2026-05-26,returned,standard
398,1261,2024-08-20,completed,express
399,1542,2026-05-13,completed,standard
400,612,2026-02-17,completed,standard
401,1291,2025-10-15,completed,express
402,1289,2025-05-17,completed,standard
403,164,2024-05-18,completed,standard
404,1911,2024-08-14,completed,express
405,1090,2025-02-14,completed,standard
406,1512,2026-07-25,completed,standard
407,1916,2024-04-10,returned,express
408,1051,2024-11-20,completed,express
409,1499,2025-07-30,completed,standard
410,1013,2026-07-19,completed,standard
411,37,2024-08-11,completed,standard
412,1318,2025-09-27,completed,standard
413,1070,2025-05-23,completed,standard
414,1925,2024-08-14,completed,express
415,548,2026-06-22,completed,standard
416,406,2025-04-06,completed,express
417,1658,2025-03-13,cancelled,standard
418,1676,2025-12-05,completed,standard
419,1164,2025-01-27,completed,standard
420,163,2026-08-06,completed,standard
421,1073,2025-11-15,completed,standard
422,634,2025-01-13,completed,express
423,1181,2025-04-07,completed,express
424,989,2026-03-17,cancelled,standard
425,1869,2026-05-13,completed,standard
426,673,2025-06-28,completed,standard
427,354,2026-06-15,completed,express
428,47,2024-11-13,completed,standard
429,1063,2025-09-30,completed,same-day
430,757,2026-05-20,completed,standard
431,175,2026-06-30,completed,express
432,1959,2026-03-02,returned,standard
433,1090,2026-08-13,completed,express
434,565,2024-09-26,completed,standard
435,357,2026-04-17,completed,express
436,1535,2025-10-07,completed,express
437,302,2024-10-31,completed,express
438,1905,2025-07-24,completed,standard
439,1358,2024-02-24,completed,express
440,112,2025-08-16,completed,express
441,1922,2025-12-06,completed,standard
442,356,2026-03-29,completed,standard
443,1428,2026-05-14,completed,standard
444,592,2026-06-19,cancelled,same-day
445,189,2025-05-24,completed,standard
446,279,2025-06-20,completed,standard
447,1783,2024-08-05,completed,standard
448,514,2025-08-30,completed,standard
449,1884,2025-08-08,completed,standard
450,1798,2025-03-21,completed,standard
451,100,2025-03-12,completed,standard
452,475,2026-05-01,completed,standard
453,1196,2026-06-06,completed,standard
454,469,2025-09-05,completed,standard
455,1025,2026-01-16,completed,express
456,1018,2025-09-21,completed,same-day
457,1899,2025-04-25,completed,standard
458,538,2025-06-16,completed,standard
459,630,2025-07-22,completed,express
460,1110,2026-03-20,completed,standard
461,125,2025-03-04,returned,standard
462,55,2025-10-17,completed,same-day
463,1268,2024-09-02,completed,standard
464,1827,2025-08-16,completed,standard
465,37,2025-04-29,completed,standard
466,1112,2025-11-10,completed,standard
467,1177,2025-10-24,completed,standard
468,194,2025-12-25,completed,standard
469,1523,2025-09-18,completed,standard
470,1303,2026-02-06,completed,standard
471,243,2026-06-30,completed,standard
472,1142,2024-08-15,completed,standard
473,888,2025-05-08,completed,standard
474,1690,2025-11-08,completed,standard
475,1009,2025-06-26,completed,standard
476,1566,2025-10-28,completed,express
477,278,2024-10-31,completed,express
478,1088,2025-08-21,cancelled,standard
479,329,2024-11-27,cancelled,standard
480,486,2024-09-17,completed,standard
481,1906,2024-03-04,completed,standard
482,1923,2026-01-24,completed,standard
483,1113,2026-01-26,completed,standard
484,79,2026-01-24,completed,standard
485,1625,2025-12-23,completed,express
486,1922,2025-04-15,completed,standard
487,1243,2026-02-12,completed,standard
488,1307,2025-09-06,completed,standard
489,327,2025-12-15,completed,standard
490,115,2024-09-20,completed,same-day
491,1843,2025-08-30,completed,standard
492,545,2026-04-02,completed,standard
493,498,2025-08-24,completed,standard
494,1360,2026-07-13,completed,standard
495,1999,2026-07-09,completed,standard
496,1683,2026-07-21,completed,express
497,420,2025-08-27,completed,standard
498,1679,2025-06-30,completed,same-day
499,558,2025-08-24,completed,standard
500,315,2026-07-27,completed,express
501,1074,2025-03-13,completed,express
502,135,2025-04-20,completed,standard
503,172,2026-06-05,completed,standard
504,1401,2026-06-26,completed,standard
505,1660,2025-07-08,completed,standard
506,1450,2025-07-04,completed,standard
507,1998,2026-08-05,completed,express
508,1751,2025-01-25,completed,standard
509,417,2025-11-25,completed,standard
510,1018,2026-04-04,returned,standard
511,1606,2024-12-28,cancelled,standard
512,1764,2025-06-27,completed,express
513,1891,2026-03-01,completed,standard
514,1271,2025-12-16,completed,standard
515,1959,2025-03-03,completed,standard
516,1418,2026-04-20,completed,standard
517,545,2025-06-15,completed,standard
518,1326,2025-12-10,completed,standard
519,636,2026-01-01,completed,standard
520,416,2026-07-14,completed,standard
521,1918,2025-11-23,completed,standard
522,649,2025-07-08,completed,standard
523,1828,2025-09-11,completed,standard
524,259,2025-04-28,completed,standard
525,1845,2026-03-16,completed,standard
526,1219,2026-06-10,completed,express
527,8,2025-06-07,completed,standard
528,19,2026-03-19,cancelled,express
529,341,2026-07-03,completed,standard
530,1114,2026-06-10,completed,same-day
531,1398,2026-03-24,completed,standard
532,983,2024-02-19,completed,express
533,779,2024-06-02,completed,standard
534,158,2025-11-29,completed,express
535,1749,2026-05-07,completed,express
536,1302,2026-07-11,completed,express
537,1084,2025-12-18,completed,standard
538,1782,2025-11-29,returned,express
539,1631,2026-01-11,completed,express
540,887,2024-09-16,cancelled,express
541,238,2026-04-07,completed,same-day
542,1947,2025-04-10,completed,standard
543,746,2024-06-09,completed,standard
544,1202,2026-04-17,completed,standard
545,766,2025-12-13,completed,same-day
546,1676,2024-11-05,completed,same-day
547,1624,2025-07-12,cancelled,standard
548,1969,2026-07-13,completed,standard
549,241,2025-11-02,completed,express
550,731,2025-02-26,completed,express
551,380,2026-04-17,completed,standard
552,18,2026-02-26,completed,standard
553,1484,2025-05-10,completed,same-day
554,1514,2026-03-12,completed,express
555,1362,2024-03-31,completed,standard
556,1421,2026-02-20,completed,standard
557,376,2026-07-23,completed,standard
558,1632,2026-05-29,completed,express
559,1251,2024-06-19,completed,standard
560,1618,2025-02-26,completed,standard
561,438,2025-06-16,completed,standard
562,1960,2025-04-16,completed,standard
563,1935,2025-06-20,completed,standard
564,71,2026-05-15,completed,express
565,993,2025-01-30,completed,standard
566,1412,2025-06-09,cancelled,express
567,1214,2024-09-30,completed,express
568,14,2026-01-26,completed,express
569,1970,2026-07-26,completed,standard
570,1277,2026-01-27,completed,standard
571,213,2024-05-25,completed,standard
572,552,2026-03-18,completed,express
573,1008,2025-11-01,completed,standard
574,334,2026-03-19,completed,express
575,381,2025-05-18,completed,standard
576,1475,2025-09-17,completed,standard
577,1345,2024-09-18,completed,express
578,1205,2026-03-14,completed,standard
579,344,2025-12-05,returned,standard
580,1181,2025-07-04,completed,standard
581,1489,2024-08-08,completed,standard
582,247,2024-06-07,completed,standard
583,1868,2026-05-23,completed,standard
584,1709,2024-03-29,completed,standard
585,1758,2026-06-02,completed,standard
586,1458,2024-06-24,completed,standard
587,547,2024-05-13,completed,express
588,1692,2025-10-19,completed,standard
589,45,2025-01-07,completed,standard
590,1942,2025-04-08,completed,standard
591,1357,2025-08-15,completed,same-day
592,1230,2025-10-20,completed,standard
593,1362,2025-02-27,completed,express
594,1762,2024-07-30,completed,standard
595,3,2026-06-02,completed,express
596,850,2025-07-17,completed,standard
597,1347,2024-10-09,completed,standard
598,1299,2024-08-06,completed,standard
599,1705,2026-02-20,completed,standard
600,639,2026-07-28,completed,express
601,1687,2026-02-10,completed,express
602,812,2024-04-15,completed,express
603,236,2024-10-05,completed,standard
604,1044,2024-10-29,completed,standard
605,1000,2025-03-30,completed,standard
606,1042,2024-09-06,completed,same-day
607,84,2024-11-15,completed,standard
608,1444,2024-05-17,completed,standard
609,89,2025-01-19,completed,standard
610,1837,2026-08-17,completed,express
611,1071,2026-07-15,completed,standard
612,626,2026-03-28,returned,standard
613,778,2024-03-25,completed,express
614,663,2026-02-14,completed,standard
615,1754,2024-04-06,completed,standard
616,1617,2025-03-01,completed,standard
617,1981,2024-02-05,completed,standard
618,446,2025-01-02,completed,same-day
619,1382,2024-09-16,completed,standard
620,1917,2025-05-19,completed,standard
621,1834,2026-01-30,completed,same-day
622,387,2026-03-14,completed,express
623,651,2026-04-29,completed,standard
624,121,2024-09-06,completed,same-day
625,1251,2026-07-19,completed,express
626,53,2026-05-08,completed,standard
627,860,2025-07-07,cancelled,standard
628,47,2024-10-06,completed,standard
629,1596,2025-12-25,cancelled,standard
630,1871,2024-03-21,cancelled,standard
631,1679,2024-10-16,completed,same-day
632,490,2026-01-01,completed,same-day
633,947,2026-04-20,completed,standard
634,1918,2024-07-22,completed,standard
635,1664,2025-10-14,completed,standard
636,1640,2024-10-25,completed,standard
637,1047,2026-06-03,completed,standard
638,469,2024-10-06,completed,same-day
639,141,2026-08-23,completed,standard
640,1200,2026-03-14,completed,standard
641,874,2026-04-08,completed,standard
642,184,2025-12-10,completed,standard
643,889,2026-03-19,completed,same-day
644,241,2024-12-07,completed,standard
645,1950,2025-07-27,completed,standard
646,1833,2024-09-19,returned,standard
647,748,2024-04-15,completed,standard
648,1777,2026-07-08,completed,standard
649,1391,2026-03-16,cancelled,same-day
650,1566,2025-05-09,completed,standard
651,119,2025-05-28,completed,standard
652,1607,2024-07-11,returned,express
653,105,2025-01-23,completed,same-day
654,1223,2025-08-05,returned,standard
655,860,2026-04-28,completed,standard
656,195,2026-08-09,completed,same-day
657,106,2026-06-25,completed,standard
658,101,2025-08-06,completed,express
659,1696,2026-05-29,completed,standard
660,801,2026-01-06,completed,standard
661,1236,2024-05-04,completed,standard
662,820,2025-01-16,completed,standard
663,1726,2025-10-25,completed,express
664,1578,2024-09-22,completed,standard
665,1249,2026-03-02,completed,standard
666,907,2025-06-23,cancelled,standard
667,929,2025-07-07,completed,standard
668,853,2024-08-24,completed,standard
669,1242,2026-05-12,completed,same-day
670,194,2025-05-16,completed,standard
671,1301,2026-05-24,completed,standard
672,1351,2024-12-07,completed,express
673,50,2026-07-11,completed,express
674,1042,2025-11-02,completed,standard
675,1180,2026-04-04,completed,express
676,208,2026-03-17,completed,standard
677,25,2025-12-22,completed,standard
678,1428,2025-04-22,completed,standard
679,1188,2026-08-29,completed,standard
680,1679,2024-09-24,completed,standard
681,1809,2025-10-09,completed,standard
682,243,2026-03-23,completed,express
683,1025,2025-10-19,completed,standard
684,702,2025-10-13,completed,express
685,965,2024-02-25,completed,standard
686,1243,2026-02-13,completed,standard
687,364,2024-10-20,completed,same-day
688,270,2024-05-01,completed,standard
689,85,2026-03-03,completed,standard
690,247,2024-07-19,completed,standard
691,1173,2024-06-23,completed,standard
692,1033,2025-09-27,completed,standard
693,1303,2025-05-07,completed,express
694,707,2024-08-12,returned,standard
695,1172,2026-01-02,completed,standard
696,1089,2025-02-23,completed,standard
697,285,2026-08-23,completed,same-day
698,939,2025-09-10,completed,standard
699,1207,2025-11-11,completed,standard
700,578,2026-02-08,completed,standard
701,1942,2026-01-25,completed,standard
702,1043,2025-06-20,completed,same-day
703,1317,2025-10-02,completed,standard
704,283,2025-12-17,completed,express
705,470,2026-02-20,completed,standard
706,1637,2025-08-20,cancelled,standard
707,1123,2024-09-12,completed,standard
708,104,2025-12-16,completed,express
709,680,2026-01-11,completed,express
710,1954,2024-01-27,completed,standard
711,1281,2024-05-25,completed,standard
712,397,2025-03-29,completed,standard
713,131,2026-06-26,cancelled,standard
714,371,2026-03-27,completed,standard
715,951,2025-07-28,completed,standard
716,1388,2026-05-14,completed,express
717,936,2025-01-24,completed,standard
718,1389,2025-05-04,completed,express
719,1701,2026-07-05,completed,standard
720,1138,2026-04-28,completed,express
721,666,2026-04-02,completed,standard
722,595,2024-07-23,completed,standard
723,650,2026-02-17,returned,standard
724,201,2024-12-26,completed,standard
725,1748,2024-08-06,completed,standard
726,1820,2025-03-11,completed,standard
727,1000,2025-10-14,completed,standard
728,1841,2025-09-18,completed,express
729,1277,2025-04-03,completed,same-day
730,1391,2025-07-25,completed,standard
731,934,2026-07-17,completed,standard
732,421,2025-06-12,completed,standard
733,963,2025-04-07,completed,standard
734,1535,2024-03-09,completed,standard
735,1628,2026-01-14,completed,standard
736,1616,2025-03-07,completed,standard
737,745,2025-06-01,completed,standard
738,798,2026-07-02,returned,standard
739,1651,2025-12-22,completed,standard
740,13,2025-10-19,completed,standard
741,20,2025-12-25,completed,standard
742,707,2025-03-05,completed,standard
743,1113,2026-07-03,completed,same-day
744,278,2025-11-13,returned,standard
745,877,2024-09-26,completed,standard
746,1264,2026-06-06,completed,standard
747,1825,2026-06-10,completed,standard
748,711,2025-03-04,completed,standard
749,1951,2026-03-10,cancelled,standard
750,394,2025-10-03,completed,express
751,562,2026-01-20,completed,same-day
752,434,2024-02-06,cancelled,same-day
753,522,2026-02-18,returned,standard
754,342,2024-09-17,completed,express
755,1692,2024-09-28,completed,same-day
756,488,2025-05-20,completed,standard
757,385,2026-07-16,completed,standard
758,345,2025-04-15,completed,standard
759,522,2025-11-05,completed,standard
760,194,2024-07-28,completed,standard
761,1663,2024-08-01,cancelled,standard
762,268,2026-02-27,completed,standard
763,1311,2025-10-31,completed,same-day
764,1765,2026-05-26,completed,standard
765,670,2026-08-19,completed,standard
766,416,2025-09-04,completed,standard
767,913,2025-02-03,completed,same-day
768,730,2025-10-31,completed,standard
769,737,2026-08-03,completed,express
770,336,2025-12-05,completed,same-day
771,1061,2024-11-23,completed,express
772,1599,2025-12-19,completed,standard
773,1247,2026-04-23,completed,express
774,863,2024-03-02,returned,standard
775,1423,2024-12-11,completed,same-day
776,229,2025-09-06,completed,standard
777,1761,2025-03-24,completed,standard
778,253,2025-10-12,completed,standard
779,372,2026-06-26,completed,same-day
780,1071,2026-07-30,completed,standard
781,1394,2025-10-12,completed,same-day
782,630,2026-08-07,completed,standard
783,856,2024-10-18,completed,standard
784,1273,2026-06-17,cancelled,standard
785,1842,2025-05-28,completed,standard
786,1524,2025-07-10,completed,express
787,1178,2025-04-13,completed,express
788,1706,2026-01-07,completed,express
789,584,2026-06-06,completed,same-day
790,290,2024-12-05,completed,express
791,490,2024-12-09,completed,express
792,1258,2024-11-25,completed,standard
793,555,2026-07-17,completed,express
794,245,2026-07-04,completed,standard
795,1024,2026-08-04,completed,standard
796,1172,2025-01-07,completed,standard
797,983,2024-09-24,completed,standard
798,1454,2024-08-07,completed,standard
799,1571,2026-01-17,completed,standard
800,1584,2024-11-12,completed,standard
801,1230,2024-06-17,completed,same-day
802,327,2026-06-06,completed,standard
803,769,2026-04-26,completed,standard
804,1761,2025-01-12,completed,express
805,1500,2026-08-06,completed,express
806,742,2025-09-02,completed,express
807,1045,2026-08-07,completed,standard
808,352,2026-08-17,returned,same-day
809,1427,2026-07-10,completed,same-day
810,1058,2024-09-13,completed,standard
811,970,2026-06-11,completed,standard
812,1912,2025-04-03,completed,standard
813,948,2025-12-16,completed,standard
814,1167,2026-02-15,completed,standard
815,1277,2026-08-09,cancelled,standard
816,1584,2025-11-09,completed,standard
817,1299,2026-02-21,completed,standard
818,409,2024-08-29,completed,express
819,1787,2025-05-28,completed,standard
820,904,2025-03-02,completed,standard
821,465,2025-01-20,completed,standard
822,433,2025-12-22,completed,express
823,848,2026-03-24,completed,standard
824,747,2025-03-22,completed,standard
825,307,2026-06-02,completed,same-day
826,1683,2026-04-30,completed,standard
827,509,2026-06-15,completed,express
828,164,2026-05-24,completed,standard
829,1501,2025-07-20,cancelled,standard
830,586,2026-05-03,completed,express
831,1045,2026-01-06,completed,standard
832,457,2025-05-20,completed,standard
833,78,2025-07-04,completed,standard
834,1031,2026-05-27,completed,standard
835,667,2026-01-20,completed,standard
836,901,2026-03-04,completed,express
837,861,2025-08-21,completed,same-day
838,727,2026-01-02,completed,standard
839,1004,2026-07-15,completed,standard
840,545,2026-01-14,completed,standard
841,48,2025-07-27,completed,standard
842,880,2026-06-11,returned,same-day
843,530,2024-09-28,completed,standard
844,148,2026-04-04,completed,express
845,1803,2025-10-16,completed,standard
846,586,2026-02-07,returned,standard
847,1012,2025-11-18,completed,standard
848,1098,2026-03-14,completed,standard
849,152,2025-12-27,completed,standard
850,550,2025-06-11,completed,standard
851,453,2025-04-24,completed,standard
852,229,2026-08-26,completed,express
853,712,2025-09-24,completed,standard
854,1097,2025-02-11,completed,standard
855,661,2026-06-03,completed,standard
856,1350,2026-02-08,completed,standard
857,496,2025-09-15,completed,express
858,1488,2026-04-08,completed,standard
859,1535,2024-12-04,cancelled,same-day
860,1688,2026-04-01,completed,express
861,374,2025-05-19,completed,standard
862,1208,2024-10-02,completed,standard
863,271,2026-07-20,completed,standard
864,1708,2026-02-22,completed,same-day
865,1435,2024-12-20,completed,standard
866,1092,2025-09-11,completed,standard
867,520,2025-12-05,completed,standard
868,1538,2024-03-06,completed,standard
869,558,2025-01-17,completed,standard
870,685,2025-09-23,completed,same-day
871,1996,2025-06-21,cancelled,standard
872,1892,2025-06-08,completed,express
873,1641,2026-04-25,completed,standard
874,1513,2025-10-21,completed,standard
875,24,2025-01-28,completed,express
876,1309,2024-08-24,completed,express
877,1978,2025-08-12,cancelled,standard
878,1904,2026-06-14,completed,standard
879,1728,2025-05-19,completed,express
880,452,2025-11-27,returned,standard
881,1447,2025-05-06,completed,standard
882,415,2024-11-07,completed,standard
883,463,2025-01-28,completed,standard
884,1178,2025-03-17,completed,same-day
885,1109,2025-08-10,completed,express
886,938,2026-01-31,completed,standard
887,1627,2025-09-30,cancelled,standard
888,675,2025-03-21,completed,standard
889,165,2026-03-25,completed,same-day
890,1689,2026-07-13,completed,standard
891,854,2026-08-17,completed,express
892,1885,2025-07-11,completed,standard
893,832,2025-07-06,completed,standard
894,874,2025-10-25,completed,standard
895,1703,2025-06-07,completed,standard
896,58,2025-08-07,cancelled,standard
897,273,2025-03-09,completed,standard
898,1743,2025-08-06,completed,standard
899,606,2025-11-11,completed,standard
900,1474,2024-05-30,completed,standard
901,1007,2026-03-06,completed,standard
902,1319,2024-11-28,completed,express
903,701,2026-06-05,completed,express
904,446,2025-11-17,completed,express
905,849,2025-11-24,completed,standard
906,1503,2025-01-30,cancelled,standard
907,1523,2025-12-24,completed,express
908,1384,2024-09-03,completed,standard
909,595,2025-06-04,returned,standard
910,1178,2025-06-13,completed,standard
911,1141,2026-03-10,completed,express
912,62,2025-08-10,completed,standard
913,273,2024-10-15,completed,standard
914,1955,2024-12-16,completed,express
915,1991,2025-08-09,completed,standard
916,1142,2025-07-04,completed,express
917,1600,2025-05-27,completed,standard
918,1827,2025-10-18,completed,standard
919,1152,2025-03-02,completed,express
920,775,2026-02-19,completed,standard
921,755,2025-08-05,completed,standard
922,1896,2025-07-27,completed,same-day
923,122,2025-11-08,completed,standard
924,766,2025-12-23,completed,standard
925,950,2025-08-29,completed,standard
926,651,2026-06-19,completed,standard
927,1924,2024-10-24,returned,standard
928,1278,2025-12-23,completed,standard
929,603,2026-04-10,completed,standard
930,336,2026-06-17,completed,standard
931,1350,2025-04-13,completed,express
932,347,2025-05-25,completed,express
933,1652,2026-05-24,completed,standard
934,1207,2026-06-30,completed,express
935,52,2024-03-24,completed,express
936,393,2026-03-13,completed,standard
937,1822,2026-07-12,completed,standard
938,765,2026-04-30,completed,standard
939,406,2026-02-17,completed,express
940,578,2024-11-04,completed,standard
941,1056,2024-03-20,completed,standard
942,909,2025-06-12,completed,same-day
943,728,2024-12-31,completed,standard
944,22,2026-01-14,completed,standard
945,646,2025-02-07,completed,standard
946,1819,2024-10-11,completed,standard
947,775,2026-01-04,completed,standard
948,1979,2024-09-05,completed,express
949,249,2024-02-04,completed,standard
950,834,2025-04-28,cancelled,standard
951,1484,2025-08-11,completed,standard
952,771,2026-04-25,completed,standard
953,1808,2025-10-27,completed,express
954,407,2025-03-04,completed,same-day
955,1737,2026-08-03,completed,standard
956,615,2024-05-23,completed,standard
957,1635,2025-09-02,completed,standard
958,1332,2025-07-17,completed,same-day
959,310,2026-06-04,completed,standard
960,1154,2026-05-19,completed,express
961,616,2025-01-12,completed,express
962,400,2026-01-28,completed,express
963,1436,2025-10-20,completed,standard
964,918,2025-04-26,completed,standard
965,398,2024-09-27,completed,express
966,1983,2025-03-01,cancelled,standard
967,888,2024-11-28,completed,standard
968,1649,2025-05-21,completed,standard
969,1211,2025-01-14,completed,standard
970,490,2025-11-06,completed,standard
971,651,2024-05-06,completed,standard
972,1144,2026-08-11,completed,standard
973,988,2025-03-11,completed,standard
974,927,2024-08-28,cancelled,express
975,76,2026-08-04,completed,express
976,176,2026-07-25,completed,standard
977,1293,2025-08-11,completed,standard
978,1838,2026-08-21,completed,express
979,685,2024-09-27,completed,standard
980,1683,2025-01-11,completed,express
981,1587,2025-11-10,completed,standard
982,775,2025-04-11,completed,standard
983,1644,2025-06-30,completed,standard
984,1696,2025-07-04,completed,express
985,827,2026-06-03,cancelled,express
986,353,2025-03-02,completed,standard
987,1237,2025-05-01,completed,standard
988,860,2024-02-20,completed,standard
989,763,2025-12-17,completed,express
990,1320,2025-09-14,completed,standard
991,1402,2026-05-25,completed,standard
992,183,2026-01-08,completed,standard
993,1402,2026-03-26,completed,express
994,84,2024-09-17,completed,express
995,1767,2025-09-20,completed,standard
996,309,2026-01-10,completed,standard
997,1761,2026-06-25,completed,standard
998,1082,2026-04-03,completed,standard
999,1336,2026-03-14,completed,standard
1000,129,2025-02-16,completed,same-day
1001,1453,2025-03-03,completed,standard
1002,1805,2025-08-22,completed,standard
1003,1817,2026-04-04,completed,express
1004,821,2025-01-10,completed,standard
1005,1520,2025-08-11,completed,standard
1006,234,2024-10-12,completed,standard
1007,729,2025-11-13,completed,standard
1008,1509,2026-05-19,cancelled,same-day
1009,1018,2025-11-27,completed,express
1010,1558,2026-01-04,completed,standard
1011,818,2025-01-12,cancelled,standard
1012,322,2024-12-31,completed,standard
1013,410,2026-08-18,completed,standard
1014,86,2026-05-03,completed,standard
1015,52,2025-01-21,completed,same-day
1016,1278,2025-01-05,completed,standard
1017,1350,2024-10-08,cancelled,standard
1018,925,2025-02-14,returned,express
1019,680,2026-04-02,completed,standard
1020,795,2025-05-14,completed,standard
1021,382,2024-11-16,completed,standard
1022,73,2025-10-07,completed,standard
1023,498,2024-06-17,completed,standard
1024,1420,2024-03-18,completed,standard
1025,267,2024-10-21,completed,standard
1026,1343,2026-04-20,completed,express
1027,929,2025-10-09,completed,standard
1028,923,2025-06-19,completed,standard
1029,160,2026-05-08,completed,standard
1030,1315,2026-03-03,completed,express
1031,1429,2026-05-29,completed,standard
1032,872,2024-09-26,completed,standard
1033,941,2025-06-24,completed,standard
1034,554,2025-01-02,completed,standard
1035,314,2024-06-21,completed,standard
1036,1675,2026-07-16,completed,same-day
1037,1216,2025-11-18,completed,standard
1038,347,2024-08-19,completed,express
1039,240,2025-09-13,completed,standard
1040,1479,2025-11-15,completed,express
1041,329,2025-11-29,returned,standard
1042,1344,2025-12-15,completed,standard
1043,22,2024-05-05,completed,standard
1044,545,2025-12-08,completed,standard
1045,877,2026-07-28,returned,standard
1046,348,2026-03-31,completed,standard
1047,1431,2024-12-20,completed,express
1048,1782,2025-11-17,completed,express
1049,1071,2025-11-10,completed,express
1050,880,2025-04-23,cancelled,standard
1051,91,2026-05-07,completed,standard
1052,1270,2026-04-26,completed,standard
1053,1053,2026-05-26,completed,express
1054,1327,2025-07-01,completed,standard
1055,1322,2025-02-07,completed,express
1056,196,2024-07-06,completed,standard
1057,1383,2025-05-13,completed,express
1058,885,2025-07-03,completed,standard
1059,1197,2025-08-04,completed,same-day
1060,93,2025-03-04,completed,standard
1061,748,2025-08-10,completed,express
1062,398,2026-08-13,completed,same-day
1063,496,2026-01-05,completed,standard
1064,1817,2025-11-20,completed,standard
1065,395,2025-01-13,completed,standard
1066,31,2026-08-13,completed,standard
1067,53,2025-12-19,completed,standard
1068,28,2024-03-31,completed,standard
1069,1638,2025-09-17,completed,express
1070,1360,2024-07-27,completed,standard
1071,121,2025-05-23,cancelled,express
1072,1918,2026-08-11,completed,standard
1073,185,2025-03-31,completed,standard
1074,1670,2025-10-11,completed,standard
1075,1330,2026-06-27,completed,standard
1076,1447,2024-05-24,completed,standard
1077,84,2026-02-23,completed,standard
1078,1032,2026-04-05,cancelled,standard
1079,1630,2025-05-16,completed,express
1080,639,2024-12-09,completed,standard
1081,1254,2024-05-09,completed,express
1082,1250,2025-11-06,completed,standard
1083,1870,2025-04-02,completed,express
1084,784,2026-03-02,completed,standard
1085,853,2024-05-05,completed,standard
1086,462,2025-11-12,completed,express
1087,203,2026-01-15,completed,standard
1088,639,2025-08-21,completed,standard
1089,29,2025-06-13,completed,standard
1090,1308,2026-01-16,completed,standard
1091,24,2026-07-19,completed,express
1092,420,2024-02-18,completed,standard
1093,436,2025-05-06,completed,same-day
1094,1318,2024-04-19,completed,same-day
1095,553,2025-08-14,completed,standard
1096,1248,2026-08-27,completed,standard
1097,84,2025-10-22,completed,standard
1098,1767,2024-09-08,completed,standard
1099,820,2026-04-29,completed,same-day
1100,1532,2025-07-16,completed,express
1101,1007,2025-08-04,completed,express
1102,1981,2025-10-01,completed,same-day
1103,1427,2026-07-29,completed,standard
1104,1585,2026-03-30,completed,standard
1105,1845,2024-07-01,completed,standard
1106,1144,2024-09-18,completed,standard
1107,501,2026-01-05,completed,standard
1108,182,2025-10-15,completed,express
1109,642,2024-10-20,completed,express
1110,1262,2025-01-02,completed,standard
1111,770,2024-08-06,completed,standard
1112,1850,2026-05-24,completed,standard
1113,1541,2025-04-18,completed,standard
1114,258,2024-07-27,completed,standard
1115,343,2024-11-17,completed,standard
1116,1520,2025-06-04,completed,express
1117,1377,2026-05-05,completed,standard
1118,1956,2025-04-17,completed,express
1119,1335,2025-10-07,completed,standard
1120,130,2025-12-07,completed,same-day
1121,33,2026-03-07,completed,standard
1122,1823,2026-05-21,completed,standard
1123,894,2024-12-01,completed,standard
1124,1029,2025-02-23,completed,standard
1125,1480,2026-04-28,completed,standard
1126,1015,2026-08-28,completed,standard
1127,1412,2026-07-10,completed,standard
1128,26,2025-10-25,cancelled,standard
1129,42,2025-01-02,completed,express
1130,1514,2026-08-19,completed,same-day
1131,240,2026-02-02,completed,standard
1132,469,2026-03-21,completed,standard
1133,854,2026-02-14,completed,standard
1134,482,2026-08-08,completed,standard
1135,155,2024-11-12,cancelled,express
1136,269,2026-06-26,completed,standard
1137,1006,2025-06-14,completed,standard
1138,399,2025-07-03,completed,standard
1139,745,2026-02-20,completed,same-day
1140,1285,2024-12-26,completed,express
1141,472,2025-04-07,completed,same-day
1142,1451,2026-06-21,completed,same-day
1143,1977,2024-11-18,completed,standard
1144,883,2024-04-27,completed,standard
1145,1750,2025-09-28,completed,express
1146,260,2025-05-22,completed,express
1147,629,2026-02-23,completed,standard
1148,1577,2026-05-10,completed,express
1149,77,2026-03-26,completed,standard
1150,1585,2026-03-05,completed,standard
1151,827,2026-04-27,completed,standard
1152,1625,2026-06-23,completed,standard
1153,1499,2024-07-31,completed,standard
1154,455,2025-12-12,completed,standard
1155,1465,2026-08-21,returned,standard
1156,679,2026-04-26,completed,express
1157,406,2025-06-09,completed,express
1158,103,2025-05-21,completed,express
1159,1836,2025-06-03,completed,standard
1160,1977,2025-05-26,completed,same-day
1161,1604,2025-02-14,completed,express
1162,1398,2026-05-28,completed,standard
1163,440,2024-12-04,completed,standard
1164,1741,2026-01-24,completed,standard
1165,1051,2026-07-04,completed,standard
1166,359,2025-10-06,completed,standard
1167,1259,2025-02-20,completed,standard
1168,123,2025-04-21,completed,standard
1169,989,2025-10-17,returned,standard
1170,1907,2026-06-08,completed,standard
1171,101,2025-09-30,completed,standard
1172,1985,2026-05-28,completed,standard
1173,1878,2025-11-26,completed,express
1174,243,2026-08-07,completed,express
1175,341,2025-10-01,completed,express
1176,1103,2024-07-27,completed,standard
1177,1593,2025-12-27,completed,express
1178,403,2025-02-01,completed,standard
1179,1023,2026-04-24,completed,standard
1180,849,2024-04-30,returned,standard
1181,935,2025-05-16,completed,standard
1182,321,2025-12-17,completed,standard
1183,388,2024-02-25,returned,express
1184,846,2025-11-17,completed,standard
1185,1213,2025-03-16,cancelled,express
1186,600,2026-07-18,completed,express
1187,1157,2026-02-10,completed,standard
1188,1937,2025-06-17,completed,standard
1189,398,2025-10-20,completed,standard
1190,1723,2024-09-22,completed,standard
1191,964,2025-01-31,completed,standard
1192,1903,2026-08-26,completed,standard
1193,711,2026-08-20,completed,standard
1194,749,2024-04-09,completed,standard
1195,941,2024-10-20,completed,standard
1196,844,2025-12-13,completed,standard
1197,1221,2026-07-04,completed,standard
1198,862,2026-08-14,completed,express
1199,305,2024-10-04,completed,standard
1200,1908,2026-01-14,completed,standard
1201,967,2026-01-21,completed,express
1202,1520,2026-04-20,completed,same-day
1203,851,2024-10-21,completed,standard
1204,161,2025-07-26,completed,standard
1205,1813,2026-03-09,completed,standard
1206,595,2026-05-11,completed,same-day
1207,1082,2025-12-12,completed,standard
1208,1109,2025-10-10,completed,standard
1209,344,2025-06-11,completed,express
1210,754,2025-09-28,completed,standard
1211,607,2026-05-05,completed,standard
1212,561,2026-02-05,completed,standard
1213,1130,2026-07-04,completed,standard
1214,963,2026-05-07,completed,standard
1215,660,2024-05-01,completed,standard
1216,1432,2025-01-06,completed,express
1217,385,2026-02-11,completed,standard
1218,1833,2026-07-31,cancelled,standard
1219,7,2025-07-27,completed,same-day
1220,1721,2025-10-09,completed,standard
1221,1460,2026-03-15,completed,standard
1222,742,2026-06-01,cancelled,standard
1223,807,2026-08-10,completed,standard
1224,829,2026-03-03,completed,standard
1225,783,2025-05-21,completed,standard
1226,1481,2025-12-19,completed,express
1227,763,2025-08-19,cancelled,standard
1228,610,2024-12-29,completed,express
1229,1976,2026-05-16,completed,standard
1230,139,2025-03-07,completed,standard
1231,1765,2026-08-13,completed,standard
1232,1986,2026-05-07,returned,standard
1233,240,2025-12-25,returned,express
1234,1864,2025-08-28,cancelled,standard
1235,316,2025-11-06,completed,standard
1236,1523,2026-05-29,returned,standard
1237,1916,2026-04-13,completed,standard
1238,1541,2025-08-21,completed,standard
1239,1501,2026-06-10,completed,standard
1240,689,2024-12-01,completed,standard
1241,1420,2025-08-03,completed,standard
1242,1271,2024-05-27,completed,express
1243,728,2025-07-09,completed,standard
1244,110,2026-01-22,completed,standard
1245,764,2026-07-06,completed,standard
1246,846,2025-08-24,returned,standard
1247,490,2024-06-18,completed,same-day
1248,956,2025-11-01,completed,standard
1249,1843,2026-02-04,completed,standard
1250,715,2025-09-20,completed,standard
1251,1415,2025-07-10,completed,same-day
1252,54,2026-08-03,returned,express
1253,1334,2026-06-26,returned,same-day
1254,288,2026-01-28,completed,standard
1255,1212,2026-02-28,completed,express
1256,1889,2025-12-21,completed,standard
1257,287,2026-01-24,completed,standard
1258,491,2026-05-01,completed,standard
1259,1161,2026-03-18,completed,express
1260,1327,2025-10-06,completed,standard
1261,315,2025-09-26,completed,standard
1262,224,2026-04-05,completed,standard
1263,177,2026-03-13,completed,standard
1264,1425,2024-12-04,completed,standard
1265,763,2025-11-20,completed,standard
1266,1414,2026-02-21,completed,standard
1267,1950,2026-03-19,completed,standard
1268,157,2026-05-13,completed,standard
1269,1819,2026-08-14,completed,standard
1270,1748,2026-07-19,completed,standard
1271,323,2025-10-18,completed,standard
1272,850,2026-02-24,completed,standard
1273,1388,2025-10-23,completed,standard
1274,1009,2025-04-22,completed,standard
1275,1073,2025-03-06,completed,standard
1276,1769,2026-07-15,completed,standard
1277,1177,2025-10-05,completed,standard
1278,1468,2025-05-27,completed,standard
1279,1503,2026-01-21,completed,same-day
1280,1849,2026-08-15,completed,same-day
1281,1735,2025-10-29,completed,same-day
1282,209,2026-06-08,cancelled,standard
1283,1150,2026-06-07,completed,standard
1284,1596,2026-05-09,completed,standard
1285,1627,2024-11-18,cancelled,standard
1286,537,2024-12-03,completed,same-day
1287,415,2025-07-22,completed,standard
1288,1495,2024-12-23,completed,standard
1289,1403,2024-06-17,completed,standard
1290,13,2024-12-24,cancelled,standard
1291,329,2024-06-18,completed,same-day
1292,990,2025-09-21,completed,standard
1293,186,2025-09-25,completed,standard
1294,1546,2025-04-06,cancelled,standard
1295,833,2025-03-15,completed,standard
1296,831,2026-06-23,completed,standard
1297,571,2026-06-04,completed,standard
1298,859,2024-07-16,completed,express
1299,345,2026-02-16,completed,same-day
1300,365,2026-07-31,completed,standard
1301,260,2026-08-21,completed,same-day
1302,977,2025-07-10,completed,standard
1303,1013,2024-11-04,completed,same-day
1304,212,2026-01-06,completed,express
1305,1140,2026-07-15,completed,standard
1306,420,2025-11-03,completed,standard
1307,396,2026-02-01,completed,same-day
1308,1498,2025-06-19,completed,standard
1309,1620,2025-01-27,completed,express
1310,378,2025-07-24,completed,standard
1311,1967,2025-07-12,completed,standard
1312,1739,2025-01-26,completed,standard
1313,878,2025-05-11,completed,standard
1314,1826,2024-05-31,completed,standard
1315,209,2024-12-12,completed,standard
1316,1273,2025-12-21,completed,standard
1317,156,2026-02-02,cancelled,standard
1318,165,2026-01-18,completed,standard
1319,241,2026-07-22,completed,standard
1320,123,2025-08-10,completed,standard
1321,58,2025-04-26,completed,standard
1322,466,2025-08-07,completed,express
1323,973,2026-07-29,completed,express
1324,1519,2024-12-10,completed,standard
1325,19,2026-07-24,completed,express
1326,530,2025-10-19,completed,standard
1327,1911,2026-02-11,completed,standard
1328,1334,2026-02-02,completed,express
1329,1581,2025-11-06,completed,standard
1330,79,2026-01-18,completed,standard
1331,417,2025-07-03,completed,express
1332,1585,2024-08-31,completed,standard
1333,745,2024-07-10,completed,standard
1334,1048,2024-10-02,completed,standard
1335,1924,2024-03-28,completed,standard
1336,530,2024-09-08,completed,same-day
1337,975,2026-05-28,completed,express
1338,1511,2026-04-20,completed,express
1339,1210,2025-04-02,completed,standard
1340,667,2024-06-26,completed,standard
1341,1365,2025-10-29,completed,standard
1342,679,2026-06-08,completed,express
1343,625,2025-06-28,completed,standard
1344,475,2024-10-24,completed,standard
1345,715,2025-09-08,completed,standard
1346,792,2026-03-29,completed,standard
1347,1223,2026-04-27,completed,standard
1348,1951,2024-12-23,completed,standard
1349,1742,2024-05-22,completed,standard
1350,1614,2025-12-23,completed,standard
1351,5,2024-11-24,completed,same-day
1352,1737,2025-11-17,completed,same-day
1353,802,2024-08-08,cancelled,standard
1354,1670,2025-11-08,completed,standard
1355,1851,2026-05-17,completed,standard
1356,50,2024-05-20,completed,standard
1357,237,2025-09-03,completed,standard
1358,1068,2024-08-16,completed,express
1359,1903,2025-11-05,completed,standard
1360,1501,2024-09-01,completed,express
1361,493,2025-12-05,completed,standard
1362,903,2024-07-24,completed,express
1363,1373,2025-08-27,completed,standard
1364,1736,2026-07-12,completed,standard
1365,1036,2026-04-20,completed,standard
1366,1322,2026-01-06,completed,standard
1367,5,2024-04-28,completed,standard
1368,1276,2024-10-20,completed,standard
1369,1885,2026-03-03,completed,standard
1370,638,2026-07-25,completed,standard
1371,1268,2025-02-23,completed,standard
1372,1743,2026-06-21,returned,standard
1373,1941,2025-04-01,completed,standard
1374,1471,2025-01-09,completed,same-day
1375,1357,2025-05-23,completed,standard
1376,463,2025-04-16,completed,express
1377,972,2026-01-15,completed,standard
1378,1476,2025-01-21,cancelled,standard
1379,1591,2025-06-18,cancelled,standard
1380,688,2024-06-07,cancelled,express
1381,1879,2026-03-12,completed,standard
1382,1884,2025-01-11,completed,express
1383,952,2024-03-13,completed,express
1384,1318,2024-09-04,completed,express
1385,1404,2026-08-04,completed,standard
1386,193,2025-08-15,completed,standard
1387,764,2024-10-24,returned,standard
1388,1216,2024-12-22,returned,standard
1389,1425,2026-02-25,completed,standard
1390,1736,2026-04-07,completed,express
1391,1748,2025-03-06,completed,standard
1392,1572,2026-02-27,completed,express
1393,1436,2026-04-08,completed,standard
1394,61,2025-09-16,completed,express
1395,1005,2026-03-09,completed,standard
1396,168,2025-05-02,completed,express
1397,1664,2024-04-17,completed,standard
1398,1995,2025-09-08,cancelled,standard
1399,1975,2024-10-21,completed,standard
1400,935,2026-06-04,completed,standard
1401,1791,2026-05-01,completed,standard
1402,1911,2025-09-22,completed,standard
1403,967,2025-11-11,completed,standard
1404,1088,2026-05-04,completed,express
1405,482,2025-07-13,completed,express
1406,333,2026-01-31,completed,standard
1407,1889,2026-04-05,completed,express
1408,1404,2025-09-10,completed,express
1409,202,2025-05-18,completed,standard
1410,1989,2025-06-05,completed,express
1411,56,2025-10-02,completed,standard
1412,1858,2025-01-25,completed,standard
1413,646,2024-06-06,completed,same-day
1414,761,2025-10-26,completed,standard
1415,556,2025-11-03,completed,standard
1416,1440,2026-07-20,completed,same-day
1417,1334,2025-04-16,completed,standard
1418,1904,2026-03-11,completed,standard
1419,1343,2024-12-27,completed,standard
1420,1334,2026-03-26,completed,same-day
1421,1846,2025-08-11,completed,standard
1422,1268,2025-08-15,completed,same-day
1423,990,2024-06-18,completed,standard
1424,1593,2026-04-29,cancelled,standard
1425,658,2024-12-14,completed,same-day
1426,443,2025-12-09,returned,express
1427,1157,2026-03-01,completed,standard
1428,1849,2024-07-20,completed,standard
1429,123,2025-05-15,completed,standard
1430,679,2026-04-06,completed,standard
1431,1820,2025-06-24,cancelled,express
1432,1483,2026-03-25,cancelled,standard
1433,1450,2024-07-27,completed,express
1434,1308,2025-04-15,completed,standard
1435,1572,2025-09-19,completed,standard
1436,1934,2026-04-01,completed,express
1437,870,2025-05-31,completed,standard
1438,463,2026-06-27,returned,standard
1439,517,2026-02-21,completed,express
1440,578,2024-10-15,cancelled,same-day
1441,214,2024-10-11,cancelled,standard
1442,673,2025-09-19,completed,standard
1443,1188,2025-03-09,completed,standard
1444,369,2025-02-27,completed,same-day
1445,1885,2024-09-16,completed,same-day
1446,1150,2025-02-21,returned,standard
1447,247,2024-03-09,completed,standard
1448,621,2025-07-08,completed,standard
1449,753,2025-09-09,completed,express
1450,1473,2026-04-27,completed,express
1451,617,2026-05-23,completed,standard
1452,1185,2025-05-19,cancelled,same-day
1453,372,2026-01-25,completed,express
1454,769,2026-03-09,completed,standard
1455,845,2025-07-27,completed,standard
1456,1541,2024-12-05,completed,standard
1457,1596,2025-01-25,completed,standard
1458,1869,2026-03-03,completed,standard
1459,244,2025-06-19,completed,standard
1460,1329,2025-10-04,completed,express
1461,1186,2025-05-13,completed,standard
1462,205,2026-05-25,completed,express
1463,18,2025-05-13,completed,same-day
1464,1702,2025-11-19,completed,express
1465,626,2025-09-18,completed,standard
1466,1631,2026-03-01,completed,standard
1467,590,2026-07-30,completed,standard
1468,434,2026-01-12,completed,standard
1469,1360,2026-08-28,completed,standard
1470,287,2026-07-26,completed,standard
1471,561,2025-07-12,completed,same-day
1472,1492,2025-08-01,completed,standard
1473,1694,2026-06-06,completed,standard
1474,1654,2025-03-10,completed,standard
1475,67,2025-12-10,completed,standard
1476,634,2025-08-08,completed,express
1477,1012,2025-03-21,completed,standard
1478,1380,2025-05-13,completed,standard
1479,546,2026-05-21,completed,standard
1480,1692,2026-07-12,completed,same-day
1481,1152,2025-10-08,completed,standard
1482,1263,2026-05-29,completed,standard
1483,427,2024-09-08,completed,standard
1484,579,2025-11-04,completed,express
1485,1934,2026-01-25,completed,standard
1486,112,2026-05-17,completed,standard
1487,1621,2026-04-05,completed,standard
1488,299,2026-07-25,completed,express
1489,1436,2026-05-12,completed,standard
1490,1693,2025-02-16,completed,standard
1491,1870,2024-12-14,completed,standard
1492,445,2024-08-01,completed,standard
1493,1471,2025-07-28,completed,express
1494,1847,2026-06-16,completed,standard
1495,1550,2025-07-30,completed,standard
1496,1712,2026-03-30,completed,standard
1497,1454,2025-02-05,completed,standard
1498,594,2026-05-28,completed,same-day
1499,1628,2026-04-06,completed,standard
1500,1824,2025-09-29,completed,standard
1501,311,2025-08-12,completed,standard
1502,42,2026-02-16,completed,express
1503,778,2026-04-11,completed,standard
1504,843,2025-11-06,completed,standard
1505,947,2025-06-26,completed,express
1506,688,2026-03-12,completed,express
1507,776,2025-05-28,returned,standard
1508,139,2025-11-26,completed,express
1509,1453,2026-06-12,completed,express
1510,559,2024-08-24,completed,standard
1511,1847,2024-08-10,completed,standard
1512,1406,2025-10-07,completed,standard
1513,1101,2024-09-01,completed,standard
1514,187,2025-07-22,completed,standard
1515,640,2025-10-22,completed,standard
1516,1585,2024-12-10,completed,standard
1517,1728,2025-02-21,completed,standard
1518,103,2026-03-25,returned,standard
1519,1870,2026-06-26,completed,standard
1520,602,2025-03-03,completed,standard
1521,1310,2026-03-05,completed,standard
1522,1159,2025-06-13,completed,standard
1523,880,2025-08-28,cancelled,express
1524,968,2024-08-01,completed,same-day
1525,1793,2026-01-12,completed,standard
1526,415,2025-03-26,returned,standard
1527,1611,2026-07-09,completed,express
1528,385,2024-07-26,completed,same-day
1529,1302,2026-07-20,completed,standard
1530,716,2025-08-29,completed,standard
1531,1710,2026-02-21,completed,express
1532,195,2024-07-20,completed,standard
1533,1574,2025-12-22,completed,same-day
1534,1715,2024-07-04,completed,standard
1535,746,2025-06-15,completed,standard
1536,1966,2024-06-04,cancelled,same-day
1537,1360,2025-12-14,completed,standard
1538,329,2025-03-04,completed,standard
1539,107,2026-05-08,completed,standard
1540,703,2024-09-26,completed,standard
1541,948,2025-02-08,completed,standard
1542,1890,2024-03-01,completed,standard
1543,225,2025-04-11,completed,standard
1544,1038,2024-11-05,completed,standard
1545,670,2024-11-12,completed,standard
1546,864,2024-10-21,completed,express
1547,290,2026-03-23,completed,standard
1548,1445,2025-03-11,completed,standard
1549,485,2025-01-27,completed,standard
1550,229,2026-01-23,returned,standard
1551,788,2025-08-29,completed,express
1552,599,2026-04-05,cancelled,standard
1553,1195,2025-12-24,completed,same-day
1554,338,2026-07-07,completed,express
1555,1488,2024-04-03,completed,express
1556,1550,2025-10-06,completed,standard
1557,1983,2025-02-08,completed,express
1558,1343,2026-06-07,completed,standard
1559,172,2026-05-26,completed,standard
1560,929,2024-07-05,completed,standard
1561,1635,2025-09-06,completed,express
1562,758,2025-07-18,completed,standard
1563,1266,2025-03-04,completed,express
1564,887,2026-04-21,completed,standard
1565,23,2025-08-21,returned,standard
1566,223,2025-08-28,completed,standard
1567,236,2025-07-22,completed,standard
1568,1283,2025-02-20,completed,express
1569,1816,2026-08-15,completed,standard
1570,445,2025-09-02,completed,standard
1571,1178,2025-06-25,completed,standard
1572,1975,2026-02-12,completed,standard
1573,959,2025-11-29,completed,standard
1574,1392,2026-03-24,completed,standard
1575,182,2025-04-11,completed,standard
1576,1188,2025-02-24,completed,standard
1577,762,2025-03-22,completed,standard
1578,2000,2026-08-24,completed,same-day
1579,1409,2025-12-31,completed,express
1580,593,2025-03-06,completed,express
1581,241,2026-08-13,completed,standard
1582,643,2026-08-14,completed,express
1583,1429,2025-09-07,completed,standard
1584,1722,2026-08-03,completed,standard
1585,1082,2025-04-14,completed,standard
1586,808,2025-06-14,cancelled,standard
1587,1406,2026-04-13,completed,standard
1588,781,2024-05-10,completed,standard
1589,1634,2026-06-11,completed,express
1590,1568,2026-05-05,completed,standard
1591,1067,2026-02-16,completed,same-day
1592,122,2024-11-09,completed,express
1593,1673,2025-10-25,completed,standard
1594,1085,2026-04-10,cancelled,standard
1595,1636,2024-09-15,completed,standard
1596,1303,2026-06-02,completed,standard
1597,1505,2024-05-24,completed,standard
1598,410,2026-05-25,completed,express
1599,1319,2025-01-28,cancelled,standard
1600,225,2025-11-24,completed,express
1601,1722,2026-08-09,completed,express
1602,1396,2026-03-14,completed,express
1603,10,2025-12-16,completed,standard
1604,891,2026-03-26,completed,same-day
1605,623,2024-08-27,completed,same-day
1606,76,2024-09-02,completed,standard
1607,1154,2026-08-27,completed,same-day
1608,1306,2025-02-28,completed,standard
1609,168,2025-01-05,completed,express
1610,512,2025-03-20,completed,standard
1611,1504,2025-11-21,cancelled,standard
1612,163,2025-12-26,completed,standard
1613,241,2025-09-10,completed,standard
1614,593,2026-01-10,completed,standard
1615,1934,2024-03-27,completed,standard
1616,337,2025-04-13,completed,standard
1617,1955,2025-03-31,completed,standard
1618,1318,2025-08-10,completed,standard
1619,493,2026-01-10,completed,express
1620,88,2025-04-13,completed,standard
1621,1892,2026-04-26,completed,standard
1622,1810,2025-02-02,completed,standard
1623,583,2025-08-30,completed,standard
1624,1074,2026-05-03,completed,standard
1625,274,2025-04-25,returned,standard
1626,986,2026-05-08,completed,express
1627,621,2026-01-30,completed,standard
1628,1821,2024-10-14,completed,standard
1629,1995,2025-12-11,completed,express
1630,1214,2026-03-27,completed,standard
1631,1028,2024-09-22,completed,express
1632,1379,2025-12-30,completed,standard
1633,1327,2026-02-10,completed,express
1634,86,2024-10-04,completed,standard
1635,71,2025-05-05,completed,standard
1636,278,2026-01-09,completed,same-day
1637,1710,2024-01-21,completed,same-day
1638,425,2026-08-06,completed,express
1639,260,2024-09-22,completed,standard
1640,1108,2026-07-29,completed,standard
1641,1187,2025-01-12,completed,standard
1642,552,2024-04-28,completed,standard
1643,1458,2025-07-09,completed,standard
1644,842,2025-07-07,completed,express
1645,1104,2026-04-03,completed,same-day
1646,519,2025-09-25,completed,standard
1647,1299,2025-10-03,completed,standard
1648,318,2026-02-10,completed,standard
1649,912,2025-07-11,completed,express
1650,1890,2024-07-05,completed,standard
1651,1354,2026-02-10,completed,standard
1652,1882,2026-04-08,completed,standard
1653,280,2026-04-08,completed,standard
1654,402,2026-04-11,completed,same-day
1655,1259,2024-10-09,completed,express
1656,538,2025-10-11,completed,express
1657,1267,2024-08-07,completed,standard
1658,1291,2026-02-24,completed,standard
1659,1431,2024-11-15,completed,standard
1660,1132,2024-04-18,returned,standard
1661,1296,2025-11-08,completed,standard
1662,1029,2025-12-26,completed,express
1663,320,2026-07-28,completed,standard
1664,1640,2024-09-05,completed,same-day
1665,627,2025-07-18,completed,same-day
1666,1578,2025-10-26,completed,standard
1667,751,2026-05-08,completed,same-day
1668,1928,2025-03-25,completed,same-day
1669,491,2026-07-14,completed,standard
1670,539,2025-01-25,completed,standard
1671,1070,2024-02-04,completed,express
1672,1369,2025-11-20,completed,standard
1673,812,2026-03-30,cancelled,standard
1674,651,2026-08-17,completed,standard
1675,171,2025-10-22,completed,standard
1676,1819,2025-03-02,completed,same-day
1677,1555,2025-03-27,completed,standard
1678,286,2025-06-19,cancelled,standard
1679,1597,2025-09-09,completed,standard
1680,546,2026-04-17,cancelled,standard
1681,188,2026-03-22,completed,standard
1682,1958,2025-04-20,completed,standard
1683,440,2026-06-18,completed,express
1684,1904,2024-09-29,completed,standard
1685,1566,2026-08-21,completed,same-day
1686,239,2026-01-15,completed,standard
1687,1060,2026-04-25,completed,standard
1688,1746,2024-11-16,completed,same-day
1689,1181,2026-07-19,completed,express
1690,1615,2025-05-29,completed,standard
1691,183,2025-08-19,completed,standard
1692,689,2026-08-20,completed,standard
1693,1149,2025-12-30,completed,standard
1694,559,2026-08-15,completed,express
1695,540,2025-08-24,completed,standard
1696,190,2025-02-19,completed,standard
1697,91,2026-06-18,completed,standard
1698,630,2025-02-18,completed,standard
1699,1501,2024-05-06,completed,standard
1700,354,2025-01-04,completed,standard
1701,1614,2025-04-08,completed,standard
1702,1357,2026-01-22,completed,standard
1703,1580,2026-05-04,completed,standard
1704,1108,2024-04-06,completed,standard
1705,1760,2025-07-20,completed,standard
1706,804,2025-04-02,completed,standard
1707,1188,2025-11-13,completed,standard
1708,517,2026-02-12,cancelled,standard
1709,1375,2026-05-16,cancelled,same-day
1710,1428,2025-04-10,completed,standard
1711,1317,2025-02-12,completed,express
1712,279,2026-05-19,completed,express
1713,1140,2025-03-09,completed,express
1714,534,2025-11-10,completed,express
1715,1837,2025-08-15,completed,standard
1716,1279,2025-01-30,completed,express
1717,731,2024-09-03,completed,standard
1718,1554,2025-08-18,completed,standard
1719,1358,2025-12-05,completed,standard
1720,834,2025-11-21,completed,express
1721,916,2025-01-27,completed,express
1722,874,2024-12-04,cancelled,express
1723,699,2025-06-19,completed,standard
1724,938,2025-12-14,completed,standard
1725,568,2026-04-29,completed,standard
1726,1906,2026-05-06,completed,standard
1727,1049,2026-05-02,completed,standard
1728,1439,2025-06-04,completed,standard
1729,1848,2025-01-14,completed,standard
1730,454,2025-06-12,completed,standard
1731,1271,2025-10-06,completed,express
1732,167,2024-11-09,completed,standard
1733,606,2026-03-18,completed,standard
1734,1539,2025-08-24,cancelled,standard
1735,1688,2026-04-06,completed,standard
1736,1270,2025-07-29,completed,express
1737,149,2026-05-10,returned,standard
1738,476,2024-05-02,completed,standard
1739,180,2025-02-20,completed,standard
1740,1155,2026-07-27,completed,standard
1741,163,2025-11-03,completed,standard
1742,565,2025-10-25,completed,express
1743,1859,2025-11-06,completed,standard
1744,1618,2025-10-04,completed,standard
1745,22,2025-11-12,completed,standard
1746,1896,2025-05-21,cancelled,standard
1747,1355,2024-07-28,completed,express
1748,1865,2026-01-16,completed,same-day
1749,267,2024-09-20,completed,same-day
1750,1005,2024-03-02,completed,standard
1751,1371,2025-07-08,completed,standard
1752,1355,2026-07-23,completed,standard
1753,1071,2024-07-04,completed,standard
1754,241,2025-12-14,completed,standard
1755,27,2025-11-11,cancelled,express
1756,373,2025-08-29,completed,standard
1757,1662,2026-08-23,completed,standard
1758,15,2025-02-21,completed,standard
1759,848,2026-01-07,completed,standard
1760,1075,2026-05-05,completed,standard
1761,682,2026-08-24,cancelled,standard
1762,1991,2026-05-07,completed,standard
1763,1324,2025-07-14,cancelled,standard
1764,1841,2025-08-24,completed,standard
1765,1999,2025-11-27,completed,standard
1766,1890,2026-04-12,completed,standard
1767,1370,2025-02-15,completed,standard
1768,81,2026-05-05,returned,express
1769,894,2024-11-29,completed,express
1770,329,2024-12-27,completed,standard
1771,1861,2026-07-08,cancelled,standard
1772,1525,2026-06-08,completed,same-day
1773,1808,2025-04-10,completed,standard
1774,343,2026-07-16,completed,express
1775,726,2026-07-05,completed,standard
1776,258,2026-07-22,completed,express
1777,698,2025-10-28,completed,standard
1778,98,2026-07-25,returned,standard
1779,1000,2025-04-08,completed,standard
1780,334,2026-05-13,completed,standard
1781,1941,2025-03-20,completed,standard
1782,669,2025-05-03,completed,standard
1783,1359,2024-07-21,completed,same-day
1784,1663,2025-05-22,completed,standard
1785,1699,2026-07-30,completed,standard
1786,1714,2026-06-21,completed,same-day
1787,575,2025-04-08,completed,express
1788,970,2025-12-16,completed,standard
1789,528,2026-08-21,completed,standard
1790,4,2025-03-17,completed,same-day
1791,1263,2026-05-24,completed,express
1792,781,2025-05-12,completed,standard
1793,1847,2026-07-25,completed,standard
1794,1858,2024-11-11,completed,standard
1795,1919,2024-07-27,cancelled,standard
1796,1038,2025-09-24,completed,express
1797,1783,2026-03-26,completed,standard
1798,1872,2026-07-24,completed,standard
1799,1782,2025-07-07,completed,standard
1800,1693,2026-02-17,completed,same-day
1801,109,2024-10-31,completed,standard
1802,11,2025-08-16,completed,standard
1803,920,2025-08-29,completed,standard
1804,593,2026-01-30,completed,standard
1805,206,2026-02-17,completed,standard
1806,691,2025-05-31,completed,standard
1807,1445,2024-10-09,completed,standard
1808,803,2024-07-22,completed,standard
1809,18,2025-06-22,completed,standard
1810,859,2025-01-17,completed,standard
1811,388,2026-03-31,completed,express
1812,1065,2025-11-19,completed,standard
1813,1796,2024-06-18,completed,same-day
1814,820,2024-07-23,completed,standard
1815,1826,2026-01-12,returned,standard
1816,13,2024-07-01,completed,standard
1817,1537,2026-06-05,completed,standard
1818,496,2025-11-12,completed,standard
1819,941,2025-11-21,completed,standard
1820,742,2026-04-07,returned,standard
1821,720,2025-01-23,completed,express
1822,1781,2024-09-01,completed,standard
1823,1079,2025-01-11,completed,standard
1824,538,2026-01-02,returned,standard
1825,1978,2025-07-27,completed,standard
1826,1313,2025-10-17,completed,standard
1827,875,2025-08-24,completed,standard
1828,274,2026-01-28,completed,express
1829,1492,2024-04-14,completed,standard
1830,11,2025-11-09,completed,standard
1831,1763,2024-08-30,completed,express
1832,1421,2025-11-02,completed,express
1833,212,2026-08-15,cancelled,same-day
1834,564,2025-07-10,completed,standard
1835,259,2024-07-30,completed,standard
1836,839,2024-03-31,completed,standard
1837,655,2026-06-25,completed,standard
1838,61,2025-06-03,completed,standard
1839,1335,2025-08-02,completed,standard
1840,1896,2025-05-16,completed,same-day
1841,1920,2026-04-26,completed,standard
1842,1967,2025-04-25,completed,same-day
1843,229,2025-07-04,completed,express
1844,983,2026-08-08,completed,express
1845,1000,2024-11-22,completed,standard
1846,1364,2026-07-03,completed,standard
1847,247,2024-12-19,completed,standard
1848,1500,2024-10-09,cancelled,standard
1849,1561,2025-05-10,completed,express
1850,795,2025-07-02,completed,express
1851,1452,2026-05-28,completed,standard
1852,1480,2025-08-27,completed,standard
1853,1650,2024-10-03,completed,standard
1854,254,2025-12-08,completed,express
1855,1917,2026-01-20,completed,standard
1856,1587,2025-08-14,completed,express
1857,243,2026-05-04,completed,standard
1858,681,2024-03-29,completed,standard
1859,27,2025-05-06,completed,standard
1860,1370,2026-03-02,completed,standard
1861,101,2026-08-02,completed,standard
1862,1659,2026-03-01,completed,standard
1863,857,2026-05-27,completed,express
1864,1196,2026-02-11,completed,standard
1865,16,2025-08-11,completed,standard
1866,961,2024-09-18,completed,standard
1867,559,2024-08-31,completed,standard
1868,160,2025-10-22,completed,express
1869,855,2026-05-20,completed,express
1870,1237,2024-08-17,completed,standard
1871,1458,2025-08-01,completed,standard
1872,366,2025-09-04,completed,standard
1873,557,2026-08-20,returned,standard
1874,221,2026-02-08,completed,standard
1875,526,2025-02-18,completed,standard
1876,1406,2026-02-13,completed,standard
1877,1335,2025-06-04,completed,standard
1878,855,2025-10-12,completed,standard
1879,948,2026-05-01,completed,same-day
1880,1566,2024-03-28,completed,express
1881,197,2026-05-23,completed,express
1882,1460,2026-06-29,completed,standard
1883,1223,2025-02-26,completed,standard
1884,370,2025-12-31,completed,standard
1885,1708,2025-06-19,cancelled,standard
1886,1258,2025-10-12,completed,standard
1887,291,2026-03-12,completed,same-day
1888,233,2026-07-28,completed,express
1889,800,2026-01-28,cancelled,standard
1890,546,2024-07-28,completed,standard
1891,378,2026-05-22,completed,standard
1892,285,2024-06-15,completed,express
1893,33,2026-07-28,completed,express
1894,395,2025-07-29,completed,standard
1895,1726,2025-04-26,completed,express
1896,754,2026-06-20,completed,standard
1897,1057,2025-11-23,completed,express
1898,1405,2026-06-01,completed,standard
1899,1960,2026-04-09,completed,standard
1900,440,2026-02-24,completed,standard
1901,849,2025-10-12,completed,express
1902,118,2025-04-11,completed,standard
1903,850,2025-08-21,completed,standard
1904,99,2024-11-12,cancelled,standard
1905,211,2024-05-16,completed,standard
1906,719,2026-04-03,completed,express
1907,1886,2025-11-13,completed,standard
1908,1425,2026-04-30,completed,standard
1909,490,2026-04-30,completed,express
1910,1787,2025-06-13,completed,standard
1911,356,2024-06-18,completed,standard
1912,1,2026-05-06,completed,standard
1913,1323,2024-06-30,completed,standard
1914,636,2024-11-06,completed,standard
1915,565,2026-03-08,completed,standard
1916,556,2025-06-03,completed,standard
1917,1214,2026-03-31,completed,standard
1918,859,2025-09-24,cancelled,express
1919,502,2026-08-27,cancelled,standard
1920,989,2026-07-09,completed,standard
1921,662,2024-02-07,completed,standard
1922,214,2025-02-01,completed,express
1923,1340,2025-02-22,completed,express
1924,1367,2024-06-24,completed,standard
1925,1539,2025-03-12,completed,standard
1926,252,2026-06-30,completed,standard
1927,713,2025-03-31,completed,standard
1928,1621,2024-11-24,completed,standard
1929,1483,2024-12-23,completed,standard
1930,1181,2025-09-13,completed,express
1931,1210,2025-01-14,completed,express
1932,473,2024-08-14,completed,express
1933,550,2026-08-17,completed,standard
1934,1173,2026-01-03,completed,standard
1935,168,2026-02-07,completed,standard
1936,204,2025-07-26,completed,standard
1937,1259,2025-01-09,completed,express
1938,1202,2025-10-30,completed,standard
1939,78,2024-08-08,completed,express
1940,1939,2026-04-01,completed,same-day
1941,1764,2025-12-01,completed,express
1942,1634,2024-11-14,completed,standard
1943,379,2026-01-29,completed,express
1944,888,2024-02-14,completed,standard
1945,189,2024-11-20,completed,express
1946,1885,2026-04-14,returned,standard
1947,1240,2026-04-29,completed,standard
1948,597,2024-01-31,completed,standard
1949,949,2026-07-30,completed,standard
1950,1519,2024-12-04,completed,standard
1951,1073,2026-02-09,completed,standard
1952,301,2024-10-04,completed,standard
1953,247,2026-07-07,returned,standard
1954,833,2024-12-27,completed,express
1955,1425,2026-08-28,completed,standard
1956,1780,2025-04-20,completed,standard
1957,1515,2025-10-22,cancelled,standard
1958,1690,2025-10-01,completed,express
1959,1126,2025-01-05,completed,express
1960,686,2025-07-05,completed,standard
1961,724,2025-02-02,completed,standard
1962,1259,2025-03-02,completed,standard
1963,225,2025-05-03,completed,standard
1964,869,2025-08-29,completed,standard
1965,969,2026-08-20,completed,standard
1966,1055,2024-08-30,returned,standard
1967,1906,2025-07-21,completed,standard
1968,1584,2025-10-22,completed,standard
1969,326,2026-08-21,completed,standard
1970,547,2026-01-22,completed,standard
1971,1936,2024-02-05,completed,standard
1972,574,2026-06-08,completed,standard
1973,1912,2025-04-02,completed,standard
1974,118,2024-09-10,completed,express
1975,1947,2026-06-23,completed,express
1976,373,2026-02-18,completed,standard
1977,1628,2026-07-22,completed,same-day
1978,999,2026-08-26,completed,express
1979,1071,2026-06-10,completed,standard
1980,1033,2024-11-04,completed,standard
1981,147,2026-07-13,completed,express
1982,872,2025-10-03,completed,express
1983,1025,2024-11-16,completed,standard
1984,1130,2026-01-13,completed,same-day
1985,773,2026-06-21,completed,express
1986,1216,2025-02-07,cancelled,standard
1987,408,2026-01-16,completed,standard
1988,7,2025-10-23,cancelled,express
1989,1148,2026-04-08,completed,express
1990,1187,2026-07-01,completed,standard
1991,18,2025-11-17,completed,standard
1992,1857,2025-03-09,completed,standard
1993,1032,2025-05-26,completed,standard
1994,1016,2025-03-10,completed,same-day
1995,1442,2026-02-18,completed,standard
1996,516,2026-01-20,completed,same-day
1997,1702,2024-11-15,completed,standard
1998,589,2026-01-12,completed,standard
1999,537,2026-04-10,returned,standard
2000,229,2025-06-19,completed,standard
2001,443,2024-12-20,completed,same-day
2002,1073,2026-08-06,completed,standard
2003,579,2025-08-18,cancelled,standard
2004,1280,2025-07-06,completed,express
2005,1885,2026-08-20,cancelled,standard
2006,552,2024-03-27,completed,express
2007,258,2025-11-30,completed,same-day
2008,1743,2026-08-16,completed,same-day
2009,99,2025-05-14,completed,standard
2010,1959,2024-12-03,completed,standard
2011,1979,2026-07-27,completed,express
2012,415,2024-08-25,completed,standard
2013,223,2025-11-15,completed,express
2014,1298,2024-12-12,cancelled,standard
2015,1266,2024-10-18,completed,standard
2016,1947,2025-12-12,completed,standard
2017,642,2025-11-12,completed,standard
2018,1892,2026-06-03,completed,standard
2019,1764,2025-06-01,completed,standard
2020,527,2025-10-27,completed,same-day
2021,259,2026-05-04,completed,standard
2022,1795,2024-06-18,completed,standard
2023,586,2025-07-08,completed,standard
2024,1971,2026-03-13,completed,standard
2025,1252,2026-04-26,completed,standard
2026,21,2024-09-25,completed,standard
2027,702,2025-12-14,cancelled,express
2028,1460,2025-12-01,completed,standard
2029,555,2025-01-27,completed,standard
2030,511,2026-06-04,completed,standard
2031,30,2024-05-04,cancelled,standard
2032,1316,2025-12-28,completed,express
2033,1733,2026-03-30,completed,standard
2034,1879,2026-08-22,completed,standard
2035,1171,2024-07-07,completed,standard
2036,1446,2026-03-14,completed,express
2037,1379,2025-04-25,completed,express
2038,1892,2024-08-01,completed,standard
2039,513,2025-07-22,completed,same-day
2040,1253,2026-05-19,completed,standard
2041,1210,2026-05-05,completed,standard
2042,407,2026-05-04,completed,standard
2043,880,2026-06-24,returned,express
2044,641,2025-08-12,completed,standard
2045,403,2026-08-05,completed,standard
2046,1259,2025-08-08,completed,express
2047,1715,2024-06-10,returned,standard
2048,785,2025-09-21,completed,same-day
2049,889,2024-08-07,completed,express
2050,1459,2025-04-21,cancelled,standard
2051,864,2026-08-10,completed,standard
2052,289,2024-08-06,completed,express
2053,959,2025-05-12,completed,standard
2054,1000,2025-03-27,completed,standard
2055,919,2026-01-19,completed,standard
2056,1630,2026-05-04,completed,express
2057,345,2025-09-30,completed,standard
2058,1144,2025-03-28,completed,standard
2059,1887,2025-05-11,completed,standard
2060,354,2025-10-21,returned,standard
2061,559,2024-11-19,completed,standard
2062,616,2024-04-11,completed,express
2063,1766,2025-06-04,completed,standard
2064,1634,2025-01-03,completed,same-day
2065,1377,2026-05-19,completed,same-day
2066,367,2024-08-17,returned,same-day
2067,280,2026-08-28,completed,express
2068,849,2026-03-28,completed,express
2069,910,2024-03-09,returned,standard
2070,1291,2025-07-04,completed,standard
2071,803,2024-05-30,completed,standard
2072,1448,2026-08-02,completed,standard
2073,268,2025-10-16,completed,standard
2074,1499,2026-03-29,completed,standard
2075,24,2025-05-18,cancelled,express
2076,192,2025-12-26,completed,standard
2077,762,2026-04-26,completed,same-day
2078,211,2026-02-27,completed,express
2079,27,2026-05-02,completed,express
2080,1660,2026-06-03,completed,standard
2081,1870,2024-06-19,completed,standard
2082,256,2025-10-13,completed,standard
2083,1538,2026-05-07,completed,standard
2084,535,2026-02-18,completed,standard
2085,1879,2024-09-11,completed,standard
2086,1199,2026-06-15,completed,standard
2087,1587,2025-06-29,completed,standard
2088,18,2025-09-02,completed,standard
2089,1585,2024-03-28,completed,standard
2090,1091,2026-01-23,completed,express
2091,1635,2026-05-11,completed,standard
2092,1703,2025-06-15,completed,standard
2093,164,2026-02-17,completed,standard
2094,273,2024-12-22,completed,same-day
2095,1517,2025-06-26,completed,standard
2096,1781,2024-04-27,completed,standard
2097,1630,2026-05-27,completed,standard
2098,609,2025-09-18,completed,standard
2099,959,2024-10-28,completed,standard
2100,483,2025-10-18,completed,standard
2101,1093,2026-03-07,completed,same-day
2102,534,2025-01-20,completed,standard
2103,1093,2026-05-28,completed,standard
2104,42,2025-09-13,completed,standard
2105,85,2026-03-18,completed,standard
2106,1094,2025-05-23,completed,standard
2107,196,2026-02-15,completed,standard
2108,1768,2026-08-05,returned,standard
2109,828,2025-06-02,completed,same-day
2110,2,2026-08-03,completed,standard
2111,444,2025-03-13,completed,standard
2112,449,2024-02-15,completed,standard
2113,764,2025-03-04,completed,standard
2114,698,2025-09-27,completed,standard
2115,569,2024-12-22,completed,express
2116,1843,2026-08-02,completed,standard
2117,1370,2024-12-01,completed,standard
2118,1375,2025-11-21,completed,express
2119,1432,2025-05-28,completed,express
2120,1803,2025-02-23,cancelled,standard
2121,990,2026-05-07,completed,express
2122,1982,2025-02-01,completed,standard
2123,445,2024-10-29,completed,standard
2124,1914,2024-03-11,completed,standard
2125,558,2026-07-28,returned,express
2126,149,2026-01-16,completed,express
2127,661,2026-01-03,completed,standard
2128,713,2026-06-08,completed,standard
2129,1851,2026-04-08,completed,same-day
2130,164,2026-01-22,completed,same-day
2131,83,2024-08-12,completed,express
2132,297,2025-02-17,completed,standard
2133,854,2025-05-28,completed,express
2134,663,2024-04-16,completed,standard
2135,355,2024-07-06,completed,standard
2136,848,2024-03-15,completed,standard
2137,1783,2025-09-13,completed,express
2138,1376,2024-05-16,cancelled,standard
2139,1250,2025-01-11,completed,standard
2140,569,2025-08-26,completed,standard
2141,1746,2026-01-21,completed,express
2142,540,2025-04-04,completed,standard
2143,1006,2026-06-25,completed,standard
2144,729,2025-05-29,completed,standard
2145,529,2025-09-23,completed,standard
2146,1814,2025-08-29,completed,standard
2147,1599,2025-10-10,completed,standard
2148,1580,2024-12-06,completed,standard
2149,1721,2025-01-30,completed,standard
2150,1956,2025-08-05,completed,standard
2151,1555,2026-07-30,completed,standard
2152,286,2024-08-10,completed,express
2153,288,2024-04-27,completed,standard
2154,890,2026-08-26,completed,standard
2155,1595,2025-10-06,completed,standard
2156,1954,2024-04-17,completed,express
2157,1628,2025-08-06,completed,standard
2158,218,2026-03-24,completed,standard
2159,852,2025-01-28,completed,standard
2160,1453,2025-10-31,completed,express
2161,283,2024-12-25,completed,same-day
2162,639,2025-03-16,completed,standard
2163,247,2025-11-08,completed,standard
2164,1532,2025-08-16,completed,express
2165,698,2024-08-17,completed,standard
2166,996,2025-05-05,completed,standard
2167,964,2026-02-09,completed,standard
2168,1948,2026-04-27,completed,standard
2169,1202,2025-08-24,completed,standard
2170,1273,2026-04-20,completed,express
2171,271,2025-11-27,completed,standard
2172,1888,2024-04-05,completed,standard
2173,1843,2025-01-19,completed,express
2174,760,2025-03-17,returned,standard
2175,1104,2025-12-09,completed,standard
2176,1084,2026-05-09,completed,standard
2177,992,2025-07-31,completed,standard
2178,1079,2026-06-11,completed,express
2179,456,2025-01-22,cancelled,standard
2180,162,2025-05-09,completed,standard
2181,1432,2025-05-26,completed,express
2182,1061,2026-02-23,completed,standard
2183,1551,2025-07-14,completed,same-day
2184,1623,2026-06-14,completed,standard
2185,434,2025-04-30,completed,standard
2186,168,2025-04-22,completed,standard
2187,715,2025-01-09,cancelled,standard
2188,401,2026-04-09,completed,express
2189,1698,2026-02-19,completed,standard
2190,716,2025-09-01,completed,standard
2191,949,2025-05-18,completed,standard
2192,259,2025-02-16,completed,same-day
2193,212,2025-10-21,completed,standard
2194,1822,2025-06-21,completed,standard
2195,714,2026-08-22,completed,same-day
2196,1694,2025-07-20,completed,express
2197,1557,2024-10-29,completed,standard
2198,274,2026-04-16,completed,standard
2199,920,2024-10-15,completed,standard
2200,1670,2026-05-31,completed,express
2201,1107,2026-04-24,completed,express
2202,1862,2025-08-06,completed,standard
2203,839,2024-12-23,completed,standard
2204,416,2025-03-16,completed,standard
2205,445,2026-05-19,completed,express
2206,1492,2026-08-09,completed,express
2207,225,2025-03-30,completed,standard
2208,1397,2025-06-18,completed,standard
2209,279,2025-03-29,returned,standard
2210,1466,2026-06-15,cancelled,express
2211,1398,2025-01-16,completed,standard
2212,847,2026-05-04,completed,standard
2213,103,2026-08-12,completed,standard
2214,203,2026-04-14,completed,standard
2215,1168,2024-03-29,completed,standard
2216,953,2026-04-11,completed,standard
2217,1190,2026-01-17,completed,standard
2218,309,2025-02-08,completed,standard
2219,286,2025-03-03,completed,standard
2220,277,2026-08-04,completed,standard
2221,485,2026-04-07,completed,standard
2222,25,2026-04-11,completed,standard
2223,1661,2025-01-26,returned,standard
2224,830,2025-12-01,completed,same-day
2225,1528,2025-05-24,completed,express
2226,940,2026-06-04,completed,standard
2227,275,2026-03-17,completed,express
2228,1062,2024-02-02,completed,standard
2229,1896,2025-08-23,completed,express
2230,940,2026-01-31,completed,standard
2231,1445,2026-08-19,completed,standard
2232,885,2026-04-27,completed,express
2233,1290,2026-01-11,completed,standard
2234,26,2024-06-25,completed,standard
2235,213,2025-12-30,completed,same-day
2236,115,2025-11-27,completed,standard
2237,1286,2024-02-11,completed,standard
2238,1209,2024-06-27,cancelled,standard
2239,341,2026-06-06,completed,standard
2240,313,2026-08-22,completed,standard
2241,787,2025-08-29,completed,standard
2242,845,2024-11-21,completed,standard
2243,1895,2025-08-30,completed,express
2244,908,2025-08-29,completed,standard
2245,1425,2025-05-06,completed,express
2246,515,2026-05-25,completed,express
2247,1149,2025-05-02,completed,standard
2248,607,2026-04-23,completed,standard
2249,451,2025-05-30,completed,express
2250,1863,2026-05-13,completed,standard
2251,542,2026-06-11,completed,express
2252,177,2026-06-20,completed,standard
2253,749,2026-02-11,completed,same-day
2254,1903,2025-07-19,completed,standard
2255,1484,2026-07-02,returned,express
2256,798,2026-05-18,completed,standard
2257,106,2025-04-08,completed,standard
2258,778,2025-05-26,completed,standard
2259,1642,2024-08-15,completed,standard
2260,1952,2025-09-18,completed,standard
2261,1211,2026-01-18,completed,standard
2262,150,2026-01-01,cancelled,express
2263,1389,2026-07-09,completed,express
2264,955,2026-06-06,completed,express
2265,1306,2025-11-08,completed,standard
2266,808,2025-01-22,cancelled,standard
2267,754,2026-02-19,cancelled,standard
2268,105,2024-08-23,completed,standard
2269,735,2025-04-08,completed,standard
2270,846,2025-09-20,completed,same-day
2271,539,2025-11-18,completed,standard
2272,200,2024-09-04,cancelled,standard
2273,717,2026-07-09,completed,standard
2274,1557,2025-08-05,completed,express
2275,665,2026-07-26,completed,standard
2276,475,2025-09-03,completed,standard
2277,316,2025-08-29,completed,express
2278,204,2026-05-04,completed,standard
2279,418,2025-04-29,completed,standard
2280,22,2025-08-14,completed,express
2281,1819,2026-07-12,completed,same-day
2282,367,2026-06-20,completed,standard
2283,398,2024-09-14,completed,standard
2284,1858,2026-07-26,completed,standard
2285,476,2025-09-01,completed,express
2286,164,2026-02-11,completed,standard
2287,1145,2024-11-19,completed,standard
2288,86,2025-11-21,completed,standard
2289,1974,2025-10-22,cancelled,standard
2290,971,2026-02-03,completed,standard
2291,92,2024-01-03,completed,standard
2292,179,2024-11-20,completed,express
2293,611,2026-08-22,completed,express
2294,1960,2024-09-19,completed,standard
2295,1501,2025-08-21,completed,standard
2296,1918,2026-05-21,completed,standard
2297,1008,2026-04-11,completed,standard
2298,623,2025-12-23,completed,standard
2299,775,2025-08-30,returned,express
2300,703,2026-05-11,completed,standard
2301,251,2025-09-24,completed,standard
2302,1349,2025-12-18,completed,same-day
2303,655,2024-05-25,completed,express
2304,1791,2026-07-15,completed,standard
2305,1015,2025-10-14,completed,standard
2306,1012,2025-05-30,completed,standard
2307,1548,2025-11-25,completed,express
2308,46,2026-08-27,cancelled,express
2309,1594,2025-05-23,completed,standard
2310,953,2025-12-31,returned,standard
2311,1734,2026-07-04,completed,standard
2312,72,2025-09-01,completed,express
2313,314,2025-05-18,completed,standard
2314,1366,2024-06-23,completed,express
2315,153,2024-08-02,completed,standard
2316,1252,2025-05-02,completed,standard
2317,1906,2025-06-26,cancelled,standard
2318,459,2025-06-11,completed,standard
2319,427,2024-05-31,completed,standard
2320,1363,2025-10-11,completed,standard
2321,276,2024-05-10,completed,standard
2322,1439,2024-09-09,completed,standard
2323,1989,2025-03-28,completed,standard
2324,1011,2026-06-22,completed,standard
2325,1986,2026-04-20,completed,express
2326,1219,2026-08-27,completed,standard
2327,1054,2026-07-31,completed,standard
2328,1535,2026-08-11,completed,standard
2329,892,2026-07-05,completed,standard
2330,254,2024-12-29,completed,same-day
2331,578,2026-05-30,completed,standard
2332,1248,2025-11-21,completed,standard
2333,1881,2026-02-17,completed,express
2334,77,2026-04-08,returned,standard
2335,1427,2026-08-10,completed,standard
2336,1367,2024-10-07,completed,standard
2337,474,2024-07-23,returned,standard
2338,1996,2026-08-30,completed,standard
2339,1216,2026-03-03,completed,standard
2340,1917,2026-08-05,completed,standard
2341,1139,2025-01-03,completed,standard
2342,1991,2026-04-27,completed,standard
2343,187,2024-05-11,completed,express
2344,29,2025-03-15,completed,express
2345,1530,2024-06-13,completed,express
2346,614,2025-11-14,completed,standard
2347,1732,2024-05-25,completed,express
2348,1596,2024-01-16,completed,standard
2349,1787,2026-02-10,completed,express
2350,1006,2025-10-30,completed,standard
2351,909,2025-03-01,completed,standard
2352,332,2026-05-17,completed,standard
2353,588,2026-04-04,completed,standard
2354,131,2026-05-22,returned,standard
2355,1157,2026-04-12,completed,same-day
2356,699,2024-04-09,completed,standard
2357,138,2024-12-25,completed,same-day
2358,1423,2025-02-12,completed,standard
2359,921,2026-07-27,returned,standard
2360,1974,2024-06-21,completed,express
2361,1957,2025-09-06,completed,standard
2362,1524,2026-03-10,completed,standard
2363,880,2024-12-21,completed,standard
2364,1849,2024-11-15,completed,standard
2365,1881,2025-10-20,completed,standard
2366,1945,2025-09-22,completed,standard
2367,981,2025-05-22,completed,standard
2368,718,2025-10-21,completed,standard
2369,567,2026-07-07,completed,standard
2370,816,2026-07-16,completed,standard
2371,1241,2026-07-28,completed,standard
2372,1362,2025-12-02,completed,standard
2373,878,2026-03-23,completed,standard
2374,1032,2025-08-30,completed,standard
2375,1250,2026-08-03,completed,standard
2376,622,2026-02-13,completed,standard
2377,161,2025-07-24,completed,same-day
2378,824,2025-10-09,completed,same-day
2379,899,2025-01-05,completed,standard
2380,1750,2026-03-18,completed,standard
2381,1983,2026-06-13,completed,express
2382,82,2024-12-25,completed,standard
2383,1955,2025-02-18,returned,standard
2384,108,2025-12-07,completed,standard
2385,1584,2026-01-04,completed,standard
2386,1404,2026-03-17,completed,standard
2387,1127,2024-09-08,completed,standard
2388,303,2025-12-05,completed,standard
2389,202,2024-12-27,completed,express
2390,745,2026-08-06,completed,express
2391,1145,2025-09-01,completed,standard
2392,1705,2024-08-14,completed,standard
2393,441,2025-03-16,completed,standard
2394,1744,2025-11-23,completed,express
2395,1341,2024-10-02,completed,express
2396,690,2025-12-28,completed,standard
2397,938,2024-03-03,completed,standard
2398,1076,2024-11-02,completed,standard
2399,1635,2025-05-06,completed,standard
2400,209,2026-03-09,completed,standard
2401,354,2026-02-05,cancelled,standard
2402,208,2024-04-18,completed,standard
2403,1919,2025-08-26,completed,same-day
2404,789,2025-08-23,completed,express
2405,862,2025-04-15,completed,standard
2406,801,2026-05-26,completed,standard
2407,123,2026-08-02,completed,standard
2408,678,2026-03-20,completed,standard
2409,1210,2024-03-08,completed,standard
2410,420,2025-06-09,completed,express
2411,1479,2024-12-11,completed,standard
2412,220,2026-03-18,completed,standard
2413,909,2026-02-06,completed,express
2414,1095,2025-01-23,completed,express
2415,1896,2026-01-16,completed,standard
2416,284,2026-02-10,completed,standard
2417,421,2026-06-26,cancelled,standard
2418,1142,2025-04-05,completed,standard
2419,1976,2026-02-23,completed,express
2420,1547,2025-12-03,completed,standard
2421,119,2025-02-14,completed,standard
2422,1619,2026-08-29,completed,standard
2423,1582,2025-12-31,completed,standard
2424,1957,2026-06-21,completed,standard
2425,421,2026-02-23,returned,standard
2426,418,2025-09-01,completed,express
2427,44,2024-08-15,completed,standard
2428,1514,2026-05-09,completed,standard
2429,844,2025-09-25,completed,express
2430,502,2025-04-29,completed,standard
2431,345,2026-03-08,completed,standard
2432,278,2025-08-10,completed,standard
2433,546,2024-04-01,completed,standard
2434,159,2025-12-08,completed,standard
2435,1743,2026-08-09,completed,standard
2436,902,2026-03-17,completed,standard
2437,837,2026-04-16,completed,standard
2438,423,2024-11-18,cancelled,standard
2439,1783,2024-09-17,completed,standard
2440,360,2024-05-29,completed,same-day
2441,103,2026-05-31,completed,standard
2442,1787,2026-01-05,completed,standard
2443,854,2026-03-27,completed,same-day
2444,1927,2026-03-04,completed,same-day
2445,590,2026-01-30,completed,standard
2446,392,2024-07-25,completed,express
2447,1885,2025-10-25,completed,standard
2448,966,2024-09-13,completed,express
2449,1077,2026-05-14,completed,express
2450,1569,2025-08-20,completed,standard
2451,1932,2026-01-09,completed,express
2452,870,2025-03-18,returned,standard
2453,1825,2026-03-19,completed,standard
2454,1146,2025-04-19,completed,standard
2455,1644,2025-09-13,completed,standard
2456,1127,2025-04-23,completed,standard
2457,1784,2025-05-15,completed,same-day
2458,391,2025-09-16,completed,standard
2459,1446,2024-09-22,completed,standard
2460,1161,2026-04-19,completed,standard
2461,283,2026-04-06,completed,express
2462,1330,2026-01-10,completed,same-day
2463,1645,2025-02-14,completed,standard
2464,1469,2024-05-07,completed,standard
2465,1649,2026-01-24,completed,standard
2466,1466,2025-05-16,completed,express
2467,28,2026-05-15,completed,standard
2468,1791,2024-06-30,completed,same-day
2469,1869,2026-03-12,completed,express
2470,1007,2025-07-15,completed,express
2471,627,2024-09-17,completed,standard
2472,1586,2026-07-21,completed,standard
2473,1348,2025-08-05,completed,express
2474,524,2026-01-16,completed,express
2475,1445,2024-10-07,completed,standard
2476,1977,2025-11-26,completed,standard
2477,1887,2024-12-24,completed,standard
2478,1713,2026-08-26,completed,same-day
2479,1269,2025-08-21,completed,same-day
2480,1278,2026-04-26,completed,express
2481,1161,2026-08-23,completed,same-day
2482,70,2026-05-10,completed,standard
2483,1489,2025-12-09,completed,express
2484,367,2024-10-07,completed,standard
2485,1398,2025-04-23,completed,express
2486,1547,2026-05-03,returned,standard
2487,1201,2026-01-29,cancelled,standard
2488,428,2024-04-21,completed,express
2489,415,2025-12-27,completed,standard
2490,375,2026-01-30,completed,standard
2491,1360,2026-07-21,completed,standard
2492,1911,2026-04-18,cancelled,standard
2493,731,2026-03-12,returned,standard
2494,719,2026-02-12,completed,express
2495,598,2024-09-27,completed,standard
2496,608,2024-12-20,completed,standard
2497,1637,2024-10-13,completed,standard
2498,241,2026-04-30,completed,express
2499,1006,2025-05-03,completed,standard
2500,1999,2026-06-26,returned,standard
2501,825,2026-06-28,completed,standard
2502,696,2026-06-29,completed,standard
2503,1654,2026-07-30,completed,standard
2504,849,2026-04-27,completed,standard
2505,1950,2026-01-19,completed,same-day
2506,666,2024-05-27,completed,standard
2507,1854,2026-03-08,completed,standard
2508,918,2024-01-20,completed,express
2509,739,2025-10-02,completed,standard
2510,1109,2024-05-26,completed,standard
2511,316,2026-08-23,completed,express
2512,868,2024-04-13,completed,standard
2513,564,2026-08-11,completed,standard
2514,1321,2026-07-30,completed,standard
2515,1361,2026-02-18,completed,standard
2516,1268,2024-07-24,completed,standard
2517,1408,2026-02-12,completed,standard
2518,1877,2025-04-02,completed,standard
2519,1813,2025-08-10,completed,standard
2520,191,2025-08-21,completed,express
2521,168,2025-03-05,completed,standard
2522,1673,2026-08-13,completed,express
2523,172,2025-05-26,completed,same-day
2524,31,2024-06-29,completed,standard
2525,1865,2025-12-02,completed,same-day
2526,199,2024-08-31,completed,standard
2527,1498,2026-01-29,completed,standard
2528,1248,2025-05-26,completed,standard
2529,1094,2025-05-16,completed,standard
2530,1268,2024-12-19,completed,same-day
2531,1015,2026-07-12,cancelled,express
2532,1614,2024-08-19,completed,standard
2533,1338,2024-08-26,completed,standard
2534,1700,2025-11-22,completed,standard
2535,418,2025-04-30,completed,standard
2536,1551,2024-09-11,completed,express
2537,1107,2024-03-19,completed,standard
2538,220,2024-04-23,completed,standard
2539,1711,2024-10-08,completed,standard
2540,1902,2025-07-17,completed,standard
2541,693,2025-12-30,completed,standard
2542,1590,2025-12-28,completed,standard
2543,929,2026-03-18,completed,same-day
2544,1815,2024-08-10,completed,standard
2545,1290,2025-09-23,completed,standard
2546,1571,2025-12-04,cancelled,standard
2547,785,2025-01-16,completed,express
2548,1880,2026-06-02,completed,express
2549,1565,2026-01-05,completed,same-day
2550,1023,2025-12-18,completed,standard
2551,534,2026-08-05,completed,standard
2552,1319,2025-09-26,completed,standard
2553,609,2026-06-29,completed,standard
2554,1806,2024-09-08,completed,standard
2555,1819,2025-08-16,completed,express
2556,1347,2026-08-12,completed,standard
2557,7,2024-12-17,completed,standard
2558,1818,2025-10-02,completed,standard
2559,63,2025-10-08,completed,standard
2560,51,2025-04-10,completed,standard
2561,1584,2024-09-11,completed,standard
2562,1679,2026-08-01,completed,standard
2563,1046,2026-08-15,completed,standard
2564,1479,2026-03-15,completed,express
2565,629,2025-01-24,completed,express
2566,333,2026-05-01,completed,standard
2567,1149,2025-09-27,completed,standard
2568,857,2025-09-12,completed,express
2569,1114,2024-12-13,completed,standard
2570,776,2025-11-19,completed,same-day
2571,1233,2026-03-15,completed,standard
2572,780,2024-07-05,completed,standard
2573,99,2025-06-14,returned,standard
2574,1863,2025-03-13,completed,standard
2575,855,2026-03-12,completed,standard
2576,1880,2025-11-26,completed,standard
2577,774,2025-09-13,completed,standard
2578,1456,2025-09-25,completed,standard
2579,804,2025-07-12,completed,standard
2580,630,2026-03-17,completed,standard
2581,310,2026-03-04,completed,standard
2582,458,2026-07-29,completed,standard
2583,1422,2025-08-20,completed,standard
2584,244,2026-07-01,completed,express
2585,229,2025-01-23,returned,standard
2586,1158,2026-06-01,completed,express
2587,778,2025-10-17,completed,standard
2588,1521,2026-08-30,completed,standard
2589,1833,2026-05-02,completed,standard
2590,1673,2025-02-04,completed,standard
2591,310,2026-06-17,completed,express
2592,638,2026-03-31,completed,standard
2593,179,2025-10-05,completed,standard
2594,50,2025-12-09,completed,express
2595,23,2025-01-14,completed,standard
2596,1538,2025-06-10,completed,standard
2597,300,2024-12-13,completed,standard
2598,1238,2024-12-22,completed,standard
2599,1093,2025-11-08,completed,same-day
2600,1947,2026-08-01,completed,standard
2601,1148,2026-07-06,completed,same-day
2602,50,2026-07-10,completed,standard
2603,1468,2024-08-13,completed,standard
2604,1968,2026-08-29,completed,same-day
2605,1269,2025-12-06,completed,express
2606,1554,2025-11-27,completed,standard
2607,366,2026-08-15,completed,standard
2608,1305,2024-11-01,completed,standard
2609,440,2026-08-15,completed,express
2610,381,2025-01-09,completed,standard
2611,1679,2025-05-12,completed,standard
2612,1452,2026-03-20,completed,same-day
2613,1615,2026-02-22,returned,standard
2614,749,2026-04-05,completed,standard
2615,519,2024-09-12,completed,standard
2616,99,2024-10-16,cancelled,standard
2617,161,2024-09-27,completed,standard
2618,282,2025-10-14,completed,express
2619,45,2025-07-30,completed,standard
2620,1971,2025-05-04,completed,standard
2621,1732,2026-05-20,completed,standard
2622,213,2026-04-24,completed,standard
2623,1855,2026-01-01,completed,same-day
2624,237,2026-04-02,completed,standard
2625,278,2024-03-17,completed,standard
2626,522,2026-08-16,completed,standard
2627,354,2026-06-15,completed,standard
2628,150,2024-08-15,completed,same-day
2629,1687,2025-01-01,completed,standard
2630,1825,2024-11-05,completed,standard
2631,411,2026-02-04,completed,standard
2632,193,2025-05-19,completed,same-day
2633,1593,2024-12-09,completed,standard
2634,825,2026-08-10,completed,express
2635,977,2025-12-28,completed,standard
2636,1251,2024-11-08,completed,standard
2637,416,2025-04-28,completed,standard
2638,837,2025-12-02,completed,standard
2639,1776,2024-11-18,completed,standard
2640,1268,2025-11-25,completed,standard
2641,900,2026-02-27,completed,express
2642,314,2025-09-24,completed,same-day
2643,593,2024-07-03,completed,standard
2644,1808,2026-04-03,completed,standard
2645,1321,2024-08-22,completed,express
2646,1263,2024-12-22,completed,standard
2647,1707,2024-12-31,completed,standard
2648,225,2025-11-19,completed,standard
2649,679,2026-01-29,completed,express
2650,685,2026-03-25,completed,same-day
2651,1993,2026-03-22,completed,standard
2652,1200,2024-09-17,completed,standard
2653,9,2024-08-20,completed,standard
2654,1051,2024-09-20,completed,express
2655,508,2026-07-17,completed,standard
2656,235,2024-10-26,completed,express
2657,1214,2026-02-12,completed,express
2658,1078,2026-01-30,completed,express
2659,1044,2026-01-02,completed,standard
2660,1519,2026-01-24,completed,standard
2661,428,2025-07-01,completed,standard
2662,722,2026-07-31,completed,standard
2663,1796,2025-12-28,completed,standard
2664,57,2026-02-11,completed,standard
2665,271,2024-02-04,completed,standard
2666,161,2025-12-25,completed,express
2667,1388,2026-02-18,completed,standard
2668,245,2026-08-27,completed,standard
2669,546,2026-02-25,completed,standard
2670,394,2025-08-15,completed,standard
2671,177,2025-07-30,completed,standard
2672,1418,2026-08-08,cancelled,standard
2673,1304,2026-07-23,completed,standard
2674,935,2026-04-02,completed,express
2675,1619,2025-08-08,completed,standard
2676,868,2025-07-21,completed,express
2677,1892,2024-02-11,completed,express
2678,1845,2026-08-05,completed,standard
2679,496,2025-07-21,completed,same-day
2680,389,2026-04-07,completed,express
2681,1690,2024-12-07,completed,express
2682,1437,2025-03-30,completed,standard
2683,1924,2026-06-24,completed,standard
2684,197,2025-12-15,completed,standard
2685,1589,2025-11-25,completed,standard
2686,1179,2025-01-30,completed,express
2687,323,2024-10-12,completed,standard
2688,406,2026-02-02,completed,standard
2689,1445,2026-06-28,completed,standard
2690,863,2026-03-08,cancelled,standard
2691,889,2025-12-20,completed,express
2692,1195,2026-07-09,returned,standard
2693,542,2026-07-05,completed,express
2694,631,2024-05-12,completed,standard
2695,207,2024-06-06,completed,standard
2696,760,2025-12-07,completed,express
2697,395,2026-04-23,completed,standard
2698,698,2026-02-19,completed,express
2699,1794,2025-11-20,completed,standard
2700,1637,2026-01-17,completed,standard
2701,896,2025-06-05,completed,standard
2702,1776,2026-02-27,completed,express
2703,1917,2026-02-21,completed,standard
2704,504,2025-10-02,completed,standard
2705,817,2026-06-04,completed,standard
2706,1208,2025-01-14,completed,standard
2707,1750,2025-10-06,completed,standard
2708,1902,2026-05-27,completed,standard
2709,1068,2026-06-19,completed,standard
2710,792,2024-08-29,completed,standard
2711,221,2024-12-21,completed,standard
2712,1620,2024-10-05,completed,standard
2713,856,2025-03-25,completed,standard
2714,364,2025-09-12,completed,express
2715,486,2025-02-23,completed,standard
2716,425,2025-07-30,completed,standard
2717,736,2024-06-17,completed,standard
2718,284,2025-08-31,completed,standard
2719,623,2024-10-10,completed,standard
2720,19,2025-11-04,completed,same-day
2721,1379,2026-07-20,completed,standard
2722,1436,2026-07-01,completed,standard
2723,423,2025-12-07,cancelled,express
2724,1140,2025-04-26,completed,standard
2725,636,2025-04-15,completed,standard
2726,462,2025-04-11,completed,same-day
2727,127,2025-12-23,cancelled,standard
2728,561,2026-03-28,returned,express
2729,419,2025-01-09,completed,standard
2730,430,2024-10-22,completed,express
2731,1127,2024-06-14,completed,standard
2732,1435,2025-09-02,completed,same-day
2733,1892,2025-03-30,returned,express
2734,1616,2025-10-21,completed,standard
2735,1344,2026-04-30,completed,standard
2736,1152,2025-02-12,completed,standard
2737,1292,2024-12-22,completed,standard
2738,1366,2026-01-04,completed,express
2739,867,2026-08-14,completed,standard
2740,1626,2026-02-11,returned,standard
2741,390,2024-10-18,completed,standard
2742,95,2024-08-07,cancelled,standard
2743,996,2026-08-28,completed,standard
2744,89,2026-05-10,completed,express
2745,547,2025-11-30,completed,standard
2746,230,2024-06-15,completed,same-day
2747,905,2026-06-11,completed,standard
2748,1202,2026-03-30,completed,express
2749,1186,2026-06-06,completed,standard
2750,469,2025-03-19,cancelled,standard
2751,42,2026-08-20,completed,standard
2752,34,2026-01-30,cancelled,express
2753,1568,2025-02-09,completed,standard
2754,1156,2025-03-30,completed,standard
2755,9,2025-06-05,completed,express
2756,924,2024-11-18,cancelled,standard
2757,254,2025-09-19,completed,standard
2758,1935,2025-06-11,completed,standard
2759,71,2025-06-24,completed,standard
2760,1073,2024-06-03,completed,express
2761,1062,2026-04-13,completed,same-day
2762,668,2025-03-10,completed,standard
2763,31,2026-05-24,completed,express
2764,940,2026-08-22,completed,same-day
2765,1659,2025-09-20,completed,express
2766,827,2025-01-19,completed,express
2767,597,2026-05-05,completed,standard
2768,629,2026-08-09,completed,express
2769,683,2025-09-20,completed,standard
2770,156,2024-04-03,completed,standard
2771,1547,2025-08-27,completed,express
2772,995,2025-06-25,completed,standard
2773,90,2025-03-23,returned,standard
2774,593,2025-10-27,completed,standard
2775,1969,2025-03-15,completed,standard
2776,995,2026-08-01,completed,standard
2777,1283,2026-05-22,completed,standard
2778,1820,2024-12-01,completed,same-day
2779,1684,2026-01-12,cancelled,express
2780,1877,2026-01-07,completed,standard
2781,196,2024-08-23,completed,standard
2782,443,2024-09-01,cancelled,express
2783,1650,2026-05-19,completed,same-day
2784,272,2024-05-11,cancelled,express
2785,1989,2024-12-31,completed,standard
2786,1721,2025-12-28,cancelled,express
2787,1448,2025-04-22,completed,express
2788,449,2026-07-09,cancelled,same-day
2789,169,2026-04-22,completed,standard
2790,1448,2026-07-16,completed,express
2791,1625,2026-02-21,cancelled,standard
2792,1631,2025-02-22,completed,standard
2793,1082,2024-03-24,completed,standard
2794,9,2025-08-05,completed,express
2795,1379,2025-10-03,completed,standard
2796,101,2026-06-12,completed,standard
2797,1763,2024-05-24,completed,standard
2798,82,2025-09-08,completed,standard
2799,92,2025-10-20,completed,express
2800,602,2026-04-02,completed,standard
2801,527,2026-06-27,completed,standard
2802,1379,2025-07-28,completed,express
2803,1585,2026-04-24,completed,standard
2804,753,2026-05-11,completed,standard
2805,1402,2024-01-13,completed,express
2806,1851,2026-06-18,completed,standard
2807,1171,2025-01-18,completed,standard
2808,231,2026-06-17,cancelled,standard
2809,632,2025-08-24,completed,standard
2810,289,2024-04-29,completed,standard
2811,1173,2024-10-23,completed,standard
2812,1697,2024-12-05,completed,same-day
2813,1788,2024-07-01,completed,express
2814,1274,2026-04-27,completed,express
2815,1339,2025-04-17,completed,standard
2816,1051,2025-11-16,completed,standard
2817,476,2025-09-01,completed,same-day
2818,957,2024-04-19,completed,standard
2819,986,2025-04-17,completed,standard
2820,556,2025-05-07,completed,standard
2821,1544,2026-02-26,completed,standard
2822,969,2025-11-22,completed,same-day
2823,176,2026-01-06,completed,standard
2824,1529,2025-01-12,completed,standard
2825,1424,2025-10-27,completed,express
2826,698,2026-05-10,completed,standard
2827,1671,2024-10-05,completed,standard
2828,480,2025-02-07,cancelled,express
2829,1294,2024-08-07,completed,standard
2830,1709,2025-08-04,completed,standard
2831,1395,2025-12-16,completed,standard
2832,147,2026-01-26,completed,standard
2833,998,2025-11-08,returned,express
2834,420,2024-08-31,cancelled,standard
2835,1343,2024-05-23,completed,standard
2836,937,2025-02-27,completed,standard
2837,764,2024-10-31,completed,standard
2838,980,2025-10-15,completed,standard
2839,674,2025-09-05,completed,standard
2840,1627,2025-01-16,completed,standard
2841,1520,2024-05-20,completed,standard
2842,1034,2024-05-30,completed,standard
2843,621,2025-10-13,completed,standard
2844,1889,2026-01-20,completed,standard
2845,1420,2026-05-28,completed,express
2846,1312,2025-07-04,completed,express
2847,1692,2026-02-08,completed,standard
2848,202,2025-12-11,completed,standard
2849,251,2026-06-17,completed,standard
2850,1833,2025-09-06,completed,standard
2851,765,2026-08-10,completed,standard
2852,905,2024-10-11,completed,standard
2853,1242,2026-04-26,completed,same-day
2854,401,2025-11-24,completed,standard
2855,797,2024-08-21,completed,standard
2856,132,2026-04-10,completed,standard
2857,845,2025-04-01,completed,standard
2858,1374,2025-04-21,completed,standard
2859,1904,2026-08-06,completed,standard
2860,1159,2025-06-22,completed,standard
2861,195,2025-09-26,completed,standard
2862,922,2025-02-26,completed,standard
2863,206,2026-04-08,cancelled,express
2864,212,2025-03-05,completed,standard
2865,32,2024-06-19,completed,standard
2866,922,2026-03-20,completed,express
2867,532,2026-01-31,completed,standard
2868,953,2025-09-08,completed,same-day
2869,1068,2026-02-24,completed,standard
2870,696,2025-07-29,completed,standard
2871,228,2026-08-09,completed,express
2872,1105,2025-10-19,completed,same-day
2873,700,2025-02-05,completed,standard
2874,419,2026-03-19,returned,standard
2875,789,2024-12-11,completed,standard
2876,859,2026-04-22,cancelled,standard
2877,661,2025-01-12,cancelled,standard
2878,878,2025-05-20,completed,standard
2879,730,2026-08-23,completed,express
2880,94,2026-03-05,completed,same-day
2881,759,2025-10-19,completed,same-day
2882,1856,2025-07-19,completed,express
2883,381,2025-08-17,completed,standard
2884,371,2026-08-08,completed,standard
2885,346,2025-09-30,completed,express
2886,550,2026-07-04,completed,same-day
2887,1217,2026-07-22,completed,express
2888,1044,2025-06-03,completed,standard
2889,209,2026-06-22,completed,standard
2890,96,2026-03-10,completed,standard
2891,494,2025-04-23,completed,standard
2892,213,2026-01-12,completed,same-day
2893,221,2025-07-27,completed,express
2894,1787,2026-02-23,completed,express
2895,1155,2024-04-17,completed,standard
2896,474,2026-06-30,completed,standard
2897,1071,2026-07-09,completed,standard
2898,549,2024-10-23,completed,standard
2899,1761,2026-05-25,completed,same-day
2900,1404,2025-09-27,completed,standard
2901,807,2024-06-08,completed,standard
2902,779,2025-12-19,completed,express
2903,435,2024-12-31,completed,standard
2904,1646,2024-11-07,completed,same-day
2905,1388,2025-06-01,completed,standard
2906,999,2026-05-22,completed,standard
2907,335,2025-03-05,cancelled,standard
2908,402,2025-06-03,completed,standard
2909,1274,2024-08-14,completed,standard
2910,1414,2025-10-28,completed,standard
2911,571,2025-01-24,completed,standard
2912,5,2026-03-02,completed,standard
2913,362,2026-05-16,completed,standard
2914,1815,2026-08-14,completed,standard
2915,1246,2026-01-28,completed,standard
2916,1476,2026-04-14,completed,standard
2917,1702,2024-07-07,completed,standard
2918,1379,2026-08-25,completed,standard
2919,333,2024-11-07,completed,standard
2920,1363,2025-09-02,completed,standard
2921,325,2024-09-13,completed,express
2922,657,2026-06-15,completed,standard
2923,911,2026-06-22,completed,standard
2924,1925,2025-05-23,completed,standard
2925,1335,2025-11-28,completed,express
2926,853,2025-12-07,completed,standard
2927,40,2025-10-18,completed,standard
2928,1950,2026-08-20,completed,standard
2929,1759,2025-11-07,completed,express
2930,335,2024-07-24,completed,standard
2931,1518,2024-09-11,completed,standard
2932,19,2025-11-07,completed,standard
2933,697,2026-07-28,completed,standard
2934,948,2025-03-03,completed,standard
2935,2,2024-11-11,completed,express
2936,1742,2025-12-05,returned,standard
2937,944,2026-01-06,completed,standard
2938,87,2025-12-29,completed,express
2939,33,2025-11-27,returned,standard
2940,1360,2024-12-26,completed,standard
2941,577,2025-02-28,completed,standard
2942,454,2024-06-08,completed,standard
2943,1014,2024-09-14,completed,express
2944,1507,2025-06-19,completed,standard
2945,1549,2025-01-23,completed,express
2946,192,2026-03-28,cancelled,same-day
2947,1610,2025-06-11,completed,standard
2948,666,2026-07-10,completed,standard
2949,987,2026-08-11,completed,standard
2950,693,2026-06-14,completed,standard
2951,1096,2025-07-20,completed,standard
2952,1328,2026-05-28,cancelled,standard
2953,506,2025-10-02,completed,standard
2954,918,2025-03-24,cancelled,express
2955,1654,2025-08-08,completed,express
2956,597,2024-08-27,completed,standard
2957,661,2026-01-27,completed,standard
2958,1043,2026-05-10,cancelled,express
2959,1329,2025-04-23,returned,standard
2960,1727,2026-06-25,completed,standard
2961,1685,2026-07-30,returned,same-day
2962,972,2026-02-11,completed,standard
2963,539,2026-01-06,completed,standard
2964,1046,2025-03-12,completed,standard
2965,1280,2025-05-18,completed,express
2966,289,2025-02-14,completed,standard
2967,819,2025-05-11,returned,standard
2968,436,2026-07-27,completed,standard
2969,1991,2024-02-20,completed,standard
2970,706,2024-07-14,completed,standard
2971,59,2025-06-09,completed,express
2972,1160,2026-08-04,completed,standard
2973,1397,2025-04-27,completed,standard
2974,859,2025-08-30,completed,standard
2975,407,2025-06-09,completed,standard
2976,171,2025-09-17,completed,standard
2977,1842,2025-12-26,completed,standard
2978,749,2024-06-06,completed,standard
2979,207,2026-08-10,completed,standard
2980,546,2024-12-30,completed,express
2981,1254,2026-02-28,completed,standard
2982,1095,2025-03-07,completed,standard
2983,1824,2026-03-08,returned,same-day
2984,1975,2024-05-25,completed,express
2985,1748,2026-06-02,completed,standard
2986,343,2026-01-15,completed,standard
2987,1820,2025-07-13,completed,standard
2988,689,2026-04-13,completed,standard
2989,655,2026-01-05,completed,standard
2990,1182,2026-05-16,completed,standard
2991,1891,2025-08-05,completed,standard
2992,550,2026-01-02,completed,standard
2993,374,2024-12-31,returned,express
2994,1164,2025-09-10,returned,standard
2995,1407,2026-05-13,completed,express
2996,1668,2024-08-27,completed,standard
2997,237,2024-08-30,returned,same-day
2998,1593,2026-07-07,completed,standard
2999,1139,2025-10-03,completed,express
3000,1587,2025-06-04,completed,standard
3001,686,2025-07-27,completed,standard
3002,212,2024-12-09,completed,standard
3003,17,2026-04-17,completed,standard
3004,1855,2025-12-05,completed,standard
3005,287,2026-07-25,returned,standard
3006,1363,2026-06-24,completed,standard
3007,1054,2024-10-28,completed,standard
3008,574,2024-10-13,completed,standard
3009,1120,2025-07-02,cancelled,standard
3010,316,2026-02-14,completed,standard
3011,978,2025-09-30,completed,same-day
3012,123,2025-05-15,completed,standard
3013,586,2025-01-09,cancelled,standard
3014,907,2026-06-13,cancelled,standard
3015,430,2025-11-28,completed,express
3016,1650,2026-03-26,completed,standard
3017,238,2026-01-31,completed,standard
3018,981,2024-12-04,completed,standard
3019,9,2025-05-24,completed,express
3020,697,2024-04-19,cancelled,standard
3021,1667,2025-10-25,completed,standard
3022,96,2025-04-23,returned,standard
3023,270,2024-05-19,completed,standard
3024,1752,2026-02-28,completed,standard
3025,1573,2025-01-19,completed,standard
3026,1012,2025-04-25,completed,standard
3027,1918,2024-09-22,completed,standard
3028,1127,2026-08-02,completed,express
3029,1908,2025-12-13,completed,standard
3030,1428,2026-06-22,completed,express
3031,279,2026-07-28,completed,standard
3032,1465,2025-05-26,completed,express
3033,860,2025-05-10,completed,express
3034,1837,2025-10-12,completed,standard
3035,577,2025-02-17,completed,standard
3036,62,2024-01-05,completed,standard
3037,1865,2025-04-25,returned,standard
3038,494,2024-09-11,completed,standard
3039,1358,2025-11-26,completed,express
3040,766,2025-09-06,completed,standard
3041,794,2026-08-05,completed,standard
3042,1808,2025-01-12,completed,standard
3043,1783,2026-02-01,completed,standard
3044,1841,2025-06-06,cancelled,same-day
3045,1196,2025-12-05,completed,standard
3046,340,2025-04-23,completed,standard
3047,868,2025-10-25,completed,standard
3048,1748,2026-03-20,cancelled,express
3049,1611,2024-10-22,completed,express
3050,273,2026-05-21,completed,express
3051,1533,2024-11-04,completed,standard
3052,496,2025-06-10,completed,standard
3053,830,2026-07-14,completed,express
3054,394,2026-01-10,completed,standard
3055,604,2025-01-03,completed,standard
3056,590,2025-04-26,completed,express
3057,1855,2024-06-10,completed,standard
3058,923,2025-10-17,completed,standard
3059,359,2026-02-28,completed,same-day
3060,1565,2024-06-15,completed,standard
3061,1667,2026-06-24,returned,standard
3062,184,2026-08-18,returned,express
3063,1060,2025-02-09,completed,standard
3064,1394,2026-07-18,completed,express
3065,1016,2025-10-24,completed,standard
3066,1371,2025-07-24,completed,express
3067,707,2026-07-08,completed,express
3068,700,2024-09-02,completed,express
3069,934,2024-08-23,completed,standard
3070,1923,2024-03-18,completed,same-day
3071,923,2025-05-21,completed,standard
3072,1824,2026-06-30,completed,standard
3073,51,2026-02-03,completed,standard
3074,1531,2026-03-07,completed,same-day
3075,170,2026-07-27,completed,express
3076,276,2024-04-05,completed,standard
3077,1814,2026-04-05,cancelled,standard
3078,1576,2025-12-30,completed,standard
3079,1166,2026-04-15,completed,standard
3080,739,2025-07-05,completed,standard
3081,1243,2025-10-20,completed,standard
3082,1799,2025-07-06,completed,standard
3083,1751,2026-04-02,completed,express
3084,103,2025-12-05,cancelled,same-day
3085,1688,2025-08-04,completed,same-day
3086,243,2026-04-22,completed,express
3087,1342,2025-08-30,completed,express
3088,927,2025-07-31,completed,standard
3089,1523,2024-05-18,completed,standard
3090,1044,2025-10-24,completed,express
3091,1676,2025-08-02,completed,express
3092,163,2025-03-07,completed,standard
3093,539,2026-04-05,completed,standard
3094,1974,2025-12-11,completed,express
3095,206,2025-01-26,completed,standard
3096,1191,2025-02-24,cancelled,express
3097,1641,2024-05-26,completed,standard
3098,1137,2025-11-09,completed,express
3099,1384,2024-06-22,completed,standard
3100,1726,2025-07-11,completed,express
3101,235,2025-08-01,completed,express
3102,1174,2025-07-26,completed,same-day
3103,1029,2025-04-16,completed,standard
3104,1436,2024-08-14,completed,standard
3105,1407,2025-06-12,completed,express
3106,1039,2026-08-02,completed,express
3107,1130,2025-10-23,completed,same-day
3108,1935,2024-09-03,completed,standard
3109,267,2025-04-10,completed,standard
3110,1787,2025-02-09,completed,standard
3111,1280,2025-10-03,completed,standard
3112,303,2026-08-06,completed,standard
3113,1257,2026-06-14,completed,standard
3114,1440,2024-09-27,completed,standard
3115,1875,2024-06-22,returned,standard
3116,1613,2025-05-30,completed,express
3117,1248,2025-08-06,completed,express
3118,396,2025-06-22,completed,express
3119,129,2025-11-24,completed,standard
3120,300,2024-04-26,completed,standard
3121,1754,2025-10-18,completed,express
3122,1047,2025-09-27,completed,standard
3123,490,2026-01-21,completed,standard
3124,199,2025-09-15,completed,standard
3125,48,2025-06-16,completed,standard
3126,1020,2026-05-31,completed,standard
3127,775,2025-05-11,completed,standard
3128,1853,2025-08-21,completed,standard
3129,595,2026-06-16,cancelled,same-day
3130,971,2026-08-02,completed,express
3131,360,2025-03-11,completed,standard
3132,466,2025-10-20,completed,standard
3133,1692,2025-03-03,completed,express
3134,519,2025-06-02,completed,standard
3135,1226,2025-06-19,completed,standard
3136,874,2026-01-26,completed,standard
3137,1318,2026-04-29,completed,standard
3138,238,2024-08-05,completed,standard
3139,285,2025-08-19,completed,express
3140,42,2024-11-07,completed,express
3141,278,2026-02-28,completed,express
3142,1486,2025-10-17,completed,standard
3143,476,2025-12-17,completed,standard
3144,1030,2025-08-06,completed,express
3145,1404,2025-07-09,completed,standard
3146,396,2025-07-14,completed,standard
3147,962,2026-07-15,completed,standard
3148,573,2025-03-29,completed,same-day
3149,192,2026-05-18,completed,standard
3150,1181,2024-12-15,completed,standard
3151,726,2025-10-09,completed,standard
3152,549,2026-08-28,completed,standard
3153,765,2024-04-20,completed,express
3154,1601,2026-08-28,completed,express
3155,929,2026-05-08,completed,express
3156,1626,2025-03-27,completed,same-day
3157,289,2026-08-03,completed,standard
3158,561,2025-09-16,completed,standard
3159,231,2026-02-26,completed,express
3160,772,2026-05-17,completed,standard
3161,1166,2024-05-24,completed,standard
3162,65,2025-04-04,completed,express
3163,1300,2026-06-05,completed,standard
3164,1315,2024-07-17,completed,standard
3165,886,2025-02-12,completed,express
3166,1816,2026-08-16,cancelled,express
3167,701,2025-12-31,completed,standard
3168,274,2026-01-07,completed,express
3169,1761,2026-04-23,completed,express
3170,917,2026-02-15,returned,standard
3171,18,2026-03-29,completed,standard
3172,309,2024-07-17,completed,express
3173,1009,2026-06-09,completed,express
3174,1720,2026-04-25,completed,standard
3175,416,2026-07-31,completed,standard
3176,1805,2024-03-21,completed,same-day
3177,1057,2025-06-01,completed,standard
3178,1033,2026-05-09,completed,standard
3179,342,2026-07-21,completed,standard
3180,297,2025-10-07,completed,standard
3181,1312,2026-04-05,returned,standard
3182,1131,2024-11-04,completed,same-day
3183,919,2024-10-27,returned,express
3184,1715,2025-06-19,completed,standard
3185,275,2026-06-30,completed,express
3186,1572,2024-06-21,completed,standard
3187,1319,2025-10-06,completed,express
3188,1847,2025-09-27,completed,standard
3189,131,2026-01-08,completed,standard
3190,1676,2025-03-29,completed,standard
3191,971,2024-05-29,completed,express
3192,1926,2026-01-19,completed,standard
3193,1213,2025-04-18,completed,standard
3194,354,2024-10-12,completed,standard
3195,1420,2025-01-30,completed,standard
3196,1023,2025-10-05,completed,same-day
3197,1319,2024-09-29,completed,standard
3198,517,2024-04-25,completed,express
3199,1400,2025-01-03,completed,standard
3200,1181,2025-10-17,completed,standard
3201,1167,2026-07-24,completed,express
3202,1173,2026-07-25,completed,standard
3203,1659,2024-08-23,completed,standard
3204,130,2025-04-27,completed,same-day
3205,57,2024-07-10,completed,standard
3206,1465,2026-06-17,completed,standard
3207,460,2025-03-04,completed,standard
3208,1333,2026-01-11,completed,express
3209,1007,2026-01-17,completed,same-day
3210,1359,2026-06-25,completed,standard
3211,640,2025-09-24,completed,same-day
3212,459,2026-03-24,completed,standard
3213,1542,2026-07-28,completed,express
3214,1835,2025-06-25,completed,standard
3215,1593,2026-05-28,completed,express
3216,202,2026-07-18,completed,standard
3217,1757,2025-10-09,completed,standard
3218,1457,2024-10-17,completed,standard
3219,763,2025-08-12,completed,standard
3220,1949,2024-01-30,completed,standard
3221,1845,2024-07-10,completed,standard
3222,119,2025-12-08,completed,standard
3223,498,2025-12-16,completed,standard
3224,72,2026-02-14,completed,standard
3225,1498,2024-01-31,completed,express
3226,879,2025-06-26,completed,standard
3227,742,2025-07-30,completed,standard
3228,1264,2024-08-07,completed,standard
3229,57,2025-08-24,completed,express
3230,342,2025-09-06,completed,express
3231,207,2025-11-10,completed,standard
3232,896,2025-07-13,completed,standard
3233,258,2026-07-01,completed,standard
3234,1275,2025-07-28,returned,standard
3235,1116,2025-07-20,completed,standard
3236,385,2025-07-15,completed,standard
3237,988,2024-08-13,completed,standard
3238,1358,2024-08-31,completed,standard
3239,446,2026-02-14,completed,standard
3240,1481,2025-03-15,returned,express
3241,865,2026-07-31,completed,standard
3242,1064,2025-06-14,completed,standard
3243,1582,2026-08-10,completed,standard
3244,166,2024-08-29,completed,standard
3245,48,2026-07-27,completed,express
3246,1920,2026-08-20,completed,standard
3247,184,2025-08-07,completed,express
3248,64,2026-01-02,completed,standard
3249,276,2025-12-31,completed,standard
3250,10,2025-02-26,completed,standard
3251,1547,2026-03-08,returned,standard
3252,1142,2024-04-23,completed,standard
3253,1726,2025-10-31,completed,standard
3254,675,2025-09-24,completed,standard
3255,1366,2024-11-22,cancelled,same-day
3256,1917,2026-03-27,completed,standard
3257,1457,2024-02-21,completed,standard
3258,1063,2025-01-21,completed,standard
3259,373,2025-12-02,completed,standard
3260,410,2025-06-19,cancelled,express
3261,1654,2024-04-22,completed,standard
3262,1010,2026-07-25,completed,standard
3263,705,2026-08-11,completed,standard
3264,1798,2024-06-12,returned,express
3265,1704,2025-12-12,completed,standard
3266,1605,2024-12-10,completed,standard
3267,874,2025-01-18,completed,standard
3268,1251,2024-04-10,completed,express
3269,1743,2025-11-27,completed,express
3270,1144,2026-07-19,completed,express
3271,246,2026-06-05,completed,standard
3272,1042,2024-09-07,completed,standard
3273,193,2024-11-22,completed,standard
3274,1006,2024-10-26,completed,standard
3275,99,2024-09-05,completed,standard
3276,1088,2026-05-21,completed,standard
3277,44,2025-08-06,completed,standard
3278,1640,2025-08-06,completed,standard
3279,574,2026-07-16,completed,express
3280,1654,2026-05-08,completed,express
3281,774,2025-01-26,completed,express
3282,707,2024-03-06,completed,standard
3283,1740,2026-08-21,completed,standard
3284,309,2025-12-31,completed,standard
3285,571,2026-03-03,completed,standard
3286,1075,2025-07-10,completed,standard
3287,478,2025-01-25,completed,standard
3288,1043,2025-11-08,completed,express
3289,1223,2024-11-25,completed,standard
3290,619,2024-08-02,completed,standard
3291,1239,2025-10-04,completed,express
3292,1097,2025-05-30,completed,standard
3293,1781,2025-06-17,completed,standard
3294,1171,2024-06-03,completed,standard
3295,1876,2025-07-16,completed,standard
3296,1971,2026-08-07,completed,express
3297,1307,2025-11-20,completed,standard
3298,62,2026-01-03,completed,standard
3299,841,2025-04-07,completed,standard
3300,396,2025-08-13,completed,standard
3301,1773,2025-10-17,completed,standard
3302,114,2025-12-15,completed,express
3303,403,2024-09-30,completed,standard
3304,1633,2026-01-19,completed,standard
3305,652,2025-09-05,completed,standard
3306,1511,2026-08-29,completed,standard
3307,1824,2026-05-03,completed,standard
3308,119,2026-01-31,completed,standard
3309,995,2026-08-05,completed,same-day
3310,1613,2025-08-02,completed,express
3311,1133,2026-02-25,completed,standard
3312,1222,2025-12-12,completed,same-day
3313,1670,2025-11-11,completed,standard
3314,1616,2025-01-12,cancelled,standard
3315,683,2025-05-27,completed,express
3316,137,2026-04-27,cancelled,express
3317,830,2024-10-10,completed,express
3318,1476,2026-06-09,completed,standard
3319,1858,2026-04-05,completed,standard
3320,1772,2025-05-23,completed,express
3321,958,2024-11-07,completed,same-day
3322,250,2024-06-04,returned,standard
3323,1447,2025-05-20,completed,express
3324,200,2024-12-11,completed,standard
3325,1002,2026-03-05,completed,standard
3326,446,2024-11-08,completed,standard
3327,693,2026-03-29,completed,standard
3328,956,2025-05-28,completed,standard
3329,1563,2026-08-18,completed,same-day
3330,1748,2026-07-12,completed,standard
3331,453,2026-05-25,returned,same-day
3332,1862,2025-03-06,completed,same-day
3333,51,2026-07-14,completed,express
3334,1564,2024-04-30,completed,standard
3335,386,2026-01-20,completed,standard
3336,1218,2025-09-12,completed,standard
3337,752,2025-05-24,completed,standard
3338,1368,2026-05-11,completed,standard
3339,35,2025-08-04,completed,standard
3340,967,2026-08-13,completed,same-day
3341,767,2024-11-24,completed,standard
3342,747,2025-10-23,completed,standard
3343,241,2025-09-05,completed,standard
3344,1407,2024-08-10,completed,standard
3345,1104,2025-06-17,cancelled,standard
3346,222,2024-12-05,returned,express
3347,228,2025-12-25,completed,standard
3348,1232,2025-12-04,completed,same-day
3349,1808,2026-06-22,completed,standard
3350,696,2025-05-24,completed,standard
3351,679,2024-08-12,completed,standard
3352,1837,2026-02-07,completed,standard
3353,473,2026-06-13,returned,standard
3354,177,2025-03-09,completed,standard
3355,20,2024-10-25,cancelled,same-day
3356,824,2024-06-21,completed,standard
3357,1503,2024-11-09,completed,express
3358,1617,2026-06-14,completed,standard
3359,1079,2026-02-13,completed,standard
3360,87,2025-06-02,completed,standard
3361,1605,2026-07-12,completed,standard
3362,1742,2025-07-06,completed,standard
3363,496,2024-12-08,completed,standard
3364,108,2024-11-23,completed,same-day
3365,107,2025-06-04,completed,standard
3366,874,2026-04-26,completed,standard
3367,559,2024-12-13,completed,same-day
3368,622,2026-08-28,completed,standard
3369,1204,2025-08-21,completed,standard
3370,1778,2026-01-21,completed,express
3371,1998,2025-10-09,completed,same-day
3372,251,2024-12-02,completed,standard
3373,791,2025-10-13,completed,express
3374,1317,2024-09-22,completed,standard
3375,1314,2025-11-14,completed,standard
3376,149,2024-09-01,completed,standard
3377,1878,2026-05-14,completed,standard
3378,406,2026-05-18,completed,standard
3379,1413,2026-05-07,returned,standard
3380,1626,2025-10-20,completed,standard
3381,1793,2024-08-14,completed,standard
3382,1715,2026-04-21,completed,express
3383,883,2025-08-28,completed,standard
3384,599,2025-11-24,completed,standard
3385,726,2025-05-08,completed,standard
3386,1107,2026-04-22,completed,express
3387,1734,2025-07-03,completed,standard
3388,484,2024-12-07,completed,standard
3389,1783,2026-08-17,completed,standard
3390,631,2025-12-04,cancelled,express
3391,1090,2026-06-28,completed,standard
3392,200,2024-01-23,cancelled,standard
3393,685,2026-08-13,completed,standard
3394,820,2025-08-30,completed,standard
3395,1902,2025-10-17,completed,standard
3396,976,2025-12-12,completed,standard
3397,152,2024-11-04,completed,standard
3398,1823,2025-01-10,cancelled,express
3399,1681,2024-10-30,completed,standard
3400,1050,2025-01-21,completed,standard
3401,604,2026-01-20,completed,same-day
3402,1110,2024-12-09,cancelled,standard
3403,237,2025-01-01,cancelled,express
3404,1450,2026-07-29,completed,standard
3405,1578,2024-04-23,completed,standard
3406,70,2025-09-27,completed,express
3407,466,2026-05-26,completed,standard
3408,877,2024-02-07,completed,standard
3409,1526,2025-02-20,completed,standard
3410,1907,2025-09-08,completed,standard
3411,42,2025-02-24,completed,same-day
3412,1672,2025-06-28,completed,standard
3413,539,2025-03-29,completed,standard
3414,1181,2026-06-14,completed,express
3415,596,2025-05-15,completed,standard
3416,1932,2026-06-11,completed,standard
3417,114,2026-02-25,completed,standard
3418,1707,2026-08-17,returned,standard
3419,762,2025-11-18,completed,standard
3420,37,2025-10-11,completed,standard
3421,759,2026-07-21,completed,express
3422,885,2026-01-05,returned,express
3423,445,2026-02-25,completed,same-day
3424,752,2024-10-30,completed,express
3425,1322,2025-07-27,completed,standard
3426,1071,2026-04-01,completed,standard
3427,1323,2024-09-29,completed,standard
3428,60,2024-03-18,completed,standard
3429,1523,2025-05-22,completed,express
3430,1876,2026-03-17,cancelled,same-day
3431,1820,2025-05-27,cancelled,standard
3432,1506,2025-04-05,completed,standard
3433,666,2026-04-27,completed,standard
3434,1654,2026-08-03,cancelled,standard
3435,524,2025-12-13,completed,standard
3436,1505,2025-07-06,completed,standard
3437,429,2026-04-19,completed,standard
3438,53,2025-12-07,completed,express
3439,1451,2024-08-15,completed,standard
3440,1244,2025-03-14,completed,express
3441,1728,2025-04-08,completed,express
3442,1566,2025-03-10,completed,standard
3443,1857,2024-10-14,returned,standard
3444,1503,2024-04-26,completed,standard
3445,1616,2026-07-01,completed,express
3446,1110,2024-07-24,completed,express
3447,1906,2025-01-05,completed,standard
3448,1865,2024-04-24,completed,express
3449,570,2026-08-19,completed,standard
3450,1983,2026-07-11,completed,standard
3451,1075,2025-12-23,completed,standard
3452,846,2026-06-24,completed,same-day
3453,1440,2025-06-29,completed,express
3454,1536,2024-07-13,completed,standard
3455,518,2025-03-11,completed,standard
3456,1921,2024-06-04,completed,express
3457,936,2024-06-04,cancelled,standard
3458,1986,2024-11-30,completed,standard
3459,473,2025-11-07,completed,express
3460,1815,2026-08-07,completed,standard
3461,556,2026-04-01,completed,standard
3462,1366,2026-03-10,completed,same-day
3463,547,2025-10-28,completed,standard
3464,1998,2025-06-12,completed,standard
3465,1541,2024-12-13,completed,standard
3466,588,2026-07-04,completed,standard
3467,1147,2024-06-02,completed,standard
3468,75,2026-07-29,completed,standard
3469,547,2024-12-26,completed,standard
3470,537,2026-05-16,completed,standard
3471,498,2025-12-11,completed,express
3472,1306,2024-12-30,completed,standard
3473,1542,2024-07-29,completed,same-day
3474,25,2026-04-08,completed,standard
3475,608,2025-10-09,completed,standard
3476,1324,2024-08-05,cancelled,express
3477,1671,2026-05-11,returned,standard
3478,1692,2024-05-31,completed,standard
3479,884,2026-07-21,cancelled,standard
3480,33,2025-10-15,completed,express
3481,18,2024-11-13,completed,standard
3482,71,2025-08-09,completed,standard
3483,710,2025-01-11,completed,standard
3484,1275,2026-07-13,completed,standard
3485,1116,2024-11-04,completed,express
3486,815,2024-09-24,cancelled,standard
3487,1164,2024-11-28,completed,express
3488,156,2026-04-07,completed,standard
3489,1793,2025-04-25,completed,standard
3490,1107,2026-08-07,completed,express
3491,1907,2026-05-24,completed,standard
3492,877,2025-03-29,completed,standard
3493,515,2024-10-13,completed,standard
3494,1576,2026-08-21,completed,standard
3495,517,2026-03-06,completed,standard
3496,998,2025-11-24,completed,standard
3497,451,2024-11-04,cancelled,standard
3498,342,2025-11-07,completed,standard
3499,1738,2025-08-09,completed,same-day
3500,1312,2024-05-07,completed,standard
3501,462,2025-05-30,cancelled,express
3502,1310,2024-08-15,completed,express
3503,361,2026-08-24,completed,standard
3504,1022,2026-06-23,completed,express
3505,877,2025-04-23,completed,standard
3506,629,2025-04-24,completed,standard
3507,1111,2026-02-11,completed,same-day
3508,453,2025-03-06,completed,same-day
3509,1904,2026-04-27,returned,express
3510,1985,2024-11-26,completed,standard
3511,1951,2025-03-25,completed,standard
3512,31,2026-01-30,completed,standard
3513,1688,2026-06-18,completed,standard
3514,1694,2025-10-21,completed,standard
3515,1088,2024-11-03,completed,express
3516,86,2024-12-07,completed,standard
3517,465,2026-03-17,completed,standard
3518,209,2025-07-01,returned,standard
3519,1022,2025-01-25,completed,standard
3520,218,2025-08-28,completed,same-day
3521,150,2025-11-25,completed,standard
3522,403,2026-07-14,completed,standard
3523,1146,2025-07-23,completed,standard
3524,1658,2024-08-31,completed,same-day
3525,1363,2025-11-19,completed,express
3526,139,2025-08-16,completed,standard
3527,850,2026-06-21,completed,standard
3528,561,2026-01-13,returned,express
3529,48,2026-04-22,completed,express
3530,1216,2025-02-24,completed,standard
3531,713,2026-06-08,completed,standard
3532,1951,2025-02-28,completed,same-day
3533,1793,2026-03-21,completed,standard
3534,742,2025-11-01,completed,express
3535,1886,2025-11-08,completed,standard
3536,583,2025-02-13,completed,express
3537,60,2025-11-15,completed,standard
3538,728,2026-07-05,cancelled,express
3539,578,2026-03-16,completed,same-day
3540,293,2025-09-21,completed,standard
3541,1186,2026-04-03,completed,standard
3542,204,2025-03-04,completed,express
3543,418,2025-07-20,completed,standard
3544,621,2024-12-27,completed,express
3545,1434,2024-11-28,completed,express
3546,1480,2025-11-22,completed,same-day
3547,1568,2024-04-19,cancelled,standard
3548,1427,2025-01-26,completed,standard
3549,1881,2024-11-20,completed,standard
3550,751,2025-02-02,completed,standard
3551,1170,2026-04-27,completed,standard
3552,1315,2025-10-09,completed,same-day
3553,293,2025-11-04,completed,express
3554,1522,2026-06-30,completed,standard
3555,1298,2026-06-03,completed,express
3556,1911,2025-10-23,completed,standard
3557,1918,2026-03-17,completed,standard
3558,1986,2026-06-22,cancelled,standard
3559,1136,2026-05-02,completed,same-day
3560,1997,2025-05-31,completed,standard
3561,1261,2025-08-02,completed,standard
3562,1468,2025-09-23,completed,standard
3563,1085,2025-02-07,cancelled,standard
3564,234,2025-12-07,completed,standard
3565,1751,2025-01-31,completed,standard
3566,1597,2026-04-05,completed,standard
3567,1216,2025-08-31,completed,same-day
3568,1320,2025-10-07,completed,standard
3569,1049,2025-11-26,completed,standard
3570,628,2025-12-01,completed,express
3571,384,2026-07-11,completed,standard
3572,1155,2026-05-23,completed,standard
3573,1822,2026-03-25,completed,standard
3574,650,2025-04-28,completed,same-day
3575,1599,2026-01-24,completed,express
3576,1955,2025-08-15,completed,standard
3577,458,2024-03-29,completed,standard
3578,624,2026-03-26,completed,standard
3579,1947,2024-07-30,completed,standard
3580,1391,2025-06-02,completed,standard
3581,887,2026-08-09,completed,standard
3582,1916,2025-09-09,completed,standard
3583,818,2025-11-24,completed,standard
3584,156,2025-08-13,completed,standard
3585,1126,2026-04-30,completed,standard
3586,149,2026-03-23,returned,standard
3587,716,2026-02-07,completed,standard
3588,972,2026-05-24,completed,standard
3589,457,2026-08-16,completed,express
3590,1575,2026-06-08,cancelled,same-day
3591,456,2026-08-14,completed,express
3592,1654,2025-08-22,cancelled,express
3593,1975,2026-03-23,completed,express
3594,1852,2024-10-12,completed,standard
3595,485,2026-06-22,completed,express
3596,1819,2026-08-20,completed,standard
3597,1348,2025-02-16,completed,express
3598,1334,2026-03-06,completed,standard
3599,1212,2026-07-29,completed,standard
3600,1594,2025-07-27,completed,express
3601,677,2026-02-24,completed,standard
3602,228,2025-12-31,completed,standard
3603,815,2024-07-06,completed,same-day
3604,1018,2025-02-06,completed,standard
3605,290,2025-10-10,completed,standard
3606,996,2026-04-04,completed,standard
3607,1759,2024-10-13,completed,standard
3608,390,2025-08-16,completed,express
3609,353,2026-03-22,completed,standard
3610,908,2026-06-10,returned,standard
3611,325,2026-04-06,completed,standard
3612,835,2024-08-13,completed,standard
3613,1528,2026-04-26,completed,standard
3614,1424,2024-06-04,completed,express
3615,940,2025-07-04,completed,standard
3616,194,2024-04-19,completed,standard
3617,1735,2025-12-07,completed,same-day
3618,1667,2025-11-05,completed,same-day
3619,47,2025-05-07,completed,express
3620,326,2026-03-28,completed,standard
3621,141,2025-08-14,completed,standard
3622,1036,2025-03-13,completed,standard
3623,1066,2025-10-06,completed,standard
3624,769,2026-03-12,completed,standard
3625,843,2025-10-04,completed,standard
3626,247,2026-01-30,completed,standard
3627,1399,2025-01-20,completed,same-day
3628,478,2025-07-18,completed,express
3629,583,2026-01-13,completed,standard
3630,667,2024-07-08,completed,same-day
3631,1649,2025-03-04,completed,standard
3632,667,2026-03-15,completed,standard
3633,1219,2026-05-02,completed,standard
3634,207,2026-03-13,completed,express
3635,1445,2026-01-21,completed,standard
3636,143,2025-03-04,completed,express
3637,1842,2025-11-28,completed,express
3638,1900,2024-05-17,completed,standard
3639,1821,2026-03-11,completed,express
3640,1262,2024-12-15,completed,standard
3641,1478,2026-01-21,cancelled,standard
3642,868,2026-01-21,completed,standard
3643,1512,2026-01-02,completed,standard
3644,1405,2025-01-27,completed,express
3645,1466,2024-04-06,returned,standard
3646,1447,2025-12-22,completed,standard
3647,1183,2026-08-15,completed,express
3648,1638,2026-03-22,cancelled,standard
3649,1026,2026-07-18,cancelled,standard
3650,298,2024-08-28,completed,standard
3651,15,2024-10-02,completed,standard
3652,1189,2026-07-07,completed,standard
3653,1348,2025-10-23,completed,express
3654,907,2025-06-04,completed,standard
3655,634,2024-04-26,completed,standard
3656,346,2025-02-12,completed,express
3657,1445,2026-08-26,completed,same-day
3658,554,2025-04-13,completed,standard
3659,1545,2024-08-24,completed,standard
3660,461,2025-05-08,completed,express
3661,994,2024-09-16,completed,express
3662,92,2025-06-11,completed,standard
3663,1043,2025-12-12,completed,express
3664,1057,2025-06-22,completed,express
3665,1024,2025-09-14,completed,standard
3666,1856,2025-02-21,completed,standard
3667,565,2025-01-12,completed,standard
3668,763,2025-09-16,completed,standard
3669,1511,2024-11-28,completed,standard
3670,1907,2026-06-17,completed,standard
3671,79,2024-11-24,completed,standard
3672,1890,2026-08-04,completed,express
3673,1761,2025-08-10,completed,standard
3674,1460,2025-03-26,completed,standard
3675,858,2025-12-15,completed,standard
3676,553,2025-12-09,cancelled,standard
3677,1754,2025-10-04,completed,standard
3678,623,2026-07-01,completed,standard
3679,686,2026-05-29,completed,standard
3680,323,2026-02-08,completed,standard
3681,570,2025-07-05,completed,standard
3682,977,2026-06-24,completed,standard
3683,442,2025-02-07,completed,standard
3684,331,2026-03-02,cancelled,standard
3685,1879,2025-05-03,completed,standard
3686,517,2025-09-21,completed,standard
3687,1214,2025-11-12,completed,express
3688,203,2026-02-10,completed,standard
3689,460,2024-08-21,completed,standard
3690,553,2025-01-02,completed,standard
3691,184,2025-08-29,completed,standard
3692,1108,2026-08-04,cancelled,standard
3693,1025,2026-02-16,completed,standard
3694,330,2025-11-03,completed,express
3695,1198,2026-07-17,cancelled,standard
3696,77,2026-02-24,completed,standard
3697,1779,2024-04-27,completed,standard
3698,1083,2026-03-23,completed,standard
3699,384,2025-05-18,completed,standard
3700,981,2025-08-02,completed,same-day
3701,1642,2025-07-21,completed,standard
3702,730,2026-02-19,completed,standard
3703,558,2025-08-27,completed,standard
3704,1895,2026-03-15,completed,standard
3705,850,2025-12-01,completed,standard
3706,887,2024-06-17,returned,express
3707,243,2026-04-23,completed,same-day
3708,907,2026-08-25,completed,standard
3709,1837,2026-07-03,completed,express
3710,1435,2025-03-05,cancelled,standard
3711,1839,2026-05-10,cancelled,standard
3712,231,2024-07-11,completed,express
3713,1775,2026-01-17,completed,standard
3714,994,2025-08-30,completed,standard
3715,167,2026-08-19,completed,express
3716,267,2025-02-05,completed,standard
3717,553,2025-10-19,completed,express
3718,1340,2026-05-24,completed,standard
3719,1939,2024-12-29,completed,express
3720,1609,2026-07-30,completed,standard
3721,1486,2025-01-13,completed,standard
3722,440,2025-12-30,completed,standard
3723,145,2026-08-28,completed,standard
3724,306,2025-01-01,completed,standard
3725,665,2026-07-20,completed,standard
3726,907,2026-05-15,completed,standard
3727,1471,2025-01-17,completed,same-day
3728,1345,2024-07-11,completed,express
3729,144,2025-04-07,completed,express
3730,1379,2026-06-07,completed,standard
3731,1781,2026-08-07,completed,standard
3732,75,2026-01-11,completed,standard
3733,193,2024-12-22,completed,express
3734,1413,2025-01-12,cancelled,express
3735,1050,2024-09-03,completed,same-day
3736,373,2026-04-03,completed,standard
3737,1120,2024-12-05,completed,standard
3738,1673,2026-01-22,completed,same-day
3739,1253,2026-02-18,completed,standard
3740,1898,2026-06-26,completed,standard
3741,1255,2025-08-23,completed,standard
3742,488,2026-07-17,completed,standard
3743,1177,2025-03-23,completed,standard
3744,1739,2025-10-25,completed,express
3745,436,2025-01-12,returned,standard
3746,385,2026-07-01,completed,standard
3747,940,2026-02-22,completed,standard
3748,972,2024-11-17,completed,standard
3749,366,2025-07-24,completed,express
3750,1002,2024-11-16,completed,standard
3751,256,2024-10-23,cancelled,same-day
3752,1270,2025-12-27,completed,standard
3753,170,2026-02-01,completed,standard
3754,1039,2025-11-18,completed,standard
3755,1447,2025-04-14,completed,standard
3756,423,2026-06-19,completed,standard
3757,865,2026-04-03,completed,standard
3758,987,2026-06-29,completed,standard
3759,1223,2025-09-27,completed,express
3760,1421,2024-10-31,returned,standard
3761,76,2025-07-21,completed,standard
3762,1379,2025-05-09,completed,standard
3763,1227,2025-05-30,completed,standard
3764,1263,2025-09-21,completed,express
3765,465,2024-12-28,completed,same-day
3766,689,2024-10-22,completed,standard
3767,1067,2025-04-28,completed,standard
3768,1909,2025-03-26,completed,standard
3769,1751,2025-06-29,completed,standard
3770,1679,2024-11-15,completed,standard
3771,1745,2025-10-12,completed,same-day
3772,1339,2026-05-12,completed,same-day
3773,986,2025-07-10,completed,standard
3774,1260,2024-09-16,completed,express
3775,1197,2025-05-02,completed,standard
3776,1092,2025-02-09,completed,standard
3777,588,2025-11-19,completed,standard
3778,434,2026-02-05,completed,standard
3779,1926,2026-03-29,completed,standard
3780,1792,2026-02-24,cancelled,express
3781,1525,2026-04-24,completed,standard
3782,836,2025-12-04,completed,standard
3783,891,2026-02-16,completed,standard
3784,491,2026-04-30,completed,standard
3785,847,2026-03-07,completed,standard
3786,345,2025-02-03,completed,standard
3787,1914,2025-08-26,completed,standard
3788,1323,2025-03-15,completed,standard
3789,687,2024-06-09,completed,standard
3790,792,2025-01-21,completed,standard
3791,247,2024-12-07,completed,standard
3792,1760,2025-08-09,completed,standard
3793,1678,2024-08-11,completed,express
3794,1726,2026-05-17,completed,same-day
3795,1201,2026-02-14,completed,standard
3796,1376,2026-01-23,completed,standard
3797,55,2026-07-18,completed,standard
3798,536,2026-01-27,completed,express
3799,425,2026-05-31,completed,same-day
3800,1699,2025-07-30,returned,standard
3801,816,2025-11-16,completed,standard
3802,1130,2025-02-12,completed,standard
3803,639,2026-03-28,completed,express
3804,1350,2026-04-06,completed,same-day
3805,820,2026-02-14,completed,standard
3806,1619,2024-04-15,completed,standard
3807,848,2026-06-28,completed,standard
3808,519,2024-03-20,completed,standard
3809,104,2025-08-08,completed,express
3810,974,2026-08-02,completed,express
3811,434,2026-05-02,completed,express
3812,1273,2025-06-27,completed,standard
3813,87,2026-07-20,completed,standard
3814,892,2025-12-17,completed,standard
3815,438,2025-12-06,completed,standard
3816,1746,2026-06-13,completed,standard
3817,1078,2026-08-07,completed,standard
3818,1558,2026-05-04,completed,standard
3819,212,2026-06-17,completed,express
3820,1939,2025-08-11,cancelled,standard
3821,1223,2026-05-18,completed,standard
3822,250,2025-01-26,completed,express
3823,1086,2026-01-13,completed,standard
3824,1901,2026-06-09,completed,standard
3825,42,2024-06-27,completed,standard
3826,752,2026-05-27,completed,standard
3827,1561,2025-08-09,completed,express
3828,660,2024-10-30,completed,same-day
3829,698,2024-12-14,completed,standard
3830,1529,2024-03-13,completed,standard
3831,122,2026-01-12,completed,standard
3832,94,2024-11-29,completed,express
3833,416,2024-10-29,completed,standard
3834,1077,2024-05-22,completed,standard
3835,1971,2025-09-01,completed,standard
3836,1675,2026-08-23,completed,standard
3837,785,2025-11-01,completed,express
3838,1438,2025-03-30,completed,standard
3839,575,2026-04-26,cancelled,standard
3840,315,2026-01-31,completed,standard
3841,740,2026-04-22,completed,standard
3842,824,2026-05-16,completed,standard
3843,1110,2024-12-25,completed,standard
3844,494,2026-04-26,completed,same-day
3845,27,2026-02-09,completed,standard
3846,1688,2025-09-28,completed,express
3847,1508,2024-04-16,completed,standard
3848,1060,2025-03-21,completed,same-day
3849,1011,2024-07-03,completed,same-day
3850,1585,2025-05-24,completed,standard
3851,81,2026-07-19,completed,same-day
3852,561,2024-07-14,completed,standard
3853,48,2025-06-02,completed,standard
3854,1264,2025-04-25,cancelled,same-day
3855,1379,2026-02-10,completed,express
3856,65,2025-10-19,completed,standard
3857,1498,2026-07-20,completed,standard
3858,1626,2024-02-12,completed,standard
3859,749,2026-05-23,completed,standard
3860,799,2026-07-14,completed,standard
3861,1635,2025-08-08,completed,express
3862,1749,2025-12-03,completed,standard
3863,1722,2025-10-13,completed,standard
3864,149,2024-07-05,completed,standard
3865,1018,2025-01-30,completed,express
3866,1411,2026-01-26,returned,standard
3867,1465,2025-05-08,completed,standard
3868,40,2024-08-13,completed,express
3869,1482,2025-11-30,cancelled,same-day
3870,1090,2024-11-14,completed,standard
3871,1838,2025-01-30,completed,standard
3872,183,2026-08-20,cancelled,standard
3873,1181,2026-03-31,completed,standard
3874,775,2026-03-19,completed,standard
3875,1663,2025-03-10,completed,standard
3876,1717,2025-03-12,completed,standard
3877,1571,2024-01-20,cancelled,express
3878,848,2024-08-29,completed,standard
3879,1484,2025-08-13,completed,standard
3880,598,2026-05-16,cancelled,standard
3881,918,2024-04-19,completed,standard
3882,192,2024-08-29,completed,standard
3883,1940,2024-12-22,completed,standard
3884,1157,2026-01-24,completed,express
3885,746,2025-08-31,completed,standard
3886,856,2025-03-03,completed,express
3887,440,2026-05-06,completed,express
3888,811,2025-02-17,completed,express
3889,553,2026-03-16,completed,standard
3890,562,2024-11-12,completed,express
3891,1409,2025-12-01,completed,standard
3892,1022,2025-11-27,completed,standard
3893,759,2025-05-27,completed,express
3894,1988,2025-11-09,cancelled,standard
3895,1455,2025-04-24,completed,standard
3896,1904,2025-05-23,completed,standard
3897,1523,2026-06-17,completed,standard
3898,1431,2025-07-10,completed,standard
3899,904,2025-04-26,completed,standard
3900,1160,2025-09-28,returned,express
3901,49,2026-01-12,completed,same-day
3902,1541,2026-02-23,completed,express
3903,891,2025-01-23,completed,standard
3904,953,2025-10-03,cancelled,standard
3905,209,2025-11-12,cancelled,express
3906,616,2025-12-15,completed,express
3907,282,2024-10-26,completed,express
3908,1260,2025-04-22,returned,standard
3909,162,2025-05-02,completed,standard
3910,1127,2025-03-30,completed,express
3911,410,2024-05-10,completed,express
3912,1885,2025-09-27,completed,standard
3913,1190,2026-07-21,completed,standard
3914,162,2026-04-06,completed,standard
3915,804,2024-05-21,completed,standard
3916,1674,2026-07-28,completed,standard
3917,1054,2024-12-07,completed,standard
3918,1677,2025-11-08,completed,standard
3919,1519,2025-02-28,completed,express
3920,113,2026-08-25,completed,standard
3921,995,2025-10-06,completed,standard
3922,822,2026-03-24,completed,express
3923,1478,2024-09-16,completed,standard
3924,1668,2026-01-09,completed,standard
3925,70,2026-01-18,completed,standard
3926,1380,2025-03-23,completed,standard
3927,1198,2025-02-08,completed,standard
3928,1739,2025-02-26,completed,standard
3929,536,2025-06-07,completed,standard
3930,414,2024-05-05,completed,same-day
3931,1130,2026-01-25,completed,standard
3932,982,2024-08-01,completed,standard
3933,1007,2026-05-20,completed,standard
3934,1919,2026-08-01,completed,standard
3935,467,2025-05-23,returned,express
3936,923,2025-05-20,completed,standard
3937,969,2025-04-21,completed,express
3938,1113,2025-01-05,completed,standard
3939,1477,2025-03-17,completed,standard
3940,1466,2025-03-22,completed,express
3941,1842,2025-11-04,completed,standard
3942,849,2025-11-15,completed,same-day
3943,150,2024-07-11,completed,standard
3944,246,2026-07-02,completed,express
3945,27,2024-11-02,completed,standard
3946,1048,2025-07-14,completed,standard
3947,235,2026-01-15,completed,standard
3948,388,2026-06-29,completed,standard
3949,1736,2026-04-05,completed,standard
3950,218,2026-05-09,completed,standard
3951,1767,2026-01-04,completed,standard
3952,999,2026-04-05,completed,standard
3953,1253,2025-09-06,cancelled,standard
3954,1056,2026-06-18,completed,standard
3955,274,2025-08-19,completed,express
3956,1744,2025-07-12,completed,standard
3957,833,2025-01-20,completed,standard
3958,18,2026-04-10,completed,standard
3959,226,2025-09-24,completed,standard
3960,1994,2026-07-07,completed,standard
3961,1442,2024-11-02,completed,express
3962,1755,2026-04-09,cancelled,standard
3963,540,2024-11-29,completed,standard
3964,638,2024-08-24,completed,same-day
3965,1776,2025-10-01,completed,standard
3966,1132,2026-07-28,completed,express
3967,324,2026-01-15,completed,same-day
3968,575,2025-11-06,completed,standard
3969,1371,2025-10-08,completed,express
3970,1607,2026-05-11,completed,standard
3971,1905,2026-07-11,returned,standard
3972,735,2024-04-17,completed,standard
3973,1210,2026-02-27,returned,express
3974,943,2024-06-15,completed,express
3975,416,2026-01-20,completed,standard
3976,653,2026-03-17,completed,standard
3977,1491,2026-07-13,completed,standard
3978,1994,2025-05-27,completed,standard
3979,1856,2026-05-03,completed,standard
3980,321,2026-03-17,completed,standard
3981,1432,2025-09-15,completed,standard
3982,948,2024-08-31,completed,standard
3983,629,2025-06-28,completed,standard
3984,352,2025-10-17,completed,standard
3985,941,2024-10-29,completed,standard
3986,1988,2026-04-30,completed,standard
3987,11,2024-09-25,completed,standard
3988,1407,2024-05-25,completed,express
3989,394,2025-06-05,cancelled,standard
3990,180,2025-08-02,completed,same-day
3991,917,2026-07-12,completed,express
3992,182,2025-03-05,completed,express
3993,1250,2024-03-13,completed,standard
3994,1191,2025-08-03,completed,standard
3995,129,2024-08-10,cancelled,standard
3996,1273,2025-01-23,completed,standard
3997,1763,2026-08-12,completed,standard
3998,682,2026-08-17,completed,express
3999,28,2025-12-06,completed,standard
4000,379,2025-06-10,cancelled,standard
4001,562,2025-07-08,completed,express
4002,1822,2026-02-04,completed,standard
4003,849,2026-01-02,completed,standard
4004,1458,2024-07-21,completed,same-day
4005,726,2026-06-30,completed,standard
4006,1531,2024-03-17,completed,standard
4007,1869,2026-07-18,completed,standard
4008,1127,2026-05-03,completed,standard
4009,1284,2025-06-28,completed,express
4010,400,2026-08-15,completed,standard
4011,1188,2026-02-21,completed,express
4012,197,2025-08-05,completed,standard
4013,428,2025-06-19,completed,standard
4014,349,2025-06-02,completed,standard
4015,1132,2024-08-14,completed,same-day
4016,245,2026-02-26,completed,standard
4017,1052,2025-07-03,completed,standard
4018,1290,2025-02-24,completed,standard
4019,760,2026-05-31,completed,express
4020,1156,2026-08-22,completed,express
4021,1704,2026-03-25,completed,standard
4022,1210,2026-07-11,completed,standard
4023,1935,2026-05-30,completed,standard
4024,1473,2026-04-03,completed,express
4025,1232,2025-12-16,completed,standard
4026,1819,2026-01-20,completed,standard
4027,414,2026-01-14,completed,same-day
4028,5,2025-12-20,cancelled,standard
4029,460,2024-11-20,completed,standard
4030,428,2024-12-10,completed,standard
4031,1859,2026-02-16,cancelled,standard
4032,1230,2025-11-22,completed,standard
4033,280,2026-06-03,completed,express
4034,951,2026-03-02,completed,standard
4035,1,2025-06-13,completed,standard
4036,151,2026-07-19,completed,express
4037,1942,2025-05-16,completed,express
4038,268,2025-09-07,completed,express
4039,1616,2025-10-13,completed,standard
4040,848,2025-06-15,completed,standard
4041,942,2026-03-15,completed,express
4042,599,2026-02-17,completed,standard
4043,1518,2025-08-30,completed,standard
4044,477,2025-08-17,completed,express
4045,780,2025-07-09,completed,standard
4046,1546,2025-10-01,completed,standard
4047,1415,2025-02-20,completed,standard
4048,701,2025-10-12,completed,standard
4049,1675,2025-07-21,completed,standard
4050,628,2024-08-17,completed,express
4051,152,2025-09-15,completed,standard
4052,1212,2026-05-02,completed,standard
4053,423,2025-05-06,completed,same-day
4054,324,2026-01-04,completed,express
4055,1268,2026-05-06,completed,standard
4056,552,2025-06-02,completed,express
4057,279,2026-04-26,completed,express
4058,871,2026-06-16,completed,standard
4059,880,2026-03-07,completed,standard
4060,1396,2025-11-03,completed,express
4061,498,2026-01-27,completed,standard
4062,232,2026-08-26,completed,express
4063,1798,2025-06-03,completed,standard
4064,1304,2026-05-16,completed,standard
4065,348,2026-07-30,completed,standard
4066,1729,2025-05-09,completed,same-day
4067,1709,2026-06-19,completed,standard
4068,1539,2025-03-04,completed,standard
4069,684,2026-03-19,completed,express
4070,846,2026-06-19,completed,standard
4071,1234,2026-08-30,completed,standard
4072,1748,2026-04-21,completed,express
4073,1842,2025-09-12,completed,standard
4074,375,2025-03-04,completed,standard
4075,741,2024-07-06,completed,standard
4076,1866,2025-06-13,completed,express
4077,1994,2026-02-11,completed,express
4078,385,2026-03-28,completed,express
4079,714,2025-05-11,cancelled,express
4080,383,2025-10-31,completed,standard
4081,1177,2025-08-23,completed,standard
4082,649,2026-02-18,completed,standard
4083,1822,2026-02-02,completed,standard
4084,1831,2025-03-14,completed,express
4085,1014,2024-08-26,cancelled,express
4086,26,2026-02-13,returned,standard
4087,545,2025-12-12,returned,standard
4088,1295,2024-04-28,completed,standard
4089,1284,2025-09-10,cancelled,express
4090,792,2026-08-16,completed,express
4091,1994,2024-11-30,completed,standard
4092,1412,2026-05-16,completed,standard
4093,547,2026-02-05,completed,standard
4094,108,2024-08-24,completed,same-day
4095,1149,2025-04-28,completed,standard
4096,59,2026-01-28,completed,standard
4097,1438,2024-03-21,returned,express
4098,941,2025-06-24,completed,standard
4099,1217,2026-01-05,completed,express
4100,908,2024-11-08,completed,standard
4101,341,2026-06-14,completed,standard
4102,1498,2025-05-10,completed,standard
4103,1295,2025-08-14,completed,express
4104,1096,2026-08-04,completed,standard
4105,200,2026-03-27,completed,express
4106,730,2026-01-22,completed,standard
4107,1226,2026-02-01,completed,express
4108,1428,2026-08-18,completed,standard
4109,1414,2026-08-03,completed,standard
4110,346,2026-02-19,completed,standard
4111,1699,2024-07-07,completed,standard
4112,161,2025-12-25,completed,standard
4113,1667,2025-11-19,completed,express
4114,230,2024-07-24,completed,standard
4115,883,2024-11-14,completed,express
4116,1423,2026-02-12,completed,standard
4117,622,2026-07-30,completed,express
4118,1714,2026-06-06,completed,standard
4119,552,2025-09-30,completed,standard
4120,1702,2026-07-23,completed,express
4121,1311,2026-08-06,completed,standard
4122,1474,2026-06-27,completed,express
4123,658,2025-01-17,completed,standard
4124,1345,2026-05-05,completed,standard
4125,1798,2026-02-24,completed,same-day
4126,1794,2026-03-13,completed,same-day
4127,331,2025-10-16,completed,standard
4128,1974,2025-11-25,completed,standard
4129,1445,2025-12-20,completed,standard
4130,724,2026-01-11,completed,standard
4131,28,2025-02-25,cancelled,standard
4132,1331,2026-08-25,completed,standard
4133,830,2025-03-10,completed,standard
4134,1338,2024-04-24,completed,express
4135,118,2026-05-05,cancelled,standard
4136,380,2024-05-14,completed,standard
4137,1520,2025-05-20,completed,standard
4138,287,2026-08-09,completed,standard
4139,532,2025-05-28,completed,standard
4140,339,2026-08-19,completed,standard
4141,85,2026-01-28,completed,standard
4142,1218,2024-06-08,completed,standard
4143,1380,2024-03-07,cancelled,standard
4144,816,2025-01-21,completed,express
4145,1271,2024-09-14,completed,standard
4146,1682,2026-02-23,completed,standard
4147,1883,2025-08-04,completed,standard
4148,617,2024-06-17,completed,express
4149,1127,2025-01-12,completed,same-day
4150,227,2025-04-06,cancelled,standard
4151,934,2025-02-11,completed,express
4152,1671,2025-01-14,completed,standard
4153,166,2025-06-21,completed,standard
4154,1861,2025-07-09,completed,standard
4155,169,2025-08-17,completed,standard
4156,1837,2025-09-05,completed,same-day
4157,357,2025-03-20,completed,standard
4158,166,2026-04-28,completed,standard
4159,629,2026-08-10,completed,standard
4160,1254,2024-10-04,completed,express
4161,40,2025-02-25,completed,standard
4162,331,2026-05-20,completed,standard
4163,21,2026-07-04,completed,standard
4164,1276,2025-02-19,completed,standard
4165,920,2024-07-12,completed,same-day
4166,1750,2025-07-20,completed,standard
4167,1887,2025-07-05,completed,express
4168,610,2024-12-17,completed,standard
4169,1362,2026-07-05,completed,express
4170,1886,2026-03-06,completed,standard
4171,1726,2026-07-11,completed,standard
4172,1493,2025-03-11,completed,standard
4173,1475,2026-04-29,completed,standard
4174,616,2025-04-02,completed,standard
4175,752,2025-09-03,cancelled,standard
4176,569,2025-07-18,completed,standard
4177,554,2025-05-01,cancelled,standard
4178,1135,2026-02-10,completed,standard
4179,825,2024-08-08,completed,express
4180,1670,2025-04-25,completed,standard
4181,544,2024-05-19,completed,standard
4182,394,2026-03-16,completed,standard
4183,1958,2026-05-28,completed,standard
4184,517,2026-05-26,returned,standard
4185,875,2026-03-04,completed,express
4186,177,2026-03-10,completed,standard
4187,702,2026-08-19,completed,standard
4188,719,2025-07-09,completed,standard
4189,1544,2025-01-31,completed,standard
4190,1054,2024-08-15,completed,standard
4191,1658,2026-01-19,completed,standard
4192,1376,2026-06-02,completed,standard
4193,334,2025-04-10,cancelled,standard
4194,1900,2025-06-28,completed,standard
4195,1175,2026-01-08,completed,standard
4196,304,2025-06-22,completed,express
4197,1143,2025-06-27,completed,express
4198,1989,2026-06-28,completed,express
4199,864,2024-10-13,completed,standard
4200,1292,2026-02-02,completed,standard
4201,1365,2026-02-25,completed,standard
4202,572,2025-03-05,completed,standard
4203,678,2024-03-13,completed,standard
4204,1939,2026-08-16,completed,express
4205,1107,2025-07-15,completed,standard
4206,1484,2025-04-15,completed,standard
4207,537,2025-01-02,completed,same-day
4208,1033,2026-01-16,completed,standard
4209,416,2024-06-13,completed,standard
4210,432,2025-02-21,completed,standard
4211,519,2026-08-29,completed,standard
4212,1844,2025-06-15,cancelled,standard
4213,1041,2026-07-19,completed,express
4214,1263,2025-11-27,completed,express
4215,950,2026-06-06,completed,standard
4216,936,2025-01-02,completed,standard
4217,639,2026-03-09,completed,standard
4218,1132,2026-06-14,completed,express
4219,1318,2025-07-07,completed,standard
4220,1803,2025-01-08,completed,express
4221,638,2024-03-11,completed,standard
4222,201,2026-08-29,completed,same-day
4223,710,2025-07-01,completed,express
4224,1802,2026-07-03,completed,standard
4225,310,2024-09-22,completed,standard
4226,951,2025-02-03,completed,standard
4227,667,2026-03-05,completed,standard
4228,1806,2026-02-24,completed,same-day
4229,366,2026-07-28,completed,express
4230,708,2026-03-27,completed,standard
4231,316,2026-05-05,completed,same-day
4232,1098,2024-09-14,completed,standard
4233,1502,2026-06-17,completed,standard
4234,874,2026-08-12,completed,standard
4235,1234,2026-07-21,cancelled,standard
4236,1190,2025-08-11,completed,express
4237,1394,2026-08-10,completed,standard
4238,1460,2025-08-29,completed,express
4239,947,2024-04-18,completed,same-day
4240,483,2025-02-16,completed,standard
4241,1447,2025-10-30,completed,standard
4242,1201,2024-08-11,completed,standard
4243,969,2024-08-28,completed,standard
4244,800,2025-01-06,completed,standard
4245,77,2026-06-29,returned,standard
4246,1858,2024-07-10,completed,standard
4247,465,2025-03-30,completed,standard
4248,1871,2026-01-22,returned,standard
4249,1855,2025-10-17,completed,standard
4250,207,2026-05-20,completed,standard
4251,849,2026-04-01,completed,express
4252,538,2024-05-20,completed,express
4253,1160,2026-05-27,completed,standard
4254,1189,2025-02-16,cancelled,standard
4255,320,2026-05-13,completed,standard
4256,325,2025-10-27,completed,standard
4257,596,2025-09-10,completed,express
4258,1196,2025-02-04,cancelled,same-day
4259,1400,2026-02-25,completed,express
4260,1056,2026-02-14,completed,standard
4261,1904,2024-11-19,completed,standard
4262,1142,2025-12-13,completed,standard
4263,274,2024-11-02,completed,standard
4264,1328,2026-06-27,completed,express
4265,1579,2025-08-10,completed,express
4266,103,2025-09-30,completed,standard
4267,174,2025-08-08,completed,standard
4268,1588,2024-03-18,cancelled,same-day
4269,277,2026-02-05,completed,standard
4270,684,2026-08-01,completed,standard
4271,786,2026-06-06,completed,express
4272,921,2026-04-05,completed,standard
4273,1319,2026-04-25,cancelled,same-day
4274,396,2026-04-09,completed,express
4275,337,2026-03-29,completed,express
4276,610,2025-01-24,completed,standard
4277,361,2024-07-02,completed,express
4278,1714,2025-12-02,completed,standard
4279,869,2025-05-30,completed,standard
4280,1448,2024-07-03,completed,standard
4281,302,2026-05-28,completed,same-day
4282,1113,2026-02-13,cancelled,standard
4283,1549,2025-01-26,completed,standard
4284,9,2026-06-20,completed,standard
4285,311,2025-12-13,completed,standard
4286,192,2024-04-22,completed,standard
4287,1104,2025-03-25,completed,standard
4288,782,2024-09-05,completed,standard
4289,420,2025-01-08,completed,standard
4290,944,2026-03-20,completed,express
4291,745,2025-11-28,completed,standard
4292,928,2026-02-02,completed,standard
4293,481,2024-11-18,completed,standard
4294,1834,2025-05-23,completed,standard
4295,768,2026-05-11,returned,same-day
4296,630,2026-08-09,completed,express
4297,1872,2025-04-27,completed,same-day
4298,795,2025-06-08,completed,standard
4299,647,2026-05-11,completed,standard
4300,561,2024-11-05,completed,standard
4301,1349,2025-06-25,returned,standard
4302,1741,2025-03-01,completed,standard
4303,1196,2026-07-16,completed,express
4304,1074,2026-06-19,completed,same-day
4305,686,2025-08-28,completed,standard
4306,1342,2026-04-12,completed,standard
4307,1942,2025-09-12,completed,standard
4308,52,2025-12-18,completed,standard
4309,1767,2025-03-07,completed,express
4310,348,2026-05-07,completed,standard
4311,466,2026-07-18,completed,express
4312,716,2026-01-09,completed,standard
4313,1011,2026-03-12,completed,standard
4314,3,2024-03-28,completed,standard
4315,1199,2026-06-29,completed,standard
4316,792,2026-06-13,completed,standard
4317,150,2025-11-11,completed,standard
4318,456,2026-02-06,completed,express
4319,1008,2025-12-31,completed,standard
4320,85,2025-11-24,completed,standard
4321,598,2024-12-17,completed,standard
4322,178,2024-04-21,cancelled,standard
4323,763,2026-04-28,completed,standard
4324,353,2024-03-11,completed,standard
4325,295,2026-05-22,cancelled,express
4326,617,2025-01-21,completed,express
4327,1350,2026-08-01,completed,standard
4328,963,2024-06-29,completed,standard
4329,520,2025-09-21,completed,same-day
4330,1911,2024-05-10,completed,express
4331,353,2025-06-28,completed,standard
4332,792,2026-01-07,completed,standard
4333,1042,2026-04-16,completed,same-day
4334,204,2024-03-12,completed,standard
4335,1614,2025-06-12,completed,express
4336,684,2026-01-06,completed,standard
4337,1465,2025-03-11,completed,standard
4338,1312,2024-09-26,completed,standard
4339,807,2026-03-26,completed,standard
4340,1615,2024-05-22,completed,express
4341,313,2026-08-30,completed,express
4342,249,2026-05-20,completed,standard
4343,1023,2025-03-01,completed,standard
4344,1374,2025-01-10,completed,standard
4345,23,2026-08-14,completed,express
4346,1308,2026-07-16,completed,standard
4347,1342,2026-04-03,completed,express
4348,843,2024-09-11,completed,standard
4349,104,2025-05-28,completed,standard
4350,848,2024-06-07,completed,standard
4351,1481,2025-09-18,completed,same-day
4352,222,2024-11-27,completed,standard
4353,1616,2026-03-13,completed,standard
4354,1816,2026-03-12,completed,standard
4355,1012,2025-04-20,completed,standard
4356,1563,2024-12-15,completed,standard
4357,1425,2025-11-16,completed,standard
4358,1686,2024-09-16,completed,standard
4359,1946,2024-07-06,completed,standard
4360,215,2026-06-17,returned,express
4361,351,2024-12-28,completed,express
4362,846,2025-06-26,completed,express
4363,1517,2025-08-25,completed,same-day
4364,1736,2026-07-29,completed,express
4365,156,2025-01-12,completed,standard
4366,14,2026-07-21,completed,standard
4367,1895,2024-07-02,completed,standard
4368,1417,2026-04-07,completed,standard
4369,514,2026-06-28,completed,same-day
4370,1036,2026-06-20,completed,standard
4371,1230,2025-09-03,returned,standard
4372,1740,2024-09-26,completed,standard
4373,866,2025-02-19,returned,express
4374,930,2026-05-30,completed,express
4375,77,2026-08-02,completed,standard
4376,1733,2024-04-18,returned,standard
4377,920,2025-06-19,completed,standard
4378,96,2024-04-20,returned,express
4379,1199,2025-11-24,completed,express
4380,730,2024-10-05,completed,same-day
4381,849,2025-01-10,completed,standard
4382,1350,2026-05-14,completed,same-day
4383,1531,2025-11-14,completed,standard
4384,46,2026-07-24,completed,standard
4385,533,2025-08-12,completed,same-day
4386,582,2025-02-22,completed,express
4387,831,2025-05-30,completed,express
4388,891,2024-07-30,completed,express
4389,591,2026-02-16,completed,standard
4390,69,2025-10-09,completed,standard
4391,215,2026-02-26,completed,same-day
4392,1463,2024-09-25,completed,same-day
4393,1069,2026-07-21,completed,standard
4394,787,2025-05-19,returned,standard
4395,343,2025-08-27,completed,express
4396,1075,2025-08-04,completed,standard
4397,243,2025-11-13,completed,standard
4398,283,2024-12-12,completed,standard
4399,995,2026-04-17,completed,express
4400,1782,2026-07-16,completed,standard
4401,683,2024-09-10,cancelled,express
4402,916,2025-07-23,completed,express
4403,1236,2026-05-20,completed,standard
4404,1838,2025-04-16,completed,same-day
4405,1808,2026-03-15,completed,standard
4406,1864,2025-02-25,cancelled,standard
4407,1638,2025-10-23,completed,standard
4408,1143,2025-11-30,completed,express
4409,78,2026-07-30,completed,standard
4410,646,2026-05-13,completed,standard
4411,75,2024-12-22,cancelled,standard
4412,1221,2025-03-20,completed,standard
4413,1447,2024-12-06,completed,standard
4414,1625,2026-08-20,completed,express
4415,194,2026-07-26,completed,standard
4416,1032,2026-02-12,cancelled,same-day
4417,1451,2025-11-14,completed,standard
4418,669,2025-09-13,completed,standard
4419,1274,2025-11-11,completed,standard
4420,598,2025-04-18,completed,express
4421,799,2025-10-20,completed,express
4422,360,2025-02-15,completed,express
4423,1491,2024-10-22,completed,standard
4424,1444,2025-04-03,completed,standard
4425,1482,2026-08-15,completed,standard
4426,155,2025-06-13,completed,standard
4427,1824,2024-07-25,completed,standard
4428,1932,2025-02-15,completed,standard
4429,1590,2026-01-25,cancelled,standard
4430,1146,2025-01-30,completed,standard
4431,1993,2026-06-01,completed,standard
4432,1232,2024-12-04,completed,express
4433,1085,2025-02-13,completed,standard
4434,1590,2025-06-24,completed,express
4435,1394,2024-04-17,completed,standard
4436,93,2026-03-08,completed,same-day
4437,1151,2026-05-09,completed,standard
4438,425,2025-10-13,completed,standard
4439,1873,2026-05-12,completed,standard
4440,548,2025-03-25,completed,standard
4441,1380,2025-09-25,completed,standard
4442,364,2026-02-06,completed,standard
4443,1011,2024-12-31,cancelled,standard
4444,87,2025-08-21,completed,standard
4445,793,2025-11-03,cancelled,express
4446,355,2026-04-29,completed,standard
4447,564,2024-08-06,completed,standard
4448,9,2024-05-03,returned,standard
4449,408,2025-07-10,returned,same-day
4450,1565,2026-05-02,cancelled,express
4451,1315,2026-08-13,completed,same-day
4452,548,2024-11-03,completed,standard
4453,926,2026-05-28,completed,express
4454,1583,2025-11-16,completed,express
4455,1270,2026-08-27,completed,express
4456,187,2025-09-12,completed,standard
4457,445,2025-03-31,completed,standard
4458,1420,2026-02-20,completed,standard
4459,438,2025-11-19,completed,standard
4460,1223,2026-06-16,completed,standard
4461,1457,2026-04-07,completed,same-day
4462,1221,2026-05-12,completed,standard
4463,921,2025-11-20,completed,standard
4464,838,2026-05-22,completed,express
4465,1193,2025-01-06,completed,express
4466,1090,2024-07-31,completed,standard
4467,951,2026-05-08,completed,express
4468,1118,2026-08-19,completed,express
4469,679,2026-03-06,completed,express
4470,633,2025-11-07,completed,standard
4471,1643,2026-05-15,completed,standard
4472,298,2025-05-07,completed,standard
4473,1706,2025-08-08,completed,same-day
4474,1006,2025-07-30,completed,standard
4475,1071,2025-08-02,completed,standard
4476,332,2024-12-04,completed,standard
4477,773,2025-08-13,completed,standard
4478,804,2026-06-10,completed,standard
4479,1324,2025-08-06,completed,standard
4480,1147,2026-07-14,completed,standard
4481,152,2025-09-13,cancelled,standard
4482,977,2025-04-12,completed,standard
4483,1971,2025-07-03,completed,same-day
4484,161,2025-09-22,completed,standard
4485,1494,2025-06-16,cancelled,standard
4486,1066,2024-07-02,completed,express
4487,602,2024-06-08,completed,standard
4488,1499,2026-05-26,completed,standard
4489,902,2025-11-05,completed,standard
4490,936,2024-06-11,completed,standard
4491,305,2025-06-29,completed,standard
4492,1174,2025-05-08,completed,standard
4493,1249,2025-06-14,completed,standard
4494,1134,2025-01-11,completed,standard
4495,828,2024-12-29,completed,standard
4496,1527,2024-02-13,completed,standard
4497,1500,2025-02-23,completed,standard
4498,562,2026-05-22,completed,standard
4499,1486,2026-04-04,completed,standard
4500,1979,2026-01-21,completed,standard
4501,744,2025-07-29,completed,same-day
4502,1082,2026-08-05,completed,standard
4503,750,2025-02-09,completed,standard
4504,1896,2026-07-08,completed,standard
4505,239,2025-10-29,completed,standard
4506,785,2026-04-20,completed,standard
4507,418,2025-05-13,cancelled,standard
4508,212,2026-01-24,completed,same-day
4509,573,2026-03-19,completed,same-day
4510,1727,2026-02-21,completed,standard
4511,1531,2025-04-28,completed,standard
4512,1970,2026-05-27,completed,express
4513,1958,2024-04-25,completed,standard
4514,1105,2026-08-29,completed,standard
4515,696,2026-07-06,completed,express
4516,430,2025-09-23,completed,standard
4517,1801,2026-07-07,completed,same-day
4518,554,2024-10-18,completed,same-day
4519,1539,2024-09-09,completed,standard
4520,1261,2026-07-24,completed,standard
4521,1330,2026-01-07,completed,standard
4522,1375,2025-09-07,completed,standard
4523,1267,2024-11-27,completed,standard
4524,1273,2024-07-31,completed,same-day
4525,1012,2026-04-10,completed,same-day
4526,1071,2024-05-11,completed,standard
4527,445,2026-05-22,completed,standard
4528,806,2026-08-09,completed,standard
4529,1511,2025-10-29,completed,standard
4530,567,2024-09-22,completed,standard
4531,1850,2026-04-27,cancelled,standard
4532,307,2026-01-18,completed,standard
4533,1743,2025-07-31,completed,standard
4534,796,2026-02-12,completed,standard
4535,6,2024-08-22,completed,standard
4536,1659,2025-12-10,completed,standard
4537,1523,2025-11-22,completed,same-day
4538,1313,2026-01-03,completed,standard
4539,1368,2024-06-28,completed,standard
4540,188,2025-09-20,completed,standard
4541,1166,2025-07-30,completed,standard
4542,833,2025-05-28,completed,express
4543,834,2026-07-20,completed,standard
4544,370,2025-10-24,returned,express
4545,55,2026-06-12,completed,express
4546,444,2025-03-03,completed,standard
4547,1221,2025-02-02,completed,standard
4548,1015,2026-05-18,completed,express
4549,157,2025-02-10,completed,express
4550,1146,2024-03-10,completed,standard
4551,816,2025-04-08,completed,standard
4552,44,2026-08-25,completed,same-day
4553,1221,2025-06-02,completed,standard
4554,325,2024-07-08,cancelled,express
4555,1251,2024-12-24,completed,express
4556,1370,2026-03-19,cancelled,express
4557,1904,2025-08-17,returned,same-day
4558,44,2026-05-25,completed,standard
4559,1202,2026-02-06,completed,standard
4560,1582,2025-11-23,cancelled,standard
4561,772,2026-05-24,completed,standard
4562,1029,2026-06-09,completed,standard
4563,380,2025-12-22,cancelled,standard
4564,1827,2025-09-21,completed,express
4565,915,2026-01-21,cancelled,standard
4566,1446,2025-08-19,completed,standard
4567,474,2025-04-06,completed,standard
4568,943,2026-06-16,completed,standard
4569,1427,2026-03-13,completed,standard
4570,395,2024-05-06,completed,express
4571,257,2025-09-16,completed,standard
4572,124,2024-09-10,completed,express
4573,59,2025-04-21,completed,express
4574,1160,2025-10-08,completed,express
4575,918,2026-04-29,completed,express
4576,1368,2025-06-28,completed,standard
4577,883,2026-07-21,returned,express
4578,479,2026-05-08,completed,standard
4579,346,2026-08-09,completed,standard
4580,924,2026-05-28,completed,standard
4581,1283,2025-10-13,completed,standard
4582,1609,2025-12-30,completed,express
4583,1674,2026-04-29,returned,standard
4584,1739,2025-12-10,completed,standard
4585,1818,2025-05-02,completed,express
4586,485,2025-05-01,completed,standard
4587,1445,2025-02-05,completed,standard
4588,134,2025-03-11,completed,standard
4589,1496,2025-03-31,returned,standard
4590,1365,2025-08-12,completed,standard
4591,811,2024-04-12,completed,express
4592,1047,2026-02-25,completed,standard
4593,940,2024-07-26,completed,standard
4594,764,2026-01-15,completed,standard
4595,1567,2025-05-20,completed,standard
4596,1916,2025-09-19,completed,standard
4597,1763,2026-08-02,completed,standard
4598,1082,2025-09-11,completed,standard
4599,1434,2025-06-22,completed,standard
4600,1216,2026-02-25,completed,standard
4601,1978,2026-01-04,completed,standard
4602,1432,2025-11-25,completed,express
4603,874,2025-06-16,completed,standard
4604,1654,2024-06-11,completed,standard
4605,114,2025-02-06,completed,express
4606,1624,2024-07-07,completed,standard
4607,1655,2026-07-30,completed,express
4608,1450,2025-06-29,completed,standard
4609,77,2026-02-09,completed,same-day
4610,795,2025-04-14,completed,express
4611,1855,2024-06-14,cancelled,standard
4612,1258,2024-09-02,completed,standard
4613,876,2024-07-05,completed,standard
4614,1578,2026-06-09,completed,standard
4615,199,2025-07-08,completed,express
4616,1691,2024-11-10,completed,express
4617,1513,2024-09-28,completed,standard
4618,1165,2026-06-08,completed,express
4619,1585,2024-07-07,completed,express
4620,1445,2025-08-10,cancelled,standard
4621,724,2026-07-19,completed,standard
4622,1314,2026-08-13,completed,same-day
4623,278,2024-09-12,completed,standard
4624,482,2024-12-08,completed,standard
4625,969,2025-05-30,completed,standard
4626,528,2025-10-22,completed,express
4627,653,2024-08-14,completed,standard
4628,1392,2024-12-30,completed,express
4629,916,2025-03-07,completed,standard
4630,1420,2026-07-17,completed,standard
4631,1503,2025-11-29,completed,standard
4632,1511,2026-03-17,completed,standard
4633,679,2025-12-30,returned,standard
4634,1381,2026-05-26,completed,express
4635,654,2025-02-09,completed,standard
4636,899,2026-03-26,completed,standard
4637,514,2025-09-10,completed,standard
4638,549,2026-07-25,completed,same-day
4639,70,2024-06-10,completed,standard
4640,275,2026-04-28,completed,same-day
4641,1051,2025-08-09,completed,standard
4642,50,2025-06-24,completed,standard
4643,1755,2025-06-07,completed,standard
4644,1132,2025-07-18,completed,standard
4645,1429,2025-07-20,returned,express
4646,608,2024-11-14,completed,standard
4647,1434,2026-04-26,cancelled,express
4648,1141,2026-04-09,completed,standard
4649,604,2025-12-01,completed,standard
4650,1428,2025-08-08,completed,same-day
4651,1347,2026-04-04,completed,standard
4652,303,2025-08-13,cancelled,standard
4653,1612,2025-03-14,completed,standard
4654,248,2024-06-22,completed,express
4655,1217,2025-02-28,completed,standard
4656,1717,2024-02-29,completed,standard
4657,513,2025-07-02,completed,standard
4658,453,2026-03-22,cancelled,standard
4659,1699,2026-06-30,completed,express
4660,1171,2025-12-05,completed,standard
4661,289,2026-08-09,completed,express
4662,24,2026-02-15,completed,standard
4663,720,2026-08-12,completed,standard
4664,1025,2025-12-01,completed,standard
4665,1736,2026-03-15,completed,standard
4666,1040,2025-04-05,completed,express
4667,953,2026-03-13,completed,standard
4668,1799,2026-08-22,completed,express
4669,1947,2025-09-01,cancelled,standard
4670,1289,2026-06-18,completed,express
4671,1178,2026-06-27,cancelled,express
4672,1010,2026-04-26,completed,standard
4673,1054,2026-01-23,completed,same-day
4674,749,2025-10-21,completed,express
4675,1853,2025-07-23,completed,same-day
4676,1297,2025-02-25,returned,standard
4677,1737,2025-11-27,completed,standard
4678,967,2025-09-08,completed,standard
4679,971,2026-01-16,completed,express
4680,753,2025-07-19,completed,same-day
4681,1340,2026-04-13,completed,standard
4682,123,2025-10-12,completed,standard
4683,445,2025-10-07,completed,standard
4684,407,2026-07-07,completed,express
4685,293,2026-05-20,completed,standard
4686,1218,2025-11-30,completed,express
4687,1457,2026-08-25,completed,standard
4688,230,2025-09-03,completed,standard
4689,387,2025-07-12,completed,standard
4690,1006,2025-02-04,completed,express
4691,1144,2024-04-02,completed,standard
4692,1277,2026-08-07,completed,express
4693,25,2024-10-24,completed,express
4694,1490,2026-08-11,completed,standard
4695,1636,2024-10-17,completed,express
4696,1578,2024-10-07,completed,standard
4697,1794,2025-02-11,completed,express
4698,1479,2024-02-17,cancelled,standard
4699,719,2025-07-06,completed,standard
4700,63,2024-10-02,completed,standard
4701,1254,2026-08-16,completed,express
4702,1905,2026-02-17,completed,standard
4703,1023,2025-10-10,completed,standard
4704,541,2025-07-28,completed,standard
4705,1924,2024-12-13,completed,standard
4706,1690,2026-01-29,completed,standard
4707,1082,2024-05-09,completed,standard
4708,155,2026-06-03,completed,standard
4709,1597,2025-10-01,completed,standard
4710,890,2026-01-07,completed,express
4711,1053,2024-12-25,completed,standard
4712,484,2026-03-05,completed,standard
4713,1596,2024-08-23,completed,standard
4714,357,2025-09-01,completed,standard
4715,1874,2025-03-06,completed,express
4716,1714,2025-10-03,completed,standard
4717,454,2025-09-14,completed,standard
4718,1437,2026-02-09,completed,standard
4719,347,2024-10-02,completed,standard
4720,1958,2025-05-07,cancelled,standard
4721,530,2026-04-03,completed,express
4722,552,2026-04-20,completed,standard
4723,1484,2025-08-17,completed,standard
4724,1466,2024-12-27,completed,standard
4725,1835,2025-06-22,cancelled,same-day
4726,1813,2026-06-17,completed,standard
4727,257,2026-06-16,completed,standard
4728,599,2026-06-24,completed,standard
4729,410,2026-02-23,completed,standard
4730,483,2025-11-26,cancelled,standard
4731,1520,2026-04-30,completed,same-day
4732,955,2025-05-25,completed,express
4733,188,2025-05-05,completed,standard
4734,1759,2026-07-26,completed,same-day
4735,98,2024-06-14,completed,standard
4736,1582,2026-04-09,completed,standard
4737,142,2025-05-25,cancelled,same-day
4738,958,2026-07-29,completed,standard
4739,880,2025-11-09,completed,express
4740,952,2025-11-10,completed,standard
4741,192,2025-09-28,completed,express
4742,1182,2026-02-21,completed,standard
4743,1197,2025-03-22,completed,express
4744,595,2025-09-25,completed,standard
4745,19,2026-08-11,completed,express
4746,857,2025-07-15,completed,same-day
4747,1810,2026-05-17,completed,express
4748,1442,2024-10-17,completed,standard
4749,882,2024-10-03,completed,express
4750,1286,2026-05-26,completed,standard
4751,1182,2026-04-29,completed,standard
4752,1270,2025-09-14,cancelled,standard
4753,1509,2024-11-28,completed,standard
4754,1986,2024-08-27,completed,standard
4755,501,2025-08-10,completed,express
4756,813,2024-12-26,completed,same-day
4757,540,2025-11-12,completed,express
4758,1263,2025-01-26,completed,standard
4759,650,2025-12-28,returned,standard
4760,970,2026-03-15,completed,express
4761,562,2026-08-11,completed,standard
4762,1291,2026-01-06,completed,same-day
4763,527,2026-07-29,completed,standard
4764,1071,2025-07-08,completed,standard
4765,676,2024-10-27,completed,standard
4766,1357,2026-07-20,completed,express
4767,1014,2026-08-25,completed,standard
4768,1252,2024-04-06,completed,standard
4769,214,2024-11-27,completed,express
4770,1510,2024-10-18,completed,express
4771,357,2024-08-01,completed,standard
4772,13,2026-02-23,completed,standard
4773,1783,2025-01-05,completed,standard
4774,1026,2026-05-17,cancelled,standard
4775,1000,2026-01-01,cancelled,express
4776,351,2026-08-09,completed,standard
4777,1518,2026-03-14,completed,standard
4778,1346,2025-09-19,completed,express
4779,182,2024-09-16,completed,standard
4780,1722,2024-04-26,completed,standard
4781,678,2024-12-11,completed,same-day
4782,1376,2024-08-19,returned,standard
4783,1642,2025-11-24,completed,standard
4784,380,2025-09-22,cancelled,standard
4785,208,2025-08-13,completed,standard
4786,460,2025-07-19,completed,standard
4787,609,2024-11-19,completed,standard
4788,606,2026-07-25,returned,standard
4789,1530,2025-11-18,completed,express
4790,943,2026-02-17,completed,express
4791,1370,2026-01-29,completed,standard
4792,1856,2025-09-25,completed,express
4793,416,2026-07-12,completed,express
4794,1345,2025-02-28,completed,standard
4795,640,2025-07-17,completed,standard
4796,378,2025-01-27,completed,standard
4797,787,2025-08-07,completed,standard
4798,337,2026-02-25,completed,standard
4799,309,2025-11-03,completed,express
4800,1327,2025-04-24,completed,express
4801,644,2024-11-16,completed,standard
4802,1040,2025-06-16,completed,express
4803,948,2024-10-10,completed,standard
4804,1193,2026-08-06,completed,standard
4805,831,2026-02-20,completed,standard
4806,1453,2026-06-15,completed,standard
4807,454,2026-04-13,completed,express
4808,525,2026-01-10,completed,standard
4809,1870,2025-08-04,completed,standard
4810,1668,2026-01-16,completed,express
4811,733,2025-09-10,cancelled,express
4812,607,2025-09-11,completed,standard
4813,1453,2026-02-21,completed,standard
4814,1658,2026-06-21,completed,standard
4815,625,2026-07-08,completed,standard
4816,610,2026-06-07,completed,standard
4817,1131,2025-01-06,completed,express
4818,1523,2025-12-13,completed,standard
4819,11,2024-04-04,completed,express
4820,1881,2024-04-28,completed,standard
4821,105,2026-06-14,completed,express
4822,816,2025-09-21,completed,standard
4823,1292,2025-02-21,completed,standard
4824,275,2026-02-26,completed,standard
4825,914,2026-07-26,completed,standard
4826,547,2024-10-18,completed,standard
4827,1635,2024-10-29,completed,standard
4828,399,2025-01-16,completed,express
4829,1325,2025-02-02,completed,express
4830,511,2025-07-19,completed,standard
4831,1664,2025-10-13,completed,standard
4832,46,2025-09-15,completed,standard
4833,852,2026-08-06,completed,standard
4834,759,2025-02-04,completed,standard
4835,1119,2025-02-25,completed,same-day
4836,1476,2026-08-06,returned,standard
4837,1596,2024-11-28,completed,express
4838,1236,2025-06-22,completed,express
4839,876,2026-01-07,completed,standard
4840,546,2025-09-19,cancelled,standard
4841,145,2024-11-08,cancelled,standard
4842,313,2026-07-10,completed,express
4843,1446,2025-08-26,returned,standard
4844,1884,2026-07-31,completed,standard
4845,1189,2024-09-23,completed,express
4846,1905,2024-11-29,completed,express
4847,1893,2025-06-05,completed,standard
4848,1563,2025-08-15,completed,standard
4849,773,2024-12-25,completed,standard
4850,1920,2024-03-15,completed,standard
4851,1415,2026-08-04,completed,same-day
4852,496,2025-09-14,completed,standard
4853,1975,2024-04-01,completed,standard
4854,1177,2024-02-27,completed,standard
4855,114,2024-04-08,completed,standard
4856,107,2024-12-28,completed,standard
4857,679,2025-03-12,completed,standard
4858,1083,2025-01-02,completed,standard
4859,873,2025-03-16,completed,standard
4860,562,2025-06-16,completed,express
4861,943,2025-10-19,completed,same-day
4862,1757,2026-07-24,completed,standard
4863,144,2024-06-13,cancelled,standard
4864,1955,2024-11-03,completed,standard
4865,1465,2025-10-21,completed,standard
4866,1647,2026-07-11,completed,standard
4867,1743,2025-08-30,completed,standard
4868,1184,2025-09-11,completed,standard
4869,1152,2026-04-22,completed,standard
4870,1129,2026-02-19,completed,standard
4871,873,2024-08-17,completed,express
4872,649,2026-08-04,completed,standard
4873,1097,2026-08-29,completed,standard
4874,1324,2025-11-02,completed,standard
4875,1116,2024-11-10,completed,same-day
4876,1634,2025-10-05,completed,standard
4877,1382,2025-09-12,completed,express
4878,275,2025-07-06,completed,standard
4879,1538,2026-08-29,completed,standard
4880,1737,2025-08-17,completed,same-day
4881,1403,2025-12-02,completed,standard
4882,1476,2026-02-08,completed,standard
4883,1916,2026-05-16,completed,standard
4884,715,2026-04-22,completed,standard
4885,1544,2026-07-19,cancelled,standard
4886,1493,2025-07-22,completed,standard
4887,424,2024-07-07,completed,express
4888,635,2025-11-02,cancelled,standard
4889,452,2025-07-06,completed,standard
4890,716,2025-04-17,returned,standard
4891,393,2026-02-10,completed,standard
4892,1945,2025-06-21,returned,standard
4893,517,2025-10-05,returned,standard
4894,1207,2026-02-26,cancelled,standard
4895,1865,2024-02-27,completed,standard
4896,275,2024-02-01,completed,express
4897,1286,2025-06-12,completed,express
4898,851,2025-03-09,completed,standard
4899,1614,2025-05-02,completed,standard
4900,1597,2025-06-27,cancelled,standard
4901,1663,2026-08-06,completed,express
4902,116,2024-10-17,completed,express
4903,1979,2024-11-20,completed,standard
4904,739,2024-11-06,completed,standard
4905,1138,2025-07-27,completed,standard
4906,1994,2026-06-20,completed,standard
4907,1920,2024-07-11,completed,standard
4908,1742,2026-01-29,completed,express
4909,647,2025-07-09,cancelled,standard
4910,1084,2025-09-03,completed,same-day
4911,559,2026-04-18,completed,same-day
4912,661,2026-06-04,completed,standard
4913,129,2024-09-15,completed,standard
4914,148,2026-07-11,completed,standard
4915,177,2024-07-02,cancelled,standard
4916,1120,2026-08-29,completed,standard
4917,216,2026-01-01,completed,express
4918,309,2026-05-05,completed,express
4919,1033,2026-02-24,completed,standard
4920,1700,2025-01-31,completed,standard
4921,1152,2025-07-13,completed,express
4922,938,2026-01-19,completed,standard
4923,1300,2026-03-27,completed,standard
4924,375,2025-03-25,completed,standard
4925,142,2025-09-23,completed,standard
4926,1369,2025-07-13,completed,standard
4927,1634,2025-09-01,completed,standard
4928,932,2025-03-13,completed,express
4929,1776,2026-08-09,completed,standard
4930,1991,2024-12-25,completed,standard
4931,298,2026-05-18,completed,standard
4932,653,2024-11-23,completed,same-day
4933,356,2025-04-30,completed,standard
4934,1155,2025-10-26,returned,express
4935,908,2025-07-29,completed,express
4936,1563,2025-08-20,cancelled,standard
4937,1477,2025-07-20,completed,express
4938,1896,2026-04-01,completed,express
4939,1776,2024-09-20,completed,standard
4940,801,2024-12-24,completed,standard
4941,583,2025-03-22,completed,standard
4942,1248,2024-02-23,completed,standard
4943,773,2025-03-13,completed,express
4944,17,2026-01-11,completed,express
4945,638,2024-08-13,returned,standard
4946,294,2025-01-21,completed,standard
4947,1709,2025-11-11,completed,standard
4948,1173,2025-09-24,completed,standard
4949,1533,2024-08-31,completed,express
4950,1071,2025-02-23,completed,express
4951,1307,2026-07-21,completed,standard
4952,396,2025-08-25,completed,standard
4953,1640,2026-01-31,completed,express
4954,1852,2025-03-05,completed,express
4955,1783,2024-12-15,returned,standard
4956,1432,2026-08-06,completed,same-day
4957,1158,2024-02-16,completed,standard
4958,370,2024-03-13,cancelled,standard
4959,289,2025-05-10,completed,standard
4960,611,2025-09-11,completed,standard
4961,193,2025-05-22,completed,standard
4962,1073,2024-02-19,completed,standard
4963,1890,2024-11-17,completed,standard
4964,76,2025-11-02,completed,standard
4965,246,2026-01-29,completed,express
4966,689,2025-09-05,completed,standard
4967,133,2025-03-23,cancelled,express
4968,1737,2025-06-29,completed,standard
4969,1857,2025-08-30,completed,standard
4970,1318,2026-06-17,completed,standard
4971,398,2025-08-28,completed,same-day
4972,318,2025-09-29,completed,express
4973,1983,2024-03-07,completed,standard
4974,462,2025-05-03,completed,express
4975,1841,2026-04-24,completed,standard
4976,1544,2026-05-09,completed,express
4977,53,2025-07-21,completed,standard
4978,1750,2025-03-05,completed,standard
4979,1889,2026-07-07,completed,standard
4980,237,2025-12-21,completed,standard
4981,1895,2024-11-08,completed,same-day
4982,50,2025-01-16,completed,same-day
4983,1732,2026-07-15,completed,standard
4984,1706,2025-02-14,cancelled,standard
4985,412,2025-11-11,completed,standard
4986,94,2025-11-18,completed,express
4987,874,2024-05-18,completed,standard
4988,392,2024-03-27,completed,same-day
4989,1541,2025-12-19,completed,standard
4990,1185,2025-03-04,completed,standard
4991,241,2024-07-18,completed,standard
4992,1940,2026-05-02,returned,standard
4993,1022,2025-08-07,completed,standard
4994,1161,2025-03-27,completed,standard
4995,1040,2025-12-04,completed,standard
4996,317,2026-08-28,completed,standard
4997,415,2025-05-07,completed,standard
4998,1883,2025-10-23,cancelled,standard
4999,1478,2025-05-09,completed,standard
5000,709,2026-03-29,completed,standard
5001,1993,2026-08-09,completed,standard
5002,827,2026-03-10,completed,standard
5003,416,2025-12-19,completed,express
5004,175,2025-08-11,completed,standard
5005,1022,2024-09-03,completed,standard
5006,957,2025-05-15,completed,standard
5007,1025,2026-01-28,completed,standard
5008,1890,2026-07-06,completed,standard
5009,31,2025-06-06,completed,express
5010,753,2026-04-14,completed,express
5011,837,2025-10-15,completed,standard
5012,1924,2024-07-21,completed,same-day
5013,192,2026-07-02,completed,standard
5014,713,2025-08-21,completed,standard
5015,615,2026-03-15,completed,express
5016,124,2025-01-04,completed,standard
5017,1892,2025-09-19,returned,standard
5018,1304,2025-02-20,completed,standard
5019,455,2026-01-28,completed,express
5020,1406,2024-03-12,completed,standard
5021,1300,2026-01-12,completed,standard
5022,1621,2024-02-03,completed,standard
5023,1748,2026-07-13,completed,standard
5024,30,2025-01-29,completed,standard
5025,1929,2025-01-09,completed,express
5026,1459,2026-07-13,completed,standard
5027,1793,2025-12-03,completed,standard
5028,87,2024-06-10,completed,standard
5029,1692,2024-11-22,completed,express
5030,347,2025-06-02,returned,standard
5031,18,2025-12-07,cancelled,standard
5032,1044,2025-02-21,completed,standard
5033,275,2025-02-07,completed,express
5034,940,2025-10-25,completed,standard
5035,76,2026-07-14,completed,same-day
5036,1195,2025-06-17,completed,standard
5037,415,2026-04-04,completed,standard
5038,1477,2026-06-25,completed,express
5039,582,2026-07-21,completed,standard
5040,1236,2024-11-25,completed,express
5041,1644,2026-07-05,completed,standard
5042,836,2025-05-18,completed,standard
5043,342,2026-08-02,completed,standard
5044,1044,2026-07-17,cancelled,standard
5045,297,2026-02-11,completed,standard
5046,1620,2026-01-11,completed,standard
5047,1340,2024-09-12,completed,standard
5048,722,2026-07-30,completed,standard
5049,1851,2026-07-23,returned,standard
5050,1576,2026-02-24,completed,same-day
5051,58,2024-08-05,completed,standard
5052,403,2026-03-24,completed,express
5053,805,2025-08-20,completed,standard
5054,739,2025-07-13,completed,standard
5055,1681,2026-02-21,completed,standard
5056,1246,2024-03-28,completed,standard
5057,54,2024-09-15,completed,standard
5058,50,2024-10-17,completed,standard
5059,54,2025-04-24,returned,same-day
5060,941,2026-07-15,completed,standard
5061,1470,2026-02-09,completed,standard
5062,282,2026-05-08,completed,standard
5063,813,2026-07-22,completed,standard
5064,1085,2025-06-10,completed,same-day
5065,1522,2024-11-10,completed,express
5066,1445,2026-01-19,completed,standard
5067,332,2025-04-29,completed,standard
5068,192,2024-05-12,completed,standard
5069,689,2025-11-01,cancelled,standard
5070,441,2025-01-01,completed,standard
5071,837,2024-10-03,returned,express
5072,128,2025-07-21,completed,standard
5073,1940,2025-07-04,completed,standard
5074,930,2026-03-11,completed,standard
5075,827,2026-05-07,completed,standard
5076,1794,2026-07-21,completed,standard
5077,877,2026-05-25,completed,standard
5078,1712,2026-03-17,completed,standard
5079,1620,2025-05-19,completed,standard
5080,2,2025-08-17,completed,standard
5081,953,2025-04-02,completed,standard
5082,1798,2026-08-08,completed,express
5083,512,2026-04-15,completed,standard
5084,639,2026-04-08,completed,standard
5085,1087,2026-02-20,cancelled,standard
5086,1915,2026-05-10,completed,standard
5087,1340,2025-12-14,completed,express
5088,185,2024-06-16,completed,standard
5089,993,2025-11-28,cancelled,same-day
5090,1661,2026-07-12,completed,standard
5091,1147,2024-09-19,completed,standard
5092,243,2025-11-12,completed,standard
5093,1036,2024-05-14,completed,express
5094,1613,2025-07-23,completed,express
5095,279,2026-01-04,completed,standard
5096,1320,2025-11-20,returned,standard
5097,1484,2024-07-08,completed,express
5098,1437,2025-03-06,completed,standard
5099,559,2025-06-05,cancelled,standard
5100,1230,2025-05-06,completed,standard
5101,496,2026-08-29,completed,standard
5102,498,2026-08-16,completed,standard
5103,1459,2025-06-06,completed,standard
5104,597,2024-06-13,completed,standard
5105,1423,2026-02-07,completed,standard
5106,925,2024-08-01,completed,express
5107,1186,2026-03-04,completed,standard
5108,1041,2026-07-26,completed,express
5109,1976,2024-09-05,completed,standard
5110,532,2024-05-04,completed,express
5111,1798,2024-11-05,completed,express
5112,649,2025-05-10,completed,standard
5113,742,2026-08-22,completed,standard
5114,284,2024-11-16,completed,express
5115,1472,2026-05-27,completed,express
5116,1699,2024-07-01,completed,standard
5117,1494,2025-05-28,completed,standard
5118,1601,2025-10-29,completed,standard
5119,1265,2024-06-10,completed,express
5120,1591,2025-05-09,completed,same-day
5121,1959,2026-04-05,completed,standard
5122,28,2026-05-02,completed,standard
5123,1270,2025-10-03,completed,standard
5124,1670,2025-07-16,completed,express
5125,472,2024-12-02,completed,standard
5126,788,2026-07-17,completed,standard
5127,24,2026-02-25,completed,same-day
5128,963,2025-05-18,completed,standard
5129,1714,2026-05-30,completed,standard
5130,367,2025-03-29,completed,same-day
5131,1735,2026-03-14,completed,standard
5132,1944,2024-11-19,completed,standard
5133,809,2025-08-24,completed,standard
5134,1987,2024-07-17,completed,standard
5135,906,2026-02-03,completed,standard
5136,524,2025-08-29,completed,standard
5137,875,2026-03-23,completed,standard
5138,1488,2026-03-21,completed,standard
5139,1312,2026-04-23,completed,standard
5140,1036,2025-01-12,completed,standard
5141,668,2024-09-28,completed,standard
5142,1995,2026-04-02,completed,standard
5143,365,2026-01-16,completed,standard
5144,676,2026-06-30,completed,express
5145,1739,2024-03-20,completed,express
5146,1543,2026-03-09,completed,express
5147,913,2025-10-05,completed,standard
5148,185,2026-06-13,completed,standard
5149,1711,2026-04-13,completed,express
5150,1524,2024-05-19,completed,express
5151,525,2026-07-02,completed,express
5152,1564,2026-01-04,completed,standard
5153,850,2024-08-28,completed,standard
5154,50,2026-07-28,completed,standard
5155,1092,2024-11-18,completed,express
5156,182,2024-10-14,completed,express
5157,1951,2025-01-18,completed,standard
5158,1659,2024-03-08,completed,express
5159,232,2024-06-11,completed,same-day
5160,1427,2026-06-23,completed,express
5161,244,2024-07-18,completed,express
5162,687,2026-07-30,completed,express
5163,905,2024-05-08,completed,standard
5164,1111,2025-06-09,completed,express
5165,1880,2025-10-09,completed,standard
5166,1934,2025-09-10,completed,standard
5167,1945,2025-05-20,completed,standard
5168,357,2026-08-27,completed,standard
5169,1638,2025-01-22,cancelled,express
5170,1767,2026-08-07,completed,standard
5171,1029,2024-05-09,completed,standard
5172,278,2025-06-21,completed,standard
5173,1362,2025-11-29,completed,express
5174,1550,2024-12-30,completed,standard
5175,392,2024-07-15,completed,standard
5176,1486,2024-11-15,completed,same-day
5177,1058,2026-04-17,completed,standard
5178,1559,2026-04-02,completed,standard
5179,1131,2025-06-19,completed,standard
5180,1068,2026-06-16,completed,standard
5181,90,2024-07-09,completed,standard
5182,1073,2024-11-20,completed,express
5183,1085,2025-07-09,completed,standard
5184,1392,2024-05-06,completed,express
5185,1996,2026-03-13,completed,standard
5186,325,2026-06-01,completed,standard
5187,310,2026-08-10,completed,standard
5188,1361,2024-09-18,completed,express
5189,1270,2026-06-16,returned,express
5190,1716,2026-03-18,completed,standard
5191,449,2024-12-04,completed,standard
5192,1862,2026-05-19,returned,express
5193,1434,2026-08-02,cancelled,standard
5194,1089,2026-03-27,completed,express
5195,1911,2026-01-23,completed,same-day
5196,846,2024-12-16,completed,standard
5197,399,2025-10-29,completed,standard
5198,93,2025-11-09,returned,express
5199,1940,2025-06-24,completed,standard
5200,799,2024-08-25,completed,standard
5201,773,2026-02-20,completed,express
5202,1051,2025-02-07,completed,standard
5203,840,2025-01-21,completed,standard
5204,953,2025-05-09,completed,express
5205,636,2025-03-18,completed,same-day
5206,1444,2025-09-15,completed,standard
5207,595,2026-06-09,completed,standard
5208,147,2026-01-01,completed,same-day
5209,1419,2026-07-31,completed,express
5210,1339,2024-09-15,returned,standard
5211,412,2026-02-19,returned,standard
5212,1466,2026-05-21,completed,standard
5213,1190,2025-11-30,completed,standard
5214,129,2026-02-04,completed,standard
5215,1508,2026-07-24,cancelled,standard
5216,275,2025-06-27,completed,express
5217,963,2026-03-05,completed,standard
5218,313,2024-12-21,completed,express
5219,1947,2024-04-21,completed,express
5220,1954,2025-10-16,completed,standard
5221,1957,2025-10-28,completed,standard
5222,775,2025-08-20,completed,standard
5223,311,2026-07-01,completed,express
5224,835,2026-05-16,completed,same-day
5225,1187,2025-02-17,completed,standard
5226,494,2025-02-04,completed,standard
5227,693,2025-06-28,completed,standard
5228,449,2026-01-02,completed,standard
5229,1897,2025-05-22,completed,standard
5230,275,2026-01-12,completed,standard
5231,801,2025-10-24,completed,standard
5232,1452,2025-09-22,completed,standard
5233,1177,2024-12-14,completed,standard
5234,1345,2024-09-20,completed,express
5235,406,2024-06-29,completed,standard
5236,278,2025-01-15,completed,standard
5237,549,2024-09-02,completed,standard
5238,648,2025-03-13,completed,express
5239,1274,2025-06-01,completed,standard
5240,1049,2025-02-03,completed,standard
5241,1056,2026-06-19,completed,same-day
5242,1542,2025-04-24,returned,standard
5243,1198,2026-02-01,completed,standard
5244,461,2026-07-14,cancelled,standard
5245,873,2025-01-14,completed,express
5246,1642,2025-10-13,completed,express
5247,1089,2025-04-18,completed,standard
5248,1222,2024-07-02,completed,express
5249,301,2026-01-09,completed,standard
5250,1755,2026-02-14,completed,standard
5251,1506,2026-03-26,completed,standard
5252,1442,2025-09-06,completed,express
5253,1745,2026-05-25,completed,standard
5254,1899,2025-02-22,cancelled,standard
5255,78,2024-11-04,completed,standard
5256,1674,2024-11-03,returned,same-day
5257,510,2024-07-14,cancelled,express
5258,1254,2026-05-11,completed,standard
5259,849,2025-03-02,completed,standard
5260,329,2025-12-20,completed,standard
5261,1421,2025-02-19,completed,standard
5262,1728,2026-06-29,completed,standard
5263,979,2025-08-20,completed,same-day
5264,578,2025-03-01,completed,standard
5265,1053,2026-01-31,completed,same-day
5266,170,2026-07-17,completed,same-day
5267,1463,2026-01-11,completed,standard
5268,1920,2026-05-14,completed,standard
5269,1727,2024-10-23,completed,standard
5270,478,2025-12-12,completed,standard
5271,1696,2026-05-25,completed,standard
5272,998,2025-02-08,completed,same-day
5273,1407,2026-05-04,completed,express
5274,861,2026-05-10,completed,standard
5275,107,2026-02-13,completed,same-day
5276,201,2025-08-12,returned,standard
5277,1538,2026-08-15,completed,same-day
5278,1682,2026-05-07,returned,standard
5279,1465,2026-05-04,completed,express
5280,1810,2025-11-08,completed,standard
5281,1281,2026-03-27,completed,standard
5282,651,2025-09-26,completed,standard
5283,1336,2026-06-04,completed,express
5284,500,2026-06-06,completed,standard
5285,705,2025-12-15,completed,standard
5286,26,2025-07-17,completed,standard
5287,1428,2024-11-28,cancelled,standard
5288,974,2025-01-14,completed,standard
5289,1176,2026-02-27,completed,standard
5290,439,2026-03-26,completed,standard
5291,863,2024-06-07,completed,standard
5292,530,2025-04-07,completed,standard
5293,1996,2026-01-22,completed,express
5294,1652,2025-12-22,completed,standard
5295,980,2025-07-22,returned,standard
5296,1215,2024-04-21,completed,express
5297,1137,2025-05-08,completed,express
5298,1215,2025-05-10,completed,standard
5299,1737,2026-05-10,completed,standard
5300,1338,2026-05-05,cancelled,express
5301,80,2026-05-07,completed,standard
5302,207,2026-02-16,completed,standard
5303,1675,2025-07-07,completed,express
5304,1286,2025-04-30,cancelled,express
5305,188,2026-02-17,completed,standard
5306,183,2024-12-25,completed,standard
5307,1935,2026-03-24,completed,express
5308,473,2026-02-18,completed,express
5309,1166,2026-03-06,completed,standard
5310,1421,2026-02-27,completed,same-day
5311,1207,2025-03-12,completed,standard
5312,1629,2025-07-17,completed,standard
5313,1439,2025-11-19,completed,standard
5314,77,2024-12-28,completed,standard
5315,1294,2026-05-26,completed,standard
5316,877,2025-07-11,returned,same-day
5317,921,2024-12-16,completed,standard
5318,1725,2025-11-15,completed,standard
5319,71,2026-05-29,completed,standard
5320,793,2026-03-29,completed,same-day
5321,1612,2026-01-31,completed,standard
5322,1486,2026-05-16,completed,standard
5323,860,2025-03-17,completed,standard
5324,1816,2025-02-21,completed,express
5325,428,2026-01-18,completed,express
5326,354,2026-07-07,completed,standard
5327,1261,2024-03-23,completed,standard
5328,651,2026-06-20,completed,standard
5329,580,2025-11-25,cancelled,standard
5330,822,2026-04-28,completed,same-day
5331,54,2024-10-24,completed,standard
5332,914,2026-08-17,completed,standard
5333,1779,2026-08-06,completed,express
5334,709,2026-02-03,completed,standard
5335,1367,2026-03-22,returned,standard
5336,697,2025-10-17,completed,standard
5337,1932,2025-06-26,completed,standard
5338,551,2025-05-02,completed,express
5339,1569,2025-10-24,completed,standard
5340,642,2025-05-06,completed,standard
5341,1403,2026-08-11,completed,same-day
5342,1270,2024-11-14,completed,standard
5343,1535,2024-04-16,completed,standard
5344,313,2026-02-16,returned,standard
5345,1120,2025-07-12,completed,standard
5346,1725,2025-07-14,completed,standard
5347,1297,2026-02-17,completed,same-day
5348,1478,2026-02-15,completed,standard
5349,1505,2025-09-15,completed,standard
5350,1562,2024-10-16,completed,standard
5351,337,2026-02-13,completed,standard
5352,1007,2026-08-14,completed,standard
5353,170,2025-12-06,completed,express
5354,696,2026-04-18,completed,standard
5355,1083,2025-11-13,completed,standard
5356,1612,2025-04-17,completed,standard
5357,1933,2025-07-13,completed,standard
5358,627,2024-03-10,completed,express
5359,607,2026-03-27,completed,standard
5360,1828,2025-06-12,completed,express
5361,174,2026-01-24,completed,standard
5362,810,2026-02-17,completed,standard
5363,1245,2026-01-26,completed,standard
5364,1280,2025-06-14,completed,express
5365,1510,2026-02-03,completed,express
5366,399,2026-05-06,completed,standard
5367,1710,2025-03-25,completed,express
5368,974,2026-08-07,completed,same-day
5369,668,2025-11-03,completed,express
5370,872,2024-03-27,cancelled,same-day
5371,715,2026-01-28,completed,express
5372,311,2025-06-01,completed,express
5373,329,2024-07-02,completed,same-day
5374,30,2025-07-08,completed,standard
5375,372,2026-06-20,cancelled,standard
5376,616,2026-02-04,completed,standard
5377,1021,2026-03-20,completed,standard
5378,1286,2026-03-01,cancelled,express
5379,589,2025-09-17,completed,standard
5380,1124,2025-11-13,cancelled,standard
5381,348,2025-12-06,returned,standard
5382,1239,2025-06-27,completed,standard
5383,148,2025-12-18,completed,express
5384,179,2026-02-08,completed,standard
5385,1425,2026-05-08,completed,standard
5386,1829,2026-01-31,completed,standard
5387,1328,2025-09-26,completed,express
5388,1702,2025-05-07,completed,same-day
5389,285,2024-07-13,completed,standard
5390,673,2025-12-15,completed,standard
5391,699,2025-02-24,completed,same-day
5392,258,2026-01-10,completed,standard
5393,764,2026-05-09,completed,standard
5394,1688,2024-08-11,returned,express
5395,1472,2025-04-20,completed,express
5396,1748,2026-04-26,completed,standard
5397,1598,2025-12-03,completed,standard
5398,1227,2026-06-16,completed,standard
5399,1944,2024-12-07,completed,standard
5400,640,2026-05-28,completed,same-day
5401,445,2024-11-06,completed,express
5402,1651,2025-05-12,completed,express
5403,488,2026-04-15,completed,express
5404,303,2025-09-06,completed,standard
5405,1986,2024-11-09,completed,standard
5406,51,2026-03-23,completed,standard
5407,445,2025-08-20,completed,standard
5408,1396,2024-07-28,completed,standard
5409,434,2025-07-19,completed,standard
5410,1745,2025-07-02,completed,express
5411,877,2025-06-16,completed,standard
5412,1624,2024-06-27,completed,standard
5413,284,2026-03-10,completed,standard
5414,590,2026-03-22,completed,same-day
5415,1930,2025-08-20,returned,standard
5416,1714,2026-07-03,completed,standard
5417,970,2025-12-26,completed,standard
5418,874,2026-01-31,completed,express
5419,1115,2025-10-23,completed,standard
5420,1998,2025-01-15,completed,standard
5421,378,2026-03-22,completed,standard
5422,365,2026-01-29,completed,express
5423,1044,2026-03-22,completed,same-day
5424,795,2024-09-01,cancelled,standard
5425,1155,2026-06-25,completed,standard
5426,1805,2025-05-05,completed,standard
5427,767,2026-08-13,completed,standard
5428,521,2025-04-14,completed,express
5429,1595,2026-07-30,completed,express
5430,720,2025-12-12,completed,same-day
5431,1605,2024-05-14,cancelled,express
5432,859,2026-02-21,completed,standard
5433,720,2026-04-01,completed,express
5434,1852,2026-07-08,cancelled,standard
5435,465,2025-11-03,completed,express
5436,1088,2026-05-21,completed,express
5437,150,2025-04-18,completed,express
5438,1391,2024-03-23,completed,standard
5439,636,2025-11-07,completed,express
5440,1654,2025-08-24,completed,standard
5441,1409,2026-04-03,completed,express
5442,1593,2025-01-29,completed,standard
5443,1162,2025-04-17,completed,same-day
5444,185,2026-07-05,cancelled,express
5445,1835,2024-02-19,completed,standard
5446,1972,2025-07-16,returned,standard
5447,1419,2025-08-20,completed,express
5448,1076,2025-11-06,completed,standard
5449,201,2026-03-20,cancelled,same-day
5450,1652,2025-05-02,completed,express
5451,453,2025-10-13,completed,standard
5452,688,2026-05-23,returned,standard
5453,1408,2025-07-05,completed,standard
5454,1954,2025-03-16,cancelled,express
5455,1639,2026-03-30,completed,standard
5456,443,2025-09-16,completed,express
5457,538,2026-05-12,completed,standard
5458,1672,2024-11-22,completed,standard
5459,920,2024-07-15,completed,standard
5460,873,2025-03-12,cancelled,standard
5461,1186,2026-08-11,completed,standard
5462,123,2025-05-12,completed,same-day
5463,1994,2025-10-03,completed,standard
5464,43,2025-09-07,completed,standard
5465,894,2025-06-02,completed,same-day
5466,1300,2026-02-01,completed,express
5467,1790,2026-06-09,completed,standard
5468,953,2024-05-13,completed,standard
5469,1415,2025-08-08,completed,same-day
5470,122,2025-12-20,completed,standard
5471,700,2026-06-10,completed,standard
5472,1910,2025-10-08,cancelled,standard
5473,550,2025-03-22,cancelled,standard
5474,502,2026-07-02,completed,standard
5475,1791,2026-08-05,completed,standard
5476,53,2025-11-16,completed,express
5477,1197,2024-11-23,completed,standard
5478,859,2026-02-26,completed,standard
5479,1526,2024-11-27,cancelled,standard
5480,258,2025-01-23,completed,same-day
5481,787,2026-05-27,completed,standard
5482,1325,2025-10-17,completed,same-day
5483,615,2025-08-02,completed,standard
5484,1399,2026-02-03,cancelled,standard
5485,603,2025-05-20,completed,standard
5486,462,2026-01-15,completed,standard
5487,1598,2025-10-24,completed,standard
5488,1024,2025-12-24,completed,standard
5489,812,2025-04-14,completed,standard
5490,1530,2026-05-21,completed,standard
5491,1960,2025-12-04,completed,standard
5492,1178,2026-02-17,completed,same-day
5493,1724,2026-01-26,completed,same-day
5494,1944,2025-04-19,completed,standard
5495,102,2025-12-15,completed,standard
5496,1506,2025-09-22,completed,express
5497,1179,2025-03-21,completed,standard
5498,1547,2025-11-17,completed,standard
5499,138,2024-09-14,completed,express
5500,122,2025-01-23,completed,standard
5501,825,2025-05-16,completed,standard
5502,314,2026-05-28,completed,standard
5503,382,2024-08-27,completed,standard
5504,1959,2026-03-28,completed,standard
5505,1546,2026-07-02,completed,standard
5506,1979,2026-04-29,completed,express
5507,1671,2025-12-22,completed,standard
5508,57,2026-01-06,completed,same-day
5509,1858,2025-01-16,completed,express
5510,1457,2025-02-22,completed,standard
5511,656,2024-12-29,cancelled,standard
5512,180,2026-02-10,completed,standard
5513,805,2026-06-27,completed,standard
5514,1406,2025-04-04,completed,express
5515,1372,2024-12-31,completed,express
5516,1612,2026-07-11,completed,standard
5517,755,2024-12-11,completed,standard
5518,949,2025-08-08,completed,standard
5519,1691,2026-03-06,completed,standard
5520,358,2024-01-28,completed,standard
5521,617,2024-05-15,completed,standard
5522,347,2025-11-08,completed,standard
5523,858,2026-03-19,returned,standard
5524,502,2026-04-16,completed,standard
5525,175,2024-04-14,completed,standard
5526,519,2026-02-01,cancelled,standard
5527,396,2026-04-26,cancelled,standard
5528,695,2025-05-25,completed,same-day
5529,1295,2024-11-11,completed,standard
5530,159,2025-08-25,completed,same-day
5531,902,2024-08-09,completed,standard
5532,180,2026-08-26,completed,standard
5533,514,2025-07-15,completed,standard
5534,1753,2026-06-28,completed,standard
5535,118,2025-03-09,completed,standard
5536,1116,2025-08-09,completed,express
5537,1366,2025-02-12,completed,same-day
5538,183,2025-03-17,completed,standard
5539,3,2025-02-27,completed,standard
5540,1971,2024-09-21,completed,express
5541,25,2024-12-25,completed,express
5542,647,2026-01-12,completed,express
5543,607,2026-02-26,completed,standard
5544,1601,2026-08-14,completed,standard
5545,1142,2024-05-01,completed,express
5546,743,2024-09-11,completed,standard
5547,133,2025-11-13,completed,standard
5548,338,2026-03-06,completed,express
5549,1273,2025-04-27,completed,standard
5550,1005,2025-10-29,completed,standard
5551,1076,2025-12-16,returned,express
5552,1952,2026-03-03,completed,standard
5553,186,2025-03-14,cancelled,standard
5554,1367,2025-05-06,completed,standard
5555,303,2025-03-07,completed,express
5556,741,2025-10-22,completed,standard
5557,346,2025-07-10,completed,standard
5558,878,2026-02-06,completed,standard
5559,1690,2026-08-02,completed,standard
5560,1543,2025-02-09,completed,standard
5561,1023,2026-01-25,completed,standard
5562,1627,2026-01-24,returned,standard
5563,887,2024-09-12,completed,same-day
5564,1246,2024-04-24,completed,standard
5565,1872,2025-07-19,completed,standard
5566,1774,2025-01-15,completed,standard
5567,1590,2026-02-04,completed,express
5568,232,2025-02-16,completed,standard
5569,1869,2025-07-24,completed,express
5570,1871,2025-02-09,completed,standard
5571,207,2024-06-26,completed,express
5572,1367,2026-04-22,completed,standard
5573,1185,2024-11-26,completed,express
5574,327,2026-03-18,completed,standard
5575,192,2026-03-09,cancelled,standard
5576,380,2026-06-11,completed,standard
5577,304,2026-02-06,completed,standard
5578,1227,2025-06-04,completed,standard
5579,668,2024-09-14,completed,standard
5580,909,2025-11-01,completed,standard
5581,1319,2026-05-26,completed,same-day
5582,1663,2025-10-29,completed,express
5583,1570,2026-08-13,completed,standard
5584,1888,2026-04-07,completed,standard
5585,1340,2025-08-18,returned,express
5586,125,2026-01-04,completed,standard
5587,489,2025-03-15,completed,standard
5588,277,2025-08-24,returned,standard
5589,1921,2026-05-19,completed,standard
5590,987,2025-09-22,completed,standard
5591,1591,2025-01-27,completed,standard
5592,79,2026-08-27,completed,standard
5593,112,2025-12-06,completed,standard
5594,1965,2025-06-30,completed,standard
5595,962,2025-08-19,completed,express
5596,1685,2026-05-28,completed,standard
5597,1321,2026-07-21,completed,standard
5598,1507,2026-06-11,completed,same-day
5599,1186,2026-07-09,completed,standard
5600,1692,2024-05-06,completed,standard
5601,175,2026-03-17,completed,same-day
5602,1311,2025-11-05,completed,standard
5603,1823,2026-03-24,completed,standard
5604,1131,2025-08-12,completed,express
5605,1408,2025-12-06,completed,standard
5606,1051,2026-03-11,returned,standard
5607,1511,2025-01-20,completed,standard
5608,1287,2026-03-31,completed,same-day
5609,559,2026-08-10,completed,standard
5610,264,2026-07-26,returned,express
5611,1525,2024-09-27,completed,standard
5612,581,2025-12-15,completed,standard
5613,1253,2024-11-01,completed,standard
5614,807,2025-07-26,completed,standard
5615,747,2026-03-12,completed,standard
5616,986,2026-05-11,completed,standard
5617,989,2025-09-25,completed,standard
5618,636,2026-06-04,returned,standard
5619,972,2025-12-08,completed,standard
5620,770,2026-05-12,completed,standard
5621,1004,2025-09-19,completed,standard
5622,1575,2026-04-30,completed,express
5623,569,2026-06-30,completed,standard
5624,1370,2026-06-07,completed,standard
5625,105,2025-06-24,completed,standard
5626,1662,2025-07-19,completed,standard
5627,368,2026-03-27,completed,same-day
5628,171,2024-06-29,completed,standard
5629,1781,2026-07-17,completed,express
5630,1494,2025-01-10,completed,standard
5631,1147,2026-04-04,returned,standard
5632,341,2024-09-19,completed,standard
5633,622,2025-09-06,cancelled,express
5634,91,2026-06-29,completed,standard
5635,53,2025-07-05,completed,standard
5636,1935,2025-01-04,completed,standard
5637,764,2026-07-16,completed,express
5638,696,2024-04-04,completed,express
5639,1083,2026-08-10,completed,same-day
5640,1645,2026-07-24,completed,express
5641,1370,2026-02-18,completed,standard
5642,864,2025-05-19,completed,same-day
5643,1024,2026-03-12,completed,standard
5644,1694,2024-10-11,cancelled,same-day
5645,1025,2026-01-21,completed,standard
5646,1363,2025-08-04,completed,express
5647,86,2026-08-01,cancelled,standard
5648,424,2025-07-16,completed,standard
5649,915,2025-11-01,returned,standard
5650,364,2024-06-30,completed,standard
5651,439,2026-04-06,completed,express
5652,634,2026-08-25,completed,express
5653,1430,2024-04-30,completed,standard
5654,999,2024-11-25,completed,standard
5655,1147,2024-12-02,returned,standard
5656,1226,2025-10-30,completed,standard
5657,87,2026-02-17,completed,standard
5658,755,2026-04-08,completed,express
5659,1801,2025-04-24,cancelled,standard
5660,223,2024-02-19,completed,standard
5661,576,2025-05-19,completed,standard
5662,1809,2024-09-16,completed,standard
5663,1320,2026-02-23,completed,standard
5664,1831,2024-11-25,completed,standard
5665,654,2025-10-12,completed,same-day
5666,346,2025-01-21,completed,standard
5667,773,2026-02-06,completed,standard
5668,454,2026-05-14,completed,standard
5669,1835,2025-12-19,completed,express
5670,803,2025-10-25,completed,same-day
5671,305,2024-10-29,completed,standard
5672,1198,2025-03-31,completed,standard
5673,1245,2024-06-24,completed,same-day
5674,515,2024-07-23,completed,standard
5675,1845,2024-11-03,completed,standard
5676,1361,2024-12-01,completed,standard
5677,1422,2026-05-13,completed,express
5678,1805,2026-01-21,completed,express
5679,615,2026-05-13,completed,standard
5680,1882,2024-12-15,completed,express
5681,1307,2026-04-21,completed,standard
5682,1827,2025-09-10,completed,standard
5683,816,2026-01-16,completed,standard
5684,20,2026-05-28,completed,same-day
5685,1645,2025-05-12,completed,standard
5686,747,2025-01-16,completed,standard
5687,1683,2024-07-09,completed,standard
5688,371,2025-12-05,completed,standard
5689,1558,2026-02-24,completed,standard
5690,505,2025-03-21,cancelled,standard
5691,21,2026-06-21,completed,express
5692,1389,2025-10-06,completed,standard
5693,79,2025-06-13,completed,standard
5694,1531,2026-01-02,completed,same-day
5695,249,2026-05-28,completed,standard
5696,1382,2025-12-02,completed,standard
5697,137,2026-02-02,completed,same-day
5698,220,2025-04-08,completed,standard
5699,310,2025-02-18,completed,same-day
5700,1585,2025-03-10,completed,standard
5701,129,2026-07-08,completed,standard
5702,1081,2025-02-01,completed,standard
5703,327,2024-12-05,completed,express
5704,1478,2024-03-26,cancelled,standard
5705,1911,2025-05-17,completed,standard
5706,1432,2026-02-10,completed,standard
5707,1396,2025-12-30,completed,express
5708,564,2025-07-28,completed,express
5709,567,2025-12-04,completed,express
5710,1709,2025-07-06,completed,express
5711,521,2024-12-21,completed,standard
5712,1519,2026-01-04,completed,standard
5713,784,2024-12-10,completed,standard
5714,1767,2025-03-08,returned,express
5715,399,2025-04-30,completed,express
5716,166,2025-06-21,completed,standard
5717,1690,2026-04-30,cancelled,express
5718,396,2025-12-28,completed,standard
5719,1044,2025-12-14,completed,standard
5720,69,2024-12-13,completed,standard
5721,959,2025-01-11,completed,express
5722,214,2026-04-21,completed,standard
5723,74,2025-12-28,completed,standard
5724,769,2025-11-11,completed,same-day
5725,162,2025-10-10,completed,standard
5726,1392,2025-04-01,cancelled,express
5727,130,2024-06-30,completed,standard
5728,868,2025-11-12,completed,standard
5729,734,2025-07-20,completed,standard
5730,1475,2025-09-10,completed,standard
5731,880,2024-09-27,completed,standard
5732,1537,2026-08-05,completed,standard
5733,1327,2025-05-13,completed,express
5734,1015,2024-12-29,completed,standard
5735,1950,2026-07-17,completed,standard
5736,1535,2024-04-09,completed,standard
5737,1450,2026-08-02,completed,standard
5738,84,2026-02-24,returned,standard
5739,28,2026-06-14,completed,express
5740,299,2025-06-29,cancelled,standard
5741,1717,2026-03-07,completed,same-day
5742,498,2025-05-21,completed,same-day
5743,344,2025-07-08,completed,standard
5744,925,2025-09-08,completed,express
5745,1803,2026-07-19,completed,standard
5746,107,2024-07-26,completed,standard
5747,753,2026-06-13,completed,standard
5748,1893,2025-11-26,completed,standard
5749,1020,2026-01-28,completed,express
5750,446,2025-03-16,completed,standard
5751,1255,2025-11-23,completed,express
5752,666,2025-05-27,completed,standard
5753,1444,2026-02-24,completed,express
5754,50,2026-05-10,completed,standard
5755,877,2026-04-10,completed,standard
5756,1684,2025-12-18,completed,express
5757,1202,2025-09-23,completed,standard
5758,570,2024-12-05,cancelled,standard
5759,314,2025-11-13,completed,express
5760,1098,2026-01-28,completed,standard
5761,629,2025-09-03,completed,express
5762,214,2024-04-15,completed,standard
5763,124,2026-04-20,completed,express
5764,1044,2026-07-30,completed,standard
5765,33,2025-10-13,completed,standard
5766,1442,2025-12-16,completed,standard
5767,1448,2025-03-04,completed,express
5768,636,2025-12-28,completed,same-day
5769,75,2024-08-16,completed,standard
5770,1803,2025-11-30,completed,standard
5771,1370,2025-11-26,completed,express
5772,11,2024-09-15,completed,standard
5773,6,2026-02-07,completed,same-day
5774,112,2026-02-12,completed,standard
5775,768,2025-09-21,completed,standard
5776,1139,2026-03-02,completed,standard
5777,1712,2026-04-16,completed,express
5778,1521,2026-02-17,completed,standard
5779,68,2025-04-02,completed,express
5780,1096,2025-03-04,completed,express
5781,39,2025-11-23,completed,standard
5782,1646,2026-06-14,completed,same-day
5783,953,2025-09-14,completed,standard
5784,1148,2025-09-29,completed,standard
5785,765,2025-11-11,completed,standard
5786,1372,2025-11-03,completed,same-day
5787,767,2026-06-30,completed,standard
5788,1820,2025-07-25,cancelled,express
5789,471,2025-07-15,returned,standard
5790,987,2026-02-04,completed,standard
5791,496,2025-06-07,completed,express
5792,1960,2024-03-10,completed,standard
5793,1274,2026-05-25,completed,same-day
5794,959,2025-01-01,completed,standard
5795,1796,2025-03-10,cancelled,standard
5796,908,2025-02-09,completed,standard
5797,1754,2026-08-25,completed,standard
5798,443,2026-01-15,completed,standard
5799,569,2025-10-21,completed,standard
5800,1460,2025-02-15,completed,same-day
5801,1926,2026-01-08,completed,standard
5802,769,2024-12-10,completed,standard
5803,513,2025-06-24,completed,express
5804,313,2024-08-19,completed,standard
5805,1478,2025-06-27,completed,standard
5806,860,2026-07-10,completed,standard
5807,595,2026-05-02,completed,standard
5808,81,2025-12-24,completed,standard
5809,819,2025-08-07,cancelled,standard
5810,1754,2025-04-30,completed,standard
5811,1700,2026-06-03,completed,standard
5812,1976,2026-07-02,completed,standard
5813,241,2024-12-12,completed,standard
5814,1254,2025-02-15,completed,express
5815,411,2024-08-16,completed,standard
5816,810,2025-04-11,completed,standard
5817,1763,2025-05-28,completed,standard
5818,921,2026-05-15,completed,standard
5819,904,2026-02-26,completed,standard
5820,1906,2026-08-10,completed,express
5821,928,2026-07-14,completed,standard
5822,669,2026-02-18,completed,standard
5823,1334,2024-09-23,completed,standard
5824,258,2025-05-09,completed,standard
5825,1067,2025-12-24,cancelled,express
5826,488,2024-12-12,cancelled,standard
5827,1427,2025-05-29,completed,standard
5828,1142,2025-10-18,completed,same-day
5829,1895,2025-03-17,completed,standard
5830,1458,2024-08-14,completed,standard
5831,1570,2025-03-24,completed,standard
5832,718,2025-08-06,completed,standard
5833,928,2026-04-25,completed,express
5834,1723,2024-04-21,completed,express
5835,1587,2026-02-19,completed,standard
5836,742,2026-05-18,completed,express
5837,608,2026-01-25,returned,standard
5838,779,2026-07-09,completed,standard
5839,940,2026-07-20,completed,standard
5840,1092,2025-04-06,completed,standard
5841,904,2026-07-04,completed,standard
5842,1810,2024-12-09,completed,standard
5843,1912,2026-07-08,completed,standard
5844,1736,2026-04-29,completed,standard
5845,822,2026-04-05,completed,standard
5846,394,2024-06-16,completed,standard
5847,669,2026-04-08,completed,standard
5848,1777,2025-07-01,completed,standard
5849,1321,2026-08-28,completed,standard
5850,1876,2025-04-26,completed,standard
5851,860,2025-05-05,completed,standard
5852,1886,2025-05-25,completed,standard
5853,47,2026-07-25,completed,standard
5854,407,2026-05-29,completed,standard
5855,1140,2025-11-13,cancelled,standard
5856,338,2024-11-21,completed,express
5857,1969,2026-08-18,completed,standard
5858,1362,2025-07-20,completed,standard
5859,1537,2026-05-03,completed,same-day
5860,1283,2024-06-24,completed,standard
5861,1154,2026-04-08,completed,express
5862,1604,2025-06-20,completed,express
5863,295,2025-12-31,completed,standard
5864,627,2026-07-29,completed,standard
5865,487,2026-08-24,completed,express
5866,1475,2025-06-11,completed,standard
5867,1522,2026-05-14,cancelled,standard
5868,978,2026-02-28,completed,express
5869,1222,2025-07-24,cancelled,express
5870,1524,2025-02-04,completed,express
5871,1068,2026-08-07,completed,standard
5872,1256,2024-08-14,cancelled,standard
5873,68,2026-01-01,cancelled,standard
5874,186,2025-05-10,completed,standard
5875,124,2026-03-07,cancelled,standard
5876,42,2024-06-01,completed,standard
5877,1841,2026-08-01,returned,express
5878,1735,2025-01-17,completed,same-day
5879,656,2025-10-11,completed,standard
5880,172,2026-01-29,cancelled,standard
5881,1863,2025-07-24,completed,standard
5882,705,2025-11-05,completed,standard
5883,1485,2025-07-10,completed,same-day
5884,1917,2026-05-17,returned,express
5885,610,2026-01-25,completed,standard
5886,127,2025-03-28,completed,same-day
5887,1247,2024-11-14,completed,express
5888,625,2026-05-26,completed,standard
5889,1809,2026-01-04,completed,standard
5890,890,2024-08-25,completed,standard
5891,670,2025-05-22,completed,express
5892,343,2026-05-25,completed,standard
5893,601,2025-12-20,completed,standard
5894,1607,2025-04-18,completed,same-day
5895,312,2025-03-25,completed,standard
5896,1756,2025-12-06,cancelled,standard
5897,318,2024-01-18,completed,standard
5898,229,2026-04-18,completed,express
5899,1820,2025-09-08,completed,same-day
5900,817,2024-12-24,returned,express
5901,1129,2026-01-19,completed,standard
5902,1257,2025-05-26,completed,standard
5903,1404,2025-03-15,completed,standard
5904,557,2026-02-05,completed,express
5905,1692,2025-05-05,completed,standard
5906,495,2026-07-05,returned,standard
5907,218,2025-05-24,completed,standard
5908,1891,2025-06-22,completed,same-day
5909,1819,2025-06-25,completed,same-day
5910,186,2024-07-17,completed,standard
5911,76,2025-12-15,returned,standard
5912,1755,2025-11-06,returned,standard
5913,944,2026-02-20,completed,express
5914,953,2024-09-03,returned,standard
5915,1531,2025-11-20,completed,standard
5916,1177,2026-04-25,completed,same-day
5917,1976,2025-12-22,completed,standard
5918,716,2026-03-17,completed,express
5919,878,2024-01-24,completed,standard
5920,1148,2024-12-02,completed,standard
5921,891,2026-04-24,completed,standard
5922,39,2026-07-01,completed,standard
5923,990,2026-02-15,completed,standard
5924,1345,2025-06-20,completed,express
5925,681,2025-07-01,completed,standard
5926,673,2026-06-05,completed,standard
5927,164,2026-05-14,returned,same-day
5928,730,2026-08-04,cancelled,standard
5929,347,2026-05-23,completed,standard
5930,1249,2025-03-28,cancelled,same-day
5931,1356,2025-06-06,completed,express
5932,1833,2025-12-31,cancelled,standard
5933,213,2025-10-28,completed,standard
5934,1871,2025-03-15,completed,standard
5935,1921,2024-10-25,completed,standard
5936,387,2024-08-09,completed,standard
5937,1269,2024-03-14,completed,standard
5938,580,2024-07-14,completed,express
5939,1587,2026-01-04,completed,standard
5940,1576,2026-04-21,completed,standard
5941,701,2024-12-28,completed,standard
5942,1969,2025-11-04,completed,standard
5943,998,2026-08-29,completed,same-day
5944,1245,2026-03-16,completed,same-day
5945,1185,2025-02-07,completed,standard
5946,1984,2025-10-06,returned,same-day
5947,722,2024-11-07,completed,standard
5948,503,2025-12-08,completed,standard
5949,1033,2025-12-31,returned,standard
5950,1964,2024-03-16,completed,standard
5951,1808,2026-06-04,completed,standard
5952,45,2025-04-01,completed,standard
5953,631,2026-06-20,completed,standard
5954,326,2026-02-15,completed,express
5955,1298,2025-07-23,completed,express
5956,1405,2025-09-22,completed,express
5957,525,2025-12-31,completed,express
5958,1994,2026-01-24,completed,express
5959,668,2024-04-25,completed,standard
5960,544,2025-10-21,completed,standard
5961,1993,2025-01-20,completed,express
5962,1315,2025-05-25,completed,standard
5963,1320,2025-09-27,completed,standard
5964,659,2025-10-23,completed,express
5965,60,2025-04-11,returned,express
5966,1739,2026-06-11,completed,express
5967,1854,2026-04-06,completed,standard
5968,22,2025-12-28,completed,standard
5969,1151,2026-04-21,completed,standard
5970,599,2026-08-12,completed,same-day
5971,395,2026-04-09,completed,standard
5972,940,2026-01-01,completed,standard
5973,769,2026-04-29,completed,standard
5974,1396,2025-09-22,completed,standard
5975,539,2025-12-05,completed,standard
5976,744,2024-09-08,completed,standard
5977,725,2025-08-27,cancelled,standard
5978,1032,2025-03-04,completed,standard
5979,1989,2025-10-01,completed,standard
5980,847,2026-04-17,completed,standard
5981,1416,2026-05-10,completed,standard
5982,256,2025-07-29,completed,standard
5983,684,2025-12-02,completed,standard
5984,521,2026-02-26,completed,express
5985,379,2024-05-10,completed,standard
5986,558,2025-12-19,completed,standard
5987,161,2024-08-08,completed,express
5988,898,2025-04-03,completed,standard
5989,1345,2026-06-09,completed,standard
5990,1613,2025-09-12,completed,standard
5991,1827,2025-09-11,completed,express
5992,1721,2025-10-10,completed,standard
5993,1790,2025-05-22,completed,express
5994,44,2024-10-05,completed,standard
5995,248,2025-06-24,completed,standard
5996,1521,2025-12-17,completed,same-day
5997,482,2026-08-07,completed,standard
5998,346,2025-09-01,completed,standard
5999,124,2026-05-04,completed,standard
6000,1148,2024-11-05,completed,express
6001,470,2026-07-14,completed,same-day
6002,168,2025-09-17,cancelled,standard
6003,148,2026-07-08,completed,express
6004,1446,2026-06-01,completed,same-day
6005,1472,2025-11-16,completed,express
6006,676,2026-06-02,returned,standard
6007,1818,2025-07-31,completed,standard
6008,137,2024-09-12,completed,standard
6009,1171,2025-10-03,completed,standard
6010,1932,2025-12-30,cancelled,standard
6011,1940,2026-07-20,completed,standard
6012,1263,2025-05-16,returned,standard
6013,654,2025-07-15,completed,same-day
6014,1333,2025-08-28,completed,standard
6015,1225,2026-02-09,completed,standard
6016,107,2025-12-20,completed,standard
6017,272,2024-05-12,completed,standard
6018,1837,2025-06-11,completed,standard
6019,1854,2026-06-03,completed,same-day
6020,364,2025-01-17,completed,standard
6021,1438,2026-03-29,completed,standard
6022,176,2024-11-19,completed,standard
6023,862,2026-04-05,completed,express
6024,1372,2026-06-24,completed,standard
6025,416,2026-05-04,completed,express
6026,1436,2026-07-14,completed,standard
6027,767,2024-09-04,completed,standard
6028,1251,2026-08-01,completed,standard
6029,379,2024-12-01,completed,express
6030,1634,2026-08-14,completed,standard
6031,1419,2024-11-02,completed,standard
6032,999,2025-01-19,completed,standard
6033,1415,2026-01-01,completed,express
6034,939,2025-08-24,returned,standard
6035,1462,2024-12-25,completed,standard
6036,1187,2025-11-20,returned,standard
6037,1720,2025-09-26,completed,same-day
6038,881,2025-01-23,cancelled,standard
6039,1023,2025-09-19,completed,standard
6040,156,2025-04-02,completed,standard
6041,1950,2026-08-16,completed,standard
6042,526,2026-04-17,completed,standard
6043,1751,2025-04-21,completed,standard
6044,1155,2025-06-05,completed,standard
6045,371,2025-04-30,completed,standard
6046,240,2025-05-06,completed,express
6047,1520,2026-05-10,completed,standard
6048,369,2026-07-08,completed,standard
6049,1693,2024-05-13,completed,express
6050,1510,2024-09-20,completed,express
6051,452,2026-07-17,completed,standard
6052,783,2026-04-16,completed,standard
6053,1671,2026-04-05,completed,same-day
6054,589,2024-06-25,completed,express
6055,823,2025-09-21,completed,standard
6056,1281,2024-10-16,completed,express
6057,432,2026-06-27,completed,standard
6058,499,2026-06-07,completed,standard
6059,682,2025-05-30,completed,standard
6060,477,2026-02-25,completed,standard
6061,14,2024-05-05,cancelled,express
6062,1778,2026-04-13,completed,standard
6063,1368,2025-03-20,completed,standard
6064,558,2025-12-21,completed,standard
6065,314,2024-08-25,completed,standard
6066,119,2025-06-19,completed,standard
6067,996,2026-07-17,completed,standard
6068,1806,2026-04-24,completed,express
6069,117,2026-03-20,completed,express
6070,1509,2025-05-21,completed,standard
6071,857,2025-04-12,completed,standard
6072,1348,2025-12-26,cancelled,express
6073,1796,2025-03-11,completed,standard
6074,888,2025-11-12,returned,standard
6075,1955,2025-08-26,completed,standard
6076,1349,2026-07-30,completed,express
6077,631,2024-08-13,completed,express
6078,1541,2024-10-15,completed,same-day
6079,1828,2026-08-02,completed,standard
6080,1401,2026-06-03,completed,standard
6081,1212,2025-11-06,completed,standard
6082,1919,2026-05-11,completed,standard
6083,1144,2024-11-22,completed,express
6084,1454,2026-06-14,completed,express
6085,632,2024-09-12,cancelled,express
6086,708,2025-12-07,completed,standard
6087,1623,2026-08-13,completed,express
6088,731,2026-06-01,completed,express
6089,595,2026-06-22,completed,standard
6090,983,2026-01-15,completed,same-day
6091,1097,2024-10-11,returned,standard
6092,1488,2025-05-28,completed,standard
6093,453,2026-06-07,completed,express
6094,334,2024-10-10,completed,standard
6095,1385,2025-04-29,completed,standard
6096,817,2024-08-30,completed,standard
6097,1754,2026-07-23,completed,standard
6098,642,2026-01-23,completed,standard
6099,1594,2025-11-13,completed,standard
6100,1891,2026-05-02,completed,standard
6101,804,2025-08-30,completed,express
6102,1734,2024-12-25,completed,standard
6103,930,2024-12-19,completed,express
6104,299,2025-03-01,completed,standard
6105,1474,2026-03-06,completed,express
6106,765,2026-03-29,completed,standard
6107,1900,2025-12-09,completed,standard
6108,1743,2024-04-25,completed,express
6109,1579,2026-08-06,completed,express
6110,755,2026-05-20,completed,standard
6111,1736,2026-04-30,completed,standard
6112,292,2026-02-23,completed,standard
6113,723,2025-05-12,completed,standard
6114,865,2025-12-23,completed,standard
6115,1634,2026-06-12,completed,standard
6116,1812,2026-01-29,completed,standard
6117,297,2025-04-03,completed,standard
6118,1892,2025-07-14,completed,standard
6119,429,2025-04-24,completed,standard
6120,31,2026-05-09,completed,same-day
6121,943,2024-06-29,completed,express
6122,540,2025-09-13,completed,standard
6123,389,2025-12-08,completed,same-day
6124,1004,2026-02-15,completed,standard
6125,309,2026-08-27,returned,standard
6126,1659,2025-09-26,returned,same-day
6127,1705,2025-08-11,completed,standard
6128,552,2025-06-30,completed,express
6129,372,2026-04-21,completed,express
6130,1215,2025-08-28,completed,standard
6131,1006,2026-05-08,completed,standard
6132,866,2026-04-10,completed,standard
6133,1700,2025-08-17,completed,standard
6134,979,2025-05-13,completed,same-day
6135,1334,2025-09-16,returned,express
6136,699,2025-10-14,returned,same-day
6137,203,2026-02-26,completed,express
6138,1907,2026-04-03,completed,standard
6139,1414,2026-03-06,completed,standard
6140,1217,2025-08-31,completed,standard
6141,277,2024-05-31,completed,same-day
6142,1044,2026-08-22,completed,standard
6143,997,2026-06-27,completed,standard
6144,428,2024-07-02,completed,standard
6145,987,2025-11-24,completed,standard
6146,1915,2025-10-28,cancelled,standard
6147,1264,2025-10-08,completed,express
6148,670,2026-07-06,completed,express
6149,616,2026-04-01,completed,standard
6150,1239,2024-05-14,returned,standard
6151,1224,2025-03-14,completed,standard
6152,1198,2025-11-12,completed,standard
6153,1066,2025-09-02,completed,standard
6154,676,2025-11-02,completed,standard
6155,739,2025-04-05,completed,standard
6156,1380,2024-04-01,completed,standard
6157,248,2026-08-26,completed,same-day
6158,1136,2025-07-13,completed,express
6159,947,2024-11-27,completed,standard
6160,33,2025-03-18,completed,express
6161,730,2026-02-28,completed,standard
6162,489,2024-08-04,completed,standard
6163,1890,2025-04-10,completed,standard
6164,1379,2025-06-20,returned,standard
6165,1820,2025-07-21,returned,same-day
6166,1805,2026-08-08,completed,standard
6167,1268,2024-10-22,completed,standard
6168,1803,2024-10-28,completed,standard
6169,952,2024-08-08,cancelled,standard
6170,556,2026-07-28,completed,express
6171,675,2025-07-07,completed,standard
6172,1590,2026-08-03,completed,express
6173,1401,2026-02-15,completed,standard
6174,1803,2025-07-08,completed,standard
6175,1932,2025-02-08,returned,express
6176,1563,2024-03-17,completed,express
6177,1149,2026-07-11,completed,standard
6178,1822,2025-01-17,completed,express
6179,1418,2026-06-06,completed,same-day
6180,1221,2025-12-28,completed,standard
6181,1626,2026-05-29,cancelled,express
6182,495,2024-10-04,completed,standard
6183,1131,2024-05-31,cancelled,standard
6184,1778,2026-08-18,completed,same-day
6185,621,2026-04-27,returned,standard
6186,1757,2025-11-08,completed,standard
6187,763,2025-04-26,completed,standard
6188,289,2024-04-19,completed,standard
6189,636,2026-05-28,cancelled,standard
6190,1065,2026-08-20,completed,standard
6191,927,2024-10-14,completed,standard
6192,1801,2024-10-24,returned,standard
6193,1894,2025-11-02,completed,express
6194,1456,2026-02-22,completed,standard
6195,129,2026-02-21,completed,standard
6196,773,2025-06-21,completed,express
6197,380,2025-03-15,completed,standard
6198,1538,2026-04-13,completed,standard
6199,1425,2026-03-21,completed,standard
6200,719,2025-06-22,completed,standard
6201,1554,2026-06-29,completed,standard
6202,948,2025-09-15,completed,same-day
6203,442,2025-10-02,completed,express
6204,5,2026-07-09,completed,express
6205,704,2024-08-01,completed,standard
6206,1242,2024-12-17,completed,express
6207,1129,2026-02-07,completed,standard
6208,1569,2024-09-21,completed,standard
6209,1915,2026-03-14,completed,standard
6210,973,2024-05-18,completed,standard
6211,622,2026-05-01,completed,standard
6212,1762,2025-06-10,completed,standard
6213,395,2026-02-14,completed,standard
6214,1622,2025-12-15,cancelled,express
6215,369,2026-03-25,completed,express
6216,1848,2025-12-08,completed,standard
6217,1211,2026-05-19,completed,standard
6218,588,2024-05-07,completed,express
6219,117,2025-12-11,completed,standard
6220,1765,2025-11-21,completed,express
6221,1054,2025-01-13,completed,standard
6222,1017,2026-07-22,completed,standard
6223,493,2025-01-17,cancelled,standard
6224,745,2024-02-19,completed,standard
6225,1406,2026-01-28,completed,standard
6226,1703,2025-08-20,completed,standard
6227,593,2025-12-26,completed,standard
6228,403,2026-07-16,completed,standard
6229,588,2025-06-08,completed,standard
6230,55,2025-01-12,completed,express
6231,1289,2025-01-17,completed,standard
6232,841,2026-04-10,returned,standard
6233,728,2026-07-08,cancelled,express
6234,1550,2025-10-02,completed,express
6235,1988,2026-02-03,cancelled,standard
6236,890,2025-05-15,completed,standard
6237,757,2025-07-16,completed,standard
6238,307,2026-03-28,completed,standard
6239,885,2026-07-13,completed,standard
6240,622,2025-01-14,completed,standard
6241,1876,2024-10-24,completed,standard
6242,911,2025-07-15,completed,express
6243,389,2026-04-22,completed,standard
6244,1215,2026-04-02,completed,express
6245,564,2026-02-17,completed,standard
6246,1177,2026-03-23,completed,standard
6247,639,2025-12-03,completed,standard
6248,32,2026-06-01,completed,standard
6249,101,2026-08-04,completed,standard
6250,646,2026-06-09,completed,standard
6251,954,2026-06-27,completed,standard
6252,278,2025-09-06,completed,standard
6253,1663,2025-10-17,completed,standard
6254,744,2025-04-23,completed,standard
6255,50,2025-09-22,completed,standard
6256,865,2025-04-12,completed,standard
6257,640,2025-09-23,completed,express
6258,348,2026-01-07,completed,express
6259,1226,2025-09-22,completed,standard
6260,1519,2026-01-14,completed,standard
6261,1288,2024-09-26,completed,standard
6262,641,2026-08-29,completed,standard
6263,1510,2026-08-21,completed,express
6264,76,2025-04-07,cancelled,standard
6265,1030,2024-09-04,completed,express
6266,1446,2026-05-17,completed,standard
6267,1429,2026-03-17,completed,express
6268,1002,2026-07-22,completed,same-day
6269,1855,2024-10-27,completed,standard
6270,275,2026-04-12,completed,standard
6271,196,2025-11-24,completed,express
6272,318,2026-07-09,completed,standard
6273,1429,2026-08-08,completed,standard
6274,177,2026-07-05,completed,standard
6275,713,2026-02-14,completed,standard
6276,706,2025-10-12,completed,standard
6277,158,2024-09-05,completed,standard
6278,680,2026-05-23,completed,standard
6279,134,2025-11-10,completed,standard
6280,798,2025-12-30,completed,standard
6281,119,2025-03-17,completed,express
6282,830,2026-02-13,completed,standard
6283,1582,2026-05-22,completed,standard
6284,1394,2025-01-07,completed,standard
6285,1101,2025-10-05,completed,same-day
6286,171,2026-04-18,completed,standard
6287,409,2026-04-21,completed,standard
6288,310,2026-06-25,completed,standard
6289,1523,2026-03-25,completed,standard
6290,1734,2026-04-19,completed,express
6291,451,2025-05-31,completed,express
6292,107,2025-11-12,completed,standard
6293,1368,2026-04-19,completed,standard
6294,48,2026-07-12,completed,standard
6295,1286,2025-03-29,completed,standard
6296,1399,2025-06-10,completed,express
6297,958,2024-09-18,completed,standard
6298,80,2025-05-31,cancelled,standard
6299,1514,2026-07-18,completed,express
6300,1900,2025-12-06,completed,standard
6301,1909,2024-10-25,completed,express
6302,270,2026-04-15,cancelled,standard
6303,632,2025-03-14,completed,standard
6304,768,2026-03-27,completed,standard
6305,1269,2024-12-21,cancelled,same-day
6306,785,2024-08-03,completed,express
6307,1028,2026-05-17,completed,standard
6308,574,2025-12-29,completed,standard
6309,46,2026-07-04,completed,standard
6310,1432,2024-03-24,completed,standard
6311,827,2024-11-11,completed,standard
6312,131,2025-08-14,returned,same-day
6313,395,2025-07-18,completed,standard
6314,70,2025-02-22,completed,standard
6315,455,2025-05-22,completed,standard
6316,989,2025-09-12,completed,standard
6317,690,2024-08-12,completed,standard
6318,157,2025-06-26,completed,standard
6319,1760,2026-07-31,completed,express
6320,1025,2026-07-27,completed,standard
6321,1657,2026-04-11,returned,standard
6322,790,2025-10-31,completed,standard
6323,298,2026-06-25,completed,standard
6324,15,2024-12-28,completed,standard
6325,1255,2025-09-07,cancelled,standard
6326,1247,2024-12-18,completed,standard
6327,530,2025-03-24,completed,standard
6328,742,2026-05-02,completed,standard
6329,769,2026-07-03,completed,standard
6330,1670,2026-06-03,completed,standard
6331,1506,2025-10-28,completed,standard
6332,511,2026-02-11,completed,express
6333,385,2026-04-24,returned,express
6334,1794,2025-06-08,completed,standard
6335,778,2026-08-24,completed,standard
6336,1300,2025-09-18,cancelled,standard
6337,902,2025-05-24,completed,standard
6338,888,2026-05-19,completed,standard
6339,1937,2026-08-17,completed,standard
6340,1345,2026-02-12,completed,express
6341,1538,2025-10-19,cancelled,standard
6342,404,2025-07-25,completed,standard
6343,217,2025-02-09,completed,standard
6344,768,2025-06-29,completed,express
6345,206,2025-10-24,completed,same-day
6346,1866,2026-07-07,completed,standard
6347,406,2026-08-25,completed,standard
6348,1517,2025-07-01,completed,standard
6349,1471,2026-05-23,completed,express
6350,593,2025-07-20,completed,standard
6351,1382,2024-06-18,completed,standard
6352,423,2024-04-04,completed,standard
6353,1190,2025-12-28,completed,express
6354,601,2025-06-09,completed,same-day
6355,929,2025-10-19,completed,express
6356,1296,2024-10-22,completed,standard
6357,456,2025-03-13,completed,standard
6358,1777,2025-03-29,completed,standard
6359,1685,2026-08-22,completed,standard
6360,429,2026-07-02,completed,standard
6361,47,2024-12-25,completed,express
6362,25,2026-03-23,completed,express
6363,1658,2024-03-16,completed,same-day
6364,1719,2026-01-06,cancelled,standard
6365,407,2025-09-09,completed,standard
6366,1893,2024-06-12,completed,express
6367,770,2026-01-28,completed,standard
6368,647,2024-12-06,completed,express
6369,1970,2026-04-27,cancelled,standard
6370,1202,2026-01-08,completed,standard
6371,322,2025-11-15,completed,standard
6372,990,2026-07-07,completed,standard
6373,1127,2025-01-12,completed,same-day
6374,565,2024-12-04,completed,standard
6375,1975,2024-06-11,completed,standard
6376,1713,2026-04-30,completed,standard
6377,493,2024-03-15,completed,standard
6378,1233,2026-04-05,completed,standard
6379,1764,2025-06-05,completed,standard
6380,1703,2026-07-02,completed,standard
6381,1240,2026-08-05,completed,express
6382,1713,2025-11-02,completed,standard
6383,1893,2026-07-20,completed,standard
6384,1860,2025-05-19,completed,standard
6385,601,2025-05-04,completed,standard
6386,755,2025-04-04,completed,same-day
6387,1142,2025-09-25,completed,standard
6388,311,2026-05-22,completed,same-day
6389,103,2025-03-03,completed,standard
6390,425,2026-07-05,completed,express
6391,375,2025-09-29,completed,standard
6392,845,2026-07-25,completed,express
6393,1748,2026-08-12,completed,standard
6394,148,2024-04-01,completed,standard
6395,832,2024-12-22,completed,standard
6396,44,2026-01-18,completed,standard
6397,1539,2024-09-21,completed,standard
6398,1796,2026-02-25,completed,standard
6399,598,2026-01-21,completed,express
6400,524,2025-05-09,completed,standard
6401,1860,2025-04-04,cancelled,standard
6402,1772,2025-11-17,completed,standard
6403,1603,2025-07-20,completed,express
6404,404,2024-10-06,completed,standard
6405,1840,2025-05-23,completed,standard
6406,1486,2025-03-24,completed,standard
6407,1365,2024-05-30,completed,standard
6408,58,2026-02-12,cancelled,standard
6409,1862,2026-08-16,completed,express
6410,953,2025-05-10,completed,express
6411,28,2026-06-21,cancelled,express
6412,166,2026-08-29,completed,standard
6413,466,2025-02-05,completed,standard
6414,1736,2025-06-23,completed,standard
6415,1164,2025-07-28,completed,express
6416,1118,2025-02-01,completed,standard
6417,539,2024-10-07,completed,standard
6418,1409,2025-10-15,completed,standard
6419,960,2025-02-03,completed,standard
6420,1462,2025-02-05,completed,standard
6421,301,2025-04-20,completed,same-day
6422,124,2024-01-29,completed,express
6423,1357,2025-12-02,completed,express
6424,58,2025-02-20,completed,standard
6425,1004,2025-06-03,completed,standard
6426,1660,2024-11-18,completed,standard
6427,823,2025-11-14,completed,standard
6428,1948,2025-12-29,completed,standard
6429,1158,2026-06-25,completed,express
6430,85,2026-01-28,cancelled,express
6431,121,2025-04-28,cancelled,standard
6432,1537,2026-07-12,completed,standard
6433,557,2026-06-20,completed,express
6434,558,2025-11-10,completed,same-day
6435,959,2026-04-18,completed,standard
6436,1605,2024-06-23,completed,standard
6437,48,2026-01-16,completed,standard
6438,543,2026-03-06,completed,standard
6439,1739,2026-07-08,completed,standard
6440,466,2024-07-14,completed,standard
6441,893,2025-01-12,completed,same-day
6442,3,2026-06-27,completed,standard
6443,1300,2024-09-06,completed,express
6444,1743,2026-01-15,completed,standard
6445,1670,2025-09-30,completed,standard
6446,868,2025-08-25,completed,standard
6447,1905,2025-11-27,completed,standard
6448,982,2026-02-23,completed,express
6449,459,2026-08-29,completed,same-day
6450,1693,2025-10-01,completed,same-day
6451,90,2026-03-28,completed,standard
6452,720,2025-09-20,completed,express
6453,1197,2025-12-10,completed,express
6454,913,2025-12-09,completed,standard
6455,944,2025-10-30,completed,express
6456,320,2025-03-17,cancelled,standard
6457,1319,2024-08-17,completed,express
6458,735,2025-05-08,completed,standard
6459,1107,2025-01-07,cancelled,standard
6460,285,2025-09-19,completed,standard
6461,1470,2026-04-14,completed,express
6462,685,2026-01-29,cancelled,standard
6463,342,2025-11-27,completed,express
6464,802,2026-08-21,completed,standard
6465,936,2026-03-13,cancelled,standard
6466,687,2025-02-18,completed,standard
6467,580,2026-03-05,completed,standard
6468,1627,2024-10-28,completed,express
6469,1501,2024-08-28,completed,standard
6470,998,2024-06-14,completed,standard
6471,1091,2025-09-23,completed,standard
6472,713,2025-08-23,completed,standard
6473,860,2025-08-05,completed,standard
6474,1203,2026-07-25,completed,same-day
6475,1765,2025-10-17,completed,standard
6476,658,2025-11-24,cancelled,same-day
6477,709,2026-02-07,completed,standard
6478,934,2026-02-11,completed,standard
6479,1505,2025-12-29,completed,express
6480,1721,2025-08-16,completed,express
6481,321,2026-03-11,completed,express
6482,82,2025-07-05,completed,standard
6483,1022,2025-10-19,completed,same-day
6484,1718,2024-05-08,completed,standard
6485,1250,2025-11-22,completed,standard
6486,1198,2026-07-13,completed,standard
6487,1087,2026-06-20,cancelled,same-day
6488,1663,2026-02-27,completed,standard
6489,311,2024-10-28,completed,standard
6490,1599,2025-08-06,completed,standard
6491,274,2026-08-07,completed,same-day
6492,1632,2025-03-16,completed,standard
6493,406,2024-09-15,completed,standard
6494,1391,2025-03-16,completed,express
6495,159,2024-09-05,completed,standard
6496,835,2026-07-04,completed,express
6497,215,2026-05-22,completed,standard
6498,1011,2024-03-22,completed,standard
6499,80,2025-07-18,completed,standard
6500,199,2024-11-22,completed,same-day
6501,7,2026-03-15,completed,standard
6502,1870,2025-12-19,completed,standard
6503,1331,2026-01-04,completed,express
6504,322,2024-05-13,completed,standard
6505,449,2026-03-29,completed,standard
6506,1421,2026-08-17,completed,standard
6507,663,2026-07-26,completed,standard
6508,224,2024-07-04,completed,standard
6509,1463,2024-07-04,cancelled,standard
6510,1595,2025-02-16,completed,standard
6511,1102,2026-05-26,completed,standard
6512,784,2026-07-12,completed,express
6513,1315,2025-05-20,completed,standard
6514,779,2026-06-08,completed,express
6515,1159,2025-09-21,completed,standard
6516,1498,2026-05-01,completed,express
6517,1378,2025-08-18,completed,standard
6518,1976,2025-01-02,completed,express
6519,447,2026-03-30,completed,standard
6520,1289,2026-01-19,completed,standard
6521,304,2024-06-10,completed,standard
6522,1393,2025-08-01,completed,express
6523,1505,2025-01-06,completed,standard
6524,1435,2025-10-27,completed,standard
6525,1783,2024-08-21,completed,standard
6526,1941,2025-12-09,completed,standard
6527,1601,2025-03-17,completed,standard
6528,999,2026-06-09,completed,express
6529,1832,2024-09-09,completed,standard
6530,1395,2025-10-05,completed,express
6531,608,2026-03-15,cancelled,standard
6532,1509,2025-10-18,completed,standard
6533,600,2026-01-27,completed,same-day
6534,414,2026-08-30,completed,standard
6535,1277,2025-04-02,completed,same-day
6536,1904,2025-08-03,completed,express
6537,375,2025-02-11,completed,standard
6538,31,2025-03-29,completed,standard
6539,588,2024-10-02,completed,standard
6540,408,2024-05-06,completed,standard
6541,1654,2024-06-04,completed,standard
6542,1361,2025-01-08,completed,standard
6543,129,2025-10-18,completed,same-day
6544,905,2026-03-14,completed,standard
6545,229,2026-03-07,cancelled,standard
6546,1890,2025-07-30,completed,standard
6547,1325,2025-01-13,completed,express
6548,21,2025-09-22,completed,express
6549,1196,2026-06-17,completed,express
6550,679,2025-05-22,completed,standard
6551,743,2026-05-04,completed,standard
6552,601,2025-02-27,completed,standard
6553,1240,2025-09-03,cancelled,standard
6554,1840,2024-11-18,cancelled,standard
6555,1271,2025-09-21,completed,express
6556,1190,2026-02-11,completed,same-day
6557,1359,2026-03-02,completed,standard
6558,1954,2024-06-05,completed,standard
6559,1008,2024-06-02,completed,express
6560,695,2024-04-17,completed,express
6561,511,2026-06-05,completed,express
6562,947,2025-12-25,completed,standard
6563,1597,2025-11-03,completed,standard
6564,1504,2025-12-26,completed,express
6565,1538,2026-06-21,completed,standard
6566,844,2025-01-29,completed,express
6567,1178,2025-06-21,completed,express
6568,1756,2024-08-29,cancelled,standard
6569,1897,2024-08-09,returned,standard
6570,1371,2024-11-11,completed,standard
6571,1991,2025-01-12,completed,same-day
6572,753,2026-04-05,completed,standard
6573,1926,2026-05-13,completed,express
6574,1515,2024-11-17,returned,standard
6575,167,2026-05-29,completed,standard
6576,502,2024-11-11,completed,express
6577,177,2025-10-18,completed,express
6578,486,2024-07-30,completed,standard
6579,1661,2025-04-04,completed,standard
6580,1264,2025-10-03,completed,standard
6581,180,2026-06-19,completed,standard
6582,753,2025-01-19,completed,express
6583,668,2025-11-23,completed,express
6584,1207,2026-08-25,completed,standard
6585,939,2025-09-07,completed,standard
6586,639,2026-01-28,completed,standard
6587,1109,2024-07-21,completed,standard
6588,1412,2026-04-24,completed,standard
6589,901,2026-04-09,cancelled,standard
6590,1227,2026-05-10,completed,standard
6591,183,2026-07-03,completed,standard
6592,1369,2025-09-14,completed,standard
6593,1190,2026-05-06,completed,standard
6594,1350,2025-03-08,completed,same-day
6595,54,2025-07-14,completed,standard
6596,1022,2026-01-17,cancelled,express
6597,133,2025-08-28,returned,standard
6598,355,2025-06-11,completed,standard
6599,548,2025-12-26,completed,express
6600,1135,2026-06-20,completed,same-day
6601,1604,2024-07-11,completed,same-day
6602,1078,2025-12-31,completed,standard
6603,1448,2025-12-08,completed,standard
6604,504,2026-03-23,completed,express
6605,226,2026-06-15,completed,standard
6606,1040,2025-01-03,completed,standard
6607,342,2026-07-02,completed,standard
6608,902,2024-07-08,completed,standard
6609,1705,2026-01-31,completed,express
6610,77,2026-02-17,completed,express
6611,1202,2026-02-02,completed,standard
6612,850,2025-01-20,completed,standard
6613,1375,2026-08-03,completed,express
6614,1939,2026-05-28,completed,standard
6615,149,2025-02-06,completed,standard
6616,967,2025-08-28,completed,standard
6617,494,2026-02-17,completed,standard
6618,767,2026-06-12,completed,standard
6619,1486,2026-03-26,completed,same-day
6620,1308,2025-09-24,completed,standard
6621,346,2025-10-12,completed,standard
6622,747,2026-01-27,completed,standard
6623,598,2025-06-10,completed,express
6624,442,2025-06-15,completed,express
6625,1728,2025-05-04,completed,standard
6626,1172,2024-06-13,returned,express
6627,995,2026-02-27,completed,standard
6628,1429,2025-11-20,completed,express
6629,1618,2025-10-21,completed,standard
6630,1895,2025-03-24,completed,standard
6631,222,2024-11-03,completed,standard
6632,321,2025-08-17,completed,same-day
6633,256,2025-11-29,completed,same-day
6634,1957,2025-08-25,completed,standard
6635,1212,2025-07-22,completed,standard
6636,46,2024-10-06,completed,standard
6637,1001,2026-06-20,completed,standard
6638,1591,2025-01-19,completed,standard
6639,857,2024-08-23,completed,standard
6640,1419,2025-06-09,cancelled,standard
6641,1793,2024-12-02,completed,standard
6642,728,2025-10-27,completed,standard
6643,1092,2025-07-17,completed,standard
6644,835,2024-06-09,cancelled,same-day
6645,65,2024-08-06,completed,express
6646,869,2026-04-17,completed,express
6647,1407,2025-02-10,completed,same-day
6648,129,2026-07-31,completed,standard
6649,168,2026-06-09,completed,standard
6650,1751,2025-04-26,completed,standard
6651,1332,2026-06-10,completed,standard
6652,949,2024-09-22,completed,standard
6653,1023,2026-01-17,completed,standard
6654,482,2025-11-26,completed,standard
6655,1856,2025-02-11,completed,standard
6656,269,2025-12-09,completed,standard
6657,48,2024-10-04,completed,same-day
6658,166,2026-07-18,completed,standard
6659,366,2024-12-16,completed,express
6660,386,2026-02-06,completed,standard
6661,1321,2026-04-27,completed,standard
6662,1097,2025-02-12,completed,standard
6663,1117,2026-08-13,completed,standard
6664,956,2026-05-15,completed,same-day
6665,1944,2025-02-21,completed,standard
6666,1313,2026-04-20,completed,standard
6667,1168,2025-05-06,completed,standard
6668,222,2025-04-13,completed,standard
6669,77,2026-06-02,completed,express
6670,400,2026-07-29,completed,standard
6671,596,2026-05-29,completed,standard
6672,1490,2026-07-27,cancelled,same-day
6673,775,2024-11-18,completed,express
6674,736,2026-02-15,completed,standard
6675,1028,2025-10-08,completed,same-day
6676,25,2025-04-10,completed,standard
6677,1056,2025-11-23,completed,standard
6678,530,2024-05-30,completed,standard
6679,1068,2025-08-21,completed,express
6680,601,2026-03-14,completed,standard
6681,1623,2025-03-08,completed,same-day
6682,632,2025-04-17,completed,standard
6683,483,2026-07-04,completed,express
6684,962,2026-02-14,completed,express
6685,421,2024-07-28,completed,express
6686,1330,2025-08-27,completed,express
6687,958,2025-10-20,completed,standard
6688,423,2025-08-24,completed,express
6689,338,2026-03-27,completed,express
6690,1110,2025-04-29,completed,same-day
6691,1254,2024-05-02,completed,standard
6692,1715,2026-07-01,completed,standard
6693,137,2025-12-13,completed,express
6694,1336,2024-04-11,completed,same-day
6695,1714,2025-08-02,completed,standard
6696,284,2025-08-12,completed,standard
6697,1519,2026-02-12,completed,standard
6698,956,2026-05-07,completed,express
6699,1979,2025-06-01,completed,standard
6700,141,2024-12-03,completed,express
6701,322,2024-09-23,completed,express
6702,1254,2025-03-24,cancelled,standard
6703,825,2025-12-15,completed,express
6704,1251,2025-10-12,cancelled,standard
6705,1877,2026-07-06,completed,standard
6706,1654,2024-09-07,completed,standard
6707,811,2024-07-02,completed,standard
6708,1503,2024-08-31,completed,same-day
6709,82,2026-02-02,completed,standard
6710,634,2026-06-29,returned,express
6711,783,2026-05-20,completed,standard
6712,379,2024-12-09,completed,standard
6713,1453,2026-07-18,completed,standard
6714,739,2024-05-19,completed,express
6715,897,2025-11-11,completed,standard
6716,1672,2025-11-20,completed,express
6717,445,2025-10-09,completed,standard
6718,1815,2025-05-26,completed,standard
6719,959,2025-04-29,returned,standard
6720,1899,2026-05-01,cancelled,standard
6721,1026,2026-06-18,completed,standard
6722,812,2025-01-19,completed,standard
6723,1739,2026-04-06,completed,standard
6724,1271,2025-05-13,returned,standard
6725,478,2025-08-24,completed,same-day
6726,1050,2025-08-06,completed,express
6727,1004,2026-03-23,completed,standard
6728,147,2025-01-30,completed,standard
6729,1200,2025-10-06,completed,standard
6730,831,2026-03-17,completed,standard
6731,1129,2026-08-09,completed,standard
6732,1412,2026-03-09,cancelled,standard
6733,1552,2025-10-10,completed,standard
6734,1544,2026-08-05,completed,standard
6735,77,2026-06-01,completed,same-day
6736,552,2024-12-30,completed,standard
6737,557,2024-12-12,completed,standard
6738,1300,2026-04-14,completed,standard
6739,1974,2025-09-21,completed,same-day
6740,677,2026-06-25,completed,standard
6741,1672,2025-06-14,completed,standard
6742,1212,2025-06-11,completed,standard
6743,1839,2024-09-03,completed,standard
6744,1709,2025-10-02,completed,standard
6745,940,2026-05-23,completed,express
6746,980,2024-04-30,cancelled,express
6747,1511,2026-03-05,completed,standard
6748,1676,2025-07-10,completed,express
6749,1183,2024-07-18,completed,standard
6750,1125,2025-08-30,completed,standard
6751,1366,2024-06-30,completed,express
6752,1199,2025-02-07,completed,standard
6753,1574,2024-09-25,completed,standard
6754,268,2025-04-22,completed,standard
6755,668,2025-10-06,completed,standard
6756,1387,2026-06-20,cancelled,express
6757,1951,2024-12-15,completed,standard
6758,1072,2026-04-17,completed,standard
6759,1233,2025-12-10,completed,same-day
6760,121,2024-09-15,completed,express
6761,1258,2024-12-18,completed,same-day
6762,1869,2025-10-25,completed,standard
6763,1745,2024-08-09,completed,standard
6764,1191,2024-09-06,completed,standard
6765,453,2025-01-26,completed,same-day
6766,1855,2026-03-24,completed,standard
6767,641,2026-07-18,completed,standard
6768,474,2025-02-06,completed,standard
6769,375,2025-06-17,completed,standard
6770,1947,2026-01-27,completed,standard
6771,377,2026-02-06,completed,standard
6772,664,2025-10-01,completed,express
6773,1352,2025-09-20,completed,express
6774,553,2026-08-05,cancelled,same-day
6775,1197,2025-09-28,completed,standard
6776,1341,2025-08-28,completed,express
6777,369,2024-07-22,completed,standard
6778,1226,2025-05-20,completed,standard
6779,1577,2024-03-08,completed,standard
6780,1606,2026-01-08,completed,standard
6781,1379,2025-01-21,completed,express
6782,373,2024-11-12,completed,standard
6783,1373,2026-02-21,completed,standard
6784,1427,2026-05-25,completed,standard
6785,1110,2024-08-03,completed,standard
6786,404,2026-01-01,completed,same-day
6787,927,2026-05-07,completed,standard
6788,1048,2025-08-22,completed,same-day
6789,225,2025-12-02,completed,standard
6790,1446,2025-04-12,completed,standard
6791,579,2025-08-21,completed,standard
6792,490,2026-08-05,completed,express
6793,1197,2024-12-27,completed,standard
6794,1268,2025-01-23,completed,standard
6795,668,2026-04-24,completed,standard
6796,1771,2026-05-11,completed,same-day
6797,1620,2025-06-24,completed,express
6798,743,2025-07-04,completed,standard
6799,776,2025-12-31,completed,standard
6800,1437,2025-06-21,completed,standard
6801,1865,2026-04-25,completed,express
6802,918,2026-01-31,completed,standard
6803,676,2026-02-12,completed,same-day
6804,509,2024-08-18,completed,standard
6805,140,2024-06-01,completed,standard
6806,240,2026-04-02,completed,standard
6807,746,2025-05-10,completed,standard
6808,1106,2025-05-01,completed,express
6809,780,2026-04-12,completed,standard
6810,129,2025-01-17,completed,standard
6811,1624,2025-10-28,completed,standard
6812,509,2025-02-17,completed,standard
6813,999,2026-04-24,completed,standard
6814,1871,2025-02-19,completed,standard
6815,1106,2024-07-13,completed,standard
6816,1640,2025-11-22,completed,standard
6817,1029,2026-03-11,completed,standard
6818,838,2026-08-15,completed,standard
6819,530,2026-03-20,completed,standard
6820,1964,2025-11-23,completed,standard
6821,1257,2025-10-08,completed,express
6822,984,2026-06-28,completed,standard
6823,208,2026-04-28,completed,standard
6824,871,2026-06-02,completed,standard
6825,621,2025-01-30,completed,express
6826,274,2024-08-26,completed,standard
6827,237,2026-01-21,completed,express
6828,1518,2025-09-03,completed,standard
6829,1991,2025-04-20,completed,standard
6830,78,2026-06-06,completed,standard
6831,136,2025-01-21,completed,standard
6832,207,2026-05-06,completed,same-day
6833,1076,2025-12-07,completed,standard
6834,247,2025-01-11,cancelled,standard
6835,184,2025-09-15,completed,standard
6836,1483,2026-07-10,completed,standard
6837,845,2025-04-16,completed,standard
6838,77,2026-03-08,completed,standard
6839,1323,2025-10-23,completed,express
6840,114,2026-06-06,returned,standard
6841,214,2025-06-18,completed,same-day
6842,1954,2026-05-01,completed,standard
6843,1441,2025-09-19,completed,same-day
6844,562,2026-06-11,completed,express
6845,476,2025-07-04,completed,express
6846,437,2024-06-09,completed,standard
6847,1207,2026-07-04,completed,standard
6848,1501,2024-06-16,completed,standard
6849,1856,2025-03-04,cancelled,standard
6850,699,2025-07-03,cancelled,standard
6851,469,2025-03-04,completed,standard
6852,44,2025-04-27,completed,same-day
6853,1173,2025-09-09,completed,standard
6854,1522,2025-02-26,completed,standard
6855,337,2026-01-07,completed,standard
6856,1934,2026-07-22,completed,same-day
6857,760,2024-10-26,completed,same-day
6858,1090,2025-06-15,completed,standard
6859,33,2026-05-18,completed,express
6860,313,2025-12-23,completed,standard
6861,1147,2026-01-21,completed,same-day
6862,1228,2025-08-23,completed,standard
6863,1950,2024-08-11,cancelled,standard
6864,1620,2024-03-01,completed,express
6865,241,2026-07-13,completed,express
6866,489,2026-08-02,completed,standard
6867,811,2025-04-07,completed,standard
6868,479,2026-06-10,completed,standard
6869,1221,2024-12-23,returned,standard
6870,1781,2025-12-08,completed,standard
6871,1835,2026-07-30,completed,standard
6872,554,2025-11-27,completed,standard
6873,5,2026-01-31,completed,express
6874,1344,2026-08-24,completed,standard
6875,867,2025-07-10,completed,standard
6876,1720,2026-04-09,completed,express
6877,1695,2024-05-14,completed,standard
6878,889,2025-11-16,cancelled,standard
6879,461,2026-03-08,completed,standard
6880,1691,2025-05-07,completed,standard
6881,815,2025-04-08,completed,standard
6882,885,2025-10-14,completed,standard
6883,294,2026-07-30,completed,standard
6884,1773,2026-04-04,completed,standard
6885,1698,2026-05-26,completed,standard
6886,1499,2025-03-25,completed,same-day
6887,44,2025-04-14,completed,express
6888,1527,2025-07-12,returned,standard
6889,405,2026-01-02,cancelled,standard
6890,1347,2025-06-09,completed,standard
6891,869,2026-06-24,completed,same-day
6892,1745,2024-10-25,completed,standard
6893,678,2024-11-02,completed,express
6894,40,2026-01-01,completed,standard
6895,1023,2025-06-18,completed,standard
6896,769,2026-05-22,completed,standard
6897,880,2025-11-17,completed,express
6898,405,2025-12-21,completed,standard
6899,283,2025-12-30,completed,standard
6900,150,2025-10-26,completed,standard
6901,1673,2025-10-26,completed,same-day
6902,1367,2026-07-09,completed,standard
6903,329,2026-08-29,completed,standard
6904,806,2024-10-04,completed,standard
6905,431,2025-02-17,completed,standard
6906,698,2026-04-19,completed,express
6907,547,2025-06-11,cancelled,standard
6908,1432,2025-07-23,completed,express
6909,1795,2025-02-18,completed,standard
6910,752,2024-09-20,completed,standard
6911,1751,2024-09-09,completed,standard
6912,1922,2026-08-24,completed,standard
6913,1375,2025-01-29,completed,express
6914,1131,2025-12-18,completed,standard
6915,1291,2025-07-30,cancelled,standard
6916,123,2026-05-05,completed,standard
6917,1428,2025-06-05,completed,standard
6918,43,2026-05-10,completed,same-day
6919,1148,2024-04-27,completed,standard
6920,711,2026-06-29,completed,standard
6921,40,2026-04-15,completed,express
6922,869,2024-05-10,completed,standard
6923,887,2025-01-09,completed,standard
6924,846,2025-05-24,completed,standard
6925,871,2024-10-07,completed,same-day
6926,688,2025-04-29,completed,express
6927,538,2026-08-19,completed,standard
6928,1822,2024-12-16,completed,standard
6929,518,2025-07-06,completed,standard
6930,309,2026-04-30,completed,standard
6931,434,2026-05-29,cancelled,express
6932,1176,2026-04-05,completed,standard
6933,1041,2025-10-17,completed,express
6934,1068,2026-04-24,completed,standard
6935,385,2025-12-05,completed,standard
6936,70,2024-12-20,completed,standard
6937,755,2026-05-25,completed,express
6938,91,2026-01-29,completed,standard
6939,454,2024-09-07,completed,standard
6940,1416,2024-12-29,completed,standard
6941,310,2025-12-11,completed,standard
6942,1231,2026-05-18,completed,standard
6943,1109,2026-05-17,completed,express
6944,497,2026-05-07,completed,same-day
6945,1057,2025-11-26,completed,standard
6946,510,2025-10-20,completed,standard
6947,291,2024-10-16,completed,standard
6948,278,2024-10-14,completed,express
6949,868,2026-06-21,completed,standard
6950,1737,2026-05-24,completed,express
6951,364,2025-02-05,completed,standard
6952,817,2026-01-07,completed,same-day
6953,325,2025-09-05,completed,same-day
6954,129,2026-07-12,completed,express
6955,1739,2026-06-25,completed,standard
6956,1243,2026-03-16,completed,express
6957,1150,2026-02-02,completed,standard
6958,1567,2026-01-03,completed,express
6959,1739,2025-10-13,completed,standard
6960,1731,2025-02-02,completed,express
6961,1479,2025-12-16,completed,standard
6962,571,2024-12-23,completed,standard
6963,940,2026-01-15,completed,express
6964,845,2026-01-13,completed,standard
6965,329,2026-08-01,returned,standard
6966,32,2026-05-27,completed,standard
6967,1923,2025-03-16,returned,standard
6968,1205,2026-03-15,completed,standard
6969,150,2026-08-03,completed,standard
6970,1544,2025-05-03,completed,express
6971,537,2024-09-16,completed,standard
6972,1567,2025-06-03,completed,express
6973,1074,2025-10-16,completed,standard
6974,1558,2025-05-17,completed,standard
6975,1111,2024-09-08,completed,standard
6976,729,2026-02-06,completed,same-day
6977,352,2024-12-11,completed,same-day
6978,1073,2026-06-02,completed,express
6979,366,2025-10-13,completed,express
6980,1577,2026-07-07,completed,standard
6981,643,2026-06-04,completed,standard
6982,337,2026-08-03,completed,standard
6983,543,2024-10-02,cancelled,express
6984,1626,2024-04-04,completed,express
6985,1010,2026-06-30,completed,standard
6986,1787,2025-11-15,completed,standard
6987,781,2024-11-25,completed,standard
6988,326,2024-11-10,completed,standard
6989,938,2026-08-28,completed,express
6990,1690,2026-08-10,completed,standard
6991,479,2026-03-23,cancelled,standard
6992,1219,2025-07-05,completed,standard
6993,726,2026-03-23,completed,standard
6994,1567,2024-05-24,completed,express
6995,926,2025-04-12,completed,standard
6996,910,2025-10-12,completed,standard
6997,1422,2025-08-09,completed,standard
6998,1428,2024-07-07,completed,standard
6999,315,2025-08-06,completed,standard
7000,1214,2026-06-17,completed,express
7001,80,2024-12-31,completed,express
7002,1967,2025-08-28,completed,standard
7003,266,2026-08-22,completed,standard
7004,569,2025-11-30,completed,same-day
7005,1065,2026-01-11,completed,standard
7006,986,2025-07-21,completed,standard
7007,1506,2026-07-02,completed,standard
7008,1105,2026-05-28,completed,standard
7009,1452,2025-01-16,completed,standard
7010,1775,2025-09-30,completed,standard
7011,934,2025-10-24,completed,express
7012,1295,2026-07-05,returned,standard
7013,1047,2026-07-03,completed,standard
7014,1575,2025-05-22,completed,standard
7015,1160,2025-03-07,completed,standard
7016,1673,2025-03-31,completed,standard
7017,808,2025-12-25,completed,standard
7018,500,2025-12-29,completed,express
7019,1876,2024-05-04,completed,express
7020,326,2025-10-02,cancelled,standard
7021,1714,2024-06-01,completed,standard
7022,244,2026-08-11,completed,standard
7023,70,2026-03-15,completed,express
7024,143,2026-03-19,completed,standard
7025,1992,2026-01-31,completed,express
7026,1682,2026-02-04,returned,standard
7027,222,2024-11-18,completed,standard
7028,1808,2024-05-24,completed,standard
7029,759,2025-10-06,completed,standard
7030,594,2026-01-28,completed,express
7031,47,2025-10-24,completed,standard
7032,979,2025-09-13,completed,standard
7033,1498,2024-07-22,completed,standard
7034,426,2025-11-04,completed,express
7035,1548,2025-09-28,completed,same-day
7036,1498,2026-06-03,completed,standard
7037,898,2025-09-30,completed,standard
7038,1185,2025-02-01,completed,standard
7039,1514,2025-06-02,completed,standard
7040,274,2024-07-19,completed,standard
7041,1590,2025-08-28,completed,same-day
7042,787,2025-08-31,completed,standard
7043,278,2024-07-05,completed,standard
7044,1801,2025-12-04,completed,standard
7045,1808,2024-08-05,completed,standard
7046,504,2025-12-13,completed,express
7047,794,2026-06-01,completed,express
7048,1427,2026-01-09,completed,standard
7049,736,2026-07-02,completed,express
7050,405,2025-10-10,completed,express
7051,252,2026-06-20,completed,standard
7052,1920,2024-09-04,completed,standard
7053,486,2026-01-21,completed,standard
7054,284,2026-05-08,completed,standard
7055,1280,2025-03-19,completed,standard
7056,194,2024-02-02,completed,standard
7057,740,2025-04-30,cancelled,express
7058,693,2026-01-07,completed,express
7059,1819,2025-05-20,cancelled,express
7060,1771,2026-04-13,completed,standard
7061,1739,2024-10-17,completed,standard
7062,152,2024-10-06,completed,standard
7063,583,2026-03-04,completed,same-day
7064,1639,2026-04-02,completed,standard
7065,1107,2026-01-07,completed,standard
7066,78,2024-06-26,cancelled,standard
7067,1963,2025-04-09,completed,standard
7068,1691,2026-07-14,completed,express
7069,130,2026-07-13,completed,standard
7070,655,2025-03-14,completed,express
7071,616,2026-01-12,completed,standard
7072,1022,2025-06-04,completed,express
7073,22,2025-05-18,completed,standard
7074,194,2025-02-09,completed,express
7075,1486,2026-05-04,completed,standard
7076,1129,2026-05-11,completed,standard
7077,114,2025-04-08,completed,standard
7078,1026,2024-09-05,completed,standard
7079,1262,2026-02-04,completed,standard
7080,735,2024-06-21,completed,standard
7081,894,2024-12-05,completed,standard
7082,662,2024-06-12,completed,standard
7083,1226,2025-03-16,completed,standard
7084,686,2025-11-12,completed,standard
7085,646,2024-03-07,cancelled,standard
7086,727,2025-05-17,completed,standard
7087,1604,2024-12-15,completed,standard
7088,1176,2026-04-29,completed,express
7089,1763,2024-04-16,completed,standard
7090,1514,2025-04-08,completed,express
7091,862,2025-04-10,completed,standard
7092,1034,2026-02-05,completed,standard
7093,1335,2026-02-02,completed,standard
7094,1101,2025-12-04,completed,standard
7095,1496,2025-10-01,completed,standard
7096,1021,2024-09-21,completed,standard
7097,1998,2025-01-31,completed,standard
7098,301,2026-06-26,completed,express
7099,1649,2025-10-01,completed,standard
7100,653,2025-12-23,completed,standard
7101,1430,2026-08-24,completed,standard
7102,1462,2025-01-09,completed,standard
7103,1271,2026-05-12,completed,express
7104,282,2026-06-25,completed,express
7105,1521,2024-10-10,completed,standard
7106,386,2025-06-12,completed,express
7107,1234,2026-04-25,cancelled,standard
7108,550,2025-12-06,completed,standard
7109,436,2024-12-14,completed,standard
7110,84,2025-12-20,completed,express
7111,24,2025-05-14,returned,standard
7112,258,2025-09-10,completed,standard
7113,834,2025-11-28,completed,standard
7114,380,2026-06-25,cancelled,standard
7115,1600,2024-04-14,completed,standard
7116,1762,2024-10-28,completed,standard
7117,850,2025-08-08,completed,standard
7118,1142,2026-06-17,completed,express
7119,1981,2025-11-20,completed,standard
7120,416,2025-10-19,completed,standard
7121,1983,2025-07-05,completed,standard
7122,318,2025-09-02,completed,standard
7123,72,2026-05-10,completed,express
7124,1454,2024-11-13,completed,express
7125,1577,2024-09-23,completed,standard
7126,434,2026-07-10,completed,express
7127,1830,2024-11-07,completed,express
7128,323,2025-03-30,completed,standard
7129,1346,2026-02-19,completed,standard
7130,220,2025-10-07,completed,standard
7131,1341,2025-06-05,completed,standard
7132,1624,2024-04-10,completed,express
7133,679,2025-08-30,completed,standard
7134,1456,2025-03-26,completed,standard
7135,737,2026-07-07,completed,standard
7136,938,2025-08-07,completed,same-day
7137,1914,2026-05-17,completed,standard
7138,1159,2025-08-02,completed,standard
7139,1101,2024-11-20,completed,standard
7140,1803,2024-11-14,completed,standard
7141,1481,2024-10-23,completed,express
7142,1264,2024-07-23,completed,standard
7143,646,2025-05-12,completed,standard
7144,304,2024-04-05,completed,express
7145,1365,2025-01-26,completed,standard
7146,1436,2025-08-12,completed,express
7147,1048,2025-10-16,completed,standard
7148,554,2024-12-03,completed,standard
7149,1190,2026-03-06,returned,express
7150,1792,2025-02-05,completed,standard
7151,449,2025-02-24,completed,express
7152,43,2025-11-05,returned,standard
7153,970,2025-04-09,completed,express
7154,649,2026-08-26,completed,express
7155,1025,2025-12-31,completed,standard
7156,1006,2025-09-06,completed,standard
7157,1448,2024-09-12,returned,standard
7158,807,2025-05-14,completed,standard
7159,1905,2024-03-30,completed,standard
7160,596,2026-04-07,completed,standard
7161,1724,2024-10-28,completed,standard
7162,204,2025-06-02,completed,standard
7163,289,2026-06-13,completed,standard
7164,442,2024-12-07,completed,standard
7165,1568,2026-04-10,completed,standard
7166,1757,2026-06-08,completed,express
7167,494,2025-06-17,completed,standard
7168,1811,2026-08-20,completed,standard
7169,1853,2026-01-04,completed,standard
7170,1399,2025-01-01,completed,standard
7171,1020,2025-07-20,completed,standard
7172,823,2025-05-19,completed,express
7173,795,2024-09-19,completed,standard
7174,1139,2026-04-07,completed,standard
7175,594,2026-07-16,cancelled,standard
7176,481,2025-01-02,completed,express
7177,1247,2024-02-14,completed,standard
7178,1896,2024-06-20,completed,express
7179,1327,2026-03-02,completed,express
7180,1548,2025-02-28,completed,express
7181,1853,2025-12-07,completed,standard
7182,108,2024-09-21,completed,standard
7183,810,2026-02-07,completed,standard
7184,860,2025-02-17,completed,same-day
7185,826,2026-03-27,cancelled,standard
7186,1957,2026-08-13,cancelled,standard
7187,661,2025-05-13,completed,standard
7188,731,2025-07-19,completed,express
7189,610,2026-01-25,completed,standard
7190,977,2025-04-28,completed,same-day
7191,1997,2026-04-24,completed,standard
7192,1856,2026-05-11,completed,same-day
7193,787,2024-03-01,completed,same-day
7194,423,2026-04-19,completed,standard
7195,857,2024-12-22,completed,standard
7196,466,2026-06-12,completed,standard
7197,482,2025-10-25,completed,same-day
7198,1611,2025-10-17,completed,standard
7199,666,2025-10-19,completed,express
7200,1197,2025-09-01,completed,express
7201,1190,2025-11-22,completed,standard
7202,1703,2025-05-28,completed,standard
7203,193,2025-05-16,completed,standard
7204,160,2026-07-28,returned,express
7205,1474,2026-01-30,completed,standard
7206,293,2024-09-24,completed,standard
7207,854,2025-08-08,completed,express
7208,1791,2025-12-25,completed,standard
7209,1870,2026-01-12,completed,express
7210,1590,2024-10-14,completed,standard
7211,1399,2026-01-01,completed,express
7212,298,2025-05-28,completed,express
7213,98,2025-06-23,completed,standard
7214,941,2025-06-11,completed,standard
7215,63,2026-08-24,cancelled,standard
7216,579,2025-02-27,completed,standard
7217,1685,2025-04-06,completed,standard
7218,1358,2026-04-22,completed,standard
7219,1837,2025-07-19,completed,standard
7220,1404,2026-08-15,completed,standard
7221,1335,2026-05-12,completed,standard
7222,168,2024-06-30,completed,standard
7223,322,2024-12-13,completed,standard
7224,615,2025-03-17,completed,express
7225,192,2025-03-29,completed,standard
7226,1995,2025-12-31,completed,standard
7227,160,2025-01-22,completed,standard
7228,76,2026-01-13,cancelled,standard
7229,1,2025-04-11,completed,same-day
7230,1845,2024-02-05,completed,standard
7231,1582,2026-05-05,completed,standard
7232,1793,2026-02-16,completed,standard
7233,1647,2026-03-31,completed,standard
7234,986,2025-03-23,completed,express
7235,534,2026-03-30,completed,express
7236,579,2025-07-12,cancelled,standard
7237,1672,2026-01-27,completed,standard
7238,139,2026-02-17,completed,express
7239,1226,2026-05-03,completed,standard
7240,271,2025-02-11,completed,standard
7241,926,2026-03-14,completed,standard
7242,1702,2026-02-25,returned,standard
7243,308,2026-03-22,completed,standard
7244,1550,2026-04-23,completed,standard
7245,1036,2026-01-16,completed,standard
7246,1002,2024-09-10,completed,standard
7247,443,2024-12-01,returned,standard
7248,562,2025-08-23,completed,standard
7249,780,2024-11-25,completed,express
7250,670,2026-02-11,completed,same-day
7251,316,2026-01-30,completed,standard
7252,944,2025-06-02,completed,express
7253,905,2025-02-27,completed,standard
7254,1904,2025-06-02,completed,express
7255,607,2025-09-15,cancelled,standard
7256,1307,2025-01-12,completed,standard
7257,1628,2025-06-20,returned,same-day
7258,833,2026-04-28,completed,standard
7259,1861,2025-03-03,completed,standard
7260,1591,2026-04-17,cancelled,express
7261,1691,2026-04-15,completed,standard
7262,1335,2025-01-17,completed,same-day
7263,416,2025-04-23,completed,same-day
7264,923,2025-12-19,completed,standard
7265,1411,2025-10-18,returned,standard
7266,71,2024-12-14,completed,standard
7267,112,2024-10-17,completed,standard
7268,1745,2025-05-07,returned,same-day
7269,288,2024-09-26,completed,standard
7270,1998,2026-08-18,completed,express
7271,243,2025-10-07,completed,standard
7272,1446,2025-07-02,completed,standard
7273,559,2024-09-02,completed,same-day
7274,658,2026-07-21,completed,standard
7275,633,2024-09-03,completed,standard
7276,474,2026-03-17,completed,express
7277,966,2026-06-02,completed,standard
7278,818,2025-08-21,completed,express
7279,1860,2025-03-03,completed,express
7280,1339,2025-08-08,completed,express
7281,1344,2025-10-08,completed,standard
7282,1458,2025-10-25,completed,standard
7283,599,2024-11-13,cancelled,express
7284,1420,2024-09-24,completed,standard
7285,1789,2026-08-05,completed,standard
7286,1313,2025-09-30,completed,standard
7287,720,2026-06-06,completed,standard
7288,775,2026-04-13,completed,standard
7289,682,2024-12-25,completed,express
7290,93,2026-02-24,completed,same-day
7291,1680,2024-07-26,completed,standard
7292,1609,2026-03-07,completed,standard
7293,773,2026-04-01,completed,standard
7294,1625,2026-04-02,completed,standard
7295,928,2026-03-26,completed,standard
7296,1934,2026-03-06,completed,express
7297,1569,2025-09-10,completed,standard
7298,1723,2024-12-12,completed,standard
7299,897,2024-08-06,completed,standard
7300,1631,2025-07-23,completed,standard
7301,1488,2025-11-30,completed,standard
7302,1417,2026-04-29,completed,express
7303,1319,2024-06-19,completed,express
7304,1917,2025-07-16,completed,express
7305,1501,2025-09-21,completed,standard
7306,1733,2025-02-17,completed,standard
7307,360,2026-05-26,completed,standard
7308,1734,2024-09-30,completed,standard
7309,321,2026-02-17,completed,express
7310,498,2026-07-15,completed,standard
7311,179,2026-07-01,completed,express
7312,1746,2025-08-10,completed,express
7313,663,2024-08-15,completed,express
7314,80,2025-11-18,completed,express
7315,275,2025-04-27,completed,standard
7316,1032,2025-12-11,completed,standard
7317,999,2026-04-02,completed,express
7318,552,2025-04-26,completed,standard
7319,400,2026-01-15,completed,standard
7320,354,2025-10-19,completed,express
7321,75,2025-08-08,completed,standard
7322,18,2026-05-13,completed,standard
7323,713,2024-06-01,completed,standard
7324,679,2025-06-02,completed,same-day
7325,1230,2025-08-05,completed,standard
7326,668,2026-04-22,completed,standard
7327,201,2025-10-06,completed,standard
7328,1542,2025-01-14,completed,standard
7329,1941,2025-01-17,completed,standard
7330,398,2025-04-16,completed,standard
7331,288,2025-01-14,completed,standard
7332,1361,2026-06-14,completed,standard
7333,1714,2025-12-22,completed,express
7334,1486,2024-04-26,completed,standard
7335,546,2026-03-01,completed,express
7336,775,2025-10-22,completed,standard
7337,1065,2026-08-21,completed,express
7338,1185,2024-06-19,returned,standard
7339,1854,2026-06-18,completed,express
7340,386,2025-12-06,completed,standard
7341,1537,2025-12-27,completed,standard
7342,1461,2025-08-05,completed,standard
7343,76,2026-02-17,completed,standard
7344,1929,2024-12-22,completed,standard
7345,1186,2025-09-24,completed,express
7346,575,2026-08-13,completed,standard
7347,1995,2024-01-24,completed,standard
7348,914,2024-09-02,completed,standard
7349,562,2025-07-04,completed,standard
7350,34,2025-07-28,completed,standard
7351,1182,2024-03-14,completed,same-day
7352,1932,2024-07-27,completed,standard
7353,121,2024-11-04,cancelled,standard
7354,1658,2025-08-14,completed,standard
7355,831,2024-11-21,completed,standard
7356,928,2025-08-19,completed,standard
7357,1764,2025-12-14,completed,standard
7358,1148,2026-04-15,completed,express
7359,1847,2025-11-22,completed,standard
7360,1670,2026-03-14,completed,express
7361,441,2024-09-29,completed,express
7362,528,2024-08-30,completed,standard
7363,1780,2024-08-27,completed,standard
7364,1702,2026-01-19,returned,standard
7365,1633,2026-02-05,completed,express
7366,1340,2025-12-12,completed,standard
7367,1164,2026-07-25,completed,standard
7368,784,2026-03-02,completed,standard
7369,8,2025-07-21,completed,standard
7370,455,2025-02-04,completed,standard
7371,440,2025-07-06,cancelled,standard
7372,1640,2026-05-26,completed,express
7373,474,2025-11-16,completed,express
7374,4,2025-08-02,completed,standard
7375,91,2026-03-23,completed,standard
7376,148,2026-03-28,completed,standard
7377,1608,2024-11-25,completed,standard
7378,1076,2024-04-29,completed,standard
7379,1798,2026-07-15,completed,standard
7380,1881,2026-08-04,completed,standard
7381,31,2025-09-22,completed,same-day
7382,1734,2026-04-28,completed,standard
7383,1465,2025-11-14,returned,standard
7384,1531,2025-01-28,completed,standard
7385,1578,2025-06-30,completed,standard
7386,1536,2026-04-29,completed,standard
7387,1328,2026-07-29,completed,standard
7388,1002,2025-03-26,completed,standard
7389,1166,2025-10-02,cancelled,express
7390,1074,2024-10-17,returned,standard
7391,1108,2026-02-19,completed,standard
7392,1558,2026-08-03,completed,standard
7393,1709,2026-05-11,completed,standard
7394,1852,2025-10-05,cancelled,standard
7395,771,2026-01-12,completed,standard
7396,1451,2025-11-17,completed,standard
7397,347,2024-10-05,returned,express
7398,1313,2026-05-11,completed,standard
7399,28,2026-06-17,completed,standard
7400,856,2026-03-24,completed,same-day
7401,650,2024-10-18,completed,standard
7402,487,2026-07-08,completed,standard
7403,960,2024-06-20,completed,same-day
7404,191,2026-06-28,completed,standard
7405,1862,2024-12-24,completed,standard
7406,1460,2025-10-01,completed,standard
7407,331,2026-07-05,completed,standard
7408,580,2025-02-16,cancelled,standard
7409,513,2024-06-29,completed,express
7410,315,2024-06-24,cancelled,express
7411,850,2026-06-29,completed,standard
7412,1458,2024-11-10,completed,standard
7413,715,2026-07-14,completed,standard
7414,1527,2026-01-23,completed,standard
7415,572,2026-04-19,completed,standard
7416,1997,2025-09-07,completed,standard
7417,1388,2024-07-11,completed,same-day
7418,1278,2025-09-03,completed,standard
7419,149,2024-06-19,completed,express
7420,304,2025-09-14,completed,express
7421,235,2025-02-27,completed,standard
7422,1876,2025-12-04,completed,standard
7423,1907,2024-07-01,completed,standard
7424,126,2026-06-10,completed,standard
7425,1538,2025-08-11,completed,standard
7426,1514,2026-08-13,completed,standard
7427,539,2025-05-17,completed,standard
7428,352,2025-01-26,completed,standard
7429,1527,2026-07-12,completed,standard
7430,668,2026-06-05,completed,standard
7431,1009,2026-04-18,completed,standard
7432,1670,2024-04-11,completed,express
7433,1075,2025-11-04,completed,standard
7434,1028,2024-08-26,completed,express
7435,964,2024-12-14,completed,standard
7436,1229,2025-03-22,completed,same-day
7437,1574,2026-01-07,completed,express
7438,704,2025-11-12,completed,express
7439,177,2024-02-10,completed,standard
7440,345,2026-08-08,completed,standard
7441,1615,2026-04-23,completed,standard
7442,1095,2025-08-30,completed,standard
7443,497,2025-05-03,returned,same-day
7444,35,2024-08-14,completed,standard
7445,1827,2025-01-23,completed,express
7446,1611,2024-10-13,cancelled,standard
7447,1589,2024-12-26,completed,express
7448,166,2025-01-10,completed,express
7449,121,2025-12-30,completed,standard
7450,285,2026-05-04,completed,same-day
7451,313,2026-02-01,completed,standard
7452,1629,2026-02-09,completed,standard
7453,1075,2025-06-28,completed,standard
7454,958,2024-05-01,completed,standard
7455,1851,2025-08-30,cancelled,standard
7456,1264,2024-07-29,cancelled,standard
7457,58,2026-02-14,completed,express
7458,1705,2026-06-08,completed,express
7459,1587,2026-04-20,completed,standard
7460,861,2026-08-20,completed,standard
7461,1616,2025-11-05,completed,standard
7462,1550,2025-10-23,completed,standard
7463,803,2024-12-06,completed,standard
7464,328,2024-08-23,completed,express
7465,1243,2024-10-12,completed,same-day
7466,970,2025-01-12,completed,standard
7467,1177,2026-08-28,completed,standard
7468,1399,2025-08-20,completed,express
7469,1953,2026-03-05,completed,standard
7470,1486,2025-01-03,completed,standard
7471,1669,2026-01-06,completed,express
7472,1868,2026-06-25,completed,standard
7473,1561,2025-10-23,completed,standard
7474,1118,2025-07-04,completed,same-day
7475,916,2025-08-10,completed,standard
7476,638,2026-03-02,completed,express
7477,729,2025-10-06,returned,standard
7478,1799,2024-03-25,completed,express
7479,70,2026-08-27,completed,standard
7480,368,2026-03-30,completed,standard
7481,1147,2025-10-07,completed,standard
7482,32,2026-01-12,returned,express
7483,1331,2025-08-01,completed,same-day
7484,737,2024-07-29,completed,standard
7485,670,2025-03-24,completed,express
7486,1497,2026-02-12,completed,standard
7487,15,2026-06-21,completed,express
7488,625,2024-11-22,returned,standard
7489,928,2026-08-06,completed,standard
7490,259,2024-12-27,cancelled,standard
7491,184,2026-02-06,completed,same-day
7492,1049,2026-03-14,completed,standard
7493,1529,2026-08-17,completed,standard
7494,1188,2026-07-26,completed,standard
7495,947,2026-01-11,completed,same-day
7496,1111,2024-06-10,completed,standard
7497,1107,2024-08-03,completed,standard
7498,1520,2025-11-08,completed,standard
7499,230,2025-11-20,completed,standard
7500,1622,2025-05-16,completed,same-day
7501,1575,2026-02-05,completed,express
7502,1276,2026-07-17,completed,same-day
7503,489,2026-06-04,completed,standard
7504,1081,2026-02-24,completed,standard
7505,848,2024-01-20,completed,express
7506,76,2026-08-12,completed,standard
7507,205,2026-03-18,completed,standard
7508,1879,2026-02-06,completed,standard
7509,1332,2025-04-05,completed,standard
7510,1998,2026-04-19,completed,same-day
7511,1397,2025-09-07,completed,standard
7512,1631,2026-05-17,completed,standard
7513,1999,2025-04-25,completed,express
7514,556,2024-03-12,completed,standard
7515,1695,2024-10-21,completed,express
7516,1963,2024-12-22,completed,express
7517,1951,2026-08-10,cancelled,standard
7518,719,2025-06-12,completed,express
7519,1005,2025-08-15,returned,standard
7520,1475,2024-12-28,cancelled,standard
7521,812,2026-03-23,completed,same-day
7522,51,2025-06-30,completed,express
7523,564,2026-01-22,completed,standard
7524,361,2025-07-24,completed,standard
7525,179,2026-03-06,completed,express
7526,269,2025-07-22,completed,standard
7527,1057,2025-01-26,completed,standard
7528,1199,2024-07-13,cancelled,standard
7529,192,2024-08-02,completed,standard
7530,218,2026-02-16,completed,standard
7531,1951,2026-08-11,completed,standard
7532,1534,2026-03-20,completed,express
7533,630,2026-07-29,completed,standard
7534,239,2026-06-06,cancelled,standard
7535,1157,2024-11-29,completed,standard
7536,1169,2025-07-07,completed,standard
7537,153,2025-02-10,completed,standard
7538,94,2025-12-23,completed,express
7539,618,2025-08-30,completed,express
7540,1519,2026-08-25,completed,standard
7541,1507,2025-12-14,completed,standard
7542,1826,2026-03-03,completed,standard
7543,156,2026-06-29,completed,express
7544,1427,2026-07-31,completed,standard
7545,1872,2025-02-12,completed,standard
7546,1736,2026-08-26,returned,same-day
7547,1097,2025-07-15,completed,standard
7548,1813,2025-12-20,completed,standard
7549,1318,2024-03-26,completed,express
7550,193,2024-08-29,completed,standard
7551,805,2025-12-07,completed,express
7552,1862,2024-02-17,cancelled,same-day
7553,619,2026-05-23,completed,standard
7554,1751,2025-03-29,completed,standard
7555,179,2025-04-15,completed,express
7556,660,2026-08-25,completed,same-day
7557,1479,2024-11-05,completed,standard
7558,267,2025-10-10,completed,express
7559,181,2025-04-16,completed,express
7560,1890,2024-05-07,completed,standard
7561,7,2026-06-01,completed,standard
7562,1780,2025-12-15,completed,standard
7563,81,2026-03-06,completed,standard
7564,1620,2025-06-07,completed,standard
7565,810,2025-11-12,completed,standard
7566,206,2026-01-06,completed,standard
7567,310,2026-07-10,completed,same-day
7568,1880,2025-10-21,completed,standard
7569,1787,2026-03-17,completed,standard
7570,491,2025-10-07,returned,express
7571,662,2026-04-26,completed,standard
7572,362,2026-03-20,completed,standard
7573,1837,2024-09-26,completed,express
7574,1406,2026-08-22,completed,standard
7575,200,2024-11-17,completed,same-day
7576,1625,2026-01-02,completed,standard
7577,940,2026-07-17,completed,express
7578,1457,2026-04-04,completed,standard
7579,245,2026-05-18,completed,same-day
7580,1474,2026-08-30,completed,standard
7581,1641,2024-12-12,completed,standard
7582,1366,2026-07-11,completed,standard
7583,473,2024-02-22,completed,standard
7584,814,2026-07-19,completed,express
7585,1363,2024-11-07,completed,standard
7586,1745,2025-06-30,completed,standard
7587,1158,2025-04-16,completed,express
7588,1459,2025-07-21,completed,standard
7589,1682,2026-02-20,completed,standard
7590,992,2026-01-06,completed,standard
7591,472,2024-08-07,completed,standard
7592,857,2025-02-25,completed,standard
7593,1227,2025-11-24,completed,express
7594,769,2025-02-28,completed,standard
7595,1649,2024-03-23,completed,express
7596,581,2025-04-13,completed,standard
7597,266,2025-06-29,completed,standard
7598,1949,2026-04-17,completed,standard
7599,821,2024-01-14,completed,standard
7600,1161,2025-07-12,completed,express
7601,538,2026-07-15,completed,standard
7602,1233,2026-05-05,completed,standard
7603,1776,2025-01-20,completed,standard
7604,1416,2026-08-14,completed,same-day
7605,509,2026-03-13,completed,standard
7606,1212,2025-09-11,completed,standard
7607,3,2025-02-28,completed,express
7608,220,2025-08-22,completed,standard
7609,1186,2026-05-23,completed,standard
7610,1491,2026-07-11,completed,standard
7611,1387,2024-09-26,completed,standard
7612,1157,2025-06-19,completed,standard
7613,1627,2024-11-22,completed,standard
7614,1166,2026-08-12,completed,standard
7615,1935,2026-07-10,completed,standard
7616,494,2025-03-17,completed,standard
7617,1424,2025-10-23,completed,standard
7618,458,2025-08-16,completed,standard
7619,496,2025-10-10,completed,standard
7620,89,2025-01-03,completed,standard
7621,140,2025-03-17,completed,express
7622,783,2026-07-06,completed,standard
7623,1932,2026-08-23,completed,standard
7624,551,2024-08-15,completed,standard
7625,217,2024-11-17,completed,standard
7626,5,2026-05-25,completed,same-day
7627,416,2025-02-07,completed,standard
7628,213,2025-06-20,completed,express
7629,1398,2025-09-13,completed,standard
7630,824,2026-01-25,completed,express
7631,676,2024-09-04,completed,standard
7632,891,2025-02-15,completed,same-day
7633,287,2025-05-18,completed,standard
7634,1296,2026-01-18,completed,standard
7635,238,2024-12-12,completed,standard
7636,729,2024-02-20,completed,standard
7637,1955,2026-04-26,completed,express
7638,751,2025-09-22,completed,standard
7639,1045,2026-01-14,completed,standard
7640,548,2026-08-04,completed,standard
7641,1328,2024-06-18,completed,express
7642,1714,2025-03-06,completed,express
7643,285,2025-01-01,completed,standard
7644,772,2025-06-25,completed,standard
7645,368,2025-05-09,returned,express
7646,1334,2025-02-01,completed,express
7647,1893,2024-04-28,completed,express
7648,481,2026-06-22,completed,standard
7649,982,2025-02-27,completed,express
7650,546,2025-08-07,completed,standard
7651,93,2025-12-12,completed,standard
7652,5,2025-12-19,completed,standard
7653,928,2025-12-19,completed,same-day
7654,118,2025-03-15,completed,express
7655,1775,2024-12-06,cancelled,same-day
7656,114,2024-11-01,completed,standard
7657,918,2026-01-04,returned,standard
7658,572,2026-08-10,completed,standard
7659,825,2026-01-02,completed,standard
7660,1759,2025-01-13,completed,express
7661,276,2026-05-31,completed,express
7662,554,2025-12-28,completed,standard
7663,849,2025-07-27,completed,standard
7664,27,2025-06-14,completed,standard
7665,1574,2025-09-25,completed,standard
7666,1066,2025-11-27,completed,standard
7667,1177,2025-07-16,completed,standard
7668,687,2025-10-14,cancelled,standard
7669,1289,2024-11-22,completed,standard
7670,895,2025-07-29,completed,standard
7671,1379,2024-07-22,completed,standard
7672,549,2025-03-04,completed,standard
7673,953,2025-05-19,returned,standard
7674,774,2025-12-17,completed,express
7675,313,2025-05-04,completed,express
7676,437,2026-08-13,returned,express
7677,1810,2024-12-14,completed,standard
7678,32,2026-07-05,completed,express
7679,465,2024-11-15,completed,standard
7680,975,2026-08-24,completed,express
7681,434,2024-12-23,completed,express
7682,1896,2026-01-28,cancelled,express
7683,1026,2026-07-07,completed,standard
7684,1869,2024-05-27,cancelled,standard
7685,211,2025-05-03,completed,same-day
7686,1444,2025-11-19,completed,standard
7687,1051,2026-03-31,completed,standard
7688,1382,2026-08-06,completed,same-day
7689,542,2025-09-04,returned,express
7690,1318,2026-03-05,returned,standard
7691,1600,2025-04-04,completed,standard
7692,1490,2025-01-14,completed,express
7693,40,2026-05-30,completed,standard
7694,1140,2025-07-09,completed,standard
7695,1765,2026-05-31,completed,express
7696,478,2025-10-19,completed,standard
7697,560,2025-09-20,completed,standard
7698,1620,2024-12-24,completed,standard
7699,1512,2026-07-31,returned,express
7700,1340,2025-08-08,returned,express
7701,1114,2024-12-27,completed,standard
7702,1227,2025-12-24,completed,express
7703,1599,2024-12-07,completed,standard
7704,1067,2025-05-17,completed,express
7705,358,2026-04-15,completed,express
7706,1004,2025-08-12,completed,express
7707,1064,2025-03-27,completed,standard
7708,291,2026-08-06,completed,standard
7709,39,2025-04-04,completed,standard
7710,1535,2024-11-01,completed,express
7711,1537,2025-09-03,returned,same-day
7712,837,2025-12-05,completed,standard
7713,676,2025-06-25,completed,standard
7714,964,2026-04-07,completed,standard
7715,367,2025-09-22,completed,same-day
7716,1465,2025-07-17,completed,standard
7717,1443,2024-10-04,completed,standard
7718,847,2026-02-06,completed,same-day
7719,1398,2024-04-03,completed,express
7720,542,2026-05-13,completed,standard
7721,394,2025-01-19,completed,standard
7722,803,2025-11-22,completed,standard
7723,1682,2025-04-19,completed,standard
7724,1202,2025-04-20,completed,standard
7725,1133,2026-08-25,completed,express
7726,184,2024-12-23,completed,standard
7727,943,2026-02-18,completed,standard
7728,386,2026-06-17,completed,standard
7729,485,2025-11-18,completed,standard
7730,87,2025-11-12,completed,standard
7731,666,2025-02-13,completed,express
7732,942,2026-02-02,completed,same-day
7733,478,2025-03-16,completed,same-day
7734,661,2026-05-31,completed,express
7735,452,2026-04-18,completed,standard
7736,1916,2026-07-01,completed,express
7737,31,2026-07-21,completed,standard
7738,149,2024-06-04,completed,standard
7739,1136,2026-02-28,completed,express
7740,268,2024-12-07,completed,standard
7741,820,2026-04-02,completed,standard
7742,84,2025-10-31,completed,express
7743,935,2025-06-16,completed,standard
7744,1075,2024-09-23,completed,standard
7745,1475,2025-01-11,completed,express
7746,196,2026-05-13,completed,express
7747,1979,2026-03-19,completed,standard
7748,1102,2025-04-28,completed,same-day
7749,1439,2024-12-21,completed,standard
7750,437,2025-07-01,completed,standard
7751,424,2025-02-19,completed,standard
7752,734,2024-09-22,cancelled,express
7753,71,2025-11-11,completed,standard
7754,24,2024-10-02,completed,standard
7755,1179,2025-01-04,completed,standard
7756,232,2024-05-29,completed,standard
7757,556,2026-05-02,completed,standard
7758,1181,2024-04-06,completed,express
7759,897,2025-11-21,completed,standard
7760,413,2024-12-12,completed,standard
7761,675,2026-03-05,completed,standard
7762,469,2025-05-03,completed,standard
7763,229,2025-07-03,completed,standard
7764,1613,2025-12-18,completed,express
7765,1585,2025-12-02,completed,express
7766,1081,2025-08-13,completed,express
7767,1258,2024-06-05,returned,standard
7768,1519,2024-06-26,completed,standard
7769,85,2026-04-30,completed,express
7770,1380,2026-07-26,completed,standard
7771,1089,2026-05-29,completed,standard
7772,1316,2025-04-19,completed,standard
7773,1397,2025-01-14,completed,standard
7774,13,2026-05-13,completed,standard
7775,1682,2026-08-07,completed,standard
7776,1633,2025-03-23,completed,express
7777,428,2026-02-13,returned,standard
7778,821,2024-11-14,completed,standard
7779,654,2025-04-22,completed,express
7780,170,2026-06-17,completed,standard
7781,1171,2026-05-26,completed,standard
7782,1851,2025-10-17,completed,standard
7783,552,2025-01-20,completed,standard
7784,850,2024-08-21,completed,standard
7785,690,2026-05-15,completed,express
7786,706,2026-02-17,completed,same-day
7787,904,2026-08-05,completed,standard
7788,1397,2025-05-26,completed,standard
7789,52,2025-06-28,completed,standard
7790,187,2025-05-25,completed,express
7791,1255,2025-08-13,completed,express
7792,42,2026-02-19,completed,standard
7793,549,2025-12-02,completed,standard
7794,337,2025-08-20,completed,standard
7795,307,2025-05-26,completed,express
7796,1474,2026-05-29,completed,standard
7797,1465,2024-11-13,completed,standard
7798,385,2026-01-06,completed,standard
7799,413,2024-05-19,completed,standard
7800,257,2024-07-01,completed,standard
7801,922,2024-11-25,completed,standard
7802,1325,2025-10-24,completed,standard
7803,446,2025-04-07,completed,express
7804,261,2025-11-03,completed,standard
7805,227,2024-02-27,returned,standard
7806,1824,2025-09-04,completed,express
7807,403,2024-09-08,completed,express
7808,1254,2025-11-04,completed,standard
7809,1755,2026-05-20,completed,express
7810,595,2026-08-17,completed,standard
7811,1375,2026-05-14,completed,standard
7812,302,2025-09-11,completed,standard
7813,121,2024-08-11,completed,standard
7814,1803,2024-08-22,completed,standard
7815,948,2026-05-15,completed,express
7816,15,2025-03-02,completed,express
7817,742,2026-05-11,completed,express
7818,1073,2024-10-02,completed,standard
7819,1370,2025-02-18,returned,express
7820,1782,2025-09-17,completed,standard
7821,208,2026-03-11,completed,same-day
7822,1526,2025-01-26,completed,standard
7823,418,2025-02-11,completed,express
7824,301,2024-07-24,completed,standard
7825,208,2025-12-06,completed,same-day
7826,455,2026-04-05,completed,standard
7827,1625,2024-06-06,completed,express
7828,531,2026-07-23,completed,standard
7829,1048,2026-07-02,completed,standard
7830,1113,2026-05-16,completed,standard
7831,1355,2026-03-25,cancelled,express
7832,1900,2024-03-19,completed,standard
7833,1864,2026-07-12,completed,standard
7834,1797,2026-06-16,returned,standard
7835,1834,2026-05-25,cancelled,standard
7836,1970,2025-12-03,completed,same-day
7837,1768,2025-11-06,cancelled,standard
7838,308,2025-07-10,completed,standard
7839,1996,2025-12-19,completed,standard
7840,1072,2026-02-23,completed,standard
7841,1140,2026-08-05,completed,express
7842,1907,2026-08-18,completed,standard
7843,848,2026-01-25,completed,standard
7844,1223,2025-05-25,completed,standard
7845,1592,2026-07-15,completed,standard
7846,554,2025-11-14,completed,standard
7847,519,2026-01-03,completed,standard
7848,423,2025-10-19,completed,standard
7849,1466,2025-07-07,completed,standard
7850,1543,2025-12-31,completed,standard
7851,39,2026-05-23,completed,standard
7852,810,2026-03-18,completed,express
7853,744,2026-04-14,completed,standard
7854,1077,2025-01-06,completed,standard
7855,1855,2026-04-15,completed,same-day
7856,1745,2025-12-31,completed,express
7857,222,2025-06-21,completed,standard
7858,1394,2025-10-24,completed,standard
7859,1802,2024-08-06,completed,standard
7860,456,2025-12-12,completed,standard
7861,1405,2025-10-08,completed,express
7862,1899,2026-05-16,completed,express
7863,218,2024-06-13,completed,standard
7864,959,2026-03-12,cancelled,same-day
7865,1819,2024-06-20,cancelled,standard
7866,1166,2024-05-14,completed,standard
7867,1474,2024-10-05,completed,express
7868,263,2025-11-20,completed,standard
7869,1044,2024-09-27,completed,standard
7870,1085,2025-08-03,completed,standard
7871,460,2024-04-06,completed,same-day
7872,245,2025-05-23,completed,express
7873,1815,2025-01-08,completed,standard
7874,1024,2025-04-14,completed,standard
7875,1216,2025-09-02,completed,standard
7876,1764,2024-05-30,completed,express
7877,478,2026-07-25,completed,standard
7878,1108,2025-08-09,cancelled,standard
7879,671,2025-04-21,completed,standard
7880,1082,2026-05-31,completed,express
7881,518,2024-11-15,completed,standard
7882,656,2025-03-15,completed,standard
7883,266,2025-10-03,completed,standard
7884,349,2025-12-19,cancelled,standard
7885,852,2024-03-08,completed,standard
7886,1697,2025-09-18,completed,standard
7887,405,2025-09-03,completed,standard
7888,1607,2025-11-24,completed,standard
7889,437,2024-05-16,completed,standard
7890,1273,2025-11-01,completed,same-day
7891,1044,2025-07-17,completed,express
7892,1250,2025-08-13,completed,express
7893,139,2026-03-23,completed,standard
7894,1443,2026-01-27,completed,standard
7895,1098,2025-07-14,completed,standard
7896,1474,2024-08-21,completed,standard
7897,636,2024-08-16,completed,standard
7898,322,2026-07-07,completed,standard
7899,550,2026-03-16,completed,express
7900,1691,2025-02-07,completed,express
7901,58,2024-12-14,completed,express
7902,1528,2025-11-01,completed,standard
7903,1560,2026-05-16,completed,standard
7904,1549,2025-07-18,completed,standard
7905,1385,2026-05-17,returned,standard
7906,1724,2025-05-29,completed,standard
7907,1446,2026-06-25,completed,standard
7908,162,2024-08-28,completed,standard
7909,322,2026-08-01,completed,standard
7910,1481,2026-06-06,completed,standard
7911,1274,2025-06-08,completed,standard
7912,158,2025-06-24,completed,standard
7913,1379,2024-03-14,completed,express
7914,963,2025-10-21,completed,standard
7915,1613,2024-12-27,completed,standard
7916,874,2025-06-05,completed,standard
7917,1786,2024-08-13,completed,standard
7918,1295,2026-03-22,completed,standard
7919,108,2024-01-29,completed,standard
7920,1262,2026-07-07,completed,express
7921,1940,2024-11-05,completed,same-day
7922,50,2024-11-15,completed,standard
7923,293,2026-01-20,completed,express
7924,698,2026-08-22,completed,standard
7925,751,2026-04-11,completed,standard
7926,221,2025-12-23,completed,standard
7927,1828,2025-01-04,completed,standard
7928,1291,2024-07-11,completed,express
7929,1503,2025-07-24,completed,standard
7930,519,2024-10-14,completed,standard
7931,164,2025-10-28,completed,standard
7932,1625,2024-11-19,completed,standard
7933,1200,2025-02-03,completed,standard
7934,1157,2026-05-26,completed,standard
7935,953,2026-07-23,completed,standard
7936,988,2026-05-29,completed,express
7937,1820,2025-08-28,completed,express
7938,149,2024-09-03,completed,express
7939,345,2025-12-21,completed,express
7940,1524,2025-08-24,returned,same-day
7941,1011,2025-09-22,completed,express
7942,1579,2026-01-20,cancelled,express
7943,622,2025-04-10,cancelled,standard
7944,938,2026-05-22,completed,express
7945,1023,2025-12-21,completed,standard
7946,936,2026-05-06,completed,express
7947,85,2025-03-29,completed,standard
7948,93,2026-05-21,completed,standard
7949,1325,2025-04-13,completed,standard
7950,1767,2025-07-17,cancelled,same-day
7951,749,2026-08-01,completed,same-day
7952,1274,2024-12-16,completed,standard
7953,170,2024-02-19,completed,express
7954,1447,2026-07-19,completed,standard
7955,548,2025-08-18,completed,standard
7956,293,2024-12-28,completed,same-day
7957,749,2025-12-05,cancelled,standard
7958,237,2024-07-18,completed,standard
7959,823,2025-07-10,completed,standard
7960,1597,2024-07-03,returned,standard
7961,1030,2026-02-10,completed,standard
7962,1982,2024-12-02,completed,express
7963,730,2026-07-08,completed,standard
7964,94,2026-06-16,completed,express
7965,616,2025-11-27,completed,standard
7966,333,2025-12-21,completed,standard
7967,1158,2025-08-09,completed,standard
7968,1458,2026-01-27,completed,standard
7969,1109,2025-01-27,completed,express
7970,76,2025-07-21,completed,express
7971,940,2026-03-07,completed,standard
7972,812,2026-02-18,completed,same-day
7973,476,2025-09-13,completed,express
7974,1203,2024-07-27,completed,express
7975,1228,2026-01-12,completed,same-day
7976,919,2025-11-08,completed,standard
7977,701,2025-06-06,completed,standard
7978,1998,2025-08-14,completed,express
7979,1544,2026-08-17,completed,standard
7980,1557,2024-08-11,completed,standard
7981,1907,2026-04-17,completed,express
7982,1711,2025-12-13,completed,standard
7983,1058,2024-09-02,returned,standard
7984,243,2024-08-09,completed,express
7985,117,2024-12-06,completed,standard
7986,1606,2026-03-22,completed,express
7987,1857,2026-06-16,completed,express
7988,1727,2025-10-11,completed,same-day
7989,503,2025-12-19,cancelled,express
7990,1064,2026-04-04,completed,standard
7991,1777,2026-07-18,completed,standard
7992,1831,2026-02-25,completed,express
7993,1475,2024-07-10,completed,standard
7994,521,2025-07-28,completed,standard
7995,1466,2025-11-26,completed,standard
7996,1924,2026-05-07,completed,express
7997,1289,2025-12-16,completed,standard
7998,1099,2026-02-23,completed,standard
7999,948,2025-01-13,completed,express
8000,1756,2024-11-11,completed,standard
8001,494,2026-03-23,completed,express
8002,381,2026-08-03,returned,standard
8003,1438,2026-04-16,completed,standard
8004,367,2026-06-27,completed,standard
8005,1296,2025-12-28,completed,standard
8006,795,2024-12-29,completed,standard
8007,480,2024-11-20,completed,standard
8008,1346,2025-06-12,returned,standard
8009,277,2026-04-26,completed,express
8010,797,2025-06-27,completed,express
8011,1357,2025-07-07,completed,express
8012,1452,2024-09-18,cancelled,standard
8013,1051,2024-12-29,completed,standard
8014,1291,2026-02-21,completed,express
8015,1336,2025-05-26,completed,same-day
8016,610,2024-09-03,completed,same-day
8017,591,2024-10-21,completed,standard
8018,40,2024-04-08,completed,standard
8019,1754,2026-07-08,completed,standard
8020,1510,2025-07-07,completed,standard
8021,252,2025-05-28,completed,express
8022,1445,2025-03-02,completed,standard
8023,1688,2025-11-17,completed,standard
8024,859,2026-01-11,completed,express
8025,200,2024-08-11,completed,standard
8026,1922,2025-02-22,completed,same-day
8027,501,2026-02-27,completed,standard
8028,925,2025-08-24,completed,express
8029,78,2026-08-19,completed,standard
8030,773,2024-12-03,completed,standard
8031,1891,2024-11-25,returned,standard
8032,1264,2026-08-17,completed,standard
8033,306,2026-06-17,completed,standard
8034,1892,2025-08-31,completed,standard
8035,739,2024-11-25,completed,standard
8036,577,2025-11-23,completed,standard
8037,1743,2025-06-16,completed,standard
8038,366,2026-01-22,returned,express
8039,1579,2024-10-24,completed,standard
8040,1444,2025-09-18,completed,standard
8041,729,2025-01-07,cancelled,standard
8042,1092,2025-10-22,completed,standard
8043,366,2025-12-21,completed,same-day
8044,377,2026-02-27,completed,standard
8045,1728,2025-09-29,completed,express
8046,1458,2025-10-20,completed,express
8047,1340,2025-08-20,cancelled,same-day
8048,940,2026-01-13,completed,standard
8049,610,2026-05-01,completed,express
8050,1587,2026-05-25,completed,standard
8051,1724,2025-06-19,cancelled,standard
8052,1033,2026-06-11,completed,standard
8053,1920,2024-06-27,cancelled,standard
8054,1067,2025-07-08,completed,express
8055,1833,2024-09-14,completed,standard
8056,44,2026-03-19,completed,standard
8057,447,2025-03-28,completed,express
8058,209,2025-02-16,completed,express
8059,478,2025-01-09,completed,standard
8060,1399,2026-08-19,completed,standard
8061,1044,2026-08-21,completed,express
8062,1660,2026-08-15,completed,standard
8063,549,2025-11-09,completed,express
8064,1451,2025-07-28,completed,express
8065,260,2026-03-18,completed,standard
8066,1222,2026-01-25,completed,standard
8067,1399,2026-04-27,completed,standard
8068,1347,2026-04-18,completed,standard
8069,673,2025-08-31,completed,standard
8070,574,2024-09-09,completed,standard
8071,1279,2024-12-03,completed,standard
8072,1988,2026-01-23,completed,standard
8073,579,2025-12-17,completed,standard
8074,404,2025-05-04,completed,standard
8075,428,2026-04-05,completed,standard
8076,1941,2025-11-14,completed,express
8077,1646,2026-04-22,completed,standard
8078,382,2025-03-01,completed,standard
8079,1060,2026-07-29,cancelled,express
8080,1178,2026-08-22,completed,express
8081,1763,2026-04-30,completed,standard
8082,236,2025-12-24,completed,standard
8083,1457,2024-11-18,completed,standard
8084,1615,2026-05-13,completed,standard
8085,1614,2026-03-08,completed,standard
8086,172,2026-04-22,returned,express
8087,1424,2026-08-06,completed,standard
8088,909,2025-02-27,completed,express
8089,934,2024-08-14,completed,standard
8090,1752,2024-12-06,completed,standard
8091,240,2025-07-05,completed,standard
8092,92,2025-09-11,completed,standard
8093,1952,2026-06-28,completed,standard
8094,478,2026-01-16,cancelled,standard
8095,176,2024-03-21,completed,standard
8096,1358,2025-04-07,completed,standard
8097,992,2025-04-25,completed,same-day
8098,261,2024-03-16,completed,standard
8099,1289,2026-08-23,completed,standard
8100,2000,2025-06-09,returned,standard
8101,76,2024-05-24,completed,standard
8102,812,2026-05-05,returned,standard
8103,67,2026-05-06,returned,express
8104,149,2025-11-17,completed,same-day
8105,162,2025-03-23,completed,standard
8106,1498,2026-05-23,completed,standard
8107,1520,2024-11-18,completed,standard
8108,1002,2024-02-20,completed,standard
8109,1924,2026-04-21,completed,express
8110,1984,2026-08-12,completed,same-day
8111,183,2024-11-05,completed,standard
8112,1922,2025-10-21,completed,express
8113,1715,2025-12-04,completed,standard
8114,1557,2026-02-19,completed,standard
8115,1442,2025-06-14,completed,express
8116,1056,2025-05-06,completed,standard
8117,17,2024-09-04,completed,standard
8118,1822,2024-10-23,completed,express
8119,412,2026-03-13,completed,standard
8120,51,2025-10-28,completed,standard
8121,1622,2024-07-20,completed,express
8122,1177,2024-08-02,completed,standard
8123,663,2024-09-06,completed,standard
8124,827,2025-12-02,completed,standard
8125,1104,2026-08-19,completed,same-day
8126,1673,2025-08-10,completed,express
8127,1055,2026-03-29,completed,same-day
8128,26,2025-01-19,completed,express
8129,1379,2026-05-14,completed,standard
8130,661,2026-07-17,completed,standard
8131,1274,2026-04-20,completed,standard
8132,1004,2026-05-02,completed,standard
8133,1458,2025-07-27,completed,standard
8134,1644,2025-02-05,completed,standard
8135,1195,2024-07-06,completed,express
8136,1921,2025-04-01,completed,standard
8137,1815,2025-01-16,completed,standard
8138,1833,2024-08-23,completed,standard
8139,1760,2026-08-06,completed,standard
8140,1360,2024-09-17,completed,express
8141,777,2025-07-25,completed,standard
8142,1221,2026-04-13,completed,same-day
8143,683,2025-12-09,completed,express
8144,1767,2024-11-17,completed,standard
8145,149,2026-06-06,completed,express
8146,1207,2026-04-11,completed,standard
8147,1619,2025-01-28,completed,standard
8148,1737,2024-11-21,completed,standard
8149,1279,2026-06-02,completed,express
8150,1154,2026-08-22,cancelled,standard
8151,209,2026-04-24,completed,standard
8152,580,2026-03-10,completed,standard
8153,459,2026-07-03,returned,standard
8154,1066,2026-06-05,completed,express
8155,679,2025-03-01,completed,express
8156,51,2024-06-29,completed,standard
8157,274,2025-10-29,completed,express
8158,1996,2025-09-05,completed,same-day
8159,383,2025-04-07,completed,express
8160,1628,2026-01-23,completed,standard
8161,308,2024-10-10,completed,same-day
8162,426,2024-09-24,completed,standard
8163,1203,2024-01-19,completed,standard
8164,288,2025-08-16,completed,standard
8165,476,2026-03-12,completed,same-day
8166,548,2025-10-17,completed,standard
8167,669,2025-09-10,completed,standard
8168,149,2025-08-18,completed,standard
8169,510,2026-07-08,completed,standard
8170,70,2025-11-17,cancelled,standard
8171,1489,2026-07-27,completed,standard
8172,1460,2025-07-29,completed,standard
8173,251,2026-03-09,completed,standard
8174,1079,2025-11-02,completed,standard
8175,1883,2024-03-29,completed,standard
8176,82,2026-07-10,completed,express
8177,725,2026-01-20,completed,standard
8178,42,2026-08-22,completed,standard
8179,1586,2025-07-09,completed,same-day
8180,471,2026-04-10,cancelled,standard
8181,1873,2025-10-30,completed,standard
8182,854,2025-12-27,completed,standard
8183,1934,2024-07-17,completed,express
8184,1485,2025-02-20,completed,standard
8185,1046,2026-03-28,completed,same-day
8186,184,2025-09-03,completed,standard
8187,1490,2026-04-12,completed,standard
8188,850,2026-03-16,cancelled,standard
8189,1690,2024-12-26,completed,standard
8190,1879,2026-03-08,completed,standard
8191,1888,2026-08-27,completed,express
8192,1745,2025-01-19,completed,standard
8193,105,2025-06-18,completed,standard
8194,1765,2025-07-13,completed,standard
8195,715,2025-08-23,completed,express
8196,791,2025-10-01,completed,express
8197,1217,2026-01-19,completed,express
8198,1635,2026-06-05,completed,standard
8199,1523,2024-08-17,completed,standard
8200,766,2026-07-08,completed,standard
8201,1371,2025-08-23,completed,same-day
8202,141,2025-11-18,completed,express
8203,1882,2026-08-11,completed,express
8204,420,2025-12-13,completed,standard
8205,1906,2026-08-07,completed,express
8206,1533,2024-12-07,completed,standard
8207,507,2026-06-07,completed,express
8208,674,2026-03-30,completed,express
8209,101,2024-12-05,completed,express
8210,857,2025-09-26,completed,standard
8211,1105,2026-04-20,cancelled,standard
8212,869,2025-01-06,completed,standard
8213,209,2025-12-18,completed,standard
8214,1254,2024-12-15,completed,standard
8215,973,2026-05-15,completed,same-day
8216,1523,2024-05-19,completed,standard
8217,1289,2026-03-09,completed,standard
8218,279,2025-11-13,completed,standard
8219,417,2025-10-31,completed,express
8220,1056,2025-06-22,completed,standard
8221,527,2025-10-21,completed,standard
8222,1497,2025-01-05,completed,standard
8223,77,2026-06-22,cancelled,standard
8224,480,2026-04-25,completed,standard
8225,1791,2026-02-09,completed,standard
8226,9,2026-07-05,returned,express
8227,1063,2025-05-16,completed,express
8228,892,2026-03-12,completed,same-day
8229,381,2025-05-12,completed,standard
8230,593,2025-11-30,completed,standard
8231,953,2024-06-23,completed,same-day
8232,1336,2026-07-13,completed,standard
8233,1105,2026-05-06,completed,standard
8234,1784,2026-05-19,completed,same-day
8235,267,2026-02-18,completed,standard
8236,88,2024-02-24,completed,standard
8237,464,2026-07-05,completed,standard
8238,742,2024-02-11,cancelled,express
8239,1447,2024-11-25,cancelled,standard
8240,102,2025-11-06,completed,express
8241,1336,2026-03-29,cancelled,express
8242,902,2026-03-11,completed,standard
8243,1393,2024-12-15,completed,standard
8244,1213,2026-02-21,completed,standard
8245,90,2025-05-06,completed,standard
8246,728,2025-09-23,completed,standard
8247,1134,2024-07-17,returned,express
8248,1417,2025-11-05,completed,standard
8249,1608,2025-02-22,completed,standard
8250,565,2025-05-11,completed,standard
8251,356,2025-12-02,completed,standard
8252,30,2026-02-13,cancelled,standard
8253,1993,2025-01-10,completed,standard
8254,1985,2025-10-24,completed,express
8255,1171,2025-04-13,completed,standard
8256,323,2024-10-04,completed,express
8257,1510,2025-01-03,completed,standard
8258,1414,2026-06-25,completed,standard
8259,1248,2024-08-20,completed,standard
8260,1252,2025-01-04,completed,standard
8261,1530,2025-08-16,completed,express
8262,1150,2025-12-31,completed,standard
8263,745,2025-11-20,completed,standard
8264,1561,2026-08-10,completed,standard
8265,589,2025-11-28,completed,standard
8266,1109,2025-01-01,completed,standard
8267,1210,2026-02-02,completed,standard
8268,1200,2025-09-23,completed,standard
8269,1459,2025-05-04,completed,standard
8270,1358,2026-02-06,completed,standard
8271,1963,2025-01-14,completed,express
8272,913,2025-09-26,completed,standard
8273,1776,2026-07-06,completed,standard
8274,588,2024-09-27,cancelled,same-day
8275,1076,2024-12-25,completed,standard
8276,724,2026-04-19,completed,standard
8277,763,2026-03-03,completed,standard
8278,1905,2024-07-31,completed,standard
8279,493,2025-06-27,completed,standard
8280,653,2026-08-02,completed,standard
8281,197,2026-06-08,completed,express
8282,42,2025-10-26,completed,standard
8283,1009,2025-11-24,completed,express
8284,614,2026-08-11,completed,express
8285,1239,2024-09-22,cancelled,express
8286,1951,2026-06-05,completed,standard
8287,382,2025-03-09,completed,standard
8288,343,2025-10-23,completed,express
8289,373,2025-07-07,completed,same-day
8290,362,2025-03-17,completed,standard
8291,1561,2025-12-18,completed,standard
8292,1637,2026-03-06,completed,standard
8293,585,2025-03-01,completed,standard
8294,277,2025-09-04,completed,standard
8295,1940,2026-03-28,completed,same-day
8296,807,2024-07-19,completed,standard
8297,1124,2025-08-23,completed,standard
8298,1877,2025-05-05,completed,standard
8299,813,2026-05-12,completed,standard
8300,1404,2026-07-25,cancelled,standard
8301,1980,2025-02-15,completed,standard
8302,945,2025-05-23,cancelled,standard
8303,792,2024-05-09,completed,standard
8304,227,2025-10-11,completed,same-day
8305,1525,2025-07-04,cancelled,same-day
8306,1947,2026-07-12,completed,standard
8307,59,2024-04-13,completed,express
8308,880,2026-08-11,completed,standard
8309,1497,2026-04-18,completed,standard
8310,614,2026-08-18,completed,standard
8311,1886,2026-02-18,completed,standard
8312,1448,2026-01-05,completed,standard
8313,1048,2025-06-23,completed,same-day
8314,437,2026-05-02,completed,standard
8315,1342,2025-10-08,completed,standard
8316,1204,2025-09-28,completed,same-day
8317,715,2024-05-08,completed,standard
8318,484,2026-05-15,completed,standard
8319,1900,2025-07-11,completed,express
8320,271,2025-09-01,completed,standard
8321,1793,2026-03-28,completed,standard
8322,1511,2025-07-25,completed,standard
8323,1671,2026-04-05,completed,standard
8324,1962,2026-06-09,completed,same-day
8325,1654,2025-02-05,completed,standard
8326,1793,2025-10-19,completed,express
8327,1920,2026-02-27,completed,express
8328,1771,2024-09-28,completed,standard
8329,227,2026-03-21,completed,standard
8330,279,2025-10-15,completed,standard
8331,1396,2024-07-18,completed,express
8332,1222,2025-08-19,completed,standard
8333,676,2024-12-31,completed,standard
8334,1104,2024-12-14,completed,standard
8335,1694,2025-07-01,completed,standard
8336,287,2024-07-12,cancelled,standard
8337,1185,2026-08-18,completed,standard
8338,710,2026-07-26,completed,standard
8339,1354,2026-05-01,completed,same-day
8340,865,2026-08-27,completed,standard
8341,530,2024-06-21,completed,express
8342,1568,2026-07-15,completed,standard
8343,759,2026-08-16,completed,standard
8344,749,2024-11-24,cancelled,standard
8345,812,2026-01-30,completed,standard
8346,141,2026-04-15,returned,standard
8347,1658,2025-02-06,completed,standard
8348,29,2025-10-30,completed,express
8349,966,2025-04-22,completed,standard
8350,849,2025-12-26,completed,standard
8351,1345,2025-05-18,completed,standard
8352,1372,2025-04-06,completed,standard
8353,285,2024-06-05,completed,same-day
8354,373,2025-07-26,completed,same-day
8355,1064,2026-03-27,completed,standard
8356,1148,2026-04-02,completed,standard
8357,1960,2024-10-08,completed,standard
8358,1499,2026-02-14,completed,express
8359,501,2024-12-26,completed,standard
8360,378,2026-01-10,completed,standard
8361,532,2026-05-30,completed,standard
8362,1090,2026-01-05,completed,standard
8363,476,2024-10-01,completed,express
8364,1594,2026-07-24,completed,standard
8365,617,2026-07-18,completed,same-day
8366,1025,2026-07-10,completed,standard
8367,1253,2026-01-30,completed,standard
8368,78,2024-08-13,returned,standard
8369,57,2025-07-04,completed,standard
8370,1919,2025-06-06,completed,standard
8371,958,2025-09-12,completed,standard
8372,442,2025-10-08,completed,same-day
8373,13,2026-04-11,completed,standard
8374,1702,2025-08-12,cancelled,standard
8375,865,2024-02-05,completed,same-day
8376,775,2025-11-05,completed,standard
8377,1766,2026-05-12,completed,standard
8378,120,2025-02-23,completed,standard
8379,105,2026-05-05,completed,standard
8380,1666,2026-07-17,completed,standard
8381,1524,2026-01-29,completed,standard
8382,1017,2026-06-06,completed,express
8383,147,2026-06-25,completed,standard
8384,1340,2025-04-08,completed,standard
8385,1627,2025-06-15,completed,standard
8386,663,2025-09-27,completed,express
8387,1941,2024-10-06,completed,express
8388,1706,2026-02-21,completed,express
8389,91,2025-09-15,completed,same-day
8390,127,2025-04-29,completed,standard
8391,1063,2026-01-03,completed,standard
8392,1224,2024-08-03,completed,standard
8393,554,2026-07-26,completed,same-day
8394,582,2024-09-19,completed,standard
8395,1215,2025-02-15,completed,standard
8396,1714,2025-06-25,completed,express
8397,635,2025-02-18,completed,express
8398,906,2024-06-18,completed,same-day
8399,1546,2024-08-04,cancelled,standard
8400,1724,2026-07-03,completed,standard
8401,1051,2026-01-10,completed,standard
8402,1739,2025-10-31,completed,same-day
8403,1899,2026-05-17,completed,same-day
8404,1285,2026-03-08,completed,express
8405,1254,2026-05-31,completed,standard
8406,97,2026-03-20,completed,express
8407,728,2024-12-24,completed,same-day
8408,1275,2024-09-05,cancelled,standard
8409,539,2025-11-01,completed,standard
8410,1789,2025-12-26,completed,standard
8411,877,2026-04-03,completed,standard
8412,1198,2025-06-27,completed,standard
8413,775,2026-06-18,completed,same-day
8414,111,2026-02-13,completed,express
8415,1886,2025-06-30,completed,standard
8416,1767,2026-03-27,completed,standard
8417,1452,2024-09-14,completed,standard
8418,1523,2024-05-10,completed,same-day
8419,821,2025-07-10,completed,standard
8420,251,2026-08-01,completed,standard
8421,268,2026-04-19,completed,standard
8422,38,2025-04-27,completed,standard
8423,1599,2025-06-16,completed,standard
8424,1489,2024-08-27,completed,express
8425,991,2026-06-25,completed,express
8426,1251,2024-09-29,completed,standard
8427,949,2026-03-11,completed,standard
8428,763,2025-04-01,completed,express
8429,91,2025-06-22,completed,standard
8430,314,2026-01-20,completed,standard
8431,1403,2025-12-23,completed,standard
8432,1202,2025-09-17,completed,standard
8433,1536,2024-06-21,completed,standard
8434,526,2026-06-07,completed,standard
8435,791,2026-03-26,completed,express
8436,1056,2026-08-12,completed,standard
8437,1073,2024-12-03,completed,express
8438,129,2025-05-13,completed,standard
8439,384,2026-07-11,completed,standard
8440,400,2025-01-03,completed,standard
8441,461,2026-04-01,completed,express
8442,1877,2024-10-07,completed,standard
8443,1908,2025-09-08,completed,standard
8444,622,2026-01-06,completed,standard
8445,1432,2024-12-26,completed,express
8446,336,2025-04-19,completed,standard
8447,682,2026-06-11,completed,express
8448,1922,2024-08-15,completed,standard
8449,208,2026-04-07,completed,express
8450,1094,2026-07-28,completed,standard
8451,154,2025-05-25,completed,standard
8452,21,2026-06-20,completed,same-day
8453,1695,2026-05-07,completed,same-day
8454,1797,2025-01-10,completed,express
8455,321,2026-08-13,completed,same-day
8456,194,2025-09-14,completed,standard
8457,1205,2025-10-05,completed,standard
8458,1,2024-11-28,completed,standard
8459,217,2025-07-09,completed,standard
8460,1498,2025-09-22,completed,standard
8461,472,2024-08-02,completed,standard
8462,1033,2026-02-28,completed,standard
8463,1341,2026-05-27,completed,standard
8464,256,2025-04-28,completed,express
8465,1000,2024-06-01,completed,standard
8466,1151,2026-02-11,completed,express
8467,682,2025-05-29,completed,standard
8468,234,2026-07-08,completed,express
8469,432,2025-05-03,completed,standard
8470,145,2026-04-25,completed,standard
8471,1339,2025-10-25,completed,standard
8472,589,2025-10-15,completed,standard
8473,528,2025-11-15,completed,express
8474,94,2024-04-05,completed,same-day
8475,1922,2025-07-30,completed,standard
8476,1726,2026-07-16,completed,express
8477,639,2024-10-24,completed,standard
8478,276,2025-07-20,completed,standard
8479,785,2026-06-27,completed,standard
8480,1028,2026-08-21,completed,standard
8481,1949,2024-11-13,completed,standard
8482,182,2026-07-22,returned,standard
8483,549,2025-08-10,returned,standard
8484,1993,2025-10-21,completed,standard
8485,469,2025-01-12,completed,standard
8486,405,2025-06-10,completed,standard
8487,496,2026-02-15,completed,express
8488,194,2024-12-30,completed,express
8489,940,2025-11-15,completed,express
8490,208,2024-06-26,completed,express
8491,278,2026-05-07,completed,standard
8492,928,2026-04-27,completed,standard
8493,1584,2025-09-04,completed,express
8494,1337,2026-01-18,completed,standard
8495,333,2025-07-10,cancelled,express
8496,366,2026-03-25,completed,standard
8497,28,2025-12-29,completed,standard
8498,315,2026-03-08,completed,express
8499,177,2025-09-08,completed,standard
8500,989,2025-08-29,completed,express
8501,1639,2026-02-14,completed,express
8502,1079,2024-03-03,completed,express
8503,357,2024-05-27,completed,standard
8504,1257,2025-09-05,completed,standard
8505,520,2025-07-31,completed,standard
8506,1861,2025-03-06,completed,standard
8507,837,2024-08-24,completed,express
8508,1150,2026-04-25,completed,standard
8509,673,2025-09-01,completed,standard
8510,1659,2025-11-18,completed,standard
8511,1571,2024-10-09,completed,express
8512,1375,2024-08-19,completed,express
8513,873,2024-06-25,completed,standard
8514,1513,2026-04-16,cancelled,standard
8515,1730,2025-01-14,completed,standard
8516,459,2026-06-19,completed,standard
8517,1642,2025-09-23,completed,standard
8518,482,2025-05-20,cancelled,standard
8519,221,2024-04-02,completed,standard
8520,1038,2025-07-22,completed,standard
8521,1093,2025-08-27,completed,standard
8522,1994,2025-08-17,completed,express
8523,815,2024-04-19,completed,express
8524,670,2025-08-22,completed,standard
8525,1149,2025-09-19,completed,standard
8526,897,2025-10-03,completed,standard
8527,1475,2026-04-24,completed,standard
8528,993,2025-04-30,returned,standard
8529,1409,2026-07-21,completed,express
8530,1094,2025-01-28,completed,standard
8531,1274,2024-08-27,completed,standard
8532,804,2026-02-28,completed,same-day
8533,1855,2025-07-02,completed,same-day
8534,229,2025-09-29,completed,standard
8535,958,2026-04-09,completed,express
8536,118,2025-11-08,completed,standard
8537,1720,2024-08-10,completed,standard
8538,1002,2026-01-11,completed,standard
8539,1800,2025-08-21,completed,standard
8540,1044,2024-12-04,completed,express
8541,1616,2026-01-19,completed,express
8542,1718,2025-04-04,completed,standard
8543,30,2026-04-08,returned,express
8544,1526,2025-08-27,completed,standard
8545,745,2026-08-03,completed,standard
8546,281,2025-06-06,completed,standard
8547,1319,2025-06-17,completed,standard
8548,335,2026-01-26,completed,same-day
8549,443,2025-07-01,completed,standard
8550,690,2025-06-18,completed,express
8551,1348,2026-04-15,completed,express
8552,166,2024-05-02,completed,standard
8553,780,2026-07-20,completed,same-day
8554,1743,2025-11-11,completed,standard
8555,724,2025-04-07,returned,same-day
8556,1553,2026-08-10,returned,standard
8557,1085,2024-07-10,completed,standard
8558,891,2024-07-09,completed,standard
8559,201,2024-04-14,completed,standard
8560,529,2026-03-01,completed,standard
8561,1144,2026-08-01,cancelled,standard
8562,1465,2025-05-04,completed,express
8563,1053,2025-03-10,completed,standard
8564,1538,2025-12-19,completed,standard
8565,342,2024-07-30,completed,standard
8566,1964,2025-07-26,completed,same-day
8567,272,2025-06-22,completed,standard
8568,1141,2025-11-28,completed,standard
8569,1940,2025-05-02,completed,standard
8570,1507,2025-11-07,completed,express
8571,1910,2024-08-10,completed,standard
8572,1118,2024-08-07,completed,express
8573,1075,2025-11-06,completed,same-day
8574,1365,2026-08-17,cancelled,standard
8575,466,2026-07-10,completed,standard
8576,1248,2024-09-03,completed,standard
8577,1090,2026-07-04,cancelled,express
8578,1568,2025-01-14,completed,standard
8579,1733,2025-10-23,completed,standard
8580,1907,2024-09-18,completed,standard
8581,245,2025-08-24,completed,same-day
8582,1838,2026-01-22,completed,standard
8583,1699,2026-06-27,completed,express
8584,1598,2026-05-17,completed,standard
8585,1904,2024-09-26,completed,standard
8586,1388,2025-08-23,completed,same-day
8587,456,2026-04-11,returned,standard
8588,1681,2025-10-21,completed,standard
8589,862,2024-08-29,completed,same-day
8590,1440,2026-07-04,completed,standard
8591,1436,2025-01-26,completed,standard
8592,498,2026-02-12,completed,standard
8593,1940,2026-02-05,completed,express
8594,1297,2026-06-06,completed,same-day
8595,593,2025-12-03,completed,standard
8596,1213,2025-05-15,completed,standard
8597,1690,2025-11-03,cancelled,express
8598,1221,2026-08-10,completed,standard
8599,1111,2024-08-14,completed,standard
8600,127,2025-07-07,completed,standard
8601,163,2026-01-11,completed,same-day
8602,685,2025-12-12,completed,express
8603,1253,2024-03-27,completed,same-day
8604,1023,2025-06-28,completed,standard
8605,1925,2025-11-03,completed,standard
8606,1500,2026-08-05,completed,standard
8607,70,2025-11-02,completed,standard
8608,1311,2025-01-14,completed,standard
8609,176,2025-11-05,completed,standard
8610,1848,2025-05-18,completed,express
8611,466,2025-05-31,completed,standard
8612,1093,2025-02-23,completed,standard
8613,892,2025-03-24,completed,same-day
8614,956,2024-03-04,returned,standard
8615,1085,2026-01-24,completed,standard
8616,1947,2025-06-08,completed,standard
8617,366,2026-04-08,completed,express
8618,1869,2025-11-28,completed,express
8619,903,2026-03-22,completed,express
8620,754,2025-12-04,completed,same-day
8621,151,2026-05-19,completed,same-day
8622,1228,2025-12-23,completed,standard
8623,1441,2025-09-15,completed,same-day
8624,1329,2026-06-08,completed,standard
8625,924,2025-07-16,completed,express
8626,1222,2024-12-17,completed,express
8627,992,2026-06-19,completed,express
8628,1090,2025-05-01,completed,standard
8629,1712,2025-12-17,completed,standard
8630,1153,2026-07-25,cancelled,standard
8631,869,2025-09-29,completed,standard
8632,1004,2026-05-01,completed,standard
8633,1688,2024-04-01,completed,standard
8634,1673,2026-07-18,completed,standard
8635,251,2025-09-16,completed,standard
8636,1039,2024-10-11,completed,standard
8637,386,2026-02-02,completed,same-day
8638,1991,2026-06-30,completed,express
8639,74,2024-06-16,completed,standard
8640,1287,2025-08-21,completed,standard
8641,630,2026-04-16,completed,standard
8642,1056,2025-01-13,completed,standard
8643,792,2026-07-08,completed,standard
8644,365,2025-10-17,completed,standard
8645,1251,2025-11-26,completed,standard
8646,470,2025-07-20,completed,standard
8647,100,2025-10-27,completed,standard
8648,538,2025-03-08,completed,standard
8649,58,2025-09-25,completed,express
8650,1786,2024-11-22,completed,express
8651,713,2026-07-19,completed,same-day
8652,1991,2025-05-20,completed,same-day
8653,755,2025-08-15,cancelled,standard
8654,1241,2025-11-30,completed,standard
8655,1372,2026-02-02,completed,standard
8656,1144,2026-07-16,completed,standard
8657,59,2024-11-27,completed,standard
8658,241,2026-06-22,returned,standard
8659,555,2025-12-23,completed,standard
8660,1090,2026-08-06,completed,standard
8661,1557,2026-01-06,completed,standard
8662,679,2025-09-13,completed,express
8663,742,2025-08-19,cancelled,express
8664,500,2026-05-21,completed,standard
8665,1869,2025-09-05,completed,standard
8666,780,2026-06-27,completed,standard
8667,1190,2026-05-10,completed,standard
8668,386,2024-12-30,completed,standard
8669,698,2026-03-13,returned,standard
8670,1629,2026-05-12,completed,standard
8671,584,2026-02-05,completed,standard
8672,1277,2026-08-02,completed,same-day
8673,1268,2026-05-24,completed,express
8674,258,2024-05-28,completed,standard
8675,1072,2025-01-12,completed,same-day
8676,1157,2025-12-19,completed,standard
8677,538,2025-06-29,completed,express
8678,776,2026-08-07,completed,standard
8679,1730,2025-07-13,completed,express
8680,1730,2025-10-05,completed,standard
8681,382,2026-06-22,completed,standard
8682,1921,2026-05-13,completed,standard
8683,1848,2024-10-04,completed,standard
8684,1870,2026-06-08,completed,standard
8685,673,2025-01-06,cancelled,standard
8686,321,2024-07-31,cancelled,standard
8687,156,2026-08-17,completed,same-day
8688,1361,2026-02-21,completed,standard
8689,649,2025-02-17,completed,standard
8690,1073,2025-06-01,completed,same-day
8691,669,2026-06-06,completed,standard
8692,1978,2025-01-24,completed,standard
8693,970,2026-07-21,completed,standard
8694,1828,2025-09-28,completed,standard
8695,680,2026-06-22,completed,standard
8696,328,2024-09-03,completed,standard
8697,1155,2025-03-11,completed,standard
8698,805,2024-09-13,completed,standard
8699,1182,2024-01-31,completed,standard
8700,1733,2026-06-08,completed,same-day
8701,440,2026-01-05,completed,same-day
8702,1066,2025-10-07,cancelled,express
8703,1564,2026-03-09,returned,standard
8704,730,2024-12-10,completed,express
8705,442,2025-12-12,completed,standard
8706,1984,2024-10-21,completed,express
8707,1018,2026-08-09,completed,standard
8708,1124,2024-03-10,completed,standard
8709,775,2024-06-19,completed,express
8710,723,2026-04-03,completed,standard
8711,1904,2025-06-15,completed,standard
8712,985,2026-06-19,completed,standard
8713,525,2025-03-12,completed,standard
8714,766,2025-02-18,completed,standard
8715,1697,2026-06-27,completed,standard
8716,642,2025-12-12,completed,standard
8717,1221,2024-08-10,completed,standard
8718,1510,2026-07-06,completed,same-day
8719,1545,2025-06-10,completed,express
8720,570,2025-02-26,completed,express
8721,521,2026-02-20,completed,standard
8722,15,2026-05-19,completed,same-day
8723,608,2024-09-11,completed,standard
8724,1247,2025-07-20,completed,standard
8725,1751,2026-05-05,completed,express
8726,1784,2026-01-08,completed,standard
8727,1647,2024-12-02,completed,express
8728,145,2025-05-09,completed,same-day
8729,1664,2024-06-17,completed,standard
8730,1827,2025-01-14,cancelled,standard
8731,1198,2024-09-26,returned,standard
8732,322,2026-05-05,completed,standard
8733,394,2024-03-14,completed,standard
8734,1666,2025-02-17,completed,express
8735,661,2024-09-18,completed,standard
8736,468,2025-08-14,completed,express
8737,1589,2026-02-01,completed,express
8738,166,2025-10-02,completed,standard
8739,720,2025-10-03,completed,standard
8740,783,2024-02-20,completed,standard
8741,169,2024-05-02,completed,standard
8742,583,2026-02-25,completed,standard
8743,207,2024-07-29,completed,standard
8744,1654,2026-08-13,completed,standard
8745,400,2026-02-17,completed,express
8746,429,2025-07-13,completed,standard
8747,341,2025-12-21,completed,express
8748,1241,2026-06-23,completed,standard
8749,424,2025-09-09,completed,standard
8750,836,2025-06-12,completed,standard
8751,1456,2025-03-20,completed,standard
8752,1902,2026-03-16,returned,standard
8753,187,2024-04-26,cancelled,express
8754,1599,2024-07-23,completed,standard
8755,891,2025-08-02,completed,standard
8756,629,2026-06-01,completed,express
8757,31,2026-03-09,completed,same-day
8758,1243,2024-11-26,completed,express
8759,1906,2026-05-06,completed,same-day
8760,292,2025-02-24,cancelled,standard
8761,1726,2026-04-14,completed,standard
8762,1607,2025-04-06,completed,standard
8763,561,2024-07-23,completed,standard
8764,1538,2026-02-13,completed,standard
8765,168,2024-11-26,cancelled,standard
8766,1550,2025-04-19,completed,standard
8767,347,2026-06-06,completed,standard
8768,760,2026-03-04,completed,standard
8769,1065,2025-10-15,completed,standard
8770,1997,2025-01-20,completed,standard
8771,1398,2025-12-22,completed,standard
8772,1055,2024-01-23,completed,standard
8773,1128,2025-12-13,completed,standard
8774,1211,2025-07-08,completed,express
8775,1670,2025-12-03,completed,standard
8776,1513,2025-07-04,completed,express
8777,13,2025-07-13,completed,standard
8778,714,2026-02-12,completed,express
8779,466,2024-07-14,completed,standard
8780,1035,2025-12-13,returned,standard
8781,1118,2025-08-13,completed,standard
8782,1531,2026-06-20,completed,express
8783,803,2026-04-29,cancelled,standard
8784,1777,2026-07-18,completed,express
8785,1871,2026-04-07,completed,standard
8786,1117,2024-02-27,cancelled,standard
8787,1826,2026-01-12,completed,standard
8788,1550,2026-01-04,completed,express
8789,830,2025-06-20,completed,standard
8790,1911,2025-09-28,cancelled,express
8791,1726,2025-06-09,returned,standard
8792,1172,2026-04-25,completed,standard
8793,829,2026-06-11,completed,standard
8794,1506,2025-11-20,cancelled,standard
8795,1084,2026-06-12,completed,express
8796,554,2024-05-09,completed,express
8797,1723,2025-08-28,completed,standard
8798,271,2026-03-31,completed,standard
8799,1414,2024-12-23,completed,standard
8800,1028,2026-01-31,completed,express
8801,1968,2026-03-26,completed,express
8802,1783,2025-04-20,completed,standard
8803,555,2024-11-03,completed,standard
8804,1265,2025-10-15,returned,standard
8805,1465,2025-08-03,completed,express
8806,842,2026-03-02,completed,express
8807,719,2026-03-02,completed,standard
8808,1731,2025-10-28,completed,express
8809,1578,2025-11-26,completed,express
8810,1681,2026-04-11,completed,standard
8811,571,2025-07-31,completed,standard
8812,1012,2025-11-14,completed,express
8813,603,2026-08-25,completed,standard
8814,1229,2026-01-02,completed,standard
8815,229,2025-02-11,completed,standard
8816,161,2026-02-26,completed,express
8817,1391,2025-10-09,completed,standard
8818,1972,2025-02-26,completed,standard
8819,50,2025-07-24,cancelled,express
8820,1865,2025-06-14,completed,standard
8821,12,2026-03-14,completed,standard
8822,76,2024-10-05,completed,express
8823,305,2024-10-29,completed,express
8824,608,2025-02-03,completed,standard
8825,1279,2025-02-05,completed,standard
8826,1177,2024-03-06,completed,standard
8827,1751,2026-03-15,completed,standard
8828,141,2024-11-05,completed,express
8829,469,2026-01-11,completed,standard
8830,1286,2025-01-09,completed,standard
8831,1651,2025-03-25,completed,express
8832,1983,2024-12-12,completed,standard
8833,222,2025-04-22,completed,express
8834,645,2025-03-08,completed,standard
8835,629,2025-11-24,completed,standard
8836,411,2025-10-08,completed,same-day
8837,641,2026-08-08,completed,standard
8838,963,2024-04-29,completed,standard
8839,1051,2026-03-14,completed,standard
8840,1268,2024-11-21,completed,standard
8841,848,2025-08-06,completed,standard
8842,1475,2026-01-27,completed,standard
8843,1365,2025-01-20,completed,standard
8844,562,2026-06-12,completed,standard
8845,562,2025-11-21,completed,standard
8846,1047,2025-08-12,completed,standard
8847,1234,2025-03-16,completed,same-day
8848,765,2025-10-10,completed,standard
8849,1241,2026-03-25,completed,express
8850,1436,2026-05-04,completed,express
8851,282,2024-11-14,completed,standard
8852,1926,2026-07-27,cancelled,standard
8853,1383,2024-12-28,completed,standard
8854,1875,2024-12-01,completed,standard
8855,844,2024-06-20,completed,standard
8856,1797,2024-10-17,completed,standard
8857,1580,2025-09-08,completed,standard
8858,1441,2025-09-13,completed,standard
8859,581,2025-09-14,completed,express
8860,824,2025-08-04,completed,express
8861,1491,2025-10-27,cancelled,standard
8862,251,2024-08-27,completed,standard
8863,1690,2025-10-02,completed,standard
8864,1971,2026-02-01,returned,express
8865,1411,2025-06-08,completed,standard
8866,1839,2025-02-09,completed,standard
8867,571,2026-07-16,cancelled,standard
8868,1900,2025-11-22,completed,standard
8869,134,2025-03-25,completed,standard
8870,432,2026-04-18,returned,standard
8871,1626,2026-04-04,completed,standard
8872,1417,2025-07-14,completed,express
8873,1617,2025-08-03,completed,express
8874,203,2025-10-07,cancelled,standard
8875,259,2026-03-16,completed,standard
8876,1672,2025-07-01,completed,standard
8877,244,2026-08-02,completed,standard
8878,1215,2025-09-17,completed,standard
8879,1752,2025-06-23,completed,standard
8880,1291,2026-05-13,completed,standard
8881,1254,2025-09-20,cancelled,express
8882,1249,2024-04-02,completed,express
8883,113,2026-06-02,completed,standard
8884,1475,2024-09-22,cancelled,standard
8885,1767,2026-01-12,completed,standard
8886,1047,2024-10-26,completed,standard
8887,828,2024-08-03,completed,express
8888,984,2026-07-09,completed,standard
8889,403,2026-02-18,completed,standard
8890,1109,2025-08-14,completed,same-day
8891,682,2026-03-21,completed,standard
8892,1071,2026-08-10,completed,standard
8893,1531,2026-08-02,completed,express
8894,806,2025-11-23,completed,standard
8895,1414,2024-12-17,completed,standard
8896,1333,2025-01-21,completed,standard
8897,346,2026-05-13,completed,express
8898,354,2024-09-24,completed,standard
8899,692,2025-11-10,completed,standard
8900,929,2025-04-18,returned,same-day
8901,519,2026-08-16,completed,express
8902,1949,2026-02-27,completed,standard
8903,1130,2026-06-24,completed,standard
8904,530,2026-05-01,completed,same-day
8905,265,2026-02-04,completed,standard
8906,303,2026-08-22,completed,standard
8907,1147,2025-07-22,completed,standard
8908,63,2026-06-07,completed,same-day
8909,278,2026-06-05,completed,standard
8910,173,2024-01-27,completed,standard
8911,1633,2025-05-07,completed,standard
8912,1708,2026-07-16,completed,standard
8913,1480,2025-04-01,completed,standard
8914,759,2024-07-10,completed,standard
8915,1317,2026-05-17,completed,standard
8916,478,2025-08-05,completed,express
8917,196,2026-02-25,completed,standard
8918,102,2026-02-04,completed,standard
8919,1734,2026-05-19,completed,express
8920,1439,2025-10-24,completed,express
8921,1921,2025-03-14,completed,standard
8922,1291,2024-05-31,completed,standard
8923,344,2025-12-08,completed,express
8924,915,2026-04-11,cancelled,standard
8925,425,2026-05-06,completed,standard
8926,882,2026-04-21,completed,standard
8927,1437,2026-06-17,completed,express
8928,430,2024-12-16,completed,standard
8929,1134,2024-08-21,completed,standard
8930,1170,2026-05-29,completed,express
8931,365,2026-04-21,completed,standard
8932,1674,2025-04-03,completed,standard
8933,56,2025-11-05,completed,standard
8934,356,2025-10-05,completed,same-day
8935,304,2025-07-30,completed,same-day
8936,1911,2025-10-11,completed,express
8937,1819,2026-03-06,completed,standard
8938,423,2026-05-05,returned,same-day
8939,822,2026-01-16,completed,express
8940,336,2025-07-07,completed,express
8941,193,2025-02-07,completed,express
8942,850,2025-10-30,completed,standard
8943,647,2025-10-06,completed,standard
8944,1705,2025-02-03,completed,standard
8945,148,2025-03-02,completed,standard
8946,600,2026-08-24,completed,standard
8947,1110,2026-08-18,completed,standard
8948,282,2025-08-29,completed,express
8949,1792,2025-12-12,completed,standard
8950,643,2026-05-25,completed,standard
8951,719,2026-03-18,completed,express
8952,1929,2026-01-19,completed,standard
8953,1582,2026-01-10,completed,express
8954,1709,2024-07-26,completed,standard
8955,1087,2025-01-30,completed,standard
8956,634,2025-08-20,completed,express
8957,1880,2025-11-20,completed,express
8958,532,2026-08-27,completed,standard
8959,236,2026-02-19,completed,same-day
8960,1450,2024-11-25,completed,standard
8961,927,2025-12-02,completed,standard
8962,1485,2025-04-16,completed,standard
8963,993,2025-01-31,completed,standard
8964,315,2025-03-14,completed,express
8965,780,2026-07-14,completed,standard
8966,490,2025-01-19,cancelled,standard
8967,38,2026-07-01,completed,standard
8968,658,2025-03-02,completed,express
8969,1728,2026-02-17,completed,express
8970,1160,2026-01-09,completed,standard
8971,1907,2025-01-28,completed,standard
8972,1005,2025-01-12,completed,express
8973,1433,2025-10-22,completed,standard
8974,223,2025-08-19,completed,express
8975,1783,2026-01-02,completed,same-day
8976,1207,2026-03-08,completed,standard
8977,1692,2024-08-18,completed,standard
8978,1169,2024-07-15,completed,standard
8979,5,2025-05-18,returned,standard
8980,1147,2025-04-18,completed,same-day
8981,877,2025-05-02,completed,standard
8982,315,2024-06-06,completed,standard
8983,654,2026-02-14,completed,same-day
8984,1336,2026-04-18,completed,standard
8985,1194,2025-04-02,cancelled,standard
8986,1517,2025-08-27,completed,standard
8987,1820,2025-12-07,completed,standard
8988,1439,2025-06-11,cancelled,standard
8989,423,2025-10-20,completed,standard
8990,1418,2025-07-18,completed,standard
8991,1634,2024-08-01,completed,standard
8992,271,2025-01-07,completed,standard
8993,1904,2026-04-14,completed,standard
8994,1892,2024-05-02,completed,same-day
8995,1045,2025-03-22,completed,standard
8996,253,2024-04-08,cancelled,standard
8997,54,2026-03-09,cancelled,standard
8998,1350,2026-02-11,completed,express
8999,1947,2025-05-09,cancelled,standard
9000,261,2025-04-18,cancelled,express
9001,720,2026-08-20,completed,standard
9002,1458,2025-12-27,completed,standard
9003,1452,2025-08-30,completed,standard
9004,104,2024-09-08,returned,express
9005,370,2024-05-09,completed,standard
9006,72,2024-08-30,returned,standard
9007,85,2026-05-06,completed,same-day
9008,1519,2024-12-27,completed,standard
9009,983,2026-05-24,completed,standard
9010,1622,2026-02-25,completed,same-day
9011,1373,2025-10-05,completed,standard
9012,932,2026-07-25,completed,standard
9013,1015,2025-12-16,completed,standard
9014,1725,2025-04-03,completed,express
9015,873,2025-05-17,completed,standard
9016,1368,2025-05-19,completed,standard
9017,1391,2024-07-23,completed,standard
9018,1445,2025-07-10,returned,standard
9019,1752,2024-11-16,completed,standard
9020,1337,2025-08-12,returned,standard
9021,707,2025-12-02,completed,same-day
9022,469,2025-07-19,completed,same-day
9023,1075,2024-10-16,completed,standard
9024,1849,2026-02-19,completed,standard
9025,1599,2026-04-03,completed,standard
9026,1845,2024-06-21,completed,standard
9027,1583,2025-08-27,completed,standard
9028,1626,2024-02-01,completed,express
9029,78,2026-02-21,completed,standard
9030,33,2026-07-22,completed,standard
9031,1956,2026-04-18,completed,standard
9032,469,2025-08-13,completed,standard
9033,769,2024-09-06,completed,standard
9034,159,2025-10-14,completed,express
9035,1150,2026-04-10,completed,standard
9036,1591,2025-03-23,completed,standard
9037,635,2025-04-20,completed,standard
9038,920,2026-04-26,completed,express
9039,686,2026-03-24,completed,express
9040,1739,2024-09-01,completed,express
9041,1908,2024-11-30,completed,same-day
9042,1739,2026-04-17,completed,standard
9043,1146,2026-01-17,completed,same-day
9044,1857,2025-05-07,completed,standard
9045,180,2025-12-04,completed,standard
9046,1557,2026-06-27,completed,standard
9047,1286,2026-03-19,completed,express
9048,328,2026-06-04,completed,standard
9049,1855,2025-03-30,completed,express
9050,1885,2026-04-03,completed,standard
9051,1497,2026-06-08,returned,standard
9052,1330,2025-07-01,cancelled,express
9053,177,2026-03-07,completed,standard
9054,392,2025-03-14,completed,standard
9055,551,2025-08-20,completed,standard
9056,1733,2025-08-10,completed,standard
9057,1029,2026-03-07,completed,standard
9058,107,2026-02-22,completed,express
9059,1644,2026-03-14,completed,standard
9060,1822,2025-12-22,cancelled,standard
9061,1157,2025-07-28,completed,express
9062,1986,2026-06-07,completed,standard
9063,160,2026-08-01,completed,standard
9064,1375,2026-02-24,completed,standard
9065,1008,2024-11-29,completed,standard
9066,1218,2025-11-05,completed,standard
9067,221,2026-07-09,completed,express
9068,791,2026-03-06,completed,standard
9069,1267,2026-08-21,completed,standard
9070,1463,2025-12-22,completed,standard
9071,222,2026-03-12,completed,standard
9072,308,2025-06-16,completed,express
9073,1731,2025-12-27,cancelled,standard
9074,1849,2026-07-10,cancelled,express
9075,1920,2025-10-27,completed,standard
9076,818,2026-06-03,completed,standard
9077,1503,2025-05-11,returned,standard
9078,274,2025-11-26,completed,standard
9079,221,2026-03-30,completed,express
9080,1541,2026-07-24,completed,standard
9081,1347,2025-05-26,cancelled,standard
9082,222,2026-01-28,completed,standard
9083,759,2026-07-19,completed,standard
9084,201,2026-03-22,completed,standard
9085,1827,2024-11-17,completed,standard
9086,79,2026-02-21,completed,express
9087,1236,2025-05-05,completed,standard
9088,62,2024-12-18,completed,standard
9089,266,2024-03-12,returned,standard
9090,679,2025-06-12,completed,standard
9091,1482,2024-07-14,completed,same-day
9092,1065,2026-02-07,completed,same-day
9093,872,2025-11-20,completed,express
9094,494,2025-03-12,completed,standard
9095,1852,2026-05-04,completed,same-day
9096,1491,2026-03-06,completed,same-day
9097,423,2026-05-06,completed,same-day
9098,583,2026-05-02,completed,standard
9099,378,2025-08-09,completed,standard
9100,754,2026-06-14,completed,standard
9101,411,2024-12-05,completed,standard
9102,27,2024-10-05,completed,express
9103,351,2025-06-05,completed,standard
9104,1301,2026-02-28,completed,same-day
9105,1333,2025-09-21,completed,standard
9106,597,2025-04-13,completed,express
9107,1050,2025-04-18,completed,standard
9108,292,2026-02-12,completed,express
9109,1572,2025-10-05,completed,express
9110,345,2026-03-18,completed,same-day
9111,172,2026-06-01,completed,standard
9112,44,2025-02-12,returned,standard
9113,1120,2024-05-21,completed,express
9114,784,2025-11-04,completed,standard
9115,1057,2024-09-02,completed,standard
9116,1844,2026-02-18,completed,standard
9117,1718,2025-05-14,completed,standard
9118,1157,2024-07-23,completed,standard
9119,646,2026-06-20,completed,same-day
9120,261,2025-04-18,completed,standard
9121,1195,2025-11-13,completed,standard
9122,744,2025-09-18,completed,standard
9123,32,2026-01-14,completed,standard
9124,1644,2025-12-20,completed,standard
9125,380,2024-11-06,completed,express
9126,1691,2026-07-07,completed,standard
9127,1991,2024-11-04,completed,standard
9128,692,2025-05-19,completed,express
9129,754,2026-04-20,completed,standard
9130,1584,2025-11-11,completed,standard
9131,1621,2026-04-18,completed,express
9132,1471,2025-09-07,completed,standard
9133,2,2025-09-27,completed,standard
9134,1862,2025-02-16,completed,standard
9135,1434,2025-01-24,completed,standard
9136,1143,2026-04-30,completed,standard
9137,682,2026-07-20,completed,standard
9138,1558,2025-01-03,completed,standard
9139,1171,2026-05-20,completed,standard
9140,1645,2026-06-10,completed,express
9141,1550,2026-03-31,returned,express
9142,455,2025-12-27,completed,standard
9143,907,2025-03-20,completed,express
9144,278,2026-01-22,cancelled,standard
9145,375,2025-05-28,completed,express
9146,1871,2026-08-16,completed,standard
9147,1104,2025-11-16,completed,standard
9148,1086,2024-10-07,completed,standard
9149,767,2026-08-16,completed,same-day
9150,1522,2024-03-07,cancelled,express
9151,252,2025-10-17,completed,standard
9152,1690,2024-07-08,completed,standard
9153,517,2025-05-25,completed,standard
9154,147,2025-12-14,completed,standard
9155,1482,2024-10-19,completed,express
9156,306,2024-09-08,completed,standard
9157,276,2025-03-10,completed,standard
9158,966,2024-04-28,completed,standard
9159,103,2025-12-09,returned,standard
9160,237,2026-01-07,completed,express
9161,1229,2024-09-30,completed,same-day
9162,959,2026-03-22,completed,express
9163,1118,2025-09-24,completed,standard
9164,552,2025-02-01,completed,standard
9165,325,2024-05-16,completed,same-day
9166,1241,2025-10-17,completed,standard
9167,882,2026-07-29,returned,standard
9168,1444,2026-07-28,completed,standard
9169,165,2026-04-04,completed,standard
9170,849,2024-06-16,cancelled,standard
9171,1186,2025-05-11,completed,standard
9172,823,2024-01-15,completed,standard
9173,251,2025-06-30,completed,standard
9174,1718,2025-05-05,returned,same-day
9175,1069,2024-12-23,completed,standard
9176,1891,2026-06-17,completed,standard
9177,206,2026-01-28,completed,standard
9178,632,2024-03-01,completed,standard
9179,1907,2025-12-03,completed,express
9180,310,2024-10-15,completed,standard
9181,1752,2025-12-19,completed,express
9182,1264,2026-06-01,completed,standard
9183,15,2025-12-30,completed,standard
9184,1406,2024-09-16,completed,standard
9185,1730,2024-07-31,completed,standard
9186,62,2024-12-13,completed,standard
9187,112,2025-08-28,completed,standard
9188,32,2026-08-25,completed,standard
9189,718,2026-02-26,completed,express
9190,1810,2026-08-27,completed,same-day
9191,1915,2024-12-17,completed,standard
9192,1134,2025-07-04,cancelled,standard
9193,1535,2025-09-14,cancelled,standard
9194,902,2026-01-27,completed,standard
9195,845,2025-08-19,completed,standard
9196,1577,2025-07-24,completed,standard
9197,1247,2026-03-11,completed,express
9198,734,2026-05-10,completed,standard
9199,1185,2025-03-08,completed,standard
9200,1557,2024-04-29,completed,standard
9201,687,2025-01-26,cancelled,express
9202,564,2025-08-20,completed,standard
9203,1684,2024-12-08,cancelled,standard
9204,1892,2025-01-06,cancelled,standard
9205,500,2026-07-18,completed,standard
9206,1681,2025-09-14,completed,standard
9207,267,2026-08-02,completed,standard
9208,1621,2024-09-24,completed,express
9209,924,2025-10-29,completed,standard
9210,5,2026-05-02,completed,standard
9211,85,2025-11-15,completed,standard
9212,114,2026-04-11,completed,standard
9213,229,2024-05-30,completed,standard
9214,1568,2025-01-02,completed,express
9215,237,2024-10-21,completed,standard
9216,409,2025-07-08,returned,same-day
9217,1614,2024-09-07,completed,express
9218,1472,2025-10-29,completed,standard
9219,823,2025-01-31,completed,express
9220,456,2025-11-10,completed,standard
9221,895,2025-10-07,cancelled,standard
9222,550,2026-06-30,completed,standard
9223,1886,2026-05-26,completed,same-day
9224,983,2025-07-02,completed,standard
9225,846,2025-12-10,completed,express
9226,81,2024-09-14,completed,standard
9227,26,2025-01-14,completed,standard
9228,187,2024-12-07,completed,same-day
9229,1453,2024-02-19,completed,same-day
9230,724,2024-07-06,returned,standard
9231,207,2026-06-17,completed,standard
9232,1188,2026-05-27,completed,express
9233,1733,2025-09-14,completed,express
9234,208,2025-03-15,completed,standard
9235,679,2024-05-20,completed,express
9236,118,2025-12-09,completed,express
9237,163,2025-11-29,returned,express
9238,1024,2025-07-09,completed,standard
9239,815,2026-05-14,completed,express
9240,194,2026-07-22,completed,express
9241,103,2024-09-17,completed,standard
9242,1427,2026-01-15,completed,express
9243,656,2025-12-20,completed,standard
9244,1940,2025-02-19,completed,standard
9245,1626,2025-12-06,completed,standard
9246,570,2026-06-29,completed,standard
9247,1942,2024-07-29,completed,standard
9248,1908,2026-06-20,completed,express
9249,991,2026-06-11,cancelled,standard
9250,394,2025-04-22,completed,standard
9251,798,2025-11-27,completed,standard
9252,220,2024-07-18,cancelled,standard
9253,386,2024-04-25,completed,express
9254,33,2026-07-21,cancelled,standard
9255,866,2026-06-20,completed,standard
9256,690,2025-12-17,completed,same-day
9257,1717,2025-09-18,completed,standard
9258,1354,2026-05-18,completed,standard
9259,891,2024-06-04,completed,standard
9260,1411,2024-08-14,completed,standard
9261,1195,2026-02-04,completed,standard
9262,1001,2025-02-10,completed,express
9263,404,2024-05-05,completed,standard
9264,1127,2026-08-15,completed,same-day
9265,661,2025-04-08,completed,standard
9266,2000,2025-09-16,cancelled,standard
9267,1609,2025-11-11,completed,standard
9268,1552,2025-10-06,completed,same-day
9269,1216,2025-01-12,completed,standard
9270,306,2025-06-11,completed,express
9271,1621,2024-12-11,completed,standard
9272,1879,2024-12-07,completed,standard
9273,1844,2025-03-02,returned,same-day
9274,1675,2026-08-17,completed,express
9275,1776,2026-08-02,completed,express
9276,870,2025-12-25,completed,standard
9277,291,2025-11-15,completed,express
9278,698,2026-07-23,completed,same-day
9279,122,2026-02-10,completed,express
9280,476,2026-01-20,completed,standard
9281,271,2024-10-31,cancelled,standard
9282,1705,2025-09-07,completed,standard
9283,37,2025-10-09,completed,standard
9284,110,2026-06-17,completed,express
9285,530,2026-01-08,completed,standard
9286,826,2025-09-21,completed,same-day
9287,192,2025-08-18,completed,express
9288,1932,2025-07-25,completed,standard
9289,1254,2026-04-14,completed,standard
9290,49,2026-02-22,completed,standard
9291,130,2026-01-21,cancelled,standard
9292,223,2026-05-12,completed,standard
9293,891,2026-04-13,completed,express
9294,974,2024-12-29,completed,standard
9295,936,2026-05-11,completed,standard
9296,1828,2026-01-07,completed,express
9297,71,2025-03-14,completed,express
9298,1496,2026-05-05,completed,standard
9299,524,2025-09-08,completed,express
9300,467,2025-12-31,completed,express
9301,1535,2026-05-23,completed,express
9302,1108,2026-05-13,completed,standard
9303,1639,2026-03-03,completed,standard
9304,1131,2026-04-11,returned,standard
9305,1404,2025-01-28,completed,standard
9306,1417,2024-07-07,completed,same-day
9307,1398,2025-02-13,completed,same-day
9308,1153,2025-09-18,returned,express
9309,624,2025-01-07,completed,same-day
9310,1338,2026-05-10,returned,standard
9311,1418,2026-05-05,completed,standard
9312,628,2025-08-07,completed,standard
9313,337,2024-06-01,cancelled,standard
9314,510,2024-10-28,completed,express
9315,1219,2024-12-31,completed,express
9316,73,2026-04-24,completed,standard
9317,1183,2024-06-28,completed,standard
9318,1293,2025-04-05,completed,standard
9319,1197,2024-06-16,completed,standard
9320,1003,2024-11-13,completed,express
9321,1825,2026-01-03,completed,standard
9322,1568,2025-06-03,completed,standard
9323,1065,2026-04-09,cancelled,standard
9324,993,2026-07-01,cancelled,express
9325,442,2025-10-03,completed,standard
9326,124,2025-12-03,completed,standard
9327,928,2024-12-22,completed,standard
9328,874,2025-08-21,completed,express
9329,232,2024-10-26,cancelled,standard
9330,826,2025-08-07,completed,standard
9331,1205,2025-06-09,completed,standard
9332,1498,2026-03-03,completed,standard
9333,195,2025-04-30,completed,standard
9334,1816,2025-03-09,returned,standard
9335,1911,2025-09-07,completed,standard
9336,290,2026-04-24,completed,standard
9337,973,2024-01-20,completed,express
9338,1906,2024-03-25,completed,standard
9339,973,2025-08-17,completed,standard
9340,1147,2025-11-24,completed,express
9341,493,2026-01-27,completed,standard
9342,1661,2025-03-02,completed,express
9343,1521,2026-03-01,completed,express
9344,870,2026-06-01,completed,express
9345,417,2026-02-19,completed,same-day
9346,1380,2024-04-25,completed,standard
9347,1038,2025-10-29,completed,express
9348,1186,2025-04-12,completed,standard
9349,573,2026-03-31,completed,standard
9350,1142,2025-04-19,completed,same-day
9351,219,2024-10-19,completed,same-day
9352,1222,2026-08-02,completed,express
9353,1615,2024-06-02,completed,standard
9354,129,2024-07-22,completed,standard
9355,1642,2024-09-21,completed,standard
9356,527,2025-07-11,completed,standard
9357,1763,2024-09-21,completed,standard
9358,1693,2025-11-20,returned,standard
9359,1912,2024-09-23,returned,standard
9360,274,2025-09-17,completed,standard
9361,423,2025-06-29,completed,standard
9362,98,2025-05-09,completed,express
9363,921,2025-12-18,completed,express
9364,1808,2026-06-20,completed,express
9365,1686,2025-05-29,returned,standard
9366,202,2024-10-14,completed,standard
9367,820,2024-08-15,completed,standard
9368,1680,2025-11-14,completed,standard
9369,1324,2026-08-16,completed,same-day
9370,1320,2025-05-19,completed,standard
9371,1262,2025-04-12,completed,express
9372,1323,2024-09-19,completed,standard
9373,517,2026-03-28,completed,standard
9374,1695,2026-03-23,completed,standard
9375,1804,2025-08-26,completed,standard
9376,1096,2025-03-06,completed,standard
9377,1949,2026-04-07,completed,express
9378,162,2025-05-07,completed,standard
9379,730,2025-08-31,completed,express
9380,1407,2024-06-25,completed,standard
9381,1231,2026-03-16,completed,standard
9382,1033,2024-05-21,completed,standard
9383,1018,2024-10-21,completed,same-day
9384,1988,2025-04-20,completed,standard
9385,1174,2025-05-15,completed,standard
9386,1802,2024-08-31,completed,express
9387,1793,2026-01-29,completed,standard
9388,161,2024-10-25,completed,same-day
9389,886,2025-03-14,completed,express
9390,44,2026-06-10,completed,standard
9391,1672,2025-03-24,completed,express
9392,1015,2026-06-22,completed,standard
9393,1180,2026-05-12,completed,standard
9394,574,2026-03-22,completed,standard
9395,1325,2025-09-23,completed,standard
9396,59,2026-07-02,completed,standard
9397,1638,2026-03-24,completed,express
9398,137,2025-01-09,returned,same-day
9399,1097,2026-06-01,returned,standard
9400,794,2024-10-08,completed,same-day
9401,518,2024-08-03,completed,express
9402,1076,2025-05-21,completed,standard
9403,313,2026-06-28,cancelled,standard
9404,232,2025-11-12,returned,standard
9405,1893,2024-11-28,completed,standard
9406,1763,2026-06-14,completed,standard
9407,1051,2026-04-06,completed,standard
9408,1474,2026-01-24,completed,express
9409,463,2026-01-05,completed,standard
9410,1967,2025-03-20,returned,standard
9411,1948,2026-08-04,returned,standard
9412,740,2024-07-10,completed,express
9413,1865,2024-07-31,completed,standard
9414,1085,2026-04-18,completed,standard
9415,119,2025-06-08,completed,express
9416,50,2025-12-05,completed,standard
9417,1087,2026-06-17,completed,standard
9418,835,2024-05-25,completed,express
9419,634,2025-02-12,completed,standard
9420,1336,2024-08-19,completed,express
9421,1656,2025-10-11,completed,standard
9422,353,2026-05-30,completed,express
9423,370,2025-02-22,returned,express
9424,1132,2026-05-09,completed,standard
9425,595,2026-05-29,cancelled,express
9426,804,2026-02-21,completed,same-day
9427,1526,2026-08-19,completed,express
9428,1339,2026-01-05,completed,express
9429,1869,2025-10-02,completed,express
9430,1029,2026-04-28,completed,standard
9431,1007,2024-10-12,completed,standard
9432,1633,2025-12-09,completed,standard
9433,539,2025-05-23,completed,standard
9434,323,2024-10-25,completed,standard
9435,1343,2024-10-11,completed,standard
9436,1124,2025-11-25,completed,express
9437,1018,2025-09-13,completed,standard
9438,928,2026-08-16,completed,express
9439,1502,2025-10-22,completed,standard
9440,1161,2025-06-08,completed,express
9441,1999,2026-03-19,completed,standard
9442,1861,2026-05-07,returned,standard
9443,954,2025-09-02,returned,standard
9444,1271,2024-09-29,completed,express
9445,533,2026-06-11,completed,standard
9446,1181,2024-04-07,completed,standard
9447,455,2024-04-09,completed,standard
9448,227,2025-02-21,completed,same-day
9449,1810,2025-03-15,completed,express
9450,170,2024-09-20,returned,express
9451,1167,2026-07-31,completed,express
9452,216,2025-04-24,completed,standard
9453,850,2025-01-24,completed,standard
9454,997,2025-10-16,completed,standard
9455,1108,2024-09-24,completed,standard
9456,493,2025-07-20,completed,standard
9457,980,2024-03-26,completed,standard
9458,1348,2026-03-21,completed,standard
9459,1619,2025-08-11,completed,standard
9460,1110,2025-12-05,completed,standard
9461,444,2025-09-26,completed,same-day
9462,1446,2025-10-31,returned,standard
9463,699,2026-08-02,completed,standard
9464,1558,2026-03-08,completed,standard
9465,920,2025-04-14,completed,express
9466,1597,2025-04-30,completed,standard
9467,1612,2025-04-15,completed,standard
9468,1342,2024-05-16,completed,standard
9469,792,2025-12-31,completed,express
9470,581,2025-04-01,completed,express
9471,87,2026-06-28,completed,same-day
9472,1210,2026-01-22,completed,standard
9473,842,2026-01-12,cancelled,standard
9474,1280,2024-07-23,completed,express
9475,1670,2025-11-27,completed,standard
9476,745,2024-08-23,completed,express
9477,1098,2025-11-26,completed,standard
9478,1442,2026-06-01,completed,standard
9479,1873,2025-10-28,completed,express
9480,856,2026-03-14,completed,standard
9481,530,2026-01-12,completed,standard
9482,1030,2024-09-16,completed,express
9483,298,2025-09-09,completed,same-day
9484,885,2026-06-07,completed,same-day
9485,300,2025-06-15,cancelled,standard
9486,669,2026-05-12,completed,standard
9487,765,2026-01-28,completed,standard
9488,312,2024-08-29,completed,standard
9489,1867,2025-07-22,completed,standard
9490,1165,2026-07-30,cancelled,standard
9491,482,2024-06-29,completed,standard
9492,1261,2024-12-29,completed,express
9493,549,2026-01-23,completed,standard
9494,1098,2025-12-30,completed,standard
9495,1,2025-05-15,completed,standard
9496,1937,2025-02-18,returned,standard
9497,1920,2025-12-12,completed,express
9498,1557,2025-04-06,cancelled,standard
9499,530,2026-04-18,completed,standard
9500,797,2025-05-06,completed,express
9501,1398,2025-09-19,completed,standard
9502,453,2025-04-21,completed,standard
9503,78,2025-08-15,completed,express
9504,868,2024-11-17,completed,standard
9505,1971,2024-06-18,completed,standard
9506,784,2024-12-27,completed,standard
9507,297,2025-09-28,completed,standard
9508,1976,2026-02-16,completed,standard
9509,1062,2024-06-15,completed,standard
9510,1203,2025-07-02,completed,standard
9511,131,2026-03-03,completed,express
9512,43,2026-05-28,cancelled,standard
9513,1666,2026-01-20,completed,standard
9514,171,2026-07-05,completed,standard
9515,144,2025-12-27,completed,express
9516,1998,2026-03-25,completed,standard
9517,217,2026-01-14,completed,standard
9518,1790,2024-07-18,completed,same-day
9519,1991,2026-06-26,completed,express
9520,493,2024-07-31,completed,standard
9521,1324,2026-08-19,cancelled,standard
9522,1975,2025-02-01,completed,standard
9523,1281,2025-05-11,completed,standard
9524,318,2026-06-25,returned,standard
9525,1639,2024-08-25,completed,standard
9526,404,2025-04-20,completed,same-day
9527,813,2026-07-02,completed,standard
9528,462,2025-12-24,completed,standard
9529,950,2024-10-28,completed,express
9530,813,2025-06-25,completed,express
9531,1,2026-05-29,completed,standard
9532,366,2024-12-20,completed,standard
9533,494,2024-12-22,completed,standard
9534,1837,2025-08-04,completed,express
9535,635,2024-10-05,cancelled,standard
9536,1029,2024-07-03,returned,standard
9537,798,2025-11-07,completed,standard
9538,1559,2025-04-29,completed,express
9539,1405,2025-08-17,completed,standard
9540,1820,2025-10-27,completed,standard
9541,713,2026-07-22,completed,standard
9542,1913,2026-01-07,completed,standard
9543,1499,2024-12-06,completed,standard
9544,1000,2025-09-03,completed,standard
9545,523,2024-10-21,completed,express
9546,1233,2025-07-02,completed,standard
9547,855,2025-01-13,completed,standard
9548,1300,2026-06-02,completed,standard
9549,1742,2024-05-01,cancelled,standard
9550,1399,2025-09-13,completed,standard
9551,546,2024-07-06,completed,standard
9552,1578,2026-02-04,completed,express
9553,830,2025-05-11,completed,standard
9554,1688,2026-03-29,completed,express
9555,940,2026-01-16,cancelled,standard
9556,1478,2025-03-10,returned,standard
9557,1791,2024-08-30,returned,standard
9558,1862,2026-02-13,completed,express
9559,124,2025-04-01,completed,express
9560,1038,2026-01-15,completed,same-day
9561,1405,2026-08-07,completed,standard
9562,1191,2025-09-30,completed,standard
9563,1151,2026-08-27,completed,standard
9564,1097,2026-08-12,completed,standard
9565,79,2026-04-23,completed,standard
9566,1089,2025-04-21,completed,standard
9567,1815,2026-01-15,completed,standard
9568,5,2026-05-17,completed,standard
9569,799,2024-07-07,completed,same-day
9570,1666,2025-12-07,completed,standard
9571,284,2025-07-04,completed,standard
9572,541,2026-04-05,completed,standard
9573,882,2025-11-19,completed,same-day
9574,825,2025-12-24,completed,standard
9575,1692,2026-05-02,completed,express
9576,201,2025-12-16,completed,express
9577,449,2026-01-20,completed,standard
9578,646,2025-09-01,completed,standard
9579,361,2026-03-16,completed,standard
9580,783,2025-07-10,completed,express
9581,746,2025-10-19,completed,standard
9582,529,2024-12-09,completed,express
9583,842,2024-06-08,completed,same-day
9584,1328,2026-07-23,completed,standard
9585,1236,2026-06-06,completed,express
9586,1831,2026-03-09,completed,express
9587,1403,2025-11-06,completed,standard
9588,1168,2026-03-23,completed,standard
9589,1398,2025-10-15,completed,express
9590,1104,2026-07-09,completed,standard
9591,618,2026-06-10,completed,standard
9592,1022,2025-07-07,cancelled,standard
9593,1140,2025-06-10,completed,standard
9594,1380,2026-01-04,completed,standard
9595,1731,2026-02-15,completed,express
9596,647,2025-09-28,completed,express
9597,1181,2025-10-10,completed,standard
9598,1958,2025-09-28,completed,standard
9599,1609,2024-10-01,completed,same-day
9600,94,2026-01-25,completed,express
9601,240,2026-08-09,completed,standard
9602,261,2025-01-26,completed,standard
9603,1198,2025-03-18,completed,standard
9604,354,2025-11-03,completed,standard
9605,1687,2025-06-14,completed,express
9606,1563,2026-02-07,completed,standard
9607,1992,2026-05-16,completed,express
9608,489,2025-06-03,completed,standard
9609,1857,2024-07-01,completed,standard
9610,1776,2026-04-27,completed,standard
9611,85,2026-06-29,completed,standard
9612,218,2024-05-23,completed,express
9613,949,2025-12-23,completed,standard
9614,843,2025-05-10,completed,standard
9615,1457,2025-08-31,completed,standard
9616,450,2026-01-04,completed,standard
9617,1194,2025-01-20,completed,standard
9618,1503,2025-01-20,completed,standard
9619,1113,2024-09-06,completed,standard
9620,784,2025-08-30,completed,standard
9621,840,2025-06-22,completed,express
9622,493,2024-12-19,completed,standard
9623,1952,2026-03-03,completed,same-day
9624,1295,2025-09-12,completed,standard
9625,192,2025-06-18,completed,standard
9626,1163,2026-03-07,completed,standard
9627,648,2026-04-30,completed,standard
9628,1199,2025-05-30,completed,standard
9629,751,2026-03-01,completed,express
9630,15,2025-11-13,completed,standard
9631,48,2025-03-15,completed,standard
9632,1312,2026-02-19,completed,standard
9633,1149,2025-05-15,completed,standard
9634,1615,2026-01-27,completed,standard
9635,593,2026-05-24,completed,express
9636,1944,2024-10-10,completed,express
9637,497,2026-06-25,completed,standard
9638,89,2025-07-06,completed,express
9639,1841,2026-04-14,completed,standard
9640,1998,2025-06-04,completed,standard
9641,1366,2026-05-03,completed,standard
9642,546,2026-07-16,completed,express
9643,1806,2026-07-26,completed,standard
9644,1721,2026-05-03,returned,standard
9645,1227,2025-03-01,completed,express
9646,859,2024-12-19,completed,standard
9647,820,2024-06-27,completed,standard
9648,647,2024-06-28,completed,express
9649,868,2024-10-12,completed,standard
9650,315,2026-07-21,completed,standard
9651,1638,2024-06-05,completed,express
9652,1862,2025-06-29,completed,same-day
9653,624,2025-04-24,completed,express
9654,1727,2024-10-30,completed,standard
9655,986,2024-12-15,completed,standard
9656,882,2026-04-21,completed,standard
9657,1082,2026-07-17,completed,same-day
9658,56,2024-10-09,completed,standard
9659,900,2026-01-12,completed,standard
9660,1907,2025-03-11,completed,express
9661,1534,2026-05-02,completed,standard
9662,1931,2024-08-24,completed,standard
9663,378,2025-10-24,completed,express
9664,1022,2024-10-24,completed,standard
9665,1218,2026-02-27,completed,standard
9666,848,2026-07-15,returned,standard
9667,481,2025-05-20,completed,standard
9668,1565,2025-02-07,completed,express
9669,515,2024-05-28,completed,standard
9670,807,2024-08-10,completed,standard
9671,755,2025-10-11,completed,express
9672,253,2026-03-13,completed,standard
9673,1268,2024-11-14,completed,standard
9674,1539,2025-11-16,completed,standard
9675,667,2024-09-10,completed,same-day
9676,573,2026-06-14,completed,standard
9677,208,2026-05-20,returned,standard
9678,1266,2025-07-20,completed,express
9679,1207,2025-06-23,cancelled,express
9680,686,2025-12-12,completed,standard
9681,1852,2026-03-15,completed,standard
9682,18,2025-03-20,completed,standard
9683,1863,2026-07-20,completed,standard
9684,848,2025-03-14,completed,standard
9685,1709,2024-11-23,completed,standard
9686,229,2025-04-18,completed,standard
9687,298,2026-08-25,completed,standard
9688,355,2025-01-05,completed,standard
9689,1521,2024-09-07,completed,same-day
9690,903,2025-02-01,completed,express
9691,1930,2025-03-21,completed,standard
9692,958,2025-12-27,completed,standard
9693,1314,2025-03-24,completed,express
9694,616,2025-03-11,completed,standard
9695,260,2025-07-10,completed,standard
9696,626,2024-08-24,completed,same-day
9697,130,2026-04-01,completed,standard
9698,53,2026-04-16,cancelled,standard
9699,154,2024-08-11,completed,express
9700,557,2025-12-11,completed,standard
9701,1968,2025-06-27,completed,standard
9702,177,2026-08-22,completed,express
9703,1821,2026-03-23,completed,standard
9704,1700,2025-10-16,completed,standard
9705,1629,2025-05-02,completed,standard
9706,500,2025-04-22,completed,standard
9707,1595,2026-08-22,completed,standard
9708,1279,2026-03-16,cancelled,standard
9709,1989,2026-02-03,completed,standard
9710,12,2026-08-15,completed,standard
9711,1809,2025-10-07,completed,standard
9712,1081,2026-05-30,completed,standard
9713,208,2025-08-21,completed,standard
9714,1181,2025-08-07,cancelled,same-day
9715,1964,2025-09-14,completed,standard
9716,964,2025-08-16,completed,standard
9717,998,2025-10-01,completed,standard
9718,1120,2025-06-26,completed,standard
9719,385,2025-10-26,completed,express
9720,154,2024-08-17,completed,standard
9721,1160,2025-03-05,returned,standard
9722,1761,2025-12-01,completed,same-day
9723,709,2025-04-27,completed,standard
9724,1862,2024-12-22,completed,standard
9725,1793,2026-05-02,completed,standard
9726,1862,2026-08-16,cancelled,standard
9727,545,2024-03-08,completed,standard
9728,262,2024-09-22,completed,standard
9729,1438,2024-06-15,completed,express
9730,1587,2025-07-24,completed,standard
9731,1703,2025-09-10,completed,express
9732,1277,2025-05-11,completed,same-day
9733,848,2025-08-18,returned,standard
9734,287,2025-07-09,completed,standard
9735,213,2025-09-02,completed,standard
9736,322,2024-10-05,completed,express
9737,403,2025-08-29,completed,standard
9738,500,2025-03-29,completed,standard
9739,1470,2026-08-30,completed,standard
9740,1764,2026-02-28,cancelled,express
9741,678,2026-02-12,completed,express
9742,857,2026-05-08,completed,standard
9743,1398,2024-11-06,completed,standard
9744,1458,2025-11-26,completed,standard
9745,1730,2024-11-18,completed,standard
9746,1071,2025-01-07,completed,standard
9747,923,2025-12-08,completed,express
9748,693,2025-11-21,completed,standard
9749,1636,2026-07-13,completed,standard
9750,330,2024-10-23,completed,standard
9751,1968,2026-04-24,completed,standard
9752,1895,2025-11-17,cancelled,standard
9753,343,2026-07-13,completed,standard
9754,247,2025-08-31,completed,standard
9755,1345,2025-04-06,completed,express
9756,1395,2024-08-21,completed,standard
9757,462,2024-03-30,completed,standard
9758,641,2024-12-05,completed,standard
9759,504,2026-03-23,completed,standard
9760,1595,2024-10-20,completed,express
9761,1959,2024-05-30,completed,express
9762,536,2024-10-26,completed,same-day
9763,60,2024-04-13,completed,standard
9764,1890,2025-05-18,completed,standard
9765,508,2026-04-26,completed,standard
9766,1306,2025-09-22,returned,standard
9767,564,2026-05-24,completed,express
9768,936,2026-05-26,completed,express
9769,1477,2026-05-22,completed,same-day
9770,1736,2026-03-27,completed,standard
9771,1688,2024-07-05,returned,standard
9772,149,2025-09-29,completed,express
9773,275,2025-03-30,completed,standard
9774,380,2025-03-01,completed,standard
9775,1870,2024-02-03,completed,same-day
9776,1971,2026-07-13,completed,standard
9777,565,2025-07-27,completed,standard
9778,1082,2026-03-29,cancelled,standard
9779,1528,2026-05-13,completed,standard
9780,1460,2026-06-04,completed,standard
9781,989,2025-04-15,completed,standard
9782,1881,2026-02-24,completed,standard
9783,1466,2025-11-14,completed,standard
9784,1968,2024-06-10,completed,standard
9785,900,2026-07-28,completed,same-day
9786,1803,2024-11-21,completed,same-day
9787,792,2026-02-18,completed,standard
9788,407,2025-09-25,completed,standard
9789,1331,2025-05-17,completed,express
9790,1291,2026-01-17,completed,express
9791,1358,2024-11-28,completed,standard
9792,325,2024-12-11,completed,standard
9793,332,2025-06-08,completed,standard
9794,377,2026-03-19,completed,express
9795,1664,2025-09-07,completed,same-day
9796,1084,2026-01-11,completed,same-day
9797,1371,2025-10-03,returned,standard
9798,1637,2026-05-23,completed,express
9799,1794,2026-06-12,completed,express
9800,699,2026-07-14,completed,standard
9801,25,2024-06-29,completed,standard
9802,1092,2026-06-12,completed,standard
9803,1604,2025-12-15,completed,same-day
9804,130,2024-09-25,completed,express
9805,1570,2025-01-27,returned,standard
9806,1925,2025-06-06,completed,standard
9807,1652,2026-05-09,completed,express
9808,509,2025-09-15,completed,express
9809,1432,2026-05-13,completed,standard
9810,382,2026-03-23,completed,standard
9811,766,2024-08-26,completed,standard
9812,1991,2026-04-02,returned,same-day
9813,1958,2026-03-15,completed,standard
9814,643,2025-07-25,completed,express
9815,1095,2024-07-17,completed,standard
9816,1659,2026-01-06,cancelled,express
9817,532,2026-08-07,completed,express
9818,1784,2026-07-10,completed,standard
9819,654,2024-12-21,completed,standard
9820,455,2026-04-29,completed,standard
9821,606,2024-05-31,cancelled,standard
9822,70,2026-03-31,completed,standard
9823,1842,2025-09-27,completed,standard
9824,1404,2025-09-12,completed,express
9825,1269,2025-10-11,completed,standard
9826,199,2025-11-02,completed,standard
9827,133,2026-01-13,completed,express
9828,1741,2025-09-16,completed,same-day
9829,877,2026-07-24,completed,standard
9830,1019,2025-12-07,completed,standard
9831,1034,2025-11-10,returned,standard
9832,129,2026-07-29,completed,standard
9833,848,2024-12-17,completed,standard
9834,1977,2026-04-29,completed,same-day
9835,554,2024-05-06,completed,standard
9836,508,2026-01-02,completed,standard
9837,1342,2025-08-13,completed,same-day
9838,711,2025-07-06,returned,standard
9839,522,2025-08-31,completed,standard
9840,103,2024-06-06,completed,standard
9841,1070,2026-04-14,completed,standard
9842,1637,2025-01-18,completed,standard
9843,1753,2024-12-29,cancelled,express
9844,1379,2026-02-09,completed,standard
9845,950,2026-01-03,completed,standard
9846,1241,2024-03-06,completed,standard
9847,899,2026-03-26,completed,express
9848,1571,2024-11-03,completed,standard
9849,206,2025-12-11,completed,same-day
9850,1284,2024-10-20,returned,standard
9851,1301,2025-12-02,cancelled,standard
9852,1820,2024-08-09,completed,standard
9853,1452,2026-07-02,completed,standard
9854,634,2025-11-12,completed,standard
9855,1288,2025-07-09,completed,express
9856,238,2025-07-11,completed,standard
9857,1080,2026-04-13,completed,standard
9858,1921,2026-04-01,completed,standard
9859,1032,2024-10-06,completed,standard
9860,510,2026-04-29,completed,express
9861,1084,2026-07-06,completed,same-day
9862,765,2025-05-14,completed,standard
9863,1246,2025-04-21,completed,standard
9864,1163,2026-05-14,completed,standard
9865,1977,2024-08-10,completed,standard
9866,1062,2024-03-13,completed,standard
9867,1550,2026-02-21,completed,standard
9868,1765,2026-05-23,completed,standard
9869,1526,2026-05-16,completed,express
9870,1198,2025-09-27,completed,express
9871,607,2024-08-21,completed,express
9872,1971,2026-06-12,completed,standard
9873,964,2025-03-25,completed,standard
9874,1410,2025-07-27,completed,standard
9875,1673,2026-07-12,completed,express
9876,201,2026-05-19,completed,standard
9877,1677,2026-02-20,returned,standard
9878,1363,2025-08-09,completed,standard
9879,506,2025-12-04,cancelled,express
9880,462,2025-04-16,completed,standard
9881,1621,2025-11-06,completed,express
9882,1721,2025-04-25,completed,standard
9883,1974,2024-03-23,completed,standard
9884,1088,2025-06-06,completed,standard
9885,1927,2026-01-21,completed,standard
9886,1423,2026-08-05,cancelled,same-day
9887,343,2026-01-04,completed,standard
9888,256,2024-10-08,completed,standard
9889,402,2025-01-11,completed,standard
9890,1116,2024-05-02,completed,express
9891,449,2024-10-04,completed,standard
9892,896,2025-03-05,completed,standard
9893,1051,2025-09-13,completed,standard
9894,473,2025-06-03,returned,standard
9895,1587,2026-08-27,completed,standard
9896,296,2026-08-04,completed,standard
9897,217,2025-07-25,completed,same-day
9898,1292,2025-08-10,completed,standard
9899,1104,2024-12-29,completed,standard
9900,58,2026-06-29,completed,standard
9901,1841,2026-04-10,completed,standard
9902,307,2026-08-01,returned,standard
9903,1759,2024-07-08,completed,standard
9904,416,2024-08-02,completed,same-day
9905,338,2025-08-23,completed,standard
9906,1732,2025-12-22,completed,standard
9907,1849,2026-02-11,completed,standard
9908,1425,2024-08-06,completed,standard
9909,1116,2025-02-09,completed,standard
9910,419,2026-03-08,completed,standard
9911,285,2025-05-18,completed,standard
9912,86,2026-02-04,completed,standard
9913,225,2025-03-04,completed,standard
9914,362,2026-07-07,completed,express
9915,345,2026-01-12,completed,standard
9916,4,2025-10-14,completed,standard
9917,121,2026-04-10,completed,standard
9918,1051,2026-08-22,completed,standard
9919,923,2026-01-30,completed,standard
9920,752,2026-02-14,completed,standard
9921,87,2025-06-17,completed,standard
9922,58,2026-05-28,completed,same-day
9923,1681,2024-12-07,completed,standard
9924,1196,2026-05-29,returned,standard
9925,1733,2026-08-04,completed,standard
9926,1840,2024-09-25,completed,express
9927,1355,2025-05-25,completed,standard
9928,1432,2025-08-15,completed,standard
9929,236,2025-05-13,completed,standard
9930,1100,2026-07-09,completed,standard
9931,1634,2024-12-22,completed,standard
9932,371,2026-04-06,completed,standard
9933,762,2026-08-15,completed,standard
9934,179,2026-03-12,completed,standard
9935,119,2024-09-02,completed,express
9936,1449,2026-02-20,completed,standard
9937,1794,2025-11-21,completed,express
9938,573,2025-12-18,completed,standard
9939,632,2025-04-04,completed,standard
9940,484,2025-08-28,completed,express
9941,1887,2025-06-14,completed,standard
9942,1183,2026-05-23,completed,standard
9943,1508,2026-08-30,cancelled,same-day
9944,1575,2025-06-07,completed,standard
9945,550,2026-02-23,completed,standard
9946,1567,2025-12-02,completed,standard
9947,1530,2024-09-26,cancelled,standard
9948,1105,2024-10-30,completed,same-day
9949,271,2024-11-30,completed,standard
9950,624,2026-02-08,completed,standard
9951,816,2025-12-30,completed,standard
9952,1965,2026-05-20,completed,express
9953,627,2024-12-10,completed,standard
9954,1353,2026-07-01,completed,standard
9955,187,2026-02-24,completed,standard
9956,7,2024-09-15,completed,standard
9957,1466,2025-05-14,completed,express
9958,1991,2025-08-05,completed,standard
9959,914,2024-09-06,completed,standard
9960,1501,2025-12-20,completed,standard
9961,1832,2026-04-03,completed,standard
9962,6,2026-03-02,completed,express
9963,1634,2026-02-24,completed,standard
9964,554,2024-09-11,completed,standard
9965,652,2025-03-19,completed,standard
9966,1481,2025-09-23,completed,standard
9967,752,2026-03-22,completed,standard
9968,1667,2025-01-12,completed,standard
9969,655,2024-11-04,completed,express
9970,1806,2025-04-19,completed,standard
9971,88,2025-03-16,completed,standard
9972,862,2025-05-26,completed,standard
9973,1792,2024-07-05,completed,standard
9974,773,2026-07-04,completed,standard
9975,537,2025-06-21,completed,standard
9976,144,2026-04-29,completed,same-day
9977,1810,2024-02-03,completed,standard
9978,780,2024-11-15,completed,standard
9979,734,2026-04-14,completed,standard
9980,1732,2025-10-22,completed,standard
9981,1420,2025-02-08,completed,express
9982,1412,2024-02-19,completed,standard
9983,1781,2026-07-09,completed,standard
9984,1886,2025-11-23,completed,standard
9985,1975,2026-06-06,completed,express
9986,3,2025-10-14,completed,standard
9987,891,2025-02-02,cancelled,standard
9988,640,2025-02-22,completed,express
9989,794,2024-05-20,returned,standard
9990,1635,2025-09-15,completed,standard
9991,1833,2025-10-12,completed,standard
9992,537,2025-05-04,completed,standard
9993,1239,2026-07-09,completed,same-day
9994,79,2025-02-17,completed,same-day
9995,1231,2025-08-22,completed,standard
9996,726,2026-05-03,completed,standard
9997,1129,2025-11-02,completed,same-day
9998,382,2025-09-09,completed,standard
9999,837,2024-08-22,completed,standard
10000,400,2026-06-30,completed,express
10001,1112,2026-04-12,returned,standard
10002,749,2026-04-15,completed,express
10003,1451,2024-11-03,completed,standard
10004,1134,2026-04-07,completed,same-day
10005,808,2026-07-03,completed,standard
10006,769,2026-05-21,completed,standard
10007,918,2025-11-23,completed,standard
10008,30,2025-06-02,completed,standard
10009,465,2024-09-23,completed,standard
10010,862,2026-08-05,completed,standard
10011,1114,2025-12-14,completed,standard
10012,1793,2024-10-20,returned,standard
10013,1138,2024-05-23,completed,standard
10014,944,2024-08-10,completed,standard
10015,1993,2026-05-14,completed,standard
10016,1323,2025-06-29,completed,standard
10017,973,2025-02-04,completed,standard
10018,1229,2025-01-08,completed,express
10019,720,2025-01-10,completed,express
10020,734,2025-01-02,completed,standard
10021,1187,2025-10-05,completed,standard
10022,354,2025-04-13,completed,standard
10023,907,2025-02-21,completed,standard
10024,150,2025-09-15,completed,standard
10025,908,2025-11-16,completed,standard
10026,747,2026-01-03,completed,standard
10027,1391,2026-05-17,completed,express
10028,469,2026-08-18,completed,standard
10029,43,2025-12-01,completed,express
10030,167,2026-08-13,cancelled,express
10031,860,2025-08-20,completed,standard
10032,1407,2026-01-01,returned,standard
10033,1977,2026-08-10,completed,standard
10034,909,2026-06-04,completed,standard
10035,1927,2026-01-28,completed,standard
10036,1051,2026-04-19,completed,standard
10037,1121,2025-05-10,completed,standard
10038,1741,2024-10-24,completed,same-day
10039,753,2025-10-07,completed,standard
10040,599,2024-06-08,completed,express
10041,153,2025-01-22,completed,standard
10042,1707,2025-09-07,completed,express
10043,1519,2026-05-02,completed,express
10044,1960,2026-02-06,completed,express
10045,1148,2025-10-04,completed,express
10046,1870,2025-06-23,completed,standard
10047,1883,2024-06-04,completed,standard
10048,1570,2026-04-02,completed,standard
10049,714,2026-07-06,cancelled,same-day
10050,1028,2025-11-16,completed,standard
10051,1945,2026-05-23,completed,standard
10052,227,2026-07-13,completed,express
10053,978,2024-09-12,completed,standard
10054,577,2025-05-29,completed,express
10055,173,2025-12-16,completed,standard
10056,1494,2025-07-07,completed,standard
10057,981,2026-02-02,completed,standard
10058,764,2025-09-09,completed,standard
10059,362,2026-04-18,completed,express
10060,146,2024-07-14,completed,express
10061,1090,2025-01-08,completed,standard
10062,1596,2025-09-29,completed,express
10063,1291,2026-05-31,completed,standard
10064,283,2025-12-15,completed,standard
10065,177,2024-10-08,completed,standard
10066,1427,2026-01-12,completed,standard
10067,804,2025-10-30,completed,express
10068,270,2026-07-16,completed,standard
10069,531,2026-06-19,completed,standard
10070,316,2026-07-13,completed,standard
10071,1206,2026-05-19,completed,standard
10072,955,2025-09-26,completed,standard
10073,1031,2024-08-21,completed,same-day
10074,145,2026-06-05,completed,standard
10075,102,2026-06-08,completed,standard
10076,1416,2024-11-05,completed,standard
10077,1994,2026-02-17,completed,express
10078,1764,2025-12-03,completed,standard
10079,1443,2024-09-14,returned,standard
10080,724,2026-08-14,completed,same-day
10081,1833,2026-05-08,completed,express
10082,202,2025-08-10,completed,same-day
10083,1111,2026-01-03,completed,express
10084,1363,2025-09-15,returned,standard
10085,738,2024-05-24,completed,standard
10086,1666,2024-12-03,completed,standard
10087,87,2025-12-17,completed,standard
10088,866,2026-01-24,returned,same-day
10089,1020,2026-04-03,completed,same-day
10090,5,2025-08-14,completed,standard
10091,1160,2024-05-09,completed,standard
10092,244,2026-08-06,completed,standard
10093,1736,2026-07-01,cancelled,standard
10094,1003,2025-06-18,completed,express
10095,1,2025-09-03,completed,express
10096,1153,2026-02-14,cancelled,express
10097,1878,2026-07-16,completed,standard
10098,96,2026-06-30,completed,standard
10099,1265,2026-04-16,completed,standard
10100,435,2026-03-26,completed,standard
10101,1412,2025-04-06,completed,standard
10102,678,2025-09-18,completed,express
10103,548,2025-06-14,completed,express
10104,102,2024-04-19,completed,standard
10105,337,2024-07-30,completed,standard
10106,1653,2024-11-10,completed,standard
10107,553,2025-02-17,returned,standard
10108,1726,2025-05-18,completed,standard
10109,1985,2024-07-13,completed,standard
10110,1014,2025-06-04,completed,standard
10111,1840,2025-01-08,completed,express
10112,1223,2025-09-12,completed,standard
10113,1772,2026-01-12,completed,standard
10114,1767,2026-05-22,completed,standard
10115,555,2026-08-23,completed,standard
10116,112,2025-08-20,completed,standard
10117,974,2024-11-27,completed,standard
10118,1304,2025-06-03,completed,express
10119,1824,2025-11-15,completed,standard
10120,1040,2025-12-14,completed,express
10121,314,2024-12-20,completed,standard
10122,522,2024-08-10,completed,standard
10123,905,2024-10-01,completed,express
10124,172,2025-09-11,cancelled,standard
10125,1989,2024-12-21,completed,standard
10126,141,2025-11-06,completed,standard
10127,1884,2025-12-06,cancelled,standard
10128,1091,2024-07-29,completed,standard
10129,1862,2026-08-22,completed,express
10130,1544,2026-01-15,completed,standard
10131,12,2025-08-26,completed,standard
10132,126,2026-04-16,completed,standard
10133,1575,2025-06-21,returned,standard
10134,1886,2024-09-15,completed,same-day
10135,1283,2025-10-15,cancelled,standard
10136,1504,2025-07-01,completed,standard
10137,113,2026-03-20,completed,standard
10138,223,2024-05-04,completed,express
10139,736,2025-04-29,completed,standard
10140,2,2025-02-07,completed,standard
10141,348,2026-01-25,completed,standard
10142,929,2025-11-12,completed,standard
10143,1616,2025-09-20,completed,standard
10144,1962,2024-11-03,completed,same-day
10145,1315,2026-05-11,returned,standard
10146,624,2025-07-24,completed,express
10147,852,2024-10-02,completed,standard
10148,1493,2026-05-05,completed,standard
10149,84,2025-02-11,completed,standard
10150,717,2026-05-27,completed,same-day
10151,1894,2026-05-02,completed,standard
10152,1722,2024-01-09,completed,standard
10153,877,2026-06-03,completed,express
10154,1639,2025-11-29,completed,standard
10155,266,2026-05-27,completed,standard
10156,84,2026-01-08,completed,standard
10157,926,2026-07-21,completed,standard
10158,1620,2026-04-01,completed,express
10159,1190,2025-03-17,completed,express
10160,1361,2024-10-02,completed,standard
10161,9,2025-10-01,completed,standard
10162,971,2026-08-20,completed,standard
10163,1813,2026-02-12,cancelled,standard
10164,1659,2024-05-06,completed,standard
10165,1307,2026-08-17,returned,same-day
10166,1750,2026-05-29,completed,standard
10167,1152,2025-04-24,completed,standard
10168,619,2025-07-06,completed,standard
10169,1424,2024-12-13,completed,same-day
10170,1403,2024-06-19,completed,standard
10171,450,2026-02-14,completed,express
10172,1292,2025-01-06,completed,standard
10173,1596,2024-12-18,completed,standard
10174,1051,2025-12-19,completed,express
10175,824,2024-08-13,completed,same-day
10176,1113,2025-01-05,completed,standard
10177,421,2025-01-26,completed,standard
10178,1714,2026-02-10,completed,express
10179,682,2026-02-14,completed,standard
10180,1193,2026-08-16,cancelled,standard
10181,554,2024-07-20,completed,standard
10182,943,2025-07-15,completed,standard
10183,222,2026-06-01,completed,standard
10184,1672,2026-06-19,completed,standard
10185,169,2026-07-07,completed,standard
10186,1249,2025-12-20,completed,express
10187,1443,2026-01-24,completed,express
10188,1852,2026-07-06,completed,standard
10189,1955,2025-03-03,completed,same-day
10190,399,2025-12-06,completed,standard
10191,617,2024-04-13,completed,standard
10192,1084,2025-04-19,returned,standard
10193,421,2024-04-26,completed,express
10194,1539,2024-05-12,completed,standard
10195,1545,2026-04-08,completed,standard
10196,69,2026-03-07,completed,express
10197,657,2025-07-29,completed,express
10198,301,2026-07-28,completed,standard
10199,1547,2025-09-30,completed,standard
10200,1329,2025-12-15,completed,standard
10201,805,2025-09-25,completed,standard
10202,1370,2025-04-23,completed,standard
10203,132,2026-01-05,completed,standard
10204,1781,2024-10-13,completed,standard
10205,421,2025-10-27,completed,express
10206,1760,2025-08-06,completed,standard
10207,1584,2026-04-08,completed,standard
10208,711,2026-02-16,completed,standard
10209,511,2025-07-30,completed,express
10210,1525,2024-10-04,completed,standard
10211,1646,2024-08-14,completed,same-day
10212,668,2026-01-24,completed,same-day
10213,1837,2025-10-22,returned,express
10214,838,2026-03-23,completed,standard
10215,117,2025-10-31,completed,express
10216,1722,2025-06-12,completed,standard
10217,1958,2024-08-25,returned,same-day
10218,868,2026-07-10,cancelled,standard
10219,1488,2026-04-15,completed,standard
10220,892,2025-09-20,completed,standard
10221,1181,2025-12-15,completed,standard
10222,434,2025-11-01,completed,standard
10223,1438,2025-06-27,completed,standard
10224,500,2025-12-29,completed,express
10225,595,2026-01-09,completed,standard
10226,1090,2026-02-05,completed,express
10227,384,2025-08-19,completed,express
10228,601,2026-04-11,completed,standard
10229,346,2025-11-04,returned,standard
10230,1602,2026-06-30,completed,standard
10231,759,2025-01-26,completed,same-day
10232,1963,2025-01-18,completed,standard
10233,1815,2025-10-18,completed,standard
10234,1940,2024-04-07,completed,standard
10235,592,2026-08-10,completed,standard
10236,1830,2026-02-07,completed,standard
10237,1087,2025-11-08,completed,standard
10238,654,2025-04-07,completed,express
10239,102,2025-09-08,completed,standard
10240,1632,2025-10-03,completed,standard
10241,1855,2025-04-20,completed,standard
10242,1413,2026-06-26,completed,standard
10243,781,2025-03-03,completed,express
10244,894,2026-06-22,completed,standard
10245,665,2025-06-04,completed,express
10246,156,2024-10-26,completed,same-day
10247,1922,2026-06-17,completed,same-day
10248,311,2025-11-05,completed,standard
10249,1134,2026-03-19,completed,standard
10250,1458,2025-11-27,completed,same-day
10251,19,2026-07-05,completed,same-day
10252,65,2025-11-11,completed,standard
10253,1876,2026-07-01,completed,standard
10254,1805,2025-09-27,completed,standard
10255,642,2025-02-10,completed,same-day
10256,81,2024-09-22,completed,express
10257,1258,2024-07-13,completed,standard
10258,614,2024-12-15,completed,express
10259,53,2025-09-21,completed,standard
10260,1980,2025-01-27,completed,standard
10261,194,2026-05-24,completed,standard
10262,463,2026-02-13,completed,standard
10263,1903,2026-05-19,completed,standard
10264,1995,2026-07-12,completed,standard
10265,927,2025-12-26,completed,standard
10266,1023,2026-04-17,completed,express
10267,769,2025-11-01,cancelled,standard
10268,1201,2025-12-19,completed,standard
10269,1375,2025-03-05,completed,standard
10270,278,2025-05-31,completed,express
10271,1613,2024-02-26,completed,express
10272,1412,2026-05-05,cancelled,same-day
10273,887,2025-04-07,returned,standard
10274,772,2025-01-02,completed,standard
10275,1375,2025-01-11,completed,express
10276,346,2026-06-08,completed,standard
10277,1268,2024-08-04,completed,standard
10278,811,2026-06-17,completed,express
10279,1243,2024-07-13,completed,standard
10280,1840,2026-02-14,completed,express
10281,624,2026-03-10,completed,express
10282,1841,2026-01-02,completed,express
10283,536,2025-10-25,completed,express
10284,1882,2026-06-12,completed,standard
10285,1366,2025-10-22,completed,standard
10286,1998,2025-05-01,completed,standard
10287,1783,2026-03-28,completed,express
10288,1336,2025-06-09,cancelled,same-day
10289,357,2025-02-05,completed,standard
10290,1802,2024-09-28,completed,standard
10291,1572,2026-02-20,completed,same-day
10292,1800,2025-02-02,completed,express
10293,707,2026-02-27,completed,standard
10294,1924,2026-06-07,completed,standard
10295,21,2026-03-09,completed,standard
10296,1718,2026-05-08,completed,standard
10297,1516,2025-08-25,completed,standard
10298,1404,2025-09-18,completed,standard
10299,97,2024-03-01,returned,standard
10300,632,2026-04-01,completed,standard
10301,668,2026-08-26,completed,standard
10302,1724,2024-09-02,completed,express
10303,1861,2026-01-17,completed,standard
10304,1813,2025-06-19,completed,standard
10305,686,2026-07-10,completed,express
10306,1597,2026-03-05,completed,express
10307,1374,2024-10-28,completed,standard
10308,1181,2024-10-28,completed,standard
10309,877,2026-06-25,completed,standard
10310,1778,2026-08-01,completed,standard
10311,673,2025-09-02,completed,standard
10312,873,2026-06-05,completed,standard
10313,84,2025-01-10,completed,same-day
10314,1670,2026-01-19,returned,standard
10315,192,2025-04-16,completed,standard
10316,882,2025-07-16,cancelled,standard
10317,375,2026-08-16,returned,standard
10318,249,2024-08-24,completed,standard
10319,1192,2025-04-06,completed,express
10320,95,2024-10-01,returned,standard
10321,699,2026-03-23,completed,standard
10322,1484,2025-10-06,completed,express
10323,1348,2025-05-06,completed,express
10324,1289,2026-04-10,completed,standard
10325,1827,2025-01-26,completed,express
10326,1336,2024-08-23,completed,express
10327,1658,2025-11-15,completed,standard
10328,92,2025-07-23,completed,express
10329,1965,2026-01-08,completed,express
10330,570,2025-07-04,completed,express
10331,1356,2026-08-17,completed,express
10332,428,2025-03-31,completed,standard
10333,602,2026-08-22,completed,standard
10334,1444,2025-12-20,completed,standard
10335,401,2025-02-02,completed,standard
10336,1793,2026-04-17,completed,same-day
10337,229,2025-09-25,completed,standard
10338,552,2026-02-15,completed,standard
10339,243,2025-09-15,completed,standard
10340,60,2025-06-14,completed,standard
10341,424,2024-12-05,completed,standard
10342,87,2026-01-09,completed,same-day
10343,1224,2026-08-17,completed,standard
10344,1947,2024-07-18,completed,standard
10345,562,2025-03-06,completed,standard
10346,140,2026-05-29,cancelled,standard
10347,595,2025-05-18,completed,same-day
10348,1227,2025-04-15,completed,standard
10349,180,2026-03-22,completed,standard
10350,439,2026-03-21,cancelled,standard
10351,1308,2025-06-06,completed,standard
10352,1756,2025-10-26,completed,standard
10353,1234,2025-12-08,completed,standard
10354,342,2024-02-27,completed,standard
10355,1095,2024-09-15,cancelled,standard
10356,684,2025-12-05,completed,express
10357,1498,2025-07-14,completed,standard
10358,1819,2025-04-15,completed,express
10359,1373,2025-02-25,completed,standard
10360,674,2026-02-19,completed,express
10361,87,2026-05-19,completed,express
10362,769,2025-05-22,completed,standard
10363,64,2026-07-24,completed,same-day
10364,813,2024-12-29,completed,standard
10365,978,2026-06-28,completed,standard
10366,1882,2024-09-09,completed,standard
10367,26,2026-08-01,completed,standard
10368,38,2026-02-14,completed,express
10369,1147,2026-08-02,completed,standard
10370,1886,2025-11-23,completed,standard
10371,1817,2025-12-06,returned,express
10372,1099,2024-10-20,completed,standard
10373,143,2025-10-30,completed,express
10374,767,2024-08-27,completed,standard
10375,875,2026-01-14,completed,standard
10376,524,2024-05-16,completed,express
10377,1556,2026-06-17,cancelled,express
10378,1788,2025-11-27,completed,standard
10379,1994,2024-07-16,completed,standard
10380,1010,2025-04-07,completed,standard
10381,1394,2025-06-25,completed,express
10382,241,2024-08-16,completed,standard
10383,1776,2024-07-11,completed,standard
10384,430,2025-12-18,completed,express
10385,381,2026-06-03,completed,express
10386,1693,2025-01-25,completed,standard
10387,608,2026-03-08,cancelled,express
10388,1403,2025-05-08,completed,standard
10389,1974,2025-03-22,completed,standard
10390,1721,2026-01-22,completed,express
10391,40,2025-07-03,completed,same-day
10392,778,2025-08-27,completed,standard
10393,917,2025-12-06,completed,express
10394,1514,2025-07-06,returned,standard
10395,1690,2025-09-26,completed,same-day
10396,662,2025-06-28,completed,standard
10397,16,2026-02-04,completed,standard
10398,313,2025-10-29,completed,standard
10399,687,2026-05-03,cancelled,standard
10400,22,2025-11-12,completed,same-day
10401,994,2026-03-10,completed,standard
10402,1971,2026-07-26,completed,standard
10403,621,2024-12-30,completed,standard
10404,251,2024-10-12,returned,express
10405,775,2025-02-24,completed,express
10406,565,2025-12-28,completed,express
10407,919,2026-03-28,completed,express
10408,509,2026-01-09,completed,express
10409,1168,2026-08-01,completed,standard
10410,1256,2026-04-28,completed,same-day
10411,1325,2024-06-24,completed,same-day
10412,1150,2025-11-24,completed,standard
10413,1558,2025-08-17,completed,express
10414,434,2024-03-04,completed,standard
10415,438,2024-06-30,completed,express
10416,654,2025-06-04,cancelled,express
10417,183,2025-02-09,completed,standard
10418,29,2026-08-01,completed,express
10419,1578,2026-01-17,cancelled,standard
10420,1147,2026-07-31,completed,standard
10421,1287,2026-05-15,completed,standard
10422,1781,2024-09-23,completed,express
10423,1676,2026-06-02,completed,express
10424,88,2026-07-20,completed,standard
10425,484,2024-05-31,completed,standard
10426,1275,2025-11-01,completed,standard
10427,1919,2026-03-30,completed,standard
10428,1114,2025-08-28,completed,standard
10429,825,2024-11-13,completed,standard
10430,505,2026-04-27,completed,standard
10431,28,2025-12-17,completed,standard
10432,1768,2025-04-13,completed,standard
10433,223,2025-01-20,completed,express
10434,763,2024-10-18,completed,standard
10435,885,2026-08-05,completed,standard
10436,1592,2026-04-16,completed,express
10437,1233,2026-05-17,completed,express
10438,13,2025-10-20,cancelled,standard
10439,1791,2025-08-04,completed,express
10440,663,2026-02-28,completed,express
10441,1951,2025-07-16,completed,standard
10442,1823,2026-05-21,completed,same-day
10443,662,2024-06-23,completed,standard
10444,1748,2025-03-07,completed,standard
10445,1130,2025-10-31,completed,express
10446,1582,2025-09-25,completed,same-day
10447,1092,2025-10-20,completed,standard
10448,639,2025-01-02,completed,same-day
10449,1137,2025-08-17,returned,standard
10450,365,2025-11-10,completed,same-day
10451,335,2026-06-22,completed,standard
10452,1473,2025-09-12,completed,standard
10453,1541,2025-08-30,completed,standard
10454,618,2025-12-08,completed,same-day
10455,785,2024-05-25,completed,standard
10456,458,2026-05-13,completed,standard
10457,1684,2025-01-09,returned,standard
10458,835,2025-12-13,completed,standard
10459,1611,2026-04-15,completed,standard
10460,352,2025-06-28,completed,standard
10461,17,2025-12-01,completed,express
10462,1394,2024-09-19,cancelled,standard
10463,915,2025-10-17,completed,same-day
10464,699,2026-07-24,completed,standard
10465,366,2024-10-07,completed,standard
10466,511,2025-08-28,completed,express
10467,1968,2025-07-11,completed,same-day
10468,1777,2024-11-24,completed,standard
10469,1395,2024-08-17,completed,standard
10470,243,2024-08-22,completed,same-day
10471,1815,2025-06-19,completed,standard
10472,220,2026-08-14,completed,standard
10473,1604,2024-06-04,completed,standard
10474,1682,2026-01-12,completed,standard
10475,446,2025-05-16,completed,standard
10476,1502,2025-08-07,completed,standard
10477,12,2024-10-22,completed,standard
10478,370,2026-05-25,completed,express
10479,1405,2026-07-30,completed,standard
10480,329,2024-06-09,returned,standard
10481,1294,2025-09-16,completed,same-day
10482,1217,2025-09-15,returned,express
10483,1322,2026-01-04,completed,standard
10484,130,2025-08-22,completed,express
10485,1814,2025-07-03,completed,express
10486,1056,2026-06-15,completed,standard
10487,240,2025-04-09,completed,standard
10488,1150,2024-08-12,completed,same-day
10489,982,2026-01-14,completed,standard
10490,8,2024-11-23,completed,standard
10491,724,2026-01-25,completed,standard
10492,182,2026-03-03,completed,standard
10493,204,2026-01-01,completed,standard
10494,215,2026-03-22,completed,same-day
10495,869,2026-08-03,completed,express
10496,1077,2024-06-17,completed,same-day
10497,657,2024-10-01,completed,express
10498,1106,2025-11-01,completed,standard
10499,1460,2025-03-10,completed,standard
10500,1757,2025-12-01,completed,standard
10501,1143,2026-06-24,completed,standard
10502,929,2026-04-13,completed,standard
10503,1948,2025-06-13,completed,standard
10504,328,2026-06-18,completed,same-day
10505,1384,2024-11-08,returned,express
10506,756,2026-05-07,completed,standard
10507,1040,2024-07-11,completed,standard
10508,1420,2025-06-18,completed,same-day
10509,1499,2026-06-03,completed,same-day
10510,1545,2026-02-24,cancelled,standard
10511,1834,2024-09-05,completed,standard
10512,958,2025-03-07,completed,standard
10513,1528,2026-08-15,cancelled,standard
10514,1403,2025-11-05,completed,standard
10515,1715,2026-01-27,completed,express
10516,129,2026-02-03,completed,standard
10517,1958,2025-07-26,completed,express
10518,1218,2025-06-03,completed,standard
10519,303,2025-02-04,completed,standard
10520,1817,2025-01-23,completed,standard
10521,960,2024-12-13,completed,standard
10522,338,2024-06-17,completed,standard
10523,1025,2026-03-18,completed,standard
10524,656,2026-01-25,completed,standard
10525,1760,2025-04-03,completed,standard
10526,1730,2026-08-03,completed,standard
10527,1316,2025-10-07,completed,standard
10528,1994,2026-07-28,completed,express
10529,271,2024-12-14,completed,standard
10530,1445,2025-09-07,completed,express
10531,953,2025-09-28,completed,standard
10532,2,2025-05-10,completed,express
10533,347,2025-05-20,completed,standard
10534,422,2024-11-08,completed,standard
10535,586,2026-05-31,completed,standard
10536,247,2025-12-03,cancelled,standard
10537,1854,2024-06-24,completed,standard
10538,1958,2025-04-04,completed,standard
10539,263,2025-11-26,completed,standard
10540,1891,2024-12-17,completed,express
10541,113,2026-07-07,completed,express
10542,170,2026-05-31,completed,standard
10543,553,2026-08-23,cancelled,standard
10544,1976,2024-11-21,completed,standard
10545,1311,2024-08-12,completed,standard
10546,1461,2026-08-29,completed,standard
10547,1850,2025-01-08,completed,standard
10548,1718,2025-03-01,cancelled,standard
10549,1493,2026-08-20,completed,standard
10550,127,2024-10-19,completed,express
10551,1950,2026-02-04,completed,standard
10552,1915,2026-08-11,completed,standard
10553,1159,2024-05-28,completed,express
10554,1423,2026-07-29,completed,same-day
10555,1406,2025-11-22,completed,express
10556,1347,2026-01-28,completed,standard
10557,1471,2025-10-25,completed,standard
10558,1470,2026-06-14,completed,express
10559,247,2025-02-18,completed,standard
10560,1268,2024-04-22,completed,express
10561,1957,2026-03-23,completed,standard
10562,551,2025-11-25,completed,express
10563,1431,2026-06-27,completed,express
10564,291,2026-06-13,completed,standard
10565,1702,2026-07-18,completed,express
10566,253,2024-12-30,returned,express
10567,874,2026-06-29,completed,standard
10568,710,2025-09-29,returned,standard
10569,1861,2024-04-28,completed,standard
10570,1396,2025-05-04,completed,express
10571,198,2025-01-28,completed,standard
10572,738,2026-08-27,completed,standard
10573,381,2025-05-18,completed,express
10574,1796,2025-05-01,cancelled,standard
10575,1515,2026-03-28,completed,express
10576,1015,2024-11-28,cancelled,express
10577,833,2025-03-04,completed,standard
10578,1768,2025-09-16,returned,express
10579,813,2026-03-26,completed,express
10580,786,2025-08-14,completed,standard
10581,5,2026-04-05,completed,express
10582,1970,2025-07-19,completed,standard
10583,109,2024-08-15,completed,express
10584,1432,2025-04-14,completed,standard
10585,1192,2026-01-22,cancelled,standard
10586,1871,2025-12-05,completed,express
10587,876,2026-08-09,completed,standard
10588,919,2024-11-15,completed,standard
10589,791,2025-12-23,completed,express
10590,1174,2025-03-08,completed,standard
10591,1223,2024-07-29,completed,standard
10592,444,2025-01-20,completed,standard
10593,1534,2024-07-28,completed,standard
10594,1369,2025-03-26,completed,standard
10595,1304,2025-09-27,completed,standard
10596,1982,2026-06-17,completed,standard
10597,172,2026-01-30,completed,standard
10598,1366,2026-07-09,completed,standard
10599,1626,2025-08-03,completed,standard
10600,1957,2026-06-20,completed,standard
10601,144,2025-01-05,completed,express
10602,593,2026-07-20,completed,express
10603,1727,2026-02-08,completed,standard
10604,78,2024-11-25,completed,standard
10605,1890,2026-06-20,completed,standard
10606,1168,2025-04-16,completed,standard
10607,1912,2026-02-24,completed,standard
10608,431,2024-06-28,completed,standard
10609,1888,2025-08-18,completed,standard
10610,56,2026-02-18,completed,standard
10611,492,2024-10-14,completed,standard
10612,1932,2026-02-01,completed,express
10613,1089,2025-12-11,cancelled,express
10614,550,2024-07-16,completed,standard
10615,1242,2026-05-24,completed,express
10616,778,2025-03-22,completed,standard
10617,296,2025-10-01,completed,express
10618,158,2024-07-14,completed,standard
10619,1734,2026-07-29,completed,standard
10620,1879,2026-04-07,completed,standard
10621,837,2025-11-14,completed,standard
10622,28,2024-09-15,completed,express
10623,106,2024-10-22,completed,standard
10624,810,2025-09-29,completed,standard
10625,1765,2025-05-24,cancelled,express
10626,1940,2026-05-04,completed,standard
10627,832,2026-03-14,completed,standard
10628,1941,2025-08-31,completed,standard
10629,780,2025-07-08,completed,standard
10630,1908,2026-06-13,cancelled,standard
10631,1749,2024-03-27,completed,express
10632,78,2024-11-22,completed,standard
10633,464,2026-04-25,completed,standard
10634,781,2025-02-27,completed,standard
10635,300,2026-06-23,completed,same-day
10636,1146,2026-06-07,completed,standard
10637,1611,2025-07-14,completed,standard
10638,716,2026-07-27,completed,standard
10639,117,2025-05-12,returned,standard
10640,1167,2024-06-18,completed,standard
10641,1557,2025-05-08,completed,same-day
10642,1568,2026-06-22,completed,standard
10643,596,2026-04-14,completed,standard
10644,70,2025-10-27,returned,standard
10645,1932,2026-04-14,completed,standard
10646,776,2026-08-23,completed,standard
10647,386,2025-02-28,completed,standard
10648,607,2025-09-28,completed,express
10649,1538,2024-06-09,completed,standard
10650,1437,2025-10-17,completed,standard
10651,1140,2024-03-14,completed,standard
10652,680,2025-06-15,completed,standard
10653,598,2024-01-06,completed,standard
10654,1210,2024-05-12,completed,standard
10655,326,2026-05-10,completed,same-day
10656,372,2025-08-23,completed,standard
10657,1690,2026-03-30,completed,standard
10658,764,2026-08-30,completed,express
10659,864,2026-08-11,completed,express
10660,1667,2025-08-17,completed,same-day
10661,170,2024-06-22,returned,standard
10662,1940,2024-10-22,completed,express
10663,511,2026-03-05,completed,standard
10664,1574,2024-09-06,cancelled,standard
10665,1334,2025-01-11,completed,standard
10666,1840,2026-06-25,completed,standard
10667,1475,2024-09-20,completed,express
10668,1883,2025-12-12,completed,standard
10669,1113,2025-10-15,completed,standard
10670,634,2026-02-14,completed,express
10671,1347,2025-09-06,completed,standard
10672,194,2024-09-01,completed,standard
10673,1036,2025-05-15,completed,standard
10674,1033,2025-09-22,completed,express
10675,1768,2024-10-26,completed,standard
10676,76,2026-03-04,completed,standard
10677,1470,2025-09-28,completed,express
10678,1898,2025-01-26,completed,same-day
10679,1191,2026-07-08,completed,express
10680,1376,2026-03-05,completed,standard
10681,188,2025-05-25,completed,standard
10682,1247,2026-05-10,completed,same-day
10683,813,2024-10-10,completed,standard
10684,1280,2026-02-14,completed,standard
10685,1448,2026-08-02,completed,standard
10686,1815,2024-09-03,completed,standard
10687,1424,2025-10-31,completed,standard
10688,1318,2024-03-26,completed,standard
10689,1146,2026-04-23,completed,standard
10690,754,2026-03-02,completed,standard
10691,437,2025-12-09,completed,standard
10692,1124,2026-07-01,completed,same-day
10693,1612,2025-12-08,completed,standard
10694,1772,2025-09-28,completed,standard
10695,1442,2025-12-09,completed,standard
10696,1925,2026-08-24,completed,standard
10697,558,2026-08-19,completed,express
10698,922,2025-07-17,completed,standard
10699,1917,2025-05-20,completed,standard
10700,1775,2024-09-14,completed,same-day
10701,1336,2025-03-09,completed,standard
10702,721,2025-10-05,completed,express
10703,467,2024-03-11,completed,standard
10704,486,2025-04-24,completed,express
10705,1898,2025-06-06,completed,standard
10706,1899,2026-07-05,completed,standard
10707,67,2026-06-26,completed,express
10708,1382,2026-08-05,completed,standard
10709,150,2024-11-12,completed,standard
10710,1415,2025-06-12,completed,same-day
10711,723,2025-10-09,completed,express
10712,1340,2025-04-29,completed,standard
10713,1007,2025-10-10,completed,express
10714,53,2025-12-18,completed,standard
10715,1960,2025-12-29,completed,standard
10716,532,2025-09-22,completed,standard
10717,1725,2026-05-02,cancelled,standard
10718,1556,2025-02-17,completed,standard
10719,774,2025-09-17,completed,same-day
10720,1382,2026-01-01,completed,standard
10721,1350,2026-03-25,completed,same-day
10722,1007,2026-02-13,completed,standard
10723,1594,2024-11-22,completed,standard
10724,801,2025-08-17,completed,standard
10725,1426,2024-11-29,completed,express
10726,1442,2025-02-20,completed,express
10727,1981,2026-03-28,completed,standard
10728,1444,2024-06-13,cancelled,standard
10729,1886,2024-10-06,completed,standard
10730,1833,2026-06-28,completed,standard
10731,665,2025-11-23,completed,same-day
10732,394,2025-12-19,completed,express
10733,1935,2025-03-15,cancelled,express
10734,869,2025-12-09,completed,express
10735,1134,2024-01-27,completed,express
10736,1983,2025-09-19,returned,standard
10737,540,2025-09-12,completed,same-day
10738,766,2026-08-28,completed,standard
10739,1456,2026-07-15,completed,standard
10740,1552,2025-11-21,completed,express
10741,758,2025-08-05,completed,standard
10742,1615,2026-02-10,completed,standard
10743,859,2025-03-27,completed,express
10744,1813,2025-08-09,completed,standard
10745,245,2024-09-28,completed,standard
10746,346,2025-08-12,completed,standard
10747,565,2025-02-21,completed,standard
10748,43,2026-01-04,completed,standard
10749,1400,2026-07-25,completed,express
10750,15,2026-03-29,completed,express
10751,656,2026-07-15,completed,standard
10752,1675,2025-01-26,completed,standard
10753,1238,2026-03-07,completed,standard
10754,1881,2025-05-01,completed,standard
10755,1024,2025-11-08,returned,express
10756,1628,2024-10-26,completed,standard
10757,363,2025-08-18,completed,standard
10758,794,2026-07-23,completed,standard
10759,279,2024-08-12,completed,standard
10760,1575,2025-03-12,completed,same-day
10761,735,2026-08-27,completed,standard
10762,755,2025-10-16,completed,standard
10763,598,2025-03-14,completed,standard
10764,890,2025-09-02,completed,standard
10765,217,2026-06-22,completed,standard
10766,1846,2025-03-23,completed,standard
10767,27,2026-01-22,completed,express
10768,1736,2026-07-11,cancelled,standard
10769,550,2025-11-24,completed,standard
10770,475,2025-09-07,completed,express
10771,1552,2026-04-15,completed,standard
10772,1181,2025-10-22,completed,express
10773,229,2026-04-09,completed,standard
10774,356,2024-10-25,completed,express
10775,237,2026-02-13,completed,same-day
10776,1626,2024-10-03,completed,standard
10777,101,2024-04-01,completed,express
10778,1338,2025-12-19,completed,standard
10779,528,2026-07-26,completed,standard
10780,1094,2026-03-14,completed,standard
10781,384,2025-09-21,completed,same-day
10782,1587,2026-07-16,completed,standard
10783,308,2025-01-10,completed,same-day
10784,828,2024-11-16,completed,standard
10785,223,2025-11-26,completed,standard
10786,1551,2024-10-09,completed,standard
10787,1768,2025-10-05,completed,same-day
10788,421,2026-02-24,completed,express
10789,1620,2026-03-29,completed,standard
10790,905,2026-08-25,completed,same-day
10791,823,2025-02-24,completed,standard
10792,1318,2025-08-01,completed,express
10793,916,2025-04-30,completed,standard
10794,200,2025-10-12,completed,standard
10795,1815,2025-01-06,returned,standard
10796,1808,2025-09-02,completed,express
10797,58,2025-01-08,completed,standard
10798,1291,2024-11-05,completed,standard
10799,1460,2025-11-12,completed,standard
10800,1000,2026-07-03,completed,express
10801,1068,2024-09-29,completed,standard
10802,704,2025-12-14,completed,standard
10803,326,2025-01-08,completed,standard
10804,1863,2026-01-17,completed,standard
10805,155,2024-10-24,completed,express
10806,1459,2026-07-07,completed,standard
10807,890,2026-02-12,completed,standard
10808,1833,2026-08-03,completed,standard
10809,1116,2024-03-17,completed,express
10810,630,2025-11-18,completed,standard
10811,413,2025-11-01,completed,standard
10812,1630,2025-08-16,completed,standard
10813,1318,2025-02-06,completed,standard
10814,1476,2026-03-13,completed,standard
10815,345,2025-02-07,completed,standard
10816,1776,2025-11-15,completed,standard
10817,1020,2026-04-29,completed,standard
10818,921,2025-12-13,completed,same-day
10819,532,2026-03-14,completed,standard
10820,1361,2025-01-29,completed,standard
10821,1777,2026-02-12,completed,standard
10822,1005,2026-02-20,completed,standard
10823,216,2024-11-13,completed,standard
10824,381,2025-04-26,completed,express
10825,1931,2025-06-21,completed,standard
10826,1736,2025-03-09,completed,standard
10827,1868,2025-06-17,completed,standard
10828,1354,2026-05-04,completed,express
10829,1388,2026-04-07,completed,standard
10830,820,2025-12-22,completed,express
10831,677,2026-02-11,completed,standard
10832,1480,2025-11-20,returned,standard
10833,287,2026-07-23,completed,express
10834,1810,2026-02-13,completed,standard
10835,927,2026-04-25,completed,standard
10836,256,2025-11-26,returned,express
10837,857,2024-01-25,completed,express
10838,1365,2026-04-20,completed,standard
10839,812,2026-02-04,completed,standard
10840,384,2025-04-18,completed,standard
10841,6,2026-06-22,completed,standard
10842,553,2026-08-20,completed,standard
10843,119,2025-03-23,completed,standard
10844,1653,2026-04-14,completed,express
10845,1851,2024-11-07,completed,express
10846,1258,2026-03-12,completed,standard
10847,706,2025-08-22,completed,same-day
10848,299,2025-12-13,completed,express
10849,875,2025-06-25,completed,same-day
10850,1081,2026-03-16,completed,standard
10851,48,2026-08-19,completed,standard
10852,1873,2025-04-05,completed,same-day
10853,643,2025-07-24,completed,same-day
10854,1046,2026-06-14,returned,standard
10855,1970,2025-12-20,completed,express
10856,70,2025-11-20,completed,standard
10857,1842,2024-06-10,cancelled,standard
10858,971,2026-06-28,completed,standard
10859,1366,2025-12-19,completed,standard
10860,1458,2026-06-07,completed,standard
10861,126,2026-05-04,completed,standard
10862,365,2025-09-10,completed,standard
10863,928,2026-08-17,completed,standard
10864,1691,2026-04-15,completed,express
10865,383,2026-06-20,completed,same-day
10866,848,2026-07-31,completed,standard
10867,1209,2026-08-03,completed,standard
10868,449,2024-02-09,completed,same-day
10869,1151,2026-05-11,completed,standard
10870,1585,2024-07-14,completed,standard
10871,1537,2026-07-19,completed,standard
10872,430,2026-04-02,completed,standard
10873,792,2025-04-16,completed,standard
10874,1614,2024-12-26,returned,standard
10875,1394,2025-09-13,completed,standard
10876,997,2024-12-07,completed,standard
10877,321,2025-10-15,completed,express
10878,68,2025-01-30,completed,standard
10879,235,2026-04-20,completed,standard
10880,749,2025-02-03,cancelled,standard
10881,683,2025-01-04,completed,standard
10882,1421,2025-07-15,completed,standard
10883,1044,2026-04-29,completed,express
10884,775,2026-04-30,completed,same-day
10885,1813,2026-08-02,completed,express
10886,52,2025-11-30,completed,standard
10887,1290,2025-06-23,completed,standard
10888,1156,2026-06-12,completed,same-day
10889,1263,2025-06-03,completed,express
10890,972,2026-02-09,completed,express
10891,489,2026-08-01,completed,standard
10892,247,2026-07-08,completed,standard
10893,739,2025-04-25,completed,standard
10894,1231,2025-10-21,completed,standard
10895,1653,2026-02-09,completed,standard
10896,1718,2026-07-12,completed,same-day
10897,1367,2026-05-23,completed,express
10898,1819,2026-06-24,completed,standard
10899,289,2026-04-20,completed,standard
10900,295,2025-01-01,completed,same-day
10901,1391,2026-03-04,completed,express
10902,1628,2026-05-12,completed,express
10903,449,2026-04-28,completed,standard
10904,1232,2025-10-11,returned,standard
10905,1783,2025-10-02,completed,express
10906,1207,2024-08-17,completed,express
10907,342,2025-05-11,completed,standard
10908,570,2025-04-03,completed,same-day
10909,1703,2025-10-02,completed,standard
10910,1386,2026-04-28,completed,standard
10911,1655,2025-12-21,completed,standard
10912,1564,2024-12-05,cancelled,standard
10913,440,2025-04-18,completed,standard
10914,699,2026-04-17,completed,standard
10915,250,2024-08-01,completed,standard
10916,845,2026-06-06,completed,express
10917,168,2024-01-17,completed,standard
10918,692,2024-10-21,completed,same-day
10919,67,2026-06-25,completed,standard
10920,790,2025-10-16,completed,standard
10921,1815,2024-09-25,completed,express
10922,1107,2024-09-12,completed,standard
10923,918,2025-01-08,completed,standard
10924,1029,2026-05-11,completed,standard
10925,772,2026-07-03,completed,express
10926,1005,2024-09-01,completed,standard
10927,1920,2026-06-14,completed,standard
10928,1526,2026-04-06,completed,express
10929,1615,2025-10-06,completed,standard
10930,1659,2025-11-30,completed,standard
10931,395,2024-03-05,completed,standard
10932,75,2026-04-30,completed,express
10933,28,2025-03-20,completed,standard
10934,241,2025-04-11,completed,standard
10935,787,2026-01-19,completed,same-day
10936,700,2026-05-07,completed,standard
10937,1688,2024-08-24,completed,standard
10938,1645,2026-08-28,completed,standard
10939,1111,2026-06-04,completed,same-day
10940,1783,2025-12-04,completed,standard
10941,1120,2025-12-03,completed,standard
10942,1126,2024-04-26,completed,express
10943,1924,2026-04-08,completed,express
10944,1414,2025-10-22,completed,standard
10945,1928,2024-12-03,completed,express
10946,993,2026-06-06,completed,standard
10947,1590,2025-11-03,completed,standard
10948,1261,2025-09-12,completed,standard
10949,1847,2026-02-26,completed,express
10950,1521,2026-01-31,completed,standard
10951,1074,2024-10-09,completed,standard
10952,515,2025-11-04,completed,standard
10953,803,2026-06-05,completed,standard
10954,395,2025-05-09,completed,standard
10955,882,2025-12-07,completed,standard
10956,524,2024-04-13,completed,standard
10957,284,2026-07-05,completed,standard
10958,1959,2026-02-18,completed,express
10959,1929,2026-03-12,completed,standard
10960,1964,2024-07-02,completed,standard
10961,1965,2024-10-01,completed,standard
10962,278,2026-01-28,completed,standard
10963,314,2026-08-10,completed,standard
10964,1425,2026-01-23,completed,standard
10965,32,2026-04-21,completed,standard
10966,203,2026-02-21,completed,standard
10967,1217,2025-03-18,completed,same-day
10968,506,2025-09-22,completed,standard
10969,302,2024-11-05,completed,express
10970,1126,2024-03-05,completed,standard
10971,1343,2026-02-09,completed,standard
10972,1478,2025-10-02,completed,standard
10973,302,2025-03-27,cancelled,same-day
10974,1631,2026-02-10,completed,standard
10975,1982,2025-03-16,completed,express
10976,1264,2024-03-13,completed,standard
10977,360,2025-12-22,completed,standard
10978,1468,2024-10-24,completed,express
10979,699,2025-12-22,completed,express
10980,108,2025-04-13,completed,standard
10981,358,2026-02-01,completed,standard
10982,1774,2024-09-18,completed,standard
10983,1987,2025-04-04,completed,express
10984,668,2024-07-26,completed,same-day
10985,736,2024-05-18,completed,standard
10986,94,2026-08-23,completed,standard
10987,773,2026-04-04,completed,standard
10988,1666,2024-11-26,completed,express
10989,1271,2025-10-24,completed,standard
10990,1445,2026-05-24,completed,standard
10991,1726,2026-01-28,completed,standard
10992,484,2026-01-01,cancelled,standard
10993,1708,2025-07-06,completed,standard
10994,221,2024-07-22,completed,standard
10995,105,2025-06-13,completed,standard
10996,788,2026-04-02,completed,express
10997,1588,2026-02-01,completed,express
10998,550,2026-08-29,completed,standard
10999,1654,2025-05-22,completed,express
11000,12,2025-09-01,completed,standard
11001,1340,2025-05-07,completed,standard
11002,455,2026-02-08,completed,standard
11003,1120,2025-10-17,completed,express
11004,604,2025-11-11,completed,standard
11005,236,2025-08-03,completed,standard
11006,1129,2025-09-29,completed,standard
11007,290,2025-07-28,completed,standard
11008,1775,2025-01-12,completed,standard
11009,139,2025-02-16,completed,standard
11010,1548,2024-09-15,completed,standard
11011,342,2026-07-16,completed,standard
11012,1324,2025-07-26,completed,express
11013,1025,2024-04-22,cancelled,express
11014,568,2024-12-09,completed,standard
11015,795,2025-08-29,completed,standard
11016,1146,2024-11-05,completed,same-day
11017,1442,2026-08-20,completed,express
11018,1315,2026-06-23,completed,same-day
11019,765,2026-01-28,cancelled,standard
11020,622,2025-05-09,completed,standard
11021,551,2026-08-29,completed,standard
11022,952,2026-05-16,completed,standard
11023,715,2025-12-08,completed,standard
11024,500,2025-12-15,completed,standard
11025,141,2025-09-12,completed,standard
11026,342,2025-08-03,completed,standard
11027,1253,2025-04-12,completed,standard
11028,130,2025-03-15,completed,same-day
11029,166,2026-03-25,completed,same-day
11030,1955,2024-09-17,completed,standard
11031,535,2026-05-30,completed,standard
11032,150,2025-06-20,completed,express
11033,1530,2025-01-26,completed,same-day
11034,1347,2024-06-23,cancelled,standard
11035,652,2025-06-29,completed,standard
11036,542,2026-08-11,completed,standard
11037,1144,2024-11-04,completed,express
11038,1343,2025-12-02,completed,express
11039,1157,2025-08-07,completed,standard
11040,745,2024-08-15,completed,standard
11041,1971,2026-01-23,completed,express
11042,1186,2024-12-13,completed,standard
11043,900,2026-08-07,completed,standard
11044,1002,2026-04-28,completed,standard
11045,1612,2025-09-27,completed,standard
11046,115,2026-07-24,completed,standard
11047,1609,2025-05-11,completed,standard
11048,1623,2025-12-13,completed,same-day
11049,35,2026-06-16,completed,express
11050,330,2025-09-01,completed,standard
11051,1954,2026-05-07,completed,standard
11052,1336,2024-10-01,completed,standard
11053,138,2024-09-14,completed,standard
11054,1732,2026-07-30,completed,standard
11055,1001,2025-05-20,completed,standard
11056,266,2026-05-29,completed,standard
11057,1325,2026-07-03,completed,same-day
11058,292,2026-05-29,completed,standard
11059,142,2024-05-14,returned,express
11060,399,2024-04-05,completed,standard
11061,483,2025-12-21,completed,standard
11062,1435,2026-01-12,completed,same-day
11063,1813,2025-09-07,completed,express
11064,1242,2026-06-28,completed,express
11065,927,2025-06-17,returned,standard
11066,1139,2026-08-08,completed,standard
11067,907,2025-11-21,completed,standard
11068,70,2026-08-20,completed,standard
11069,1910,2025-09-16,completed,standard
11070,949,2024-12-02,completed,standard
11071,144,2026-04-01,completed,standard
11072,849,2025-08-21,completed,express
11073,1783,2026-06-16,completed,standard
11074,459,2024-08-20,completed,standard
11075,1597,2025-07-22,cancelled,standard
11076,1971,2025-11-23,completed,standard
11077,363,2025-12-25,completed,standard
11078,873,2026-05-31,cancelled,standard
11079,772,2024-08-19,completed,standard
11080,1526,2025-08-14,completed,standard
11081,920,2025-03-14,completed,express
11082,671,2025-05-26,completed,standard
11083,1158,2025-11-04,completed,standard
11084,1067,2025-03-16,completed,standard
11085,1245,2026-02-14,completed,standard
11086,1298,2025-09-13,completed,standard
11087,837,2025-08-11,completed,standard
11088,470,2024-09-21,completed,express
11089,1275,2024-03-25,cancelled,standard
11090,411,2024-02-14,completed,standard
11091,1262,2025-04-19,completed,standard
11092,1148,2026-05-02,completed,standard
11093,1832,2025-04-28,completed,express
11094,1391,2025-07-01,completed,express
11095,401,2026-04-28,completed,express
11096,1205,2026-02-23,cancelled,express
11097,1260,2024-12-12,cancelled,standard
11098,758,2025-11-19,completed,standard
11099,611,2024-12-14,completed,standard
11100,59,2026-06-10,completed,standard
11101,1032,2026-06-20,completed,standard
11102,1450,2026-02-25,completed,express
11103,1161,2026-02-15,completed,standard
11104,663,2026-02-24,completed,standard
11105,463,2024-12-18,completed,express
11106,283,2025-06-30,completed,express
11107,310,2026-02-27,completed,standard
11108,1177,2026-01-22,completed,standard
11109,696,2024-07-07,completed,standard
11110,46,2026-07-29,completed,standard
11111,690,2026-03-13,completed,standard
11112,1616,2026-05-17,completed,express
11113,543,2026-02-21,completed,same-day
11114,560,2026-08-11,completed,same-day
11115,1281,2025-07-31,completed,standard
11116,1600,2025-10-06,cancelled,standard
11117,562,2024-11-16,completed,standard
11118,13,2026-04-07,completed,standard
11119,96,2025-06-27,completed,express
11120,275,2025-08-04,completed,standard
11121,1939,2024-02-15,completed,standard
11122,929,2026-03-31,completed,express
11123,607,2026-07-10,completed,express
11124,1094,2025-03-20,completed,standard
11125,1522,2026-07-24,completed,express
11126,1002,2025-03-12,completed,standard
11127,591,2026-02-08,completed,same-day
11128,892,2025-10-26,completed,same-day
11129,899,2025-09-28,completed,standard
11130,614,2026-01-01,completed,standard
11131,1883,2026-05-29,completed,standard
11132,837,2025-08-17,completed,standard
11133,397,2026-02-27,completed,same-day
11134,1778,2026-06-23,completed,standard
11135,850,2026-01-17,completed,standard
11136,1982,2026-01-20,returned,standard
11137,512,2024-10-03,returned,express
11138,654,2026-06-01,completed,express
11139,44,2025-12-15,completed,standard
11140,484,2024-10-04,returned,standard
11141,624,2024-06-11,completed,same-day
11142,437,2024-08-17,completed,standard
11143,394,2026-01-30,cancelled,standard
11144,1181,2025-10-03,completed,standard
11145,765,2026-03-11,completed,standard
11146,543,2024-12-04,completed,express
11147,850,2025-09-01,completed,express
11148,366,2026-01-20,completed,standard
11149,930,2024-12-26,completed,standard
11150,154,2025-10-26,completed,standard
11151,1761,2026-01-21,returned,express
11152,1136,2025-03-19,completed,express
11153,708,2026-03-26,completed,same-day
11154,1144,2024-12-06,completed,standard
11155,753,2025-04-23,completed,express
11156,635,2025-08-22,completed,express
11157,95,2025-08-21,cancelled,express
11158,734,2026-01-11,completed,standard
11159,933,2025-12-17,completed,standard
11160,16,2026-05-08,completed,standard
11161,727,2026-03-04,completed,express
11162,212,2024-03-29,completed,same-day
11163,1065,2025-09-11,completed,standard
11164,927,2025-04-28,completed,standard
11165,1348,2025-07-01,completed,express
11166,850,2026-04-18,completed,express
11167,466,2025-12-12,completed,standard
11168,152,2025-12-11,cancelled,standard
11169,622,2026-01-06,completed,express
11170,575,2025-05-04,completed,standard
11171,1056,2024-04-24,completed,standard
11172,1696,2025-10-05,completed,standard
11173,1679,2024-10-06,completed,same-day
11174,1524,2025-10-03,cancelled,standard
11175,1224,2026-04-10,completed,express
11176,689,2026-02-05,cancelled,standard
11177,558,2026-03-03,completed,standard
11178,1316,2026-04-23,completed,express
11179,493,2026-01-10,completed,standard
11180,1947,2026-04-01,completed,standard
11181,1505,2024-03-23,completed,express
11182,1745,2025-05-15,completed,standard
11183,1885,2026-07-16,completed,same-day
11184,580,2026-04-14,completed,standard
11185,439,2024-11-19,completed,standard
11186,1420,2026-05-02,cancelled,standard
11187,1574,2026-02-24,completed,standard
11188,1585,2025-09-29,completed,same-day
11189,606,2025-02-14,completed,standard
11190,235,2026-04-04,completed,standard
11191,1144,2026-03-27,completed,express
11192,1207,2025-05-12,completed,standard
11193,484,2026-04-02,completed,standard
11194,1217,2026-02-02,completed,standard
11195,1667,2026-06-05,completed,standard
11196,1890,2025-04-05,completed,express
11197,516,2026-03-21,completed,standard
11198,1161,2026-08-29,completed,standard
11199,564,2026-01-07,completed,same-day
11200,1154,2026-07-29,completed,standard
11201,538,2025-12-20,completed,express
11202,818,2026-03-29,completed,standard
11203,32,2026-08-03,completed,standard
11204,1515,2026-08-12,completed,standard
11205,1672,2026-05-01,completed,same-day
11206,1404,2026-02-06,completed,standard
11207,336,2026-02-03,completed,express
11208,445,2026-08-15,completed,standard
11209,1190,2026-05-27,completed,standard
11210,1009,2024-08-04,completed,standard
11211,248,2026-06-06,completed,standard
11212,1446,2026-07-10,completed,standard
11213,1447,2024-06-03,completed,same-day
11214,433,2025-05-31,completed,express
11215,1156,2024-07-12,completed,standard
11216,1634,2025-01-28,completed,standard
11217,1286,2025-07-16,cancelled,standard
11218,1761,2025-09-06,completed,standard
11219,1170,2024-11-20,completed,standard
11220,1868,2025-03-05,completed,same-day
11221,192,2025-02-23,completed,standard
11222,308,2024-09-10,cancelled,standard
11223,1935,2025-07-22,completed,same-day
11224,1997,2026-03-22,completed,standard
11225,1518,2024-03-23,cancelled,express
11226,888,2025-09-27,completed,standard
11227,118,2025-06-27,completed,standard
11228,341,2025-11-08,completed,express
11229,1719,2025-11-16,completed,standard
11230,1520,2026-05-12,completed,standard
11231,959,2024-11-26,completed,standard
11232,597,2025-11-06,completed,standard
11233,1700,2024-12-16,completed,standard
11234,687,2026-08-21,completed,standard
11235,569,2025-09-20,completed,standard
11236,1421,2025-11-18,completed,standard
11237,823,2024-03-18,cancelled,express
11238,667,2026-06-29,completed,standard
11239,1602,2024-08-24,completed,express
11240,256,2026-08-03,completed,standard
11241,1554,2025-11-30,completed,standard
11242,71,2026-07-05,completed,express
11243,20,2025-09-12,completed,same-day
11244,598,2025-07-21,cancelled,express
11245,1139,2026-01-14,completed,express
11246,1693,2024-04-07,completed,standard
11247,755,2025-10-25,completed,express
11248,122,2025-12-16,completed,express
11249,1447,2025-06-18,completed,same-day
11250,442,2024-11-29,completed,standard
11251,104,2024-03-14,completed,standard
11252,53,2025-07-23,completed,standard
11253,1793,2026-03-30,completed,express
11254,1745,2026-07-25,returned,standard
11255,205,2024-06-06,completed,same-day
11256,1557,2026-03-22,completed,standard
11257,403,2025-10-02,completed,standard
11258,1725,2024-02-28,completed,same-day
11259,661,2024-12-24,completed,standard
11260,781,2025-01-31,completed,express
11261,704,2024-11-06,completed,express
11262,1416,2025-05-25,completed,express
11263,776,2026-04-08,completed,express
11264,654,2026-01-10,cancelled,standard
11265,668,2026-08-14,completed,same-day
11266,1356,2026-02-28,completed,standard
11267,942,2025-10-26,completed,standard
11268,4,2025-09-10,completed,standard
11269,1881,2026-01-29,completed,standard
11270,1944,2025-08-11,completed,standard
11271,153,2026-08-24,completed,express
11272,1151,2026-08-15,completed,standard
11273,432,2024-11-09,completed,standard
11274,132,2024-04-24,completed,standard
11275,1414,2024-03-03,cancelled,standard
11276,1109,2026-05-18,completed,standard
11277,371,2025-05-07,completed,standard
11278,1397,2025-02-02,completed,standard
11279,788,2025-03-30,completed,standard
11280,438,2025-11-13,completed,standard
11281,141,2025-09-12,completed,express
11282,1870,2026-05-15,completed,standard
11283,1106,2025-01-16,completed,standard
11284,92,2026-07-09,completed,standard
11285,405,2024-11-01,completed,standard
11286,1777,2025-11-05,completed,same-day
11287,374,2026-03-11,completed,same-day
11288,813,2026-05-28,completed,standard
11289,1865,2025-07-31,completed,standard
11290,1479,2025-12-16,completed,standard
11291,65,2024-04-22,completed,express
11292,494,2025-04-25,completed,standard
11293,615,2026-08-15,cancelled,standard
11294,581,2026-03-12,completed,standard
11295,529,2025-07-11,cancelled,standard
11296,411,2024-06-08,completed,standard
11297,207,2025-06-26,completed,standard
11298,597,2024-12-31,completed,standard
11299,1328,2025-07-06,completed,express
11300,1430,2025-05-07,completed,standard
11301,829,2025-07-07,completed,same-day
11302,1479,2026-04-27,completed,express
11303,1349,2025-12-15,completed,standard
11304,1318,2026-02-12,completed,standard
11305,1563,2025-04-11,completed,standard
11306,1087,2026-07-24,completed,standard
11307,54,2026-05-01,completed,standard
11308,1108,2025-01-10,completed,express
11309,1803,2026-06-16,completed,standard
11310,1899,2024-11-14,completed,standard
11311,622,2025-11-24,completed,express
11312,1418,2024-09-03,completed,standard
11313,276,2026-01-23,completed,standard
11314,1719,2025-10-16,completed,standard
11315,755,2026-05-29,completed,express
11316,1170,2025-05-21,completed,standard
11317,96,2025-09-25,completed,standard
11318,1768,2026-08-18,completed,standard
11319,1308,2026-08-18,completed,standard
11320,1293,2026-03-13,completed,standard
11321,1947,2025-10-15,completed,standard
11322,873,2025-04-29,completed,standard
11323,566,2025-02-25,completed,standard
11324,932,2026-06-01,cancelled,standard
11325,369,2025-03-18,completed,express
11326,72,2025-01-28,completed,express
11327,411,2026-01-09,completed,standard
11328,631,2026-07-15,completed,standard
11329,304,2025-05-28,completed,express
11330,1080,2026-08-04,completed,standard
11331,1585,2026-07-11,cancelled,standard
11332,725,2026-08-26,completed,standard
11333,89,2026-03-28,completed,standard
11334,315,2026-03-26,completed,standard
11335,1121,2025-06-21,completed,standard
11336,1889,2026-01-23,completed,same-day
11337,842,2026-01-12,completed,standard
11338,670,2025-06-14,completed,standard
11339,894,2026-08-18,completed,standard
11340,667,2026-02-22,completed,express
11341,1739,2025-04-12,completed,standard
11342,1845,2025-08-12,completed,standard
11343,311,2024-03-12,completed,standard
11344,396,2025-11-29,completed,standard
11345,1048,2024-05-26,completed,express
11346,301,2024-07-17,returned,express
11347,1589,2026-02-23,completed,standard
11348,18,2025-10-19,completed,standard
11349,31,2026-07-21,completed,standard
11350,653,2026-08-25,returned,express
11351,1151,2026-07-17,completed,standard
11352,207,2026-04-09,completed,standard
11353,403,2025-08-12,completed,standard
11354,20,2025-02-04,completed,standard
11355,43,2024-02-12,completed,standard
11356,388,2026-03-15,completed,standard
11357,815,2025-05-23,completed,standard
11358,878,2025-12-26,completed,standard
11359,1468,2024-06-27,completed,same-day
11360,237,2026-03-20,cancelled,standard
11361,1802,2026-07-30,completed,standard
11362,1568,2024-01-22,completed,standard
11363,722,2025-06-09,completed,standard
11364,1631,2025-09-06,completed,same-day
11365,871,2026-05-16,completed,standard
11366,850,2026-01-26,completed,standard
11367,1550,2025-06-14,completed,express
11368,1221,2026-01-01,completed,standard
11369,686,2025-08-09,completed,standard
11370,1627,2025-09-01,completed,standard
11371,495,2025-06-02,completed,standard
11372,1495,2024-02-11,completed,standard
11373,341,2026-06-19,completed,express
11374,1284,2026-04-14,completed,same-day
11375,416,2025-08-26,returned,standard
11376,152,2026-06-05,completed,standard
11377,1808,2025-04-25,completed,express
11378,1820,2025-08-04,completed,standard
11379,1469,2025-09-29,completed,standard
11380,1114,2024-10-12,cancelled,express
11381,516,2024-02-23,completed,standard
11382,980,2026-05-02,completed,standard
11383,466,2025-11-03,completed,standard
11384,429,2025-04-02,completed,standard
11385,1436,2024-08-13,completed,standard
11386,1902,2026-04-13,completed,standard
11387,256,2026-07-05,completed,standard
11388,246,2026-08-05,completed,standard
11389,588,2026-04-15,completed,express
11390,131,2025-03-05,completed,express
11391,1947,2026-04-12,cancelled,standard
11392,1168,2025-08-13,completed,standard
11393,1479,2026-04-28,completed,standard
11394,2000,2024-11-02,completed,standard
11395,1539,2025-12-03,completed,standard
11396,175,2024-03-20,completed,standard
11397,1438,2026-08-09,completed,same-day
11398,1916,2025-06-07,completed,standard
11399,1325,2025-12-09,cancelled,standard
11400,256,2025-05-21,completed,standard
11401,101,2025-08-05,completed,standard
11402,739,2025-01-08,completed,same-day
11403,875,2026-02-15,completed,standard
11404,1752,2025-12-15,completed,express
11405,825,2026-05-28,completed,standard
11406,1662,2024-08-04,completed,standard
11407,1323,2025-10-03,completed,express
11408,1097,2024-10-23,completed,standard
11409,1459,2026-07-04,completed,standard
11410,1918,2025-01-11,completed,standard
11411,1663,2025-11-04,completed,same-day
11412,953,2026-06-23,completed,standard
11413,1272,2025-05-13,completed,same-day
11414,999,2026-07-29,returned,express
11415,1649,2025-08-06,completed,standard
11416,825,2025-04-29,completed,standard
11417,1246,2026-06-02,completed,standard
11418,1664,2024-10-05,completed,standard
11419,1873,2025-05-19,completed,standard
11420,357,2026-06-29,completed,standard
11421,527,2025-11-09,completed,express
11422,766,2025-08-10,completed,standard
11423,1280,2026-04-28,completed,standard
11424,451,2026-03-29,completed,express
11425,1740,2026-06-12,completed,standard
11426,878,2026-07-01,completed,standard
11427,1579,2024-07-08,completed,express
11428,939,2025-05-16,completed,standard
11429,289,2025-05-21,completed,same-day
11430,1020,2024-06-18,completed,express
11431,1862,2026-02-10,completed,standard
11432,353,2024-02-25,completed,standard
11433,628,2026-06-22,completed,same-day
11434,77,2026-03-28,completed,standard
11435,1912,2025-01-03,completed,express
11436,1564,2025-12-29,completed,standard
11437,679,2025-01-08,completed,standard
11438,782,2025-06-16,completed,standard
11439,1074,2025-06-06,completed,standard
11440,1427,2026-04-14,completed,express
11441,1830,2026-06-24,completed,standard
11442,1450,2024-01-13,completed,express
11443,287,2024-06-05,completed,same-day
11444,491,2025-01-08,completed,standard
11445,495,2026-06-14,completed,standard
11446,367,2025-08-09,completed,express
11447,1151,2024-11-21,cancelled,express
11448,1882,2026-07-24,completed,standard
11449,1592,2026-01-06,completed,express
11450,192,2025-06-25,completed,standard
11451,163,2024-05-15,completed,express
11452,1958,2026-04-11,completed,express
11453,230,2026-04-17,completed,standard
11454,916,2026-02-26,completed,standard
11455,1033,2026-06-02,completed,standard
11456,467,2025-12-07,completed,standard
11457,685,2025-11-17,completed,standard
11458,1379,2026-07-09,cancelled,standard
11459,829,2025-05-25,completed,express
11460,1837,2026-01-16,completed,same-day
11461,1228,2025-11-19,completed,standard
11462,1341,2024-07-15,completed,standard
11463,1779,2026-06-26,completed,standard
11464,1797,2026-05-03,completed,express
11465,908,2025-04-28,completed,standard
11466,95,2025-08-18,returned,standard
11467,1647,2025-07-16,completed,standard
11468,578,2025-02-02,completed,express
11469,70,2025-11-19,completed,standard
11470,1258,2026-04-01,completed,standard
11471,446,2026-07-14,completed,standard
11472,297,2025-09-03,completed,standard
11473,198,2026-02-21,completed,standard
11474,1945,2026-05-12,completed,standard
11475,1236,2025-10-20,completed,standard
11476,1394,2026-02-03,completed,standard
11477,349,2026-08-05,completed,standard
11478,630,2024-12-11,completed,standard
11479,1767,2024-04-11,completed,standard
11480,1526,2026-07-15,completed,standard
11481,996,2025-06-15,completed,standard
11482,339,2024-10-01,cancelled,standard
11483,278,2026-06-04,completed,express
11484,991,2025-08-05,completed,standard
11485,769,2026-04-05,completed,standard
11486,509,2025-04-29,completed,standard
11487,437,2026-02-02,cancelled,standard
11488,908,2024-07-21,completed,standard
11489,318,2024-02-09,completed,express
11490,713,2024-06-15,completed,express
11491,573,2025-07-09,completed,standard
11492,282,2025-12-23,completed,standard
11493,745,2025-12-21,completed,same-day
11494,747,2026-01-13,completed,express
11495,634,2026-05-19,completed,same-day
11496,1623,2024-10-10,completed,standard
11497,1186,2025-05-15,completed,standard
11498,1292,2025-06-17,returned,standard
11499,1696,2024-08-21,completed,standard
11500,378,2025-11-04,completed,standard
11501,384,2026-04-04,completed,standard
11502,1471,2026-08-28,completed,same-day
11503,1389,2026-05-08,completed,express
11504,1632,2024-08-04,completed,same-day
11505,400,2026-07-22,completed,express
11506,574,2026-05-01,completed,standard
11507,598,2026-07-24,completed,express
11508,1750,2026-01-22,cancelled,standard
11509,1666,2025-10-14,completed,standard
11510,604,2025-04-14,completed,standard
11511,1679,2025-11-17,completed,express
11512,1006,2026-08-03,completed,express
11513,1199,2025-06-16,completed,standard
11514,1845,2026-06-04,completed,express
11515,24,2026-03-06,completed,standard
11516,930,2026-02-08,completed,standard
11517,1611,2026-03-20,completed,standard
11518,21,2025-03-22,cancelled,standard
11519,741,2026-04-21,completed,standard
11520,1367,2025-09-15,completed,standard
11521,1529,2026-06-01,cancelled,express
11522,1370,2026-02-03,completed,standard
11523,139,2025-06-20,completed,standard
11524,1529,2025-02-24,returned,standard
11525,621,2025-08-21,completed,standard
11526,1578,2026-03-21,completed,standard
11527,893,2025-09-10,completed,standard
11528,514,2026-02-12,completed,standard
11529,1407,2026-06-21,completed,standard
11530,356,2026-05-29,completed,standard
11531,850,2025-01-24,completed,standard
11532,1318,2026-07-10,completed,express
11533,312,2025-07-30,completed,standard
11534,1750,2026-01-19,completed,standard
11535,1479,2025-05-12,completed,express
11536,825,2024-09-30,completed,express
11537,536,2025-04-27,completed,standard
11538,904,2025-02-08,returned,standard
11539,1005,2026-03-25,completed,standard
11540,631,2025-10-22,completed,express
11541,334,2026-04-23,completed,standard
11542,1823,2025-09-16,completed,express
11543,1140,2025-09-25,completed,standard
11544,33,2026-07-28,returned,standard
11545,157,2024-10-29,completed,standard
11546,795,2026-07-12,completed,express
11547,1091,2025-09-20,completed,standard
11548,278,2025-09-09,completed,express
11549,1210,2025-06-14,completed,express
11550,53,2025-07-09,completed,standard
11551,729,2024-07-05,completed,standard
11552,1450,2025-06-20,completed,standard
11553,308,2025-03-05,completed,standard
11554,1188,2026-05-28,completed,standard
11555,225,2025-06-17,completed,standard
11556,638,2025-05-18,returned,express
11557,1726,2025-11-05,completed,standard
11558,1858,2025-10-02,completed,standard
11559,820,2025-06-08,returned,standard
11560,80,2025-09-15,completed,standard
11561,1187,2025-10-07,completed,express
11562,626,2025-10-08,completed,same-day
11563,1332,2026-06-07,completed,express
11564,1168,2025-04-05,completed,standard
11565,462,2026-01-01,completed,standard
11566,484,2026-06-24,completed,standard
11567,1340,2025-02-11,completed,standard
11568,1625,2026-06-13,completed,standard
11569,1292,2025-07-27,completed,same-day
11570,338,2025-06-11,completed,standard
11571,1246,2024-06-11,completed,standard
11572,589,2026-03-14,completed,express
11573,1525,2026-02-20,completed,express
11574,353,2025-07-29,completed,standard
11575,859,2025-03-11,completed,standard
11576,148,2025-07-28,completed,standard
11577,1328,2024-03-20,completed,standard
11578,1248,2025-03-08,cancelled,standard
11579,52,2025-03-01,completed,standard
11580,1340,2026-05-16,completed,standard
11581,673,2026-08-24,completed,express
11582,382,2024-08-02,completed,standard
11583,1447,2024-10-30,completed,same-day
11584,441,2025-05-03,completed,standard
11585,1083,2025-06-22,completed,standard
11586,1700,2026-04-19,completed,standard
11587,84,2026-05-02,completed,standard
11588,1152,2024-11-17,completed,standard
11589,1700,2025-06-19,completed,standard
11590,445,2026-06-19,returned,standard
11591,1709,2024-09-11,cancelled,standard
11592,123,2025-12-10,completed,standard
11593,1286,2024-12-24,completed,standard
11594,346,2025-08-28,completed,standard
11595,298,2025-01-08,completed,standard
11596,1900,2025-11-09,completed,express
11597,340,2026-04-06,completed,standard
11598,149,2025-09-22,completed,standard
11599,1497,2026-02-12,completed,standard
11600,1029,2026-03-10,completed,same-day
11601,1823,2025-09-22,completed,standard
11602,217,2024-12-18,completed,standard
11603,737,2025-11-27,completed,same-day
11604,301,2025-06-01,completed,standard
11605,868,2025-01-20,completed,standard
11606,831,2026-02-28,completed,standard
11607,1007,2026-08-16,completed,standard
11608,801,2026-03-01,completed,standard
11609,1783,2024-11-11,completed,express
11610,200,2026-02-19,completed,express
11611,1171,2025-12-27,completed,standard
11612,1068,2025-05-01,completed,standard
11613,523,2025-11-09,completed,same-day
11614,1082,2024-12-03,completed,standard
11615,772,2025-05-31,completed,standard
11616,1977,2026-05-28,completed,express
11617,1498,2026-07-08,completed,standard
11618,1673,2026-04-13,completed,standard
11619,1348,2026-05-02,completed,standard
11620,81,2025-06-26,completed,same-day
11621,769,2025-06-16,completed,express
11622,1145,2025-11-02,completed,standard
11623,1013,2026-05-12,completed,standard
11624,1865,2025-07-30,completed,standard
11625,880,2025-12-01,completed,same-day
11626,1056,2025-02-02,completed,standard
11627,484,2024-11-18,completed,standard
11628,622,2024-05-06,completed,standard
11629,647,2025-06-26,completed,express
11630,1473,2025-08-28,completed,standard
11631,768,2025-05-17,completed,standard
11632,801,2024-10-04,completed,standard
11633,1892,2024-05-11,completed,standard
11634,795,2025-07-12,completed,standard
11635,617,2024-12-27,cancelled,express
11636,1488,2025-01-22,completed,standard
11637,1194,2024-10-10,completed,standard
11638,1448,2025-02-01,completed,standard
11639,430,2024-09-26,completed,standard
11640,1319,2026-06-09,completed,standard
11641,215,2024-08-08,completed,express
11642,276,2026-05-03,completed,standard
11643,1860,2025-04-14,completed,standard
11644,1619,2024-02-27,completed,standard
11645,352,2025-10-26,completed,standard
11646,380,2024-08-21,completed,express
11647,32,2026-03-13,completed,standard
11648,1382,2024-04-01,completed,standard
11649,87,2024-05-02,completed,standard
11650,317,2025-07-05,completed,express
11651,504,2025-01-26,completed,standard
11652,429,2024-03-31,returned,standard
11653,1948,2025-08-30,completed,same-day
11654,558,2024-06-23,completed,standard
11655,974,2025-05-12,completed,standard
11656,1029,2024-12-24,completed,express
11657,1754,2024-03-20,completed,standard
11658,1544,2025-02-14,cancelled,standard
11659,1404,2026-08-12,completed,standard
11660,215,2024-04-03,completed,standard
11661,941,2025-05-07,completed,standard
11662,1230,2026-06-27,completed,standard
11663,301,2025-04-18,completed,standard
11664,1518,2025-10-17,completed,standard
11665,1181,2025-05-04,completed,same-day
11666,1191,2025-12-14,completed,express
11667,1226,2025-03-08,completed,standard
11668,1155,2026-08-08,returned,express
11669,1061,2025-02-27,completed,standard
11670,1303,2024-04-24,completed,standard
11671,1034,2024-04-01,returned,standard
11672,394,2026-06-26,completed,express
11673,1470,2026-08-19,completed,standard
11674,39,2024-12-09,completed,standard
11675,434,2025-07-20,completed,standard
11676,860,2026-07-25,completed,standard
11677,817,2024-08-21,cancelled,standard
11678,1474,2024-09-03,completed,standard
11679,1488,2026-02-17,completed,standard
11680,1415,2026-05-15,completed,standard
11681,119,2025-10-27,completed,standard
11682,687,2024-11-05,completed,standard
11683,386,2024-12-17,completed,standard
11684,314,2026-03-12,cancelled,standard
11685,667,2025-09-06,completed,standard
11686,1093,2026-03-01,completed,standard
11687,370,2026-01-06,completed,standard
11688,184,2025-07-26,completed,standard
11689,636,2026-07-12,completed,express
11690,88,2025-10-27,completed,express
11691,1620,2025-10-06,completed,standard
11692,539,2026-04-26,completed,standard
11693,1768,2025-03-22,completed,standard
11694,1797,2026-05-23,returned,express
11695,1104,2024-12-21,completed,express
11696,3,2025-06-21,completed,standard
11697,702,2025-01-22,completed,same-day
11698,1381,2025-10-22,completed,standard
11699,1851,2025-08-24,returned,express
11700,1683,2025-05-09,completed,express
11701,1232,2026-01-06,cancelled,standard
11702,1322,2025-11-29,completed,standard
11703,1134,2025-09-03,completed,standard
11704,1224,2026-04-09,completed,standard
11705,114,2026-07-14,completed,standard
11706,792,2026-06-28,completed,express
11707,1400,2024-12-04,completed,standard
11708,320,2025-03-22,completed,express
11709,915,2026-05-04,completed,standard
11710,869,2024-08-26,completed,express
11711,484,2025-07-03,completed,standard
11712,451,2026-07-19,completed,same-day
11713,1685,2026-08-14,completed,standard
11714,1988,2025-06-16,completed,standard
11715,407,2025-10-12,completed,standard
11716,1739,2024-02-25,completed,same-day
11717,1221,2025-06-14,completed,express
11718,764,2026-03-04,completed,express
11719,1582,2026-01-07,cancelled,same-day
11720,1920,2026-08-06,completed,standard
11721,424,2025-11-12,completed,standard
11722,971,2026-02-22,completed,standard
11723,1800,2025-01-03,completed,express
11724,161,2025-12-22,completed,standard
11725,666,2025-06-12,completed,standard
11726,220,2026-01-04,completed,standard
11727,1263,2026-04-08,completed,standard
11728,1091,2025-11-17,completed,standard
11729,1623,2025-05-15,completed,standard
11730,1653,2025-05-31,completed,same-day
11731,803,2025-05-18,completed,standard
11732,791,2025-08-29,completed,standard
11733,201,2026-04-27,completed,standard
11734,865,2025-11-28,completed,express
11735,604,2025-09-29,cancelled,standard
11736,1552,2025-09-27,completed,express
11737,2,2025-09-02,completed,standard
11738,145,2025-08-03,completed,standard
11739,303,2026-06-22,completed,standard
11740,1020,2026-06-06,completed,express
11741,306,2025-09-20,completed,standard
11742,1799,2025-09-01,completed,standard
11743,1436,2026-08-03,completed,express
11744,298,2026-06-12,completed,standard
11745,1346,2026-01-02,completed,standard
11746,1694,2026-08-13,completed,standard
11747,1461,2026-08-22,completed,standard
11748,443,2024-05-17,completed,standard
11749,1793,2025-01-06,returned,standard
11750,923,2024-04-04,completed,express
11751,1200,2024-10-25,cancelled,same-day
11752,1710,2025-01-11,completed,express
11753,1064,2025-11-02,completed,same-day
11754,643,2025-11-15,completed,standard
11755,1877,2024-08-21,completed,standard
11756,1472,2024-11-11,completed,standard
11757,1405,2025-12-28,cancelled,standard
11758,810,2025-07-03,completed,standard
11759,1789,2026-05-19,completed,standard
11760,993,2025-09-22,completed,express
11761,183,2025-03-02,completed,same-day
11762,84,2025-07-12,completed,standard
11763,1509,2024-09-19,completed,standard
11764,1447,2026-02-15,completed,standard
11765,1650,2026-07-06,completed,standard
11766,326,2025-05-12,completed,same-day
11767,1270,2026-06-30,completed,standard
11768,1870,2025-07-02,completed,standard
11769,1052,2026-08-08,completed,express
11770,1711,2024-12-05,completed,standard
11771,1626,2025-09-05,completed,standard
11772,491,2024-12-03,completed,express
11773,147,2026-07-14,completed,standard
11774,247,2026-06-11,completed,standard
11775,1215,2025-01-13,completed,standard
11776,1914,2025-10-08,completed,standard
11777,224,2024-06-12,completed,standard
11778,1837,2026-07-28,completed,express
11779,1395,2026-03-05,cancelled,standard
11780,697,2024-12-18,completed,express
11781,1190,2024-04-20,completed,standard
11782,1164,2026-01-14,completed,standard
11783,1073,2024-07-09,completed,express
11784,490,2024-06-05,completed,express
11785,1390,2026-03-05,completed,standard
11786,692,2026-07-21,completed,standard
11787,1004,2026-04-17,completed,express
11788,1469,2026-08-01,completed,standard
11789,32,2025-09-01,completed,standard
11790,1435,2026-02-05,completed,standard
11791,1463,2025-07-06,completed,standard
11792,1407,2025-08-17,completed,express
11793,747,2024-10-13,cancelled,standard
11794,1397,2026-01-26,cancelled,standard
11795,1641,2025-01-23,completed,standard
11796,1074,2025-04-16,completed,standard
11797,1525,2025-01-07,completed,standard
11798,1224,2026-05-16,completed,standard
11799,699,2025-05-27,completed,standard
11800,1658,2025-02-22,completed,standard
11801,271,2025-03-01,completed,same-day
11802,893,2026-08-06,completed,standard
11803,610,2024-12-26,completed,standard
11804,1023,2026-03-03,completed,express
11805,1137,2024-09-14,completed,standard
11806,1906,2026-06-04,completed,standard
11807,680,2026-07-24,completed,standard
11808,442,2024-08-06,completed,same-day
11809,544,2026-07-23,completed,standard
11810,867,2025-12-04,completed,express
11811,1273,2025-10-22,completed,express
11812,1525,2024-08-20,completed,standard
11813,1475,2026-05-10,returned,express
11814,1769,2025-07-31,completed,express
11815,1163,2026-08-22,completed,express
11816,1217,2026-04-24,completed,standard
11817,887,2025-05-22,cancelled,standard
11818,1255,2026-01-29,completed,standard
11819,279,2025-04-13,completed,standard
11820,1236,2026-05-11,completed,standard
11821,844,2026-02-22,completed,standard
11822,1977,2024-01-17,completed,express
11823,603,2025-04-06,cancelled,standard
11824,1526,2026-07-15,completed,express
11825,1152,2024-10-14,completed,standard
11826,787,2025-12-04,completed,standard
11827,42,2026-06-25,completed,standard
11828,7,2025-07-30,completed,standard
11829,1564,2025-09-01,completed,express
11830,915,2026-05-13,completed,standard
11831,1373,2026-05-01,completed,same-day
11832,1005,2026-03-07,completed,standard
11833,1121,2024-06-07,completed,standard
11834,1372,2026-08-15,completed,express
11835,1698,2025-08-20,completed,express
11836,562,2024-06-22,cancelled,standard
11837,550,2026-04-30,completed,express
11838,1907,2025-10-19,completed,standard
11839,380,2025-04-18,completed,standard
11840,1218,2024-02-04,completed,standard
11841,1017,2025-07-02,completed,standard
11842,598,2024-03-14,completed,standard
11843,820,2025-04-20,completed,standard
11844,481,2025-12-31,cancelled,standard
11845,1676,2025-11-16,completed,express
11846,1046,2025-07-22,completed,standard
11847,1260,2026-05-07,completed,same-day
11848,407,2025-10-15,completed,standard
11849,1466,2026-06-18,completed,express
11850,1079,2024-05-31,cancelled,standard
11851,1073,2025-12-29,completed,same-day
11852,1996,2026-06-19,completed,standard
11853,582,2025-07-10,completed,standard
11854,1173,2025-09-06,completed,same-day
11855,53,2026-07-26,completed,standard
11856,575,2025-10-11,completed,express
11857,20,2024-05-09,completed,express
11858,1211,2026-06-21,completed,express
11859,1327,2025-12-28,completed,standard
11860,1036,2025-09-24,completed,express
11861,783,2026-04-08,completed,standard
11862,20,2025-12-12,completed,standard
11863,1931,2024-06-24,completed,standard
11864,228,2025-09-28,completed,express
11865,1772,2026-01-30,completed,standard
11866,60,2024-12-24,completed,standard
11867,792,2026-05-14,completed,standard
11868,1922,2024-08-25,completed,same-day
11869,76,2026-01-19,completed,standard
11870,797,2024-12-16,returned,standard
11871,1109,2026-02-17,completed,standard
11872,1803,2025-12-30,completed,standard
11873,35,2025-03-11,completed,standard
11874,1094,2026-01-09,completed,standard
11875,540,2026-03-24,completed,express
11876,1666,2024-07-03,completed,same-day
11877,709,2026-04-21,returned,same-day
11878,200,2025-07-25,completed,standard
11879,439,2024-10-25,completed,standard
11880,1115,2025-06-03,completed,standard
11881,1085,2026-01-07,completed,same-day
11882,1114,2025-01-05,completed,standard
11883,1745,2025-11-04,completed,standard
11884,1611,2025-11-21,completed,same-day
11885,652,2025-10-31,completed,standard
11886,604,2026-04-13,completed,standard
11887,1628,2025-09-03,completed,standard
11888,1107,2026-06-19,completed,standard
11889,1239,2025-12-09,returned,standard
11890,1473,2024-11-28,completed,express
11891,522,2024-03-18,completed,express
11892,1707,2025-11-14,completed,standard
11893,1992,2026-01-26,completed,standard
11894,1111,2025-07-22,completed,standard
11895,829,2025-04-23,completed,standard
11896,1728,2024-10-29,completed,standard
11897,28,2025-11-04,completed,standard
11898,1852,2024-05-05,completed,express
11899,891,2025-09-12,completed,standard
11900,732,2026-04-24,completed,express
11901,25,2024-06-13,returned,standard
11902,1,2026-08-26,completed,express
11903,88,2026-05-11,completed,express
11904,682,2026-01-21,completed,express
11905,774,2025-03-05,completed,standard
11906,1358,2025-09-26,completed,standard
11907,195,2026-08-18,completed,standard
11908,1775,2026-04-24,completed,express
11909,1557,2026-06-07,completed,express
11910,704,2025-06-29,completed,express
11911,401,2026-02-07,completed,same-day
11912,1822,2025-07-15,completed,standard
11913,1901,2024-09-03,completed,same-day
11914,767,2025-10-02,completed,express
11915,186,2025-11-12,completed,standard
11916,520,2026-01-16,completed,standard
11917,1136,2025-08-10,completed,standard
11918,1650,2026-02-27,completed,standard
11919,1957,2025-05-07,completed,standard
11920,1333,2025-11-25,completed,standard
11921,1793,2025-05-16,completed,standard
11922,584,2024-11-26,completed,standard
11923,894,2026-05-21,completed,standard
11924,100,2025-09-27,completed,standard
11925,1519,2025-12-25,completed,standard
11926,1828,2024-07-16,completed,express
11927,1824,2025-02-20,cancelled,standard
11928,1307,2024-10-10,completed,standard
11929,1068,2024-04-25,completed,standard
11930,315,2024-01-20,completed,standard
11931,1751,2026-07-10,completed,standard
11932,1609,2025-07-28,completed,standard
11933,60,2025-02-15,returned,express
11934,1263,2025-12-02,completed,express
11935,403,2024-05-03,completed,same-day
11936,737,2025-01-26,completed,standard
11937,1379,2026-01-20,completed,standard
11938,91,2024-12-24,completed,same-day
11939,541,2025-10-16,completed,standard
11940,588,2026-05-20,completed,standard
11941,1900,2025-01-30,completed,standard
11942,502,2025-01-08,completed,standard
11943,1202,2026-08-23,completed,standard
11944,1878,2025-08-05,completed,standard
11945,780,2025-10-05,completed,standard
11946,547,2024-12-09,completed,standard
11947,679,2024-02-15,completed,standard
11948,842,2026-02-23,completed,standard
11949,1805,2026-04-06,completed,standard
11950,799,2025-12-09,cancelled,standard
11951,1833,2024-12-26,completed,standard
11952,322,2026-05-18,completed,standard
11953,1881,2024-11-21,cancelled,express
11954,749,2026-08-17,completed,express
11955,1578,2025-10-16,completed,standard
11956,243,2025-07-31,completed,standard
11957,640,2025-01-24,completed,standard
11958,681,2024-10-23,completed,express
11959,1196,2025-05-10,cancelled,express
11960,1740,2025-10-02,completed,express
11961,267,2025-01-16,completed,standard
11962,1865,2026-05-23,completed,express
11963,1534,2025-09-30,completed,express
11964,361,2026-08-17,completed,standard
11965,1708,2026-07-16,returned,express
11966,241,2024-01-19,completed,standard
11967,15,2026-04-10,completed,same-day
11968,467,2025-04-23,completed,express
11969,1863,2024-12-27,completed,standard
11970,1295,2025-08-26,completed,standard
11971,586,2026-03-09,completed,express
11972,1589,2025-06-11,completed,standard
11973,516,2025-12-14,completed,standard
11974,609,2026-04-06,completed,standard
11975,1801,2025-12-26,completed,express
11976,601,2024-03-12,completed,standard
11977,572,2025-03-12,completed,same-day
11978,1574,2025-04-26,completed,express
11979,737,2026-06-29,completed,express
11980,441,2026-06-27,completed,express
11981,871,2026-07-07,completed,express
11982,335,2024-05-29,completed,standard
11983,1693,2024-06-30,cancelled,express
11984,1634,2026-02-14,completed,standard
11985,1075,2024-09-16,completed,standard
11986,620,2025-06-06,completed,express
11987,983,2026-07-19,completed,same-day
11988,159,2026-02-08,completed,express
11989,268,2025-03-24,completed,standard
11990,659,2026-02-24,completed,same-day
11991,687,2026-02-10,completed,standard
11992,194,2025-02-03,completed,express
11993,1407,2025-09-24,completed,standard
11994,1721,2025-06-11,completed,standard
11995,1194,2026-08-25,completed,standard
11996,6,2025-09-29,cancelled,standard
11997,495,2024-07-22,completed,standard
11998,247,2026-05-06,completed,standard
11999,362,2025-04-13,completed,standard
12000,176,2026-07-30,returned,same-day
12001,1734,2025-06-04,completed,standard
12002,1858,2025-02-06,completed,standard
12003,1558,2026-05-14,returned,standard
12004,469,2025-12-02,completed,same-day
12005,1557,2026-01-23,completed,standard
12006,280,2025-11-29,completed,standard
12007,1942,2026-08-14,completed,express
12008,998,2024-07-19,returned,standard
12009,848,2026-05-24,completed,standard
12010,540,2024-07-19,completed,standard
12011,1286,2026-08-20,completed,standard
12012,1462,2025-08-27,completed,express
12013,1236,2024-02-19,completed,standard
12014,1114,2025-04-06,returned,standard
12015,1426,2025-12-22,completed,express
12016,635,2025-11-29,completed,standard
12017,642,2025-10-26,completed,standard
12018,355,2026-08-01,cancelled,express
12019,1340,2025-06-14,completed,standard
12020,333,2026-07-16,completed,standard
12021,1681,2025-06-27,completed,standard
12022,275,2026-02-05,completed,same-day
12023,1717,2024-12-11,completed,standard
12024,194,2026-02-18,completed,standard
12025,222,2025-05-26,completed,standard
12026,1012,2026-05-05,completed,standard
12027,984,2024-07-21,returned,express
12028,1230,2025-12-04,completed,express
12029,894,2026-05-31,returned,standard
12030,105,2025-06-20,cancelled,standard
12031,1833,2025-06-25,completed,express
12032,1065,2026-08-18,completed,standard
12033,1274,2025-08-18,completed,standard
12034,718,2025-11-07,cancelled,standard
12035,1199,2026-06-01,completed,express
12036,516,2026-02-05,cancelled,standard
12037,908,2026-01-04,completed,standard
12038,538,2026-01-31,completed,standard
12039,457,2026-04-22,completed,standard
12040,724,2026-04-04,completed,standard
12041,424,2024-11-17,completed,express
12042,1544,2026-03-23,completed,standard
12043,591,2024-08-30,completed,standard
12044,1743,2025-02-15,completed,express
12045,1463,2025-12-26,completed,standard
12046,1703,2025-08-08,completed,standard
12047,588,2025-12-19,completed,standard
12048,1666,2025-05-17,completed,express
12049,1686,2024-11-04,completed,standard
12050,229,2026-03-21,completed,standard
12051,1166,2025-04-18,completed,standard
12052,1408,2026-03-08,completed,express
12053,1959,2025-10-24,cancelled,express
12054,919,2025-01-30,completed,express
12055,518,2025-09-18,completed,standard
12056,1692,2025-11-04,completed,standard
12057,1206,2026-06-06,completed,standard
12058,71,2026-07-19,completed,express
12059,459,2024-08-28,completed,standard
12060,1028,2024-08-06,completed,standard
12061,58,2026-01-17,completed,standard
12062,384,2026-01-15,completed,standard
12063,1066,2026-03-21,completed,same-day
12064,840,2025-01-05,completed,standard
12065,1743,2026-01-27,completed,standard
12066,132,2024-06-24,completed,standard
12067,396,2026-01-07,completed,standard
12068,1650,2026-03-06,completed,standard
12069,1050,2026-04-14,completed,standard
12070,1201,2024-12-19,completed,express
12071,357,2025-09-07,completed,standard
12072,1874,2025-10-30,completed,standard
12073,1033,2026-01-18,completed,standard
12074,1021,2026-06-17,completed,standard
12075,1776,2025-06-09,completed,express
12076,1624,2025-12-18,completed,same-day
12077,1116,2026-06-21,completed,express
12078,698,2024-02-24,completed,same-day
12079,342,2026-05-11,completed,standard
12080,1092,2026-07-29,returned,standard
12081,386,2025-11-08,completed,standard
12082,565,2025-01-23,completed,standard
12083,1113,2025-01-16,completed,express
12084,360,2025-01-28,completed,standard
12085,1370,2025-07-11,completed,standard
12086,621,2025-08-29,completed,standard
12087,236,2025-09-08,completed,standard
12088,1388,2026-06-19,completed,standard
12089,815,2026-05-08,completed,standard
12090,1663,2024-07-18,completed,standard
12091,420,2026-04-04,completed,same-day
12092,648,2026-08-09,completed,express
12093,449,2024-12-30,completed,standard
12094,1624,2026-08-13,completed,standard
12095,1571,2025-07-14,completed,express
12096,96,2025-08-28,completed,standard
12097,1030,2025-04-02,completed,express
12098,1725,2026-05-06,completed,standard
12099,704,2024-11-29,completed,same-day
12100,1372,2025-06-07,completed,standard
12101,368,2024-12-02,completed,same-day
12102,554,2026-03-18,completed,same-day
12103,756,2026-04-22,returned,standard
12104,168,2026-02-19,completed,express
12105,959,2025-03-26,completed,standard
12106,1481,2026-04-14,completed,same-day
12107,1867,2025-05-14,completed,standard
12108,1188,2026-06-12,completed,standard
12109,791,2026-01-29,completed,standard
12110,1864,2026-05-22,cancelled,standard
12111,1975,2026-06-10,completed,express
12112,445,2026-07-30,completed,standard
12113,1626,2026-02-10,completed,same-day
12114,267,2026-04-09,cancelled,standard
12115,1210,2026-02-14,completed,express
12116,512,2026-02-14,completed,standard
12117,745,2024-07-18,completed,standard
12118,1591,2025-04-07,completed,standard
12119,522,2025-11-07,completed,standard
12120,1813,2026-03-06,completed,express
12121,102,2026-07-24,completed,express
12122,1179,2024-08-23,completed,standard
12123,1176,2024-03-25,completed,standard
12124,55,2025-10-08,completed,standard
12125,71,2026-03-17,completed,standard
12126,92,2024-06-15,completed,standard
12127,1193,2024-08-31,completed,standard
12128,674,2026-02-08,completed,standard
12129,453,2026-03-28,completed,standard
12130,32,2024-04-13,completed,standard
12131,1813,2025-08-03,completed,same-day
12132,1664,2026-06-18,completed,standard
12133,1369,2025-07-30,completed,standard
12134,674,2025-07-14,completed,express
12135,183,2025-06-07,completed,standard
12136,164,2026-02-16,completed,standard
12137,1191,2026-04-08,completed,standard
12138,1329,2025-05-03,cancelled,express
12139,576,2024-02-13,cancelled,express
12140,570,2026-05-10,returned,standard
12141,1300,2025-05-26,completed,express
12142,773,2025-05-01,returned,express
12143,1471,2026-07-05,cancelled,standard
12144,1036,2025-08-22,completed,standard
12145,1040,2026-02-13,completed,standard
12146,1240,2025-04-01,completed,standard
12147,1879,2026-06-06,completed,standard
12148,1676,2026-08-02,completed,standard
12149,1231,2026-05-21,completed,standard
12150,916,2025-07-09,completed,standard
12151,733,2024-12-15,cancelled,standard
12152,335,2026-01-03,completed,standard
12153,1821,2025-04-23,completed,standard
12154,734,2025-07-26,completed,standard
12155,1548,2024-09-18,cancelled,standard
12156,986,2026-05-13,completed,standard
12157,1271,2024-12-20,completed,express
12158,1147,2025-03-27,completed,standard
12159,1506,2026-02-27,completed,standard
12160,245,2025-09-15,completed,same-day
12161,1044,2024-01-24,returned,standard
12162,213,2025-09-25,completed,standard
12163,1188,2026-02-23,completed,same-day
12164,352,2024-11-04,completed,standard
12165,139,2026-06-08,completed,standard
12166,1488,2025-12-19,returned,standard
12167,927,2026-06-19,completed,express
12168,1084,2026-06-05,completed,standard
12169,1323,2025-02-01,completed,standard
12170,1327,2024-12-10,completed,express
12171,1263,2026-07-25,completed,standard
12172,144,2026-08-29,completed,standard
12173,270,2026-08-23,completed,standard
12174,1065,2025-05-16,completed,same-day
12175,367,2024-10-13,completed,standard
12176,1218,2024-06-12,completed,standard
12177,1718,2025-04-26,completed,standard
12178,1797,2024-11-10,completed,standard
12179,925,2025-01-16,returned,standard
12180,1853,2025-02-08,completed,standard
12181,1499,2025-11-19,completed,standard
12182,1065,2025-04-02,completed,standard
12183,1832,2026-05-05,completed,standard
12184,524,2025-01-29,completed,standard
12185,650,2024-08-25,completed,standard
12186,189,2026-05-11,completed,standard
12187,530,2026-06-25,completed,standard
12188,1853,2026-08-01,completed,standard
12189,848,2026-02-22,completed,standard
12190,1519,2025-09-19,completed,standard
12191,312,2025-07-21,completed,express
12192,1993,2024-09-12,completed,standard
12193,1964,2026-03-16,cancelled,standard
12194,201,2024-11-01,completed,standard
12195,357,2025-03-27,completed,standard
12196,430,2026-01-15,completed,standard
12197,58,2024-11-02,completed,standard
12198,1063,2026-02-03,completed,standard
12199,678,2025-07-25,completed,standard
12200,865,2026-02-01,completed,express
12201,1079,2025-09-14,completed,standard
12202,1549,2025-10-10,completed,standard
12203,1161,2025-11-18,completed,standard
12204,1221,2026-02-19,cancelled,standard
12205,1973,2025-12-31,completed,express
12206,1668,2024-04-28,completed,standard
12207,156,2026-07-26,completed,express
12208,1891,2026-03-15,completed,express
12209,667,2025-11-15,completed,standard
12210,23,2026-01-31,completed,express
12211,1639,2024-04-12,completed,standard
12212,1474,2025-07-07,completed,standard
12213,1235,2025-07-29,completed,standard
12214,1834,2026-08-13,completed,express
12215,1933,2025-06-23,completed,standard
12216,1442,2025-07-19,completed,standard
12217,1261,2024-08-27,completed,standard
12218,326,2026-08-29,completed,standard
12219,202,2025-11-10,completed,express
12220,937,2024-09-23,completed,express
12221,90,2025-04-21,completed,standard
12222,625,2026-01-13,completed,standard
12223,1126,2026-08-13,completed,standard
12224,848,2025-02-06,completed,standard
12225,844,2025-07-24,completed,express
12226,410,2026-01-30,completed,express
12227,1644,2025-06-01,completed,standard
12228,739,2024-10-05,completed,express
12229,1256,2026-08-08,completed,standard
12230,1315,2025-08-27,completed,express
12231,1486,2025-04-30,returned,standard
12232,1084,2025-04-25,completed,standard
12233,40,2026-03-29,completed,standard
12234,1445,2025-03-20,completed,standard
12235,1922,2025-07-06,completed,standard
12236,24,2024-09-18,completed,standard
12237,1671,2026-05-05,completed,same-day
12238,631,2026-08-07,completed,express
12239,245,2025-10-28,completed,standard
12240,783,2026-05-06,completed,standard
12241,1489,2025-10-11,completed,standard
12242,235,2025-05-03,completed,express
12243,1156,2025-10-04,completed,express
12244,1577,2024-03-12,completed,standard
12245,156,2026-06-21,cancelled,standard
12246,494,2024-06-15,completed,express
12247,1714,2026-05-14,completed,express
12248,243,2026-05-04,completed,standard
12249,1151,2026-02-02,completed,same-day
12250,949,2026-03-20,completed,standard
12251,260,2026-06-01,completed,standard
12252,1729,2026-07-15,completed,same-day
12253,690,2025-01-30,completed,standard
12254,482,2025-03-08,completed,standard
12255,850,2025-09-06,completed,express
12256,1152,2025-06-09,completed,standard
12257,1382,2026-04-24,completed,standard
12258,649,2026-06-03,completed,standard
12259,1075,2026-02-28,completed,standard
12260,194,2025-02-10,completed,standard
12261,1012,2024-04-27,completed,same-day
12262,237,2026-01-30,completed,standard
12263,561,2026-04-17,completed,standard
12264,118,2025-04-15,completed,standard
12265,264,2025-09-08,completed,standard
12266,419,2026-06-07,completed,standard
12267,922,2026-05-19,cancelled,standard
12268,798,2026-04-20,completed,standard
12269,1812,2024-03-26,completed,standard
12270,1865,2025-04-29,completed,standard
12271,1592,2026-01-06,completed,standard
12272,1068,2026-08-23,completed,standard
12273,406,2024-12-02,cancelled,standard
12274,1512,2026-05-19,completed,express
12275,274,2026-03-11,completed,standard
12276,875,2024-12-26,completed,express
12277,429,2025-03-21,completed,standard
12278,689,2026-08-28,completed,standard
12279,1443,2025-10-31,completed,express
12280,799,2025-02-21,completed,standard
12281,486,2025-11-03,completed,standard
12282,698,2026-03-24,completed,standard
12283,1598,2024-08-26,completed,standard
12284,116,2025-02-08,completed,standard
12285,14,2024-08-26,completed,express
12286,661,2025-05-10,completed,standard
12287,636,2026-07-15,completed,standard
12288,1743,2025-09-17,completed,express
12289,1500,2025-06-27,completed,standard
12290,1944,2026-08-07,completed,express
12291,174,2026-07-28,completed,express
12292,1266,2025-11-11,completed,standard
12293,579,2026-03-26,completed,express
12294,1334,2025-02-10,completed,express
12295,165,2025-05-13,completed,standard
12296,662,2025-08-29,completed,standard
12297,765,2024-09-25,completed,express
12298,744,2026-08-12,completed,same-day
12299,1174,2024-10-09,completed,standard
12300,1142,2026-02-21,completed,standard
12301,706,2025-12-30,completed,standard
12302,1582,2025-11-16,completed,express
12303,222,2026-06-01,completed,standard
12304,753,2025-04-28,completed,standard
12305,489,2025-09-24,returned,standard
12306,1914,2026-01-02,completed,express
12307,1227,2026-04-25,completed,standard
12308,1322,2025-08-03,completed,standard
12309,1675,2026-04-25,completed,standard
12310,1822,2026-04-05,completed,standard
12311,942,2026-02-27,completed,express
12312,356,2026-03-04,completed,same-day
12313,54,2024-09-09,completed,express
12314,310,2024-06-22,returned,express
12315,1191,2025-10-12,completed,express
12316,1995,2025-12-24,completed,standard
12317,1300,2024-04-14,completed,standard
12318,818,2025-06-28,completed,standard
12319,679,2024-12-02,completed,express
12320,495,2026-02-12,completed,express
12321,346,2025-11-07,completed,express
12322,160,2024-10-21,completed,same-day
12323,1616,2024-04-29,completed,standard
12324,512,2024-04-03,completed,express
12325,1633,2026-02-24,completed,standard
12326,1367,2024-11-02,completed,express
12327,149,2026-04-12,cancelled,standard
12328,1783,2026-06-12,completed,standard
12329,1248,2026-07-16,completed,standard
12330,1398,2024-11-10,completed,standard
12331,1918,2025-12-23,completed,standard
12332,639,2026-08-05,completed,standard
12333,1780,2025-03-02,completed,standard
12334,663,2025-09-29,completed,same-day
12335,1740,2026-02-26,completed,standard
12336,1270,2026-04-15,completed,standard
12337,595,2025-12-12,completed,standard
12338,1655,2026-03-15,completed,express
12339,82,2026-07-26,completed,standard
12340,739,2024-10-28,completed,standard
12341,240,2024-05-03,completed,standard
12342,370,2025-08-24,completed,standard
12343,1126,2024-06-26,completed,standard
12344,2,2025-04-21,completed,express
12345,986,2026-08-29,completed,standard
12346,423,2025-12-29,completed,standard
12347,527,2025-08-03,cancelled,standard
12348,977,2026-01-01,completed,standard
12349,412,2025-11-01,completed,express
12350,260,2025-04-13,completed,standard
12351,1713,2025-12-16,completed,standard
12352,1740,2024-11-18,completed,same-day
12353,526,2024-09-04,completed,standard
12354,517,2026-05-03,completed,standard
12355,540,2026-05-15,completed,same-day
12356,222,2025-06-03,completed,express
12357,1507,2024-10-23,completed,same-day
12358,456,2024-01-09,completed,standard
12359,628,2026-07-25,cancelled,express
12360,418,2024-07-13,completed,standard
12361,42,2025-09-09,completed,standard
12362,821,2025-09-29,completed,standard
12363,1596,2026-01-09,returned,standard
12364,834,2025-12-19,completed,same-day
12365,803,2025-10-23,completed,standard
12366,1396,2025-09-11,returned,standard
12367,1720,2026-06-10,completed,standard
12368,1320,2025-10-21,completed,standard
12369,1215,2025-05-27,returned,standard
12370,1932,2026-07-29,completed,standard
12371,1841,2025-09-09,completed,standard
12372,1144,2025-04-14,completed,express
12373,340,2025-07-19,completed,standard
12374,1080,2026-03-07,completed,standard
12375,1715,2025-08-16,completed,standard
12376,1878,2026-07-21,completed,same-day
12377,1025,2026-02-15,completed,standard
12378,1528,2025-03-21,completed,standard
12379,1738,2026-07-23,completed,express
12380,1506,2025-12-27,completed,standard
12381,693,2026-03-03,completed,standard
12382,1709,2026-04-04,completed,standard
12383,470,2024-06-18,completed,standard
12384,1663,2025-09-21,completed,standard
12385,650,2026-01-12,completed,express
12386,1496,2025-11-02,completed,standard
12387,907,2025-03-23,completed,standard
12388,1689,2026-03-29,completed,standard
12389,238,2024-11-12,completed,standard
12390,530,2026-02-20,completed,standard
12391,386,2025-05-26,completed,standard
12392,1284,2025-07-06,completed,standard
12393,847,2026-02-23,completed,standard
12394,1109,2026-04-08,completed,standard
12395,1125,2025-11-21,completed,standard
12396,230,2026-07-15,completed,standard
12397,202,2025-08-18,completed,standard
12398,762,2025-02-15,completed,standard
12399,1664,2025-04-25,cancelled,express
12400,540,2024-06-17,completed,standard
12401,1443,2025-10-04,completed,standard
12402,1657,2025-10-12,returned,standard
12403,401,2024-11-24,completed,standard
12404,1894,2025-11-19,completed,standard
12405,1185,2024-12-25,completed,express
12406,1518,2025-06-24,completed,express
12407,1803,2026-07-26,completed,standard
12408,1023,2024-08-17,cancelled,express
12409,406,2025-01-30,completed,standard
12410,940,2025-12-01,completed,standard
12411,1304,2024-12-20,cancelled,express
12412,710,2025-09-02,completed,standard
12413,1031,2024-02-15,completed,standard
12414,1464,2025-02-22,completed,standard
12415,424,2026-07-06,completed,express
12416,562,2026-06-13,completed,express
12417,950,2026-03-21,completed,standard
12418,27,2026-03-30,completed,standard
12419,499,2025-07-15,completed,express
12420,462,2024-06-15,cancelled,standard
12421,17,2024-05-16,completed,express
12422,25,2025-05-21,completed,standard
12423,1826,2025-03-21,completed,standard
12424,1885,2024-11-01,completed,express
12425,690,2024-12-09,completed,standard
12426,1032,2024-06-10,completed,standard
12427,1274,2025-12-07,completed,standard
12428,836,2025-03-06,completed,express
12429,45,2026-04-13,completed,express
12430,1095,2026-02-21,completed,standard
12431,786,2025-11-30,completed,standard
12432,689,2025-07-19,completed,standard
12433,1578,2025-02-22,completed,standard
12434,1942,2026-01-12,completed,standard
12435,1849,2025-08-26,completed,standard
12436,130,2026-05-11,completed,same-day
12437,1692,2025-09-05,completed,standard
12438,1723,2026-03-17,completed,standard
12439,462,2025-03-10,completed,same-day
12440,164,2025-11-01,completed,standard
12441,67,2025-10-06,completed,standard
12442,1305,2026-06-01,completed,standard
12443,899,2026-04-08,returned,standard
12444,259,2025-12-09,completed,express
12445,537,2025-06-27,cancelled,standard
12446,554,2026-01-30,completed,standard
12447,39,2025-04-27,completed,standard
12448,1416,2026-02-18,completed,standard
12449,998,2026-08-18,cancelled,standard
12450,1187,2026-04-16,completed,standard
12451,1412,2025-08-27,completed,standard
12452,192,2026-02-23,completed,standard
12453,425,2026-04-27,completed,standard
12454,540,2025-04-21,completed,express
12455,1997,2025-02-01,completed,standard
12456,476,2024-03-21,completed,standard
12457,1106,2026-02-11,completed,standard
12458,147,2024-04-13,completed,standard
12459,1244,2025-07-12,completed,standard
12460,1431,2025-11-22,completed,standard
12461,614,2025-07-30,completed,standard
12462,1910,2025-04-21,completed,standard
12463,1847,2026-01-28,completed,express
12464,282,2025-08-24,completed,same-day
12465,551,2026-04-17,completed,express
12466,1905,2026-06-01,cancelled,standard
12467,54,2025-10-30,returned,standard
12468,1459,2025-09-11,completed,same-day
12469,1119,2024-05-20,completed,standard
12470,297,2026-07-18,completed,standard
12471,773,2024-07-04,completed,standard
12472,511,2024-11-05,completed,standard
12473,1867,2024-09-12,completed,standard
12474,812,2026-05-01,completed,same-day
12475,359,2025-10-21,completed,standard
12476,739,2025-07-24,completed,standard
12477,1985,2025-02-06,completed,standard
12478,1682,2025-11-07,completed,standard
12479,1589,2025-06-28,completed,standard
12480,364,2026-06-05,completed,express
12481,28,2026-02-21,completed,standard
12482,1664,2025-05-10,completed,express
12483,1393,2025-11-08,completed,standard
12484,1347,2026-03-14,completed,express
12485,338,2025-08-18,completed,express
12486,192,2025-01-14,completed,standard
12487,1073,2026-04-04,completed,standard
12488,1245,2026-07-28,completed,standard
12489,69,2025-05-29,completed,standard
12490,606,2024-09-20,completed,standard
12491,1058,2024-09-25,completed,express
12492,191,2026-06-13,completed,express
12493,755,2026-04-10,completed,standard
12494,96,2025-06-06,cancelled,standard
12495,24,2026-02-27,completed,express
12496,1097,2025-12-27,cancelled,express
12497,894,2026-08-09,completed,express
12498,1306,2025-12-07,completed,standard
12499,106,2025-06-17,completed,standard
12500,1860,2025-04-29,completed,standard
12501,1558,2025-07-03,completed,standard
12502,62,2024-07-01,completed,standard
12503,664,2025-01-05,completed,standard
12504,1587,2024-09-09,completed,standard
12505,775,2024-05-01,completed,standard
12506,1607,2025-04-21,completed,standard
12507,1444,2025-04-26,completed,express
12508,136,2024-09-10,completed,express
12509,713,2025-01-26,completed,standard
12510,816,2026-05-19,completed,standard
12511,1093,2026-04-24,completed,standard
12512,60,2025-02-09,completed,standard
12513,671,2025-03-07,completed,express
12514,951,2024-06-05,completed,standard
12515,621,2025-08-16,completed,same-day
12516,114,2026-07-27,completed,express
12517,999,2025-12-29,completed,standard
12518,267,2026-07-01,completed,standard
12519,1911,2024-09-16,completed,standard
12520,1131,2026-03-03,completed,express
12521,25,2024-12-28,completed,standard
12522,1598,2025-06-16,completed,express
12523,428,2025-11-19,completed,standard
12524,924,2025-03-25,cancelled,standard
12525,371,2025-12-05,completed,standard
12526,1557,2024-07-17,completed,express
12527,1310,2026-07-10,completed,standard
12528,337,2025-12-24,completed,standard
12529,180,2024-07-24,completed,express
12530,403,2024-08-21,completed,standard
12531,1626,2026-04-14,completed,standard
12532,1139,2025-11-06,completed,standard
12533,1484,2025-04-11,completed,standard
12534,944,2025-04-06,cancelled,standard
12535,148,2025-01-22,completed,standard
12536,773,2025-07-02,completed,standard
12537,279,2024-10-10,completed,standard
12538,231,2024-07-19,cancelled,express
12539,1611,2024-04-16,completed,standard
12540,506,2026-01-08,completed,standard
12541,1736,2025-07-17,completed,standard
12542,1421,2025-10-14,completed,standard
12543,554,2025-12-21,completed,standard
12544,813,2024-01-28,completed,standard
12545,215,2025-07-14,completed,express
12546,1000,2025-12-14,cancelled,express
12547,1144,2025-05-16,completed,standard
12548,1099,2026-04-20,cancelled,standard
12549,1987,2026-08-05,completed,standard
12550,131,2025-08-24,completed,standard
12551,1668,2025-06-10,completed,standard
12552,909,2026-05-17,cancelled,standard
12553,607,2026-05-31,completed,same-day
12554,812,2024-07-04,completed,standard
12555,1968,2024-12-15,completed,express
12556,283,2026-04-28,completed,standard
12557,446,2024-08-03,completed,express
12558,597,2024-09-16,completed,standard
12559,1712,2026-04-12,completed,standard
12560,1862,2026-06-11,completed,express
12561,255,2025-05-31,completed,standard
12562,713,2025-06-27,completed,standard
12563,178,2026-01-03,completed,standard
12564,791,2026-07-30,completed,standard
12565,282,2024-10-03,completed,standard
12566,355,2025-11-07,cancelled,standard
12567,1822,2026-01-24,completed,standard
12568,539,2025-05-26,completed,standard
12569,160,2024-06-26,completed,standard
12570,1909,2025-08-19,completed,standard
12571,1827,2024-09-27,completed,standard
12572,1330,2025-06-18,completed,standard
12573,32,2026-07-20,completed,standard
12574,542,2026-01-31,completed,standard
12575,1480,2025-05-05,completed,express
12576,889,2025-02-19,completed,express
12577,1683,2025-11-04,completed,standard
12578,1763,2026-06-01,completed,standard
12579,745,2025-05-11,completed,standard
12580,44,2026-07-14,cancelled,standard
12581,1348,2025-12-02,completed,standard
12582,838,2026-07-30,completed,standard
12583,1251,2026-07-23,completed,standard
12584,626,2024-08-01,completed,standard
12585,445,2024-10-06,completed,standard
12586,252,2025-09-22,completed,standard
12587,816,2026-05-12,cancelled,standard
12588,1303,2025-04-07,completed,express
12589,1205,2026-01-07,completed,express
12590,595,2025-10-15,completed,standard
12591,1117,2025-12-13,completed,standard
12592,1943,2025-01-02,completed,standard
12593,1355,2025-09-29,completed,standard
12594,539,2025-12-22,completed,express
12595,682,2026-07-15,completed,standard
12596,1388,2024-04-27,completed,standard
12597,1173,2025-02-15,completed,standard
12598,693,2024-07-31,cancelled,express
12599,758,2025-07-14,returned,standard
12600,254,2025-08-06,completed,standard
12601,204,2026-02-09,completed,standard
12602,1337,2025-01-23,completed,express
12603,633,2026-01-16,completed,standard
12604,1860,2026-07-06,completed,express
12605,1167,2025-03-19,completed,standard
12606,1681,2026-07-13,completed,standard
12607,335,2025-08-22,cancelled,standard
12608,857,2024-09-16,completed,standard
12609,1757,2025-12-01,completed,standard
12610,1989,2026-05-01,completed,express
12611,1410,2024-06-23,completed,standard
12612,1465,2026-01-02,completed,standard
12613,1607,2026-04-01,completed,standard
12614,1765,2026-07-12,completed,express
12615,510,2025-09-14,completed,standard
12616,1114,2026-04-17,completed,standard
12617,1585,2026-02-23,completed,standard
12618,1816,2024-07-22,completed,express
12619,1034,2026-07-27,completed,express
12620,840,2025-09-20,returned,express
12621,423,2024-10-09,completed,standard
12622,752,2025-02-25,completed,standard
12623,112,2026-03-06,completed,standard
12624,19,2026-07-20,completed,express
12625,1058,2025-10-29,completed,standard
12626,619,2025-08-27,returned,standard
12627,516,2026-04-18,completed,standard
12628,1029,2026-03-21,completed,express
12629,457,2024-12-28,completed,standard
12630,1639,2025-06-05,completed,standard
12631,1118,2025-06-11,completed,express
12632,170,2025-12-06,completed,express
12633,1134,2025-05-14,completed,standard
12634,1148,2026-02-25,completed,standard
12635,987,2024-05-05,completed,standard
12636,1241,2024-10-06,completed,standard
12637,1140,2025-12-02,completed,standard
12638,165,2025-12-13,completed,standard
12639,596,2024-12-20,completed,standard
12640,97,2026-05-14,completed,express
12641,1147,2025-12-29,completed,standard
12642,1452,2025-07-09,completed,standard
12643,1065,2024-09-12,completed,same-day
12644,1646,2025-02-28,completed,standard
12645,1784,2026-07-12,completed,standard
12646,1950,2026-07-31,completed,standard
12647,780,2025-12-18,completed,standard
12648,1924,2026-07-27,completed,standard
12649,1251,2026-08-16,completed,standard
12650,1666,2026-07-14,cancelled,standard
12651,1574,2025-10-23,completed,standard
12652,1959,2026-04-28,completed,standard
12653,553,2026-02-27,completed,express
12654,537,2025-04-05,completed,standard
12655,871,2025-12-03,completed,express
12656,894,2025-08-27,completed,express
12657,1902,2026-07-21,completed,standard
12658,1017,2025-03-21,completed,standard
12659,225,2026-01-04,completed,standard
12660,1152,2026-01-16,completed,standard
12661,1063,2024-10-25,completed,same-day
12662,631,2024-12-01,completed,standard
12663,860,2026-08-27,completed,standard
12664,289,2026-06-14,completed,standard
12665,1709,2025-12-17,completed,standard
12666,329,2025-08-12,completed,standard
12667,1997,2024-12-25,completed,standard
12668,394,2026-02-06,completed,express
12669,1454,2026-04-08,completed,standard
12670,1374,2025-06-16,cancelled,standard
12671,1482,2026-07-22,completed,standard
12672,1730,2025-01-02,completed,express
12673,711,2026-04-04,completed,standard
12674,651,2026-04-05,completed,standard
12675,1752,2025-11-13,completed,express
12676,1520,2026-02-10,completed,same-day
12677,3,2024-06-29,completed,express
12678,40,2026-04-27,completed,standard
12679,1102,2025-08-03,completed,standard
12680,747,2025-11-01,completed,express
12681,1589,2025-01-09,returned,standard
12682,1485,2025-11-16,completed,same-day
12683,1990,2025-08-04,completed,standard
12684,907,2026-05-07,completed,standard
12685,1190,2025-10-19,completed,standard
12686,1224,2024-09-02,completed,standard
12687,6,2024-11-24,completed,standard
12688,1050,2025-11-12,returned,standard
12689,1534,2024-12-19,completed,standard
12690,1142,2025-11-19,completed,standard
12691,172,2025-02-24,completed,standard
12692,502,2025-07-17,completed,standard
12693,811,2026-02-06,completed,standard
12694,5,2026-08-22,completed,standard
12695,1164,2024-11-22,completed,standard
12696,1709,2024-12-07,completed,same-day
12697,177,2026-03-11,completed,standard
12698,1141,2024-12-10,completed,standard
12699,1479,2026-05-29,completed,standard
12700,298,2026-06-15,completed,standard
12701,466,2026-02-17,completed,express
12702,1372,2026-03-04,completed,standard
12703,398,2026-03-09,completed,standard
12704,914,2025-09-29,completed,standard
12705,1663,2026-07-16,completed,standard
12706,1347,2025-04-25,completed,standard
12707,1890,2024-04-29,completed,standard
12708,1159,2026-03-09,completed,same-day
12709,919,2025-05-07,completed,same-day
12710,1435,2025-02-26,completed,express
12711,86,2026-01-29,completed,standard
12712,18,2025-01-30,completed,standard
12713,1593,2025-01-22,cancelled,standard
12714,667,2024-05-15,completed,standard
12715,1092,2026-05-30,completed,standard
12716,1683,2026-03-25,completed,standard
12717,160,2026-06-21,completed,same-day
12718,1707,2026-05-26,cancelled,standard
12719,1819,2025-10-27,completed,express
12720,848,2025-01-20,completed,standard
12721,2000,2026-01-26,completed,standard
12722,770,2025-09-27,returned,standard
12723,78,2025-06-15,completed,standard
12724,44,2026-06-28,completed,standard
12725,1195,2026-01-08,completed,standard
12726,1680,2026-02-02,completed,express
12727,1183,2025-09-14,completed,express
12728,552,2024-11-18,completed,express
12729,434,2024-09-22,completed,standard
12730,865,2025-11-10,completed,standard
12731,1777,2025-04-14,completed,express
12732,1446,2026-01-30,completed,express
12733,484,2026-07-19,completed,standard
12734,888,2026-08-04,completed,same-day
12735,1859,2025-07-30,completed,same-day
12736,1054,2025-03-11,completed,express
12737,164,2025-05-28,completed,same-day
12738,177,2025-03-25,completed,express
12739,1209,2024-10-21,completed,standard
12740,1292,2025-10-16,completed,standard
12741,1394,2025-05-25,completed,standard
12742,652,2025-03-04,completed,standard
12743,277,2026-04-20,completed,standard
12744,1151,2026-06-24,completed,express
12745,1612,2026-06-08,completed,standard
12746,293,2026-04-12,completed,standard
12747,35,2025-11-02,completed,standard
12748,1272,2026-01-23,completed,standard
12749,1612,2024-09-24,completed,express
12750,1332,2026-03-20,completed,standard
12751,132,2025-06-11,completed,standard
12752,402,2024-10-31,completed,standard
12753,1522,2024-03-02,completed,standard
12754,552,2025-10-27,completed,standard
12755,820,2025-02-19,completed,express
12756,890,2025-06-22,completed,express
12757,744,2026-08-19,completed,express
12758,1153,2024-07-14,completed,express
12759,1196,2025-08-03,completed,same-day
12760,561,2026-02-19,completed,standard
12761,1778,2025-12-08,completed,standard
12762,546,2026-06-06,completed,standard
12763,807,2025-05-31,completed,standard
12764,879,2024-06-04,completed,standard
12765,1435,2025-11-11,cancelled,standard
12766,183,2026-02-28,completed,standard
12767,1106,2025-01-03,completed,express
12768,532,2025-07-17,completed,standard
12769,1289,2026-01-13,completed,express
12770,31,2025-05-19,completed,standard
12771,273,2025-09-29,completed,standard
12772,1538,2026-06-15,completed,express
12773,1820,2026-08-20,completed,standard
12774,1380,2026-01-26,completed,standard
12775,298,2025-07-01,completed,standard
12776,270,2026-06-05,completed,express
12777,440,2025-10-04,completed,express
12778,891,2025-10-13,completed,standard
12779,1845,2025-12-03,completed,standard
12780,572,2024-06-28,returned,standard
12781,2,2024-08-08,completed,standard
12782,1922,2026-03-29,completed,standard
12783,775,2026-03-13,completed,standard
12784,65,2024-12-04,completed,standard
12785,685,2026-03-12,completed,same-day
12786,1771,2024-09-15,completed,standard
12787,1003,2025-03-12,completed,express
12788,1380,2026-02-15,completed,express
12789,1810,2025-12-01,completed,standard
12790,937,2025-01-26,completed,same-day
12791,1582,2025-01-17,completed,standard
12792,709,2024-04-18,cancelled,standard
12793,1944,2025-08-21,completed,standard
12794,821,2025-09-08,completed,standard
12795,312,2026-04-06,completed,standard
12796,1861,2024-12-03,completed,express
12797,681,2025-11-14,completed,standard
12798,908,2025-04-05,completed,standard
12799,17,2025-06-15,completed,standard
12800,168,2025-04-03,completed,standard
12801,1241,2026-01-19,completed,express
12802,1986,2025-07-25,completed,express
12803,1125,2025-08-03,completed,same-day
12804,274,2025-07-31,completed,express
12805,1406,2025-06-09,completed,standard
12806,206,2025-01-27,completed,same-day
12807,223,2025-06-03,completed,standard
12808,835,2025-12-30,completed,standard
12809,133,2024-12-30,completed,express
12810,346,2026-07-17,completed,standard
12811,1264,2026-02-19,completed,standard
12812,647,2025-02-10,completed,standard
12813,1134,2026-02-01,completed,standard
12814,569,2025-04-08,completed,standard
12815,1730,2025-08-06,completed,standard
12816,791,2026-08-10,completed,standard
12817,1763,2025-01-05,completed,standard
12818,118,2025-06-13,completed,standard
12819,1202,2024-11-16,completed,standard
12820,434,2026-01-07,completed,standard
12821,528,2026-01-23,completed,express
12822,815,2026-04-05,completed,express
12823,103,2026-04-16,completed,standard
12824,247,2025-10-26,completed,same-day
12825,480,2025-12-19,completed,standard
12826,280,2026-01-19,completed,standard
12827,167,2025-03-04,completed,express
12828,172,2025-10-31,completed,standard
12829,1753,2026-01-30,completed,express
12830,1815,2026-03-22,completed,standard
12831,396,2024-08-22,cancelled,standard
12832,1808,2024-12-14,completed,standard
12833,1141,2025-04-25,cancelled,express
12834,1981,2025-01-23,completed,express
12835,1254,2026-03-27,completed,same-day
12836,132,2024-08-26,completed,express
12837,172,2025-08-18,completed,standard
12838,57,2024-12-15,completed,express
12839,1809,2026-02-08,completed,express
12840,1893,2026-03-09,completed,express
12841,1432,2026-05-19,completed,standard
12842,23,2025-03-18,completed,express
12843,1470,2026-05-09,completed,standard
12844,867,2024-06-09,completed,standard
12845,643,2024-11-01,completed,express
12846,1912,2026-05-28,completed,express
12847,1543,2026-05-22,completed,standard
12848,1460,2026-03-10,completed,standard
12849,1949,2026-05-22,completed,standard
12850,516,2026-05-15,completed,standard
12851,757,2025-12-05,completed,standard
12852,88,2026-01-17,completed,standard
12853,1746,2026-05-13,completed,standard
12854,1311,2025-07-20,completed,standard
12855,1784,2026-05-11,completed,standard
12856,1957,2025-10-13,completed,express
12857,835,2026-08-02,completed,same-day
12858,434,2026-07-11,cancelled,standard
12859,1268,2026-05-29,completed,standard
12860,760,2025-09-29,completed,standard
12861,1934,2026-04-03,completed,standard
12862,206,2025-12-18,completed,standard
12863,169,2024-09-02,completed,express
12864,469,2026-04-14,returned,standard
12865,724,2024-07-07,completed,standard
12866,1440,2025-10-24,completed,standard
12867,1598,2025-10-26,completed,standard
12868,1967,2025-01-20,completed,same-day
12869,1928,2024-08-26,completed,express
12870,613,2024-09-05,completed,standard
12871,1688,2026-01-02,completed,standard
12872,517,2025-02-27,completed,standard
12873,691,2025-10-20,completed,standard
12874,1922,2026-07-13,completed,standard
12875,161,2026-05-10,completed,standard
12876,1999,2025-11-06,cancelled,standard
12877,1075,2026-01-05,completed,standard
12878,317,2025-10-31,completed,standard
12879,630,2025-12-06,completed,standard
12880,194,2024-08-20,completed,standard
12881,1359,2026-06-10,completed,express
12882,1651,2026-08-05,cancelled,standard
12883,1339,2024-08-20,completed,standard
12884,359,2024-10-17,completed,standard
12885,906,2026-01-20,completed,standard
12886,7,2025-10-22,completed,express
12887,778,2024-10-01,completed,express
12888,834,2025-03-21,completed,standard
12889,1620,2026-06-26,cancelled,same-day
12890,1871,2026-01-23,completed,standard
12891,1863,2026-01-10,completed,standard
12892,1567,2025-08-07,completed,standard
12893,1906,2026-07-16,returned,standard
12894,1710,2026-01-26,cancelled,standard
12895,550,2025-10-15,completed,standard
12896,149,2026-04-07,completed,same-day
12897,1854,2024-11-16,completed,express
12898,1753,2025-02-17,completed,express
12899,1764,2026-08-14,completed,standard
12900,816,2026-05-28,completed,standard
12901,1096,2025-09-09,completed,standard
12902,1028,2024-03-13,completed,express
12903,1687,2026-07-27,completed,express
12904,1582,2024-10-31,completed,standard
12905,583,2026-03-21,completed,standard
12906,935,2025-11-10,completed,standard
12907,157,2025-02-09,completed,standard
12908,311,2025-11-24,completed,express
12909,115,2025-10-22,completed,standard
12910,410,2024-07-24,completed,standard
12911,29,2025-08-20,completed,standard
12912,823,2025-04-03,completed,standard
12913,1865,2026-05-19,completed,express
12914,1614,2024-12-24,completed,express
12915,601,2025-03-15,completed,express
12916,1138,2025-05-24,completed,standard
12917,1989,2024-06-21,completed,express
12918,1949,2026-07-09,completed,standard
12919,243,2026-02-06,completed,standard
12920,621,2026-07-22,completed,standard
12921,542,2025-10-28,completed,standard
12922,415,2024-12-30,completed,standard
12923,103,2025-02-03,completed,express
12924,1452,2024-08-25,completed,standard
12925,1752,2025-01-15,completed,express
12926,1506,2026-03-26,completed,standard
12927,1100,2024-09-11,completed,express
12928,1894,2025-01-16,completed,same-day
12929,296,2025-08-07,completed,express
12930,667,2024-10-22,completed,same-day
12931,1275,2024-07-28,completed,standard
12932,1684,2025-03-22,completed,standard
12933,1210,2026-02-23,completed,standard
12934,1500,2025-03-13,cancelled,express
12935,319,2024-06-07,completed,express
12936,512,2025-06-26,returned,standard
12937,1574,2026-07-28,completed,standard
12938,32,2026-01-17,completed,standard
12939,795,2025-03-17,completed,standard
12940,1385,2025-07-25,completed,express
12941,1604,2026-01-09,completed,standard
12942,1286,2026-02-02,completed,standard
12943,169,2025-07-23,completed,standard
12944,239,2026-03-17,completed,standard
12945,1343,2025-11-15,completed,express
12946,1225,2024-09-30,completed,standard
12947,1546,2026-05-25,completed,standard
12948,1098,2025-07-20,completed,standard
12949,156,2025-11-23,completed,standard
12950,286,2026-08-12,completed,standard
12951,495,2026-02-27,completed,standard
12952,1713,2025-04-09,completed,standard
12953,855,2025-11-15,completed,express
12954,608,2024-10-27,completed,standard
12955,668,2025-02-28,completed,standard
12956,1178,2026-05-17,cancelled,standard
12957,570,2025-05-22,completed,standard
12958,1744,2026-06-12,completed,express
12959,1013,2026-08-13,completed,standard
12960,351,2026-08-28,completed,express
12961,124,2026-07-21,completed,standard
12962,1040,2025-12-28,cancelled,standard
12963,1178,2026-06-16,completed,express
12964,837,2026-08-27,completed,express
12965,45,2026-02-22,completed,standard
12966,808,2025-10-29,completed,standard
12967,518,2026-01-21,completed,express
12968,1546,2026-06-21,completed,standard
12969,686,2026-08-06,completed,standard
12970,188,2026-07-30,completed,standard
12971,193,2025-02-03,completed,express
12972,84,2024-09-20,completed,standard
12973,176,2024-11-23,completed,express
12974,1629,2024-12-15,completed,standard
12975,735,2026-03-21,returned,standard
12976,386,2025-11-05,completed,standard
12977,1497,2025-12-27,completed,standard
12978,160,2025-01-25,completed,standard
12979,1452,2025-10-24,completed,standard
12980,490,2024-07-07,completed,standard
12981,57,2024-05-28,completed,express
12982,1419,2026-05-24,completed,standard
12983,98,2025-10-02,completed,standard
12984,1223,2026-04-28,completed,standard
12985,1903,2024-03-16,completed,standard
12986,846,2026-01-07,completed,standard
12987,1646,2024-08-18,completed,same-day
12988,475,2025-08-09,completed,standard
12989,278,2025-09-01,completed,standard
12990,1429,2024-10-25,completed,standard
12991,1285,2024-11-03,completed,standard
12992,1019,2026-05-16,completed,same-day
12993,102,2024-09-04,completed,standard
12994,112,2024-06-05,completed,standard
12995,317,2026-06-01,completed,express
12996,2000,2026-08-29,completed,standard
12997,398,2025-04-06,completed,standard
12998,1192,2026-07-25,completed,standard
12999,1106,2025-04-05,completed,standard
13000,1188,2026-05-15,completed,express
13001,1210,2026-07-27,completed,express
13002,1917,2024-06-27,completed,express
13003,156,2026-04-02,completed,express
13004,1616,2026-04-15,completed,standard
13005,62,2026-02-27,completed,standard
13006,26,2024-05-11,completed,standard
13007,591,2024-11-13,completed,standard
13008,1875,2025-12-10,completed,standard
13009,1626,2026-08-03,completed,same-day
13010,476,2026-06-07,completed,standard
13011,1498,2026-04-24,completed,standard
13012,1002,2025-06-12,completed,standard
13013,189,2025-05-12,completed,standard
13014,1643,2025-09-28,completed,standard
13015,1520,2026-05-21,cancelled,express
13016,1113,2025-10-15,completed,standard
13017,87,2026-04-30,completed,standard
13018,1497,2025-07-25,completed,standard
13019,1765,2026-05-11,completed,standard
13020,1512,2025-10-11,completed,standard
13021,1764,2025-03-27,completed,standard
13022,304,2025-03-15,completed,standard
13023,1976,2026-08-12,completed,standard
13024,701,2025-09-06,completed,same-day
13025,1432,2026-05-21,completed,standard
13026,1955,2026-03-22,completed,standard
13027,1982,2025-09-04,returned,standard
13028,1444,2026-04-08,completed,express
13029,516,2024-10-31,completed,standard
13030,1168,2025-02-18,completed,standard
13031,564,2026-01-20,completed,standard
13032,1957,2026-04-07,completed,standard
13033,934,2024-09-09,completed,standard
13034,1055,2026-05-09,completed,standard
13035,1732,2026-06-10,completed,express
13036,1842,2026-07-19,completed,standard
13037,1257,2026-02-02,returned,standard
13038,150,2026-03-16,completed,standard
13039,1917,2025-04-30,completed,standard
13040,675,2025-05-03,completed,express
13041,669,2025-03-21,completed,standard
13042,323,2025-04-13,completed,standard
13043,230,2025-03-18,completed,standard
13044,944,2024-06-27,completed,standard
13045,325,2026-01-23,completed,standard
13046,1064,2025-11-14,completed,express
13047,1732,2026-08-27,completed,standard
13048,883,2025-10-13,completed,standard
13049,1487,2026-08-02,completed,standard
13050,942,2025-11-05,completed,standard
13051,1558,2025-03-12,completed,standard
13052,1198,2024-07-18,completed,standard
13053,107,2025-03-04,completed,standard
13054,449,2025-12-28,completed,standard
13055,215,2024-10-25,completed,standard
13056,829,2026-02-18,cancelled,standard
13057,850,2025-08-25,completed,standard
13058,1109,2026-07-20,completed,standard
13059,1031,2026-03-13,completed,standard
13060,1558,2026-02-10,completed,standard
13061,940,2024-12-05,completed,express
13062,1670,2025-03-04,returned,standard
13063,251,2024-12-28,completed,standard
13064,400,2026-08-05,returned,standard
13065,1194,2024-11-08,completed,standard
13066,1513,2026-07-09,completed,standard
13067,1268,2026-01-17,completed,standard
13068,763,2025-08-18,completed,standard
13069,964,2025-12-05,completed,standard
13070,1548,2025-05-28,completed,standard
13071,1077,2026-07-05,completed,standard
13072,973,2025-05-26,cancelled,same-day
13073,1673,2025-04-27,completed,standard
13074,77,2026-03-16,completed,express
13075,1751,2026-05-12,completed,same-day
13076,1123,2024-09-06,completed,standard
13077,203,2025-11-08,completed,standard
13078,1806,2024-12-10,returned,standard
13079,356,2026-05-21,completed,same-day
13080,568,2026-01-15,completed,standard
13081,29,2025-08-30,completed,standard
13082,1446,2024-05-06,returned,express
13083,1103,2024-10-12,completed,express
13084,1571,2025-12-28,completed,standard
13085,932,2025-10-03,completed,standard
13086,1942,2026-07-28,completed,express
13087,60,2025-02-01,completed,same-day
13088,332,2026-07-04,cancelled,standard
13089,512,2024-04-18,returned,standard
13090,1733,2025-10-16,completed,express
13091,381,2026-03-30,completed,standard
13092,1534,2026-06-05,completed,standard
13093,421,2026-08-03,completed,express
13094,785,2024-08-19,completed,standard
13095,365,2025-05-02,completed,express
13096,1942,2025-03-10,completed,standard
13097,235,2026-07-29,completed,standard
13098,1175,2025-01-16,completed,express
13099,1582,2025-09-03,completed,express
13100,763,2025-09-19,completed,standard
13101,1340,2025-03-29,completed,standard
13102,759,2024-08-07,completed,standard
13103,697,2026-03-06,completed,standard
13104,911,2026-03-02,completed,standard
13105,792,2026-06-07,completed,standard
13106,943,2025-12-12,completed,standard
13107,771,2026-05-09,completed,standard
13108,881,2025-03-21,completed,standard
13109,1366,2025-01-04,completed,standard
13110,128,2026-05-17,completed,standard
13111,1241,2026-06-24,completed,express
13112,229,2026-08-30,completed,standard
13113,1160,2025-10-26,completed,same-day
13114,1965,2025-08-22,returned,standard
13115,1863,2026-05-26,completed,standard
13116,1399,2024-02-07,cancelled,standard
13117,1880,2026-02-18,completed,express
13118,1887,2026-08-22,completed,express
13119,171,2026-06-24,completed,standard
13120,105,2026-05-12,completed,standard
13121,222,2025-07-28,completed,standard
13122,812,2025-10-16,completed,same-day
13123,593,2025-11-09,completed,standard
13124,284,2024-08-26,completed,standard
13125,141,2025-11-25,completed,same-day
13126,962,2026-03-06,completed,express
13127,19,2024-01-31,completed,express
13128,388,2026-07-17,completed,standard
13129,88,2026-03-18,completed,standard
13130,1883,2026-01-29,completed,standard
13131,1626,2025-03-05,completed,standard
13132,1052,2026-01-19,completed,express
13133,515,2025-08-05,completed,standard
13134,1564,2026-06-01,completed,express
13135,559,2026-06-11,completed,express
13136,418,2026-07-07,completed,standard
13137,1494,2024-05-20,completed,standard
13138,216,2024-09-07,completed,express
13139,1083,2024-08-23,completed,standard
13140,440,2024-06-24,completed,standard
13141,267,2024-10-02,completed,standard
13142,1090,2024-09-01,completed,express
13143,581,2026-06-18,completed,same-day
13144,126,2024-03-29,completed,standard
13145,46,2026-01-13,completed,same-day
13146,597,2026-03-07,completed,standard
13147,206,2026-05-19,completed,express
13148,848,2026-04-30,completed,standard
13149,1620,2026-08-15,completed,standard
13150,146,2025-02-16,completed,standard
13151,30,2025-09-10,completed,standard
13152,1715,2025-01-11,completed,standard
13153,89,2024-12-28,completed,express
13154,193,2025-07-25,completed,express
13155,1822,2026-02-11,completed,standard
13156,747,2025-11-05,completed,standard
13157,1441,2025-08-22,cancelled,standard
13158,1525,2026-01-31,completed,express
13159,1430,2026-06-09,completed,standard
13160,1978,2026-07-31,completed,standard
13161,1401,2025-02-23,completed,standard
13162,807,2024-12-27,completed,standard
13163,1591,2026-05-09,cancelled,same-day
13164,458,2024-06-03,completed,express
13165,1733,2025-05-19,completed,standard
13166,1230,2026-06-03,completed,express
13167,653,2025-07-28,completed,standard
13168,615,2025-06-21,completed,standard
13169,175,2025-02-13,completed,standard
13170,5,2025-01-16,completed,standard
13171,32,2025-10-05,completed,express
13172,229,2026-04-17,completed,standard
13173,1519,2026-06-29,completed,standard
13174,1823,2025-08-26,cancelled,standard
13175,838,2026-04-26,completed,standard
13176,1536,2025-06-22,cancelled,express
13177,304,2025-12-15,completed,standard
13178,1020,2025-07-16,completed,standard
13179,1618,2025-02-09,cancelled,express
13180,1577,2026-03-01,completed,same-day
13181,1709,2026-06-12,completed,standard
13182,236,2025-11-21,completed,standard
13183,944,2026-04-09,completed,standard
13184,1108,2026-08-18,completed,standard
13185,635,2025-09-07,completed,express
13186,1527,2026-05-24,completed,express
13187,1726,2026-01-21,completed,express
13188,267,2025-12-26,completed,standard
13189,1539,2026-06-18,completed,same-day
13190,1812,2024-12-30,completed,same-day
13191,1815,2026-06-05,completed,standard
13192,652,2024-09-06,completed,same-day
13193,188,2025-07-23,completed,express
13194,465,2025-06-16,completed,standard
13195,737,2026-01-17,completed,standard
13196,1131,2026-07-08,completed,standard
13197,1022,2024-10-16,completed,express
13198,676,2026-01-09,completed,express
13199,518,2024-03-20,completed,standard
13200,746,2026-05-24,completed,standard
13201,1879,2026-06-07,completed,standard
13202,87,2024-08-24,completed,standard
13203,1344,2026-01-07,completed,standard
13204,1198,2024-12-19,completed,same-day
13205,313,2026-03-03,completed,standard
13206,1469,2025-08-07,completed,express
13207,37,2024-08-05,completed,express
13208,588,2025-12-10,completed,standard
13209,581,2026-06-08,completed,standard
13210,1514,2025-06-19,returned,standard
13211,1683,2025-09-05,completed,standard
13212,730,2026-01-03,completed,standard
13213,556,2026-05-02,completed,standard
13214,1545,2025-05-23,cancelled,express
13215,938,2026-04-15,completed,standard
13216,71,2025-09-21,completed,express
13217,123,2024-12-01,completed,express
13218,194,2025-05-02,completed,standard
13219,921,2025-10-07,completed,standard
13220,118,2025-12-07,completed,standard
13221,1008,2025-11-21,completed,standard
13222,237,2025-10-28,completed,standard
13223,763,2025-04-21,cancelled,standard
13224,526,2024-10-29,cancelled,standard
13225,1305,2025-05-11,completed,express
13226,1070,2025-02-20,completed,standard
13227,1283,2026-03-05,completed,standard
13228,456,2025-01-19,completed,standard
13229,1331,2024-11-15,completed,express
13230,118,2026-02-22,completed,standard
13231,187,2026-05-16,completed,standard
13232,630,2025-07-30,completed,express
13233,1957,2026-04-22,completed,standard
13234,1067,2024-06-24,completed,standard
13235,1550,2024-03-01,completed,standard
13236,1775,2025-06-08,returned,standard
13237,589,2024-04-30,cancelled,same-day
13238,141,2026-01-20,completed,standard
13239,597,2024-12-11,returned,express
13240,1691,2024-11-07,cancelled,standard
13241,1414,2024-05-25,completed,express
13242,1345,2025-10-07,completed,standard
13243,761,2026-06-27,cancelled,standard
13244,315,2025-08-23,completed,standard
13245,339,2026-05-11,completed,standard
13246,518,2026-02-17,completed,standard
13247,1501,2026-01-30,completed,express
13248,1371,2026-04-15,completed,standard
13249,804,2026-08-29,completed,standard
13250,287,2024-07-09,completed,express
13251,900,2026-02-17,completed,standard
13252,1113,2025-11-07,completed,standard
13253,1667,2025-05-29,returned,same-day
13254,1996,2024-10-14,cancelled,standard
13255,894,2025-04-17,completed,standard
13256,854,2025-05-11,completed,express
13257,266,2025-08-31,completed,express
13258,887,2024-11-15,completed,standard
13259,1781,2026-01-29,completed,same-day
13260,1367,2024-10-28,completed,express
13261,282,2026-05-22,cancelled,standard
13262,1891,2026-06-05,completed,standard
13263,1718,2024-04-22,returned,standard
13264,1415,2025-01-07,completed,standard
13265,1886,2026-07-13,completed,express
13266,411,2025-03-12,completed,standard
13267,1102,2025-11-08,completed,standard
13268,1842,2025-12-05,completed,standard
13269,951,2025-06-16,completed,standard
13270,1388,2025-12-18,completed,same-day
13271,708,2024-11-15,completed,express
13272,242,2026-05-29,completed,express
13273,1783,2026-05-24,completed,standard
13274,859,2025-11-14,completed,express
13275,1017,2024-07-17,completed,same-day
13276,950,2026-07-10,completed,standard
13277,101,2024-09-02,completed,standard
13278,1790,2025-02-07,completed,express
13279,1394,2026-03-10,returned,express
13280,1596,2026-03-14,completed,standard
13281,1041,2026-06-13,completed,standard
13282,1874,2025-08-06,completed,standard
13283,1989,2026-06-24,completed,standard
13284,1186,2025-10-06,completed,standard
13285,464,2025-02-19,completed,standard
13286,109,2025-10-16,completed,standard
13287,663,2026-08-01,completed,standard
13288,732,2026-06-19,completed,express
13289,466,2025-01-16,completed,express
13290,12,2024-12-20,completed,standard
13291,1579,2025-11-05,completed,express
13292,1376,2025-03-17,completed,standard
13293,1887,2025-03-09,completed,standard
13294,1208,2024-06-11,completed,same-day
13295,284,2024-10-03,completed,express
13296,395,2025-10-16,returned,same-day
13297,833,2026-07-20,completed,standard
13298,162,2025-04-24,completed,standard
13299,1810,2025-08-22,completed,standard
13300,1195,2025-07-21,completed,same-day
13301,895,2026-08-28,completed,standard
13302,1904,2025-10-23,returned,standard
13303,1551,2026-02-09,completed,standard
13304,622,2025-11-26,completed,standard
13305,1364,2026-08-09,completed,standard
13306,1474,2025-09-10,completed,standard
13307,821,2026-01-26,completed,same-day
13308,111,2026-07-07,completed,express
13309,948,2024-09-17,completed,standard
13310,1193,2026-08-05,completed,standard
13311,928,2026-04-09,returned,standard
13312,1423,2026-05-27,completed,express
13313,681,2025-07-19,completed,standard
13314,310,2026-02-07,completed,express
13315,1698,2024-03-18,completed,standard
13316,1178,2026-04-26,completed,express
13317,1723,2026-08-27,completed,standard
13318,478,2026-02-19,completed,standard
13319,1563,2026-07-11,cancelled,standard
13320,518,2025-09-10,completed,standard
13321,1688,2024-05-14,completed,standard
13322,953,2025-11-06,returned,standard
13323,1718,2026-06-23,completed,same-day
13324,1497,2024-07-27,completed,standard
13325,252,2026-06-08,completed,standard
13326,1457,2026-02-15,completed,standard
13327,354,2026-08-04,completed,same-day
13328,1414,2025-05-10,completed,standard
13329,344,2024-02-18,completed,standard
13330,1287,2026-07-05,completed,express
13331,967,2024-07-18,returned,express
13332,204,2024-12-29,completed,standard
13333,147,2025-03-12,completed,same-day
13334,930,2025-07-20,completed,standard
13335,734,2025-07-04,completed,standard
13336,1771,2024-05-28,completed,express
13337,849,2025-04-25,completed,standard
13338,233,2025-07-25,completed,standard
13339,990,2026-05-08,completed,standard
13340,844,2025-04-07,completed,standard
13341,108,2024-11-01,cancelled,standard
13342,586,2026-06-12,completed,standard
13343,1234,2025-11-10,completed,standard
13344,1092,2025-01-06,completed,same-day
13345,220,2026-05-19,completed,standard
13346,536,2026-07-23,completed,express
13347,1109,2026-04-30,returned,standard
13348,1159,2025-11-08,completed,standard
13349,462,2026-05-26,completed,standard
13350,742,2026-04-08,completed,standard
13351,1881,2025-11-28,completed,standard
13352,1671,2024-01-31,completed,standard
13353,1911,2025-09-30,completed,standard
13354,15,2026-03-10,completed,same-day
13355,1173,2024-08-06,completed,express
13356,1614,2026-01-20,completed,standard
13357,366,2025-12-06,completed,standard
13358,1796,2025-03-01,completed,standard
13359,1491,2025-08-28,completed,express
13360,1993,2024-11-27,completed,standard
13361,1969,2024-09-14,completed,standard
13362,1592,2025-01-31,cancelled,express
13363,27,2025-10-25,completed,standard
13364,1996,2026-08-21,completed,express
13365,1778,2026-08-05,completed,standard
13366,361,2026-03-04,completed,standard
13367,791,2026-05-16,completed,standard
13368,1000,2024-09-01,completed,standard
13369,150,2024-03-02,completed,standard
13370,842,2026-08-21,completed,standard
13371,50,2026-01-11,completed,express
13372,139,2026-05-10,completed,express
13373,930,2025-11-22,completed,standard
13374,1771,2026-07-19,completed,same-day
13375,38,2026-02-14,completed,standard
13376,428,2026-06-24,completed,standard
13377,1997,2026-07-30,completed,standard
13378,796,2026-07-13,completed,standard
13379,381,2026-07-21,completed,standard
13380,1771,2026-05-31,completed,standard
13381,76,2024-08-08,completed,express
13382,678,2026-05-08,completed,standard
13383,22,2025-11-24,completed,standard
13384,63,2024-09-14,completed,same-day
13385,1171,2025-09-03,completed,standard
13386,412,2024-11-24,completed,standard
13387,824,2025-03-22,completed,same-day
13388,918,2025-07-17,completed,standard
13389,506,2025-07-14,completed,express
13390,555,2026-05-13,completed,standard
13391,1160,2026-07-13,completed,standard
13392,1703,2025-07-16,returned,express
13393,1724,2025-02-10,completed,standard
13394,877,2025-05-02,completed,standard
13395,1131,2026-06-11,completed,express
13396,1565,2026-06-25,completed,same-day
13397,862,2026-08-28,completed,standard
13398,478,2026-01-11,completed,express
13399,1113,2025-11-28,completed,express
13400,1087,2024-07-18,completed,standard
13401,1917,2026-06-02,completed,standard
13402,62,2026-07-16,completed,express
13403,791,2026-06-30,completed,standard
13404,1859,2026-04-14,completed,express
13405,518,2026-02-16,completed,express
13406,306,2026-03-13,completed,standard
13407,691,2026-03-22,completed,standard
13408,1457,2026-03-12,completed,standard
13409,1634,2025-02-23,returned,standard
13410,1105,2025-11-28,completed,standard
13411,208,2024-07-25,completed,same-day
13412,1207,2025-10-16,completed,standard
13413,1475,2024-11-19,completed,same-day
13414,445,2026-03-06,completed,standard
13415,925,2026-02-28,completed,standard
13416,309,2025-09-13,completed,standard
13417,1513,2025-07-28,completed,standard
13418,354,2025-09-24,completed,express
13419,1720,2025-04-17,completed,standard
13420,312,2024-06-19,completed,standard
13421,1150,2024-05-22,completed,standard
13422,1642,2025-08-16,completed,standard
13423,440,2024-10-07,completed,express
13424,1304,2025-07-04,completed,standard
13425,593,2024-04-13,completed,express
13426,1544,2025-03-12,completed,standard
13427,1633,2025-01-10,completed,express
13428,114,2024-11-23,completed,standard
13429,1660,2024-11-14,completed,standard
13430,1439,2025-05-25,cancelled,standard
13431,905,2025-05-30,cancelled,same-day
13432,1292,2026-01-11,completed,standard
13433,1646,2025-08-21,completed,standard
13434,907,2025-08-08,completed,standard
13435,324,2024-12-30,cancelled,standard
13436,1290,2025-08-21,completed,standard
13437,704,2026-02-23,returned,standard
13438,405,2025-05-06,completed,standard
13439,984,2026-05-31,completed,express
13440,1248,2025-07-18,completed,standard
13441,1254,2026-08-13,completed,standard
13442,739,2025-10-02,cancelled,express
13443,905,2024-09-12,completed,standard
13444,1,2025-10-10,cancelled,express
13445,1717,2025-12-09,completed,express
13446,866,2026-07-08,completed,standard
13447,1631,2026-08-26,completed,standard
13448,835,2026-04-29,completed,standard
13449,999,2024-12-31,completed,standard
13450,718,2026-01-08,completed,standard
13451,823,2025-07-08,completed,standard
13452,1737,2024-06-29,completed,standard
13453,332,2026-08-17,returned,standard
13454,1096,2025-02-23,completed,standard
13455,1333,2025-11-02,completed,standard
13456,1845,2026-06-11,completed,standard
13457,1135,2024-07-13,completed,express
13458,1683,2024-12-12,completed,standard
13459,337,2024-06-19,returned,same-day
13460,88,2025-12-01,completed,express
13461,365,2025-06-08,completed,standard
13462,151,2024-12-17,completed,express
13463,735,2026-08-21,completed,standard
13464,1650,2026-05-01,completed,standard
13465,594,2024-11-16,completed,standard
13466,1627,2026-05-19,completed,standard
13467,1241,2025-04-13,completed,express
13468,554,2025-08-13,completed,standard
13469,1091,2025-10-28,returned,express
13470,1827,2026-06-08,completed,express
13471,1174,2025-12-18,completed,standard
13472,341,2025-10-15,completed,same-day
13473,306,2026-03-03,completed,standard
13474,1916,2025-12-20,completed,standard
13475,491,2026-06-26,completed,standard
13476,340,2024-06-20,completed,standard
13477,1916,2025-06-06,completed,standard
13478,484,2024-07-11,returned,standard
13479,129,2025-02-12,completed,express
13480,302,2026-04-02,completed,express
13481,742,2026-04-22,cancelled,standard
13482,1304,2026-04-07,completed,standard
13483,655,2026-06-22,returned,express
13484,1705,2026-06-06,completed,same-day
13485,114,2026-05-14,completed,express
13486,1238,2025-02-04,completed,standard
13487,1458,2026-03-03,completed,standard
13488,1978,2024-01-22,completed,standard
13489,561,2025-03-18,completed,express
13490,1594,2025-11-14,completed,standard
13491,1367,2025-01-28,completed,express
13492,64,2026-06-14,completed,standard
13493,1709,2025-07-02,completed,standard
13494,1167,2026-08-11,completed,express
13495,1626,2024-10-07,returned,standard
13496,1619,2024-09-25,completed,standard
13497,564,2025-10-08,completed,standard
13498,1568,2026-02-18,completed,standard
13499,1248,2026-06-19,returned,standard
13500,1508,2025-09-09,completed,standard
13501,487,2025-01-10,completed,express
13502,1745,2024-08-24,completed,standard
13503,586,2025-09-15,completed,standard
13504,489,2026-06-17,completed,standard
13505,1839,2025-07-30,completed,standard
13506,1187,2025-12-19,completed,standard
13507,256,2026-08-23,completed,express
13508,1624,2025-12-05,cancelled,standard
13509,52,2026-03-09,completed,standard
13510,1134,2024-08-19,completed,standard
13511,1478,2024-12-15,cancelled,standard
13512,2000,2025-02-06,completed,same-day
13513,457,2026-04-11,completed,express
13514,244,2025-01-08,completed,standard
13515,1933,2026-06-14,completed,standard
13516,538,2026-04-24,completed,standard
13517,539,2026-08-22,completed,standard
13518,315,2026-03-29,completed,standard
13519,1164,2025-07-29,completed,standard
13520,886,2024-06-13,completed,same-day
13521,661,2025-02-27,completed,express
13522,1198,2025-03-14,completed,standard
13523,621,2026-06-19,completed,same-day
13524,1744,2024-09-22,completed,standard
13525,1202,2026-04-27,completed,standard
13526,259,2026-07-16,completed,standard
13527,107,2026-06-20,completed,standard
13528,279,2025-01-13,completed,standard
13529,1935,2024-10-24,completed,standard
13530,801,2024-05-20,cancelled,standard
13531,147,2024-06-20,completed,express
13532,919,2026-02-21,completed,standard
13533,1180,2025-05-28,completed,same-day
13534,552,2026-07-09,completed,standard
13535,125,2025-08-03,completed,standard
13536,29,2026-06-19,completed,standard
13537,357,2025-12-31,completed,express
13538,1548,2024-10-03,completed,express
13539,536,2025-10-06,completed,same-day
13540,179,2026-01-30,completed,standard
13541,401,2026-08-28,completed,standard
13542,893,2024-06-14,completed,standard
13543,1246,2025-11-04,completed,express
13544,1595,2025-07-14,completed,express
13545,1177,2025-08-04,completed,standard
13546,354,2024-08-02,cancelled,express
13547,889,2026-05-17,completed,standard
13548,1409,2026-07-30,completed,same-day
13549,192,2026-06-02,completed,same-day
13550,737,2025-11-16,completed,standard
13551,1445,2026-06-12,completed,standard
13552,248,2024-02-09,completed,standard
13553,845,2026-08-07,completed,express
13554,1902,2025-09-27,completed,express
13555,947,2026-02-20,completed,standard
13556,297,2026-01-18,completed,standard
13557,1703,2025-08-12,completed,same-day
13558,1259,2026-07-14,completed,express
13559,793,2025-07-28,completed,standard
13560,760,2026-02-16,completed,standard
13561,1793,2025-09-26,completed,standard
13562,278,2025-08-12,completed,standard
13563,50,2026-04-21,completed,standard
13564,1243,2024-05-03,completed,express
13565,233,2025-09-26,completed,express
13566,1619,2025-09-18,completed,standard
13567,454,2026-07-11,completed,express
13568,9,2026-02-21,completed,standard
13569,1189,2024-10-01,completed,express
13570,1321,2026-05-28,completed,standard
13571,1754,2026-04-11,completed,standard
13572,1805,2026-05-14,completed,standard
13573,625,2024-09-28,completed,standard
13574,269,2026-08-25,completed,standard
13575,118,2026-03-08,completed,standard
13576,324,2026-04-27,completed,express
13577,203,2026-08-27,completed,express
13578,699,2024-04-19,completed,same-day
13579,457,2026-04-14,returned,standard
13580,656,2025-09-03,completed,express
13581,20,2024-10-05,completed,express
13582,180,2026-02-13,completed,standard
13583,415,2025-08-12,completed,standard
13584,1543,2024-11-29,completed,standard
13585,193,2025-08-04,completed,express
13586,1280,2026-07-13,completed,standard
13587,594,2025-05-30,completed,standard
13588,1335,2024-11-08,completed,standard
13589,94,2025-04-24,completed,express
13590,1700,2026-07-25,completed,standard
13591,973,2025-11-04,completed,standard
13592,1186,2025-09-08,completed,standard
13593,1275,2024-04-29,completed,express
13594,519,2026-08-22,completed,standard
13595,1212,2024-08-23,completed,standard
13596,245,2026-03-31,completed,standard
13597,1389,2025-11-11,completed,standard
13598,500,2024-11-17,completed,standard
13599,254,2026-06-01,completed,standard
13600,1944,2025-06-22,completed,standard
13601,1012,2025-10-28,completed,standard
13602,469,2026-01-08,completed,express
13603,1636,2025-01-19,completed,express
13604,1257,2026-08-26,returned,standard
13605,1350,2026-04-30,completed,standard
13606,1405,2026-02-04,completed,standard
13607,1086,2025-08-13,completed,standard
13608,209,2025-08-24,cancelled,standard
13609,354,2025-10-18,completed,standard
13610,1856,2024-04-18,completed,standard
13611,15,2026-02-10,completed,standard
13612,1542,2025-03-31,completed,standard
13613,970,2024-08-30,completed,standard
13614,79,2026-06-11,cancelled,express
13615,992,2025-01-18,completed,standard
13616,758,2025-01-12,completed,standard
13617,1153,2025-12-08,completed,standard
13618,1924,2026-08-23,cancelled,standard
13619,1756,2025-07-13,completed,standard
13620,1512,2024-06-19,completed,standard
13621,1181,2025-08-02,completed,express
13622,1974,2026-01-18,completed,express
13623,857,2025-02-05,completed,standard
13624,183,2026-03-06,completed,express
13625,1741,2025-08-21,completed,standard
13626,1886,2024-08-19,completed,express
13627,323,2026-07-10,completed,standard
13628,936,2025-02-06,completed,standard
13629,1092,2026-01-17,completed,express
13630,574,2024-06-04,completed,standard
13631,862,2026-06-20,completed,standard
13632,109,2024-05-05,completed,standard
13633,1047,2025-12-14,completed,standard
13634,1273,2026-02-27,cancelled,same-day
13635,1574,2026-07-17,completed,express
13636,711,2025-12-16,completed,standard
13637,1062,2024-06-04,completed,standard
13638,378,2024-06-12,completed,standard
13639,1475,2024-10-30,completed,express
13640,337,2025-07-02,cancelled,standard
13641,1548,2026-08-16,completed,express
13642,1404,2025-02-05,completed,standard
13643,1423,2025-04-27,completed,standard
13644,956,2026-08-11,completed,express
13645,807,2026-05-06,completed,standard
13646,337,2024-03-25,completed,standard
13647,1477,2024-05-09,completed,same-day
13648,531,2026-04-23,completed,standard
13649,968,2025-04-12,completed,express
13650,1319,2025-12-31,cancelled,standard
13651,1557,2026-01-25,completed,standard
13652,716,2026-02-27,completed,standard
13653,1849,2025-01-20,completed,express
13654,1722,2025-07-13,returned,standard
13655,1275,2025-03-25,completed,standard
13656,631,2025-09-20,returned,standard
13657,739,2026-03-04,completed,standard
13658,1574,2024-04-03,completed,standard
13659,777,2025-03-12,completed,standard
13660,1114,2026-06-22,completed,express
13661,339,2025-01-12,completed,standard
13662,1735,2025-11-29,completed,same-day
13663,17,2024-12-03,completed,standard
13664,204,2025-12-31,completed,standard
13665,359,2024-06-19,completed,express
13666,1458,2025-06-28,completed,standard
13667,1329,2026-01-12,completed,standard
13668,1271,2025-02-05,completed,standard
13669,329,2025-02-13,completed,standard
13670,1762,2026-07-13,completed,standard
13671,595,2025-05-28,completed,standard
13672,337,2024-05-20,completed,standard
13673,820,2026-01-11,cancelled,standard
13674,1182,2026-05-16,completed,standard
13675,501,2025-12-18,completed,express
13676,354,2025-12-25,completed,standard
13677,25,2026-04-04,completed,standard
13678,1699,2024-09-30,completed,standard
13679,332,2026-07-23,completed,standard
13680,316,2025-07-31,completed,standard
13681,1844,2026-05-04,completed,standard
13682,168,2025-12-29,completed,standard
13683,1144,2026-02-28,completed,standard
13684,343,2025-11-14,completed,express
13685,23,2026-08-06,completed,express
13686,27,2024-09-05,completed,express
13687,1408,2025-12-31,completed,standard
13688,832,2026-06-17,completed,standard
13689,333,2024-04-14,completed,standard
13690,1392,2024-10-15,completed,standard
13691,77,2024-10-10,completed,standard
13692,818,2024-11-10,completed,standard
13693,1,2024-08-05,completed,standard
13694,1838,2025-11-14,completed,express
13695,1781,2026-01-10,cancelled,standard
13696,1654,2026-01-08,completed,standard
13697,101,2025-07-09,completed,standard
13698,1166,2025-01-07,completed,express
13699,858,2025-12-09,completed,standard
13700,362,2026-04-05,completed,standard
13701,955,2026-01-04,completed,standard
13702,564,2025-05-03,completed,standard
13703,76,2026-06-08,cancelled,same-day
13704,1437,2026-03-25,completed,express
13705,1230,2024-10-10,completed,standard
13706,96,2025-05-29,completed,express
13707,1518,2025-09-03,completed,standard
13708,1154,2025-11-28,completed,same-day
13709,487,2026-07-24,completed,standard
13710,1523,2024-10-12,completed,same-day
13711,1084,2025-02-15,completed,express
13712,347,2025-09-11,completed,express
13713,313,2025-07-25,returned,standard
13714,1672,2025-06-25,completed,express
13715,180,2025-06-11,completed,standard
13716,1900,2025-06-21,completed,standard
13717,440,2026-01-19,completed,standard
13718,1702,2025-10-25,cancelled,standard
13719,1395,2025-04-23,completed,standard
13720,837,2025-03-05,completed,express
13721,42,2025-05-24,returned,standard
13722,1065,2024-10-11,completed,express
13723,924,2026-05-31,returned,standard
13724,1320,2026-07-19,completed,standard
13725,634,2025-12-22,completed,standard
13726,557,2025-03-02,completed,express
13727,213,2024-03-11,completed,standard
13728,1371,2024-02-13,completed,standard
13729,833,2025-10-01,completed,standard
13730,1679,2025-11-21,completed,standard
13731,949,2025-07-27,completed,express
13732,868,2024-12-10,completed,standard
13733,251,2025-07-08,completed,standard
13734,558,2024-12-23,completed,standard
13735,1420,2025-09-04,completed,standard
13736,1428,2025-11-12,completed,standard
13737,699,2025-07-05,completed,standard
13738,28,2026-03-25,completed,standard
13739,643,2025-02-24,completed,standard
13740,927,2026-04-05,completed,standard
13741,395,2026-03-08,completed,express
13742,845,2026-08-12,completed,standard
13743,887,2025-09-15,completed,same-day
13744,848,2026-04-24,completed,standard
13745,286,2026-04-09,completed,express
13746,441,2025-06-03,cancelled,standard
13747,213,2026-03-27,completed,standard
13748,1967,2026-06-29,completed,express
13749,1768,2025-02-01,cancelled,express
13750,1575,2025-04-02,completed,express
13751,221,2026-01-18,completed,standard
13752,1286,2024-10-08,completed,standard
13753,1587,2026-02-18,completed,express
13754,517,2024-08-31,completed,standard
13755,1427,2025-01-25,completed,express
13756,1931,2024-10-16,completed,standard
13757,595,2024-11-29,returned,standard
13758,1879,2026-01-19,returned,same-day
13759,1433,2024-03-19,cancelled,standard
13760,772,2026-04-01,completed,standard
13761,550,2026-06-27,completed,same-day
13762,1633,2025-06-12,completed,standard
13763,223,2025-05-11,cancelled,standard
13764,1496,2025-02-02,completed,express
13765,919,2026-05-31,completed,express
13766,929,2025-09-30,completed,standard
13767,1319,2025-04-08,completed,standard
13768,769,2024-07-19,completed,standard
13769,716,2026-08-25,completed,standard
13770,1903,2025-07-11,cancelled,standard
13771,1786,2026-08-11,completed,standard
13772,1502,2026-05-22,cancelled,express
13773,842,2026-04-15,completed,standard
13774,1389,2025-05-22,completed,same-day
13775,1582,2025-09-23,completed,express
13776,1210,2026-08-21,completed,standard
13777,353,2026-02-12,cancelled,standard
13778,1951,2025-07-12,completed,standard
13779,1636,2025-05-09,completed,standard
13780,1754,2025-11-11,cancelled,express
13781,1619,2024-03-21,completed,express
13782,946,2026-05-28,completed,express
13783,1715,2025-10-22,completed,express
13784,192,2025-06-03,completed,standard
13785,1106,2025-09-19,completed,standard
13786,39,2025-09-24,completed,standard
13787,166,2026-05-17,completed,standard
13788,1690,2025-09-16,completed,standard
13789,1241,2025-04-20,cancelled,standard
13790,1134,2025-10-16,completed,standard
13791,338,2024-11-14,completed,standard
13792,1399,2026-02-12,completed,standard
13793,79,2026-02-04,completed,standard
13794,330,2024-03-22,completed,standard
13795,1126,2024-04-14,completed,standard
13796,887,2024-05-31,completed,standard
13797,532,2026-05-08,completed,standard
13798,534,2026-07-02,cancelled,standard
13799,1535,2026-08-03,completed,express
13800,329,2025-04-06,returned,standard
13801,537,2026-04-21,completed,standard
13802,854,2025-08-02,completed,standard
13803,664,2024-08-21,completed,standard
13804,386,2025-05-11,completed,express
13805,1646,2025-01-02,completed,standard
13806,1150,2026-07-21,completed,standard
13807,894,2026-05-23,completed,standard
13808,1519,2024-04-12,completed,standard
13809,22,2026-02-16,completed,standard
13810,710,2025-08-19,returned,express
13811,583,2025-02-15,completed,standard
13812,1078,2024-07-29,cancelled,standard
13813,1488,2025-12-20,completed,express
13814,750,2025-03-09,completed,express
13815,1519,2025-10-08,completed,standard
13816,833,2026-07-27,completed,standard
13817,1141,2025-09-01,completed,express
13818,557,2025-12-21,completed,express
13819,937,2025-05-06,completed,standard
13820,389,2026-01-28,completed,standard
13821,864,2026-08-26,completed,express
13822,1414,2025-01-20,completed,standard
13823,121,2025-05-03,completed,express
13824,24,2024-06-02,completed,standard
13825,1916,2026-07-01,completed,standard
13826,1193,2024-05-17,completed,standard
13827,451,2026-03-29,completed,standard
13828,1744,2025-03-31,completed,standard
13829,1252,2025-10-10,completed,standard
13830,621,2026-06-29,completed,standard
13831,1480,2026-06-07,completed,express
13832,536,2024-09-27,completed,express
13833,176,2025-06-11,completed,same-day
13834,1452,2025-02-09,completed,standard
13835,465,2026-04-15,cancelled,standard
13836,1560,2024-11-11,completed,standard
13837,1207,2025-09-12,cancelled,standard
13838,1670,2025-06-21,completed,standard
13839,62,2025-11-02,completed,standard
13840,1563,2026-04-09,cancelled,standard
13841,953,2026-01-30,completed,standard
13842,150,2025-03-29,completed,standard
13843,1345,2026-08-18,completed,express
13844,96,2024-12-12,completed,same-day
13845,982,2024-12-20,completed,standard
13846,1295,2025-12-29,completed,express
13847,820,2024-10-05,completed,standard
13848,180,2026-06-11,returned,same-day
13849,440,2025-02-07,completed,same-day
13850,1019,2025-11-04,completed,standard
13851,1814,2025-08-27,completed,standard
13852,522,2026-02-16,completed,standard
13853,420,2025-12-18,completed,standard
13854,98,2026-03-31,completed,standard
13855,1456,2025-05-01,completed,standard
13856,160,2025-12-13,completed,standard
13857,1503,2026-03-08,completed,standard
13858,1684,2025-04-07,completed,standard
13859,1926,2024-08-11,completed,standard
13860,695,2025-02-18,completed,express
13861,829,2026-08-09,returned,standard
13862,1790,2025-06-15,completed,standard
13863,1694,2025-10-19,completed,standard
13864,254,2026-04-27,completed,express
13865,1749,2026-04-24,completed,standard
13866,1507,2026-07-30,completed,standard
13867,806,2026-03-16,completed,standard
13868,1851,2025-09-28,completed,standard
13869,1803,2026-06-06,completed,standard
13870,1565,2025-05-14,completed,standard
13871,727,2025-01-14,cancelled,express
13872,590,2026-06-03,completed,standard
13873,1394,2024-09-10,completed,express
13874,1046,2024-10-02,completed,same-day
13875,1632,2026-07-17,completed,standard
13876,1490,2026-01-27,completed,standard
13877,1147,2024-11-11,completed,standard
13878,1878,2024-05-19,cancelled,standard
13879,291,2026-01-26,completed,standard
13880,950,2024-04-30,completed,standard
13881,1397,2026-03-25,returned,express
13882,1158,2026-01-06,completed,standard
13883,211,2024-04-06,completed,standard
13884,1552,2025-04-24,completed,standard
13885,610,2024-08-05,completed,standard
13886,78,2024-11-21,completed,standard
13887,908,2025-07-19,completed,standard
13888,1681,2025-08-30,completed,same-day
13889,1130,2026-03-15,completed,standard
13890,40,2025-12-12,completed,standard
13891,1953,2025-11-11,completed,express
13892,718,2025-06-24,completed,same-day
13893,1504,2026-08-18,completed,same-day
13894,854,2026-03-25,completed,express
13895,668,2026-02-19,completed,standard
13896,70,2025-05-25,completed,express
13897,1414,2025-04-08,completed,standard
13898,885,2025-11-25,completed,standard
13899,1829,2026-07-08,completed,same-day
13900,1187,2025-08-05,completed,standard
13901,487,2025-10-22,completed,standard
13902,52,2025-09-20,completed,standard
13903,970,2026-01-18,completed,standard
13904,876,2025-06-12,completed,standard
13905,417,2026-03-27,returned,standard
13906,1634,2025-08-19,completed,standard
13907,941,2024-09-07,completed,standard
13908,1585,2026-02-10,completed,standard
13909,1810,2026-06-09,completed,standard
13910,1101,2024-08-07,completed,express
13911,264,2024-11-26,completed,same-day
13912,1470,2025-08-15,completed,express
13913,838,2024-11-02,returned,standard
13914,1772,2024-06-04,completed,express
13915,950,2025-01-17,completed,standard
13916,1153,2024-08-17,completed,standard
13917,557,2026-02-22,completed,standard
13918,158,2026-04-29,completed,same-day
13919,31,2025-03-30,completed,standard
13920,1030,2026-07-17,completed,express
13921,1024,2024-09-11,completed,standard
13922,1023,2026-07-16,completed,standard
13923,651,2024-07-08,cancelled,standard
13924,1012,2026-08-02,completed,standard
13925,652,2025-08-08,completed,standard
13926,1197,2026-05-31,completed,standard
13927,1652,2025-11-20,completed,same-day
13928,767,2026-03-28,completed,standard
13929,1501,2025-11-09,completed,express
13930,1150,2024-09-21,completed,standard
13931,403,2026-02-24,completed,standard
13932,1360,2025-06-23,completed,express
13933,331,2026-07-17,completed,express
13934,1037,2025-07-18,completed,express
13935,1237,2025-05-31,completed,express
13936,1692,2025-06-18,completed,same-day
13937,1510,2026-03-22,completed,express
13938,1976,2025-04-05,completed,express
13939,47,2025-03-31,completed,express
13940,1685,2026-07-31,completed,standard
13941,1599,2026-07-06,completed,standard
13942,1275,2026-07-17,completed,standard
13943,1693,2026-01-09,completed,standard
13944,1685,2024-07-13,completed,standard
13945,1274,2024-12-01,completed,standard
13946,1147,2026-07-17,completed,express
13947,273,2026-05-15,completed,standard
13948,227,2025-12-19,completed,standard
13949,911,2026-08-18,completed,same-day
13950,524,2024-10-25,completed,express
13951,1711,2025-05-10,completed,express
13952,843,2026-02-09,completed,standard
13953,1405,2024-12-02,completed,express
13954,151,2024-06-07,completed,standard
13955,1726,2026-08-20,completed,standard
13956,1367,2025-10-16,completed,express
13957,882,2025-12-26,cancelled,standard
13958,812,2025-11-01,completed,standard
13959,406,2024-12-28,completed,standard
13960,1676,2026-06-17,returned,standard
13961,1522,2025-07-27,completed,express
13962,803,2026-04-02,completed,standard
13963,316,2024-07-19,completed,express
13964,1862,2025-05-17,completed,standard
13965,1353,2025-11-23,cancelled,standard
13966,1754,2026-04-01,completed,express
13967,949,2026-06-12,completed,standard
13968,1887,2025-06-25,completed,standard
13969,1166,2025-02-25,completed,standard
13970,347,2025-12-29,completed,standard
13971,1673,2026-06-01,returned,express
13972,1676,2025-07-05,completed,standard
13973,156,2025-08-13,cancelled,express
13974,1993,2026-02-08,completed,standard
13975,1632,2026-03-20,completed,standard
13976,1861,2026-02-20,completed,express
13977,987,2026-07-25,cancelled,same-day
13978,1129,2024-04-23,completed,standard
13979,835,2026-07-10,completed,standard
13980,639,2026-04-25,completed,express
13981,1763,2026-03-16,cancelled,standard
13982,403,2025-11-20,completed,express
13983,1611,2025-02-09,completed,standard
13984,928,2025-10-01,returned,standard
13985,915,2025-10-20,completed,same-day
13986,1828,2025-12-19,completed,standard
13987,12,2026-07-26,completed,express
13988,844,2026-04-03,completed,standard
13989,1660,2026-01-14,completed,standard
13990,1223,2024-10-30,completed,standard
13991,337,2025-08-16,completed,standard
13992,1178,2026-04-24,completed,standard
13993,308,2026-02-20,completed,standard
13994,407,2026-05-25,completed,express
13995,1396,2026-04-13,completed,express
13996,1077,2024-06-08,completed,standard
13997,1908,2025-09-04,completed,express
13998,465,2025-03-02,completed,standard
13999,1764,2024-11-03,completed,standard
14000,1349,2026-06-17,completed,standard
14001,470,2025-10-25,completed,standard
14002,646,2025-04-02,completed,express
14003,1376,2026-01-02,completed,same-day
14004,1280,2026-03-12,completed,standard
14005,1389,2026-01-14,completed,standard
14006,217,2025-07-27,completed,standard
14007,710,2025-12-26,completed,standard
14008,1137,2025-11-28,completed,standard
14009,1957,2026-07-21,completed,same-day
14010,897,2024-06-23,completed,standard
14011,1990,2026-03-20,completed,standard
14012,1198,2025-01-22,completed,standard
14013,122,2026-06-29,completed,standard
14014,673,2024-05-26,completed,standard
14015,1084,2024-11-02,returned,express
14016,372,2026-02-10,completed,standard
14017,727,2026-03-04,completed,express
14018,1995,2026-05-28,completed,standard
14019,1068,2025-08-18,completed,express
14020,1918,2024-06-04,completed,express
14021,541,2025-03-10,completed,standard
14022,1128,2026-04-26,completed,standard
14023,1032,2026-07-28,completed,standard
14024,1550,2026-04-23,completed,standard
14025,1319,2024-12-16,completed,express
14026,486,2025-11-30,completed,standard
14027,104,2026-04-03,completed,standard
14028,286,2026-01-09,completed,standard
14029,1739,2025-11-30,completed,standard
14030,1358,2024-11-24,completed,standard
14031,1478,2024-05-20,returned,express
14032,933,2025-12-28,completed,standard
14033,1084,2025-07-14,completed,standard
14034,826,2025-10-13,completed,standard
14035,1012,2026-06-26,completed,standard
14036,1855,2024-08-23,completed,standard
14037,766,2026-04-28,completed,standard
14038,747,2025-12-24,completed,standard
14039,1283,2025-06-12,completed,standard
14040,1328,2026-04-26,completed,standard
14041,1357,2025-05-21,completed,standard
14042,680,2025-11-24,completed,express
14043,1291,2025-03-09,completed,standard
14044,1165,2026-03-31,completed,standard
14045,1509,2024-07-20,completed,same-day
14046,1806,2026-03-03,completed,standard
14047,100,2026-07-08,completed,standard
14048,753,2026-06-09,completed,standard
14049,1699,2024-03-08,completed,express
14050,1761,2025-04-05,completed,standard
14051,1167,2024-12-22,completed,standard
14052,1446,2025-10-24,completed,standard
14053,278,2025-11-23,completed,standard
14054,1696,2025-03-31,completed,standard
14055,1029,2025-03-07,completed,standard
14056,650,2025-07-31,cancelled,standard
14057,395,2026-06-10,cancelled,express
14058,894,2025-05-22,completed,standard
14059,88,2025-12-23,completed,standard
14060,952,2025-07-16,completed,standard
14061,1876,2025-10-03,completed,standard
14062,1955,2025-12-26,completed,standard
14063,823,2025-01-25,returned,standard
14064,593,2024-07-11,completed,standard
14065,889,2024-09-10,completed,express
14066,91,2025-07-20,completed,express
14067,60,2024-10-28,completed,standard
14068,1258,2024-12-16,completed,express
14069,60,2024-07-13,completed,standard
14070,1281,2025-07-04,completed,standard
14071,1729,2024-03-12,completed,standard
14072,1717,2024-07-06,completed,express
14073,908,2026-08-13,completed,standard
14074,803,2025-02-09,cancelled,standard
14075,1065,2026-06-06,completed,same-day
14076,1201,2026-07-17,completed,express
14077,826,2024-01-11,completed,standard
14078,341,2025-06-26,completed,standard
14079,1736,2025-08-02,completed,standard
14080,588,2026-08-18,returned,standard
14081,594,2025-06-22,completed,standard
14082,1060,2024-12-17,completed,same-day
14083,1503,2026-04-05,completed,express
14084,58,2025-06-17,cancelled,standard
14085,1698,2025-07-02,completed,standard
14086,915,2026-04-08,completed,standard
14087,1039,2024-03-23,completed,standard
14088,1321,2025-12-01,completed,express
14089,1933,2024-05-15,completed,standard
14090,1904,2026-05-30,completed,standard
14091,360,2025-11-15,completed,standard
14092,1294,2024-04-24,completed,standard
14093,1264,2025-11-18,completed,standard
14094,170,2026-06-16,completed,standard
14095,835,2024-06-28,completed,express
14096,4,2026-02-24,completed,standard
14097,1876,2025-02-26,completed,standard
14098,1372,2025-05-30,returned,standard
14099,1440,2025-08-18,completed,express
14100,1765,2025-01-26,completed,standard
14101,764,2025-09-30,completed,standard
14102,212,2025-06-10,completed,standard
14103,1601,2025-05-21,completed,standard
14104,811,2024-10-16,completed,standard
14105,256,2026-06-20,completed,standard
14106,1118,2026-07-07,cancelled,standard
14107,1067,2025-02-21,completed,standard
14108,1679,2026-08-26,completed,standard
14109,476,2025-11-07,completed,standard
14110,231,2026-06-14,completed,standard
14111,108,2025-07-05,completed,standard
14112,1511,2026-08-23,completed,standard
14113,343,2025-01-17,completed,express
14114,1846,2025-08-12,cancelled,standard
14115,382,2026-07-03,completed,standard
14116,1803,2026-08-02,completed,express
14117,528,2026-06-28,cancelled,standard
14118,538,2024-12-03,completed,standard
14119,645,2024-08-16,completed,standard
14120,1192,2026-08-28,completed,standard
14121,1261,2025-12-11,completed,standard
14122,360,2026-02-15,completed,express
14123,504,2025-06-28,completed,express
14124,1998,2026-06-07,completed,standard
14125,1361,2026-04-04,completed,standard
14126,1745,2024-10-20,completed,express
14127,1799,2026-02-14,completed,standard
14128,158,2026-05-15,completed,standard
14129,22,2026-01-19,completed,standard
14130,1490,2024-06-09,completed,standard
14131,1621,2026-08-05,completed,standard
14132,1861,2025-11-20,completed,express
14133,279,2025-02-05,completed,standard
14134,316,2025-09-02,completed,standard
14135,1749,2025-06-19,completed,standard
14136,424,2026-08-16,cancelled,express
14137,1195,2026-05-30,completed,standard
14138,1176,2026-02-03,completed,express
14139,1879,2026-01-18,completed,same-day
14140,306,2024-10-18,completed,standard
14141,441,2024-12-18,completed,standard
14142,720,2026-01-28,completed,standard
14143,18,2025-07-01,completed,standard
14144,1107,2025-03-04,completed,express
14145,531,2024-07-26,completed,standard
14146,901,2025-05-22,returned,same-day
14147,1644,2025-05-18,completed,standard
14148,1855,2025-04-10,completed,standard
14149,112,2025-06-08,completed,express
14150,1222,2026-02-02,completed,standard
14151,1298,2025-12-19,completed,express
14152,894,2026-05-26,completed,standard
14153,256,2025-11-20,completed,express
14154,1506,2026-04-22,returned,express
14155,480,2026-04-05,completed,standard
14156,630,2025-03-29,completed,express
14157,1687,2025-02-13,completed,standard
14158,1780,2024-08-06,completed,standard
14159,611,2025-05-10,completed,standard
14160,696,2025-06-21,completed,same-day
14161,440,2026-08-23,completed,standard
14162,1525,2026-01-15,completed,standard
14163,511,2026-05-15,completed,standard
14164,1506,2024-04-26,completed,standard
14165,1404,2026-04-25,completed,standard
14166,1628,2026-02-02,completed,standard
14167,1582,2024-09-24,completed,express
14168,1557,2026-03-27,completed,standard
14169,553,2024-04-09,completed,express
14170,31,2026-07-23,completed,standard
14171,482,2025-05-23,completed,standard
14172,797,2024-06-06,completed,express
14173,1407,2025-01-30,completed,same-day
14174,1678,2025-08-22,completed,standard
14175,1797,2024-11-12,completed,standard
14176,1098,2024-10-19,completed,standard
14177,229,2025-06-07,completed,express
14178,1744,2026-08-04,completed,standard
14179,1145,2025-03-30,completed,standard
14180,1997,2025-12-05,completed,express
14181,494,2026-01-18,completed,same-day
14182,730,2025-07-08,cancelled,standard
14183,1879,2025-06-05,completed,standard
14184,797,2024-10-07,completed,standard
14185,298,2026-05-25,cancelled,express
14186,388,2026-05-23,completed,standard
14187,246,2026-02-11,completed,standard
14188,853,2024-07-14,completed,standard
14189,755,2025-10-13,completed,standard
14190,1615,2025-04-30,completed,standard
14191,1210,2025-03-17,completed,standard
14192,1250,2024-03-24,cancelled,express
14193,1065,2024-12-09,completed,standard
14194,562,2026-06-06,completed,standard
14195,143,2024-09-03,completed,standard
14196,738,2026-07-06,completed,standard
14197,616,2025-01-12,completed,standard
14198,1633,2024-07-13,returned,standard
14199,1937,2025-08-12,completed,express
14200,1709,2024-05-13,completed,standard
14201,1336,2025-05-26,completed,express
14202,342,2025-01-11,returned,standard
14203,1495,2026-03-18,completed,express
14204,1904,2025-01-16,completed,standard
14205,364,2025-04-15,completed,standard
14206,1056,2025-02-01,returned,standard
14207,361,2026-01-05,cancelled,standard
14208,1922,2026-08-25,cancelled,standard
14209,1132,2024-10-16,completed,standard
14210,249,2025-11-08,completed,standard
14211,762,2025-04-28,completed,standard
14212,792,2025-05-09,completed,same-day
14213,1934,2024-10-06,completed,standard
14214,1896,2026-03-30,completed,standard
14215,1144,2024-12-27,completed,standard
14216,815,2025-11-19,completed,standard
14217,371,2026-06-11,completed,express
14218,682,2025-05-28,completed,standard
14219,1222,2026-05-08,completed,standard
14220,1185,2025-09-23,completed,standard
14221,1776,2026-04-29,completed,standard
14222,1201,2026-06-23,completed,standard
14223,1639,2025-04-06,completed,standard
14224,1180,2025-06-19,completed,standard
14225,1473,2026-02-05,completed,standard
14226,1585,2026-04-26,completed,standard
14227,1468,2024-11-12,completed,standard
14228,492,2026-06-13,completed,standard
14229,634,2026-08-16,completed,standard
14230,1109,2026-08-10,completed,standard
14231,955,2025-02-16,completed,express
14232,1948,2025-05-28,returned,standard
14233,1114,2024-12-10,completed,same-day
14234,929,2024-03-07,completed,standard
14235,1000,2025-05-03,returned,standard
14236,1223,2026-07-26,completed,same-day
14237,737,2025-09-22,completed,standard
14238,1562,2025-08-09,completed,standard
14239,25,2025-11-06,completed,standard
14240,235,2024-05-03,completed,standard
14241,509,2024-11-15,completed,standard
14242,339,2026-08-09,completed,standard
14243,1054,2024-09-22,completed,standard
14244,1732,2024-05-10,completed,standard
14245,500,2026-01-28,completed,standard
14246,1217,2025-03-01,completed,same-day
14247,490,2025-06-26,completed,standard
14248,647,2025-03-31,completed,express
14249,1206,2024-08-24,completed,standard
14250,1489,2026-05-05,completed,standard
14251,1952,2024-07-21,completed,standard
14252,1199,2025-08-08,completed,express
14253,303,2024-12-25,completed,standard
14254,243,2025-11-26,completed,standard
14255,20,2026-06-07,completed,standard
14256,8,2026-05-23,completed,standard
14257,129,2024-10-09,completed,standard
14258,590,2026-01-04,completed,standard
14259,1305,2025-12-24,completed,express
14260,1318,2025-04-09,completed,standard
14261,934,2025-01-06,completed,standard
14262,794,2025-10-08,completed,same-day
14263,1678,2026-04-14,completed,standard
14264,1448,2026-07-24,completed,same-day
14265,1888,2024-11-24,completed,standard
14266,1915,2025-02-12,completed,standard
14267,604,2026-07-24,completed,standard
14268,1304,2025-01-06,completed,standard
14269,449,2026-06-18,completed,standard
14270,65,2025-02-13,completed,standard
14271,562,2025-12-11,completed,standard
14272,1873,2026-08-08,completed,standard
14273,137,2026-01-28,completed,standard
14274,596,2026-01-25,completed,express
14275,32,2024-04-26,completed,express
14276,1040,2025-02-21,completed,standard
14277,1154,2025-03-26,completed,standard
14278,635,2024-12-21,completed,standard
14279,1802,2025-10-04,completed,standard
14280,1685,2024-11-20,completed,standard
14281,940,2024-08-08,completed,standard
14282,64,2026-08-02,completed,standard
14283,1226,2025-08-07,completed,standard
14284,866,2026-01-06,completed,standard
14285,647,2025-04-29,completed,standard
14286,1344,2025-06-19,completed,express
14287,590,2026-05-03,completed,standard
14288,1481,2026-05-01,completed,standard
14289,1336,2025-04-09,completed,standard
14290,1399,2025-11-19,completed,standard
14291,590,2025-05-22,completed,standard
14292,23,2024-12-08,completed,express
14293,1243,2024-12-25,completed,standard
14294,1421,2024-03-13,completed,standard
14295,297,2025-02-23,completed,express
14296,1044,2026-08-07,completed,standard
14297,463,2025-03-10,completed,same-day
14298,1663,2026-06-24,completed,standard
14299,60,2026-07-20,completed,express
14300,1865,2026-02-09,completed,express
14301,1988,2026-07-13,completed,standard
14302,853,2025-03-23,returned,standard
14303,1885,2025-10-15,cancelled,standard
14304,196,2025-12-08,completed,standard
14305,1887,2025-08-03,completed,standard
14306,1120,2026-08-15,cancelled,standard
14307,1242,2025-11-16,completed,standard
14308,241,2026-08-18,completed,standard
14309,1877,2024-12-17,completed,express
14310,1882,2025-11-24,completed,express
14311,1653,2026-04-07,completed,standard
14312,1095,2025-08-01,completed,express
14313,1948,2026-07-22,completed,standard
14314,1632,2026-06-21,completed,standard
14315,1298,2025-11-08,completed,express
14316,1713,2025-05-25,completed,standard
14317,803,2025-05-11,completed,standard
14318,255,2024-11-02,completed,standard
14319,8,2025-03-07,completed,express
14320,948,2024-09-23,completed,standard
14321,720,2026-06-27,completed,express
14322,1256,2026-07-01,completed,same-day
14323,5,2024-12-08,completed,standard
14324,1232,2024-12-31,completed,standard
14325,816,2026-07-09,completed,standard
14326,1874,2026-02-09,completed,standard
14327,858,2026-05-09,completed,express
14328,660,2026-06-14,completed,standard
14329,962,2025-06-30,completed,same-day
14330,1512,2024-05-24,completed,same-day
14331,1303,2025-09-12,completed,standard
14332,1465,2024-10-16,completed,standard
14333,1928,2024-10-26,cancelled,standard
14334,576,2025-10-29,completed,standard
14335,1690,2025-01-25,completed,standard
14336,614,2024-10-07,completed,express
14337,1593,2026-05-23,completed,standard
14338,609,2026-04-30,completed,same-day
14339,514,2024-04-27,completed,standard
14340,1423,2026-01-06,completed,standard
14341,630,2025-10-13,cancelled,standard
14342,1930,2026-07-24,completed,standard
14343,1314,2025-06-10,completed,standard
14344,967,2024-09-05,cancelled,express
14345,1239,2025-11-30,cancelled,standard
14346,1698,2025-05-12,completed,express
14347,186,2026-04-15,completed,standard
14348,100,2025-03-04,completed,standard
14349,986,2025-11-19,completed,standard
14350,386,2025-10-02,cancelled,standard
14351,332,2026-06-19,completed,express
14352,1001,2024-02-09,completed,standard
14353,1943,2026-01-17,completed,standard
14354,119,2026-05-07,completed,standard
14355,835,2026-05-12,completed,standard
14356,1512,2025-02-06,completed,express
14357,1520,2025-03-19,completed,standard
14358,352,2026-01-21,completed,express
14359,86,2025-03-08,completed,standard
14360,1395,2026-06-11,completed,standard
14361,1666,2024-10-25,completed,same-day
14362,1486,2025-08-24,completed,express
14363,1172,2025-04-18,cancelled,standard
14364,1445,2026-04-25,completed,standard
14365,1186,2024-12-07,completed,express
14366,1038,2024-11-22,completed,standard
14367,380,2024-11-23,completed,standard
14368,919,2025-08-31,completed,express
14369,372,2025-08-07,completed,standard
14370,1463,2026-08-29,completed,standard
14371,1621,2026-04-20,completed,standard
14372,1700,2026-01-25,completed,express
14373,616,2025-03-09,completed,standard
14374,1690,2026-02-07,completed,same-day
14375,567,2025-09-05,completed,express
14376,1219,2025-08-02,cancelled,express
14377,1558,2024-12-15,completed,standard
14378,995,2025-10-16,completed,express
14379,50,2026-05-13,completed,express
14380,1497,2026-08-23,completed,standard
14381,1075,2026-01-26,completed,standard
14382,1729,2026-05-26,completed,express
14383,1547,2024-09-20,completed,same-day
14384,625,2025-06-19,completed,standard
14385,125,2025-05-10,returned,standard
14386,1940,2025-02-16,completed,standard
14387,10,2025-01-14,completed,standard
14388,1673,2025-04-25,completed,standard
14389,825,2026-05-22,completed,standard
14390,149,2025-10-08,completed,express
14391,1511,2026-07-08,completed,standard
14392,139,2026-03-28,completed,standard
14393,941,2024-12-31,completed,express
14394,65,2024-04-12,completed,express
14395,1838,2025-03-16,completed,standard
14396,1117,2025-06-05,completed,standard
14397,1563,2025-05-12,completed,standard
14398,707,2026-07-05,cancelled,standard
14399,970,2026-05-13,completed,standard
14400,474,2026-07-03,completed,standard
14401,1316,2025-05-31,cancelled,standard
14402,1725,2026-06-09,completed,standard
14403,1189,2025-04-08,completed,express
14404,152,2026-04-01,completed,standard
14405,696,2025-11-15,completed,standard
14406,379,2025-06-17,completed,same-day
14407,511,2024-12-31,completed,standard
14408,1211,2024-11-25,completed,express
14409,143,2026-03-28,completed,express
14410,1592,2026-08-16,completed,standard
14411,1025,2024-03-03,completed,standard
14412,681,2025-07-15,completed,standard
14413,1094,2024-02-11,completed,standard
14414,154,2025-09-17,completed,express
14415,1472,2025-12-08,completed,standard
14416,183,2026-08-02,completed,standard
14417,1788,2025-10-03,completed,express
14418,903,2025-07-27,completed,same-day
14419,541,2025-07-25,completed,standard
14420,1604,2026-07-09,returned,standard
14421,778,2026-01-07,completed,standard
14422,723,2026-02-11,completed,standard
14423,1203,2024-10-19,completed,standard
14424,225,2025-05-05,completed,standard
14425,792,2025-09-14,completed,standard
14426,1293,2025-06-13,returned,standard
14427,1640,2024-11-27,completed,standard
14428,5,2025-11-16,completed,express
14429,564,2025-07-24,completed,standard
14430,1180,2026-06-27,completed,standard
14431,1781,2025-01-04,cancelled,express
14432,1604,2026-03-02,completed,express
14433,1436,2025-08-07,cancelled,standard
14434,631,2025-10-03,completed,express
14435,619,2026-03-15,completed,same-day
14436,1085,2025-03-18,completed,express
14437,1971,2024-05-30,completed,standard
14438,1991,2025-02-19,completed,standard
14439,494,2024-10-10,completed,standard
14440,1847,2026-06-01,completed,standard
14441,1425,2025-07-03,completed,standard
14442,292,2025-09-17,completed,express
14443,159,2026-05-27,cancelled,standard
14444,1085,2026-07-17,completed,standard
14445,1363,2026-04-03,cancelled,standard
14446,1181,2024-02-18,completed,standard
14447,781,2025-10-22,completed,standard
14448,313,2024-02-04,completed,standard
14449,1881,2024-09-18,completed,same-day
14450,1462,2025-10-07,completed,standard
14451,473,2025-02-22,completed,standard
14452,736,2026-01-16,completed,express
14453,1639,2024-10-15,completed,express
14454,1113,2026-05-10,completed,standard
14455,1370,2026-06-11,completed,standard
14456,553,2024-02-22,cancelled,standard
14457,1947,2025-08-02,completed,standard
14458,1485,2025-12-02,completed,express
14459,1322,2026-06-09,completed,standard
14460,1074,2026-01-20,completed,standard
14461,25,2025-04-17,completed,standard
14462,777,2026-07-10,completed,standard
14463,308,2026-06-18,completed,standard
14464,1400,2025-07-22,completed,standard
14465,174,2025-06-05,completed,express
14466,1803,2025-01-01,completed,standard
14467,559,2024-11-03,completed,same-day
14468,871,2024-04-18,completed,standard
14469,1200,2026-04-28,completed,standard
14470,1732,2025-10-07,completed,same-day
14471,1445,2026-01-27,completed,standard
14472,679,2026-03-11,completed,standard
14473,832,2026-02-23,completed,express
14474,395,2026-01-31,completed,same-day
14475,1865,2026-01-15,returned,standard
14476,1211,2026-02-23,completed,express
14477,938,2024-09-03,completed,express
14478,527,2024-11-01,completed,standard
14479,40,2026-07-27,returned,same-day
14480,1815,2025-06-21,cancelled,express
14481,1799,2025-10-14,completed,standard
14482,1521,2025-02-27,completed,express
14483,1679,2024-07-24,completed,standard
14484,979,2025-01-12,cancelled,standard
14485,1020,2026-07-17,returned,standard
14486,1931,2025-11-15,completed,standard
14487,1120,2026-03-12,cancelled,express
14488,1986,2026-08-22,completed,express
14489,81,2026-02-14,completed,standard
14490,329,2025-09-04,completed,standard
14491,1958,2024-10-28,completed,standard
14492,1434,2026-04-08,completed,express
14493,1199,2025-10-22,completed,express
14494,1231,2026-01-26,cancelled,standard
14495,1089,2024-02-11,completed,same-day
14496,1446,2026-06-09,completed,standard
14497,1390,2026-05-25,completed,standard
14498,1767,2024-04-24,completed,standard
14499,559,2025-03-12,completed,express
14500,440,2025-04-10,completed,standard
14501,177,2026-08-11,completed,express
14502,1362,2024-10-09,completed,standard
14503,1820,2025-03-28,completed,standard
14504,1622,2026-01-17,completed,standard
14505,751,2025-12-12,completed,express
14506,184,2024-12-03,completed,standard
14507,1081,2025-04-26,completed,express
14508,1111,2025-05-28,completed,same-day
14509,1127,2025-11-18,completed,express
14510,679,2025-01-31,completed,standard
14511,1602,2026-03-05,cancelled,express
14512,477,2025-11-27,completed,express
14513,1318,2024-11-24,completed,standard
14514,214,2026-05-31,completed,standard
14515,1313,2025-08-18,completed,standard
14516,62,2024-09-15,completed,standard
14517,1991,2024-02-18,completed,express
14518,1599,2024-08-13,completed,standard
14519,1345,2026-04-07,completed,standard
14520,310,2026-02-11,completed,standard
14521,35,2025-08-25,completed,standard
14522,447,2025-04-14,completed,standard
14523,1810,2025-02-15,completed,express
14524,1358,2025-07-23,completed,express
14525,952,2026-05-15,completed,same-day
14526,1905,2024-10-19,completed,express
14527,718,2025-08-05,completed,standard
14528,553,2026-02-19,completed,standard
14529,961,2026-07-09,completed,standard
14530,1401,2025-07-10,completed,standard
14531,1582,2025-04-07,completed,standard
14532,1725,2026-02-03,completed,standard
14533,1358,2026-05-13,completed,express
14534,1358,2026-08-29,cancelled,same-day
14535,270,2026-04-14,completed,standard
14536,1281,2024-07-26,completed,standard
14537,386,2024-10-01,completed,standard
14538,884,2025-12-22,returned,standard
14539,122,2026-01-18,completed,express
14540,774,2024-06-01,completed,standard
14541,143,2024-04-28,completed,express
14542,1236,2026-04-01,completed,express
14543,671,2026-07-08,completed,standard
14544,483,2025-07-31,completed,standard
14545,543,2026-06-19,completed,express
14546,1748,2026-05-11,completed,standard
14547,975,2024-07-02,completed,standard
14548,768,2026-05-14,completed,standard
14549,815,2024-10-24,completed,standard
14550,1741,2025-10-02,completed,standard
14551,353,2026-02-18,completed,standard
14552,646,2025-02-12,cancelled,express
14553,1514,2025-11-09,completed,standard
14554,745,2026-01-19,completed,standard
14555,5,2026-08-02,completed,standard
14556,461,2025-01-19,completed,standard
14557,27,2025-05-13,completed,express
14558,1496,2025-01-03,completed,standard
14559,143,2025-06-12,completed,express
14560,1075,2025-01-01,completed,standard
14561,32,2025-12-27,completed,standard
14562,740,2024-09-10,completed,standard
14563,1626,2025-01-19,completed,express
14564,1814,2025-06-29,completed,standard
14565,11,2026-05-31,completed,same-day
14566,1814,2025-06-19,completed,express
14567,1041,2025-11-08,completed,standard
14568,93,2025-09-24,completed,standard
14569,1856,2025-03-01,completed,standard
14570,100,2026-08-09,completed,standard
14571,469,2026-08-28,completed,standard
14572,787,2024-11-06,completed,standard
14573,473,2024-08-18,completed,standard
14574,1658,2025-07-20,completed,standard
14575,734,2025-09-28,returned,same-day
14576,250,2025-06-01,completed,standard
14577,1068,2026-04-26,completed,standard
14578,1283,2024-11-24,returned,same-day
14579,1294,2026-01-27,cancelled,express
14580,855,2026-05-31,completed,standard
14581,1673,2026-03-22,completed,standard
14582,1248,2024-08-11,returned,standard
14583,1180,2026-02-20,completed,standard
14584,22,2024-11-20,completed,express
14585,428,2025-06-12,completed,standard
14586,84,2024-08-03,completed,standard
14587,228,2026-04-24,completed,standard
14588,322,2025-10-21,cancelled,standard
14589,1613,2025-09-24,completed,standard
14590,470,2026-06-11,completed,standard
14591,55,2025-03-27,completed,standard
14592,721,2025-08-08,completed,standard
14593,45,2026-02-17,completed,express
14594,523,2025-08-30,completed,standard
14595,309,2026-04-23,completed,standard
14596,395,2026-01-30,completed,standard
14597,1886,2026-04-18,completed,express
14598,1511,2025-09-23,completed,express
14599,1142,2026-08-03,completed,standard
14600,1398,2026-06-06,completed,standard
14601,725,2025-08-23,completed,standard
14602,1714,2024-09-19,cancelled,standard
14603,1153,2025-05-21,completed,standard
14604,1647,2024-07-11,completed,standard
14605,1940,2024-05-13,completed,standard
14606,79,2025-03-05,completed,standard
14607,1247,2025-05-11,completed,standard
14608,1073,2025-06-14,completed,express
14609,82,2024-02-24,completed,same-day
14610,1724,2026-03-04,completed,express
14611,928,2025-06-07,completed,standard
14612,1835,2026-01-11,completed,standard
14613,1894,2026-08-08,completed,standard
14614,1870,2025-03-04,completed,standard
14615,1325,2026-07-30,completed,standard
14616,514,2024-05-27,completed,standard
14617,546,2025-12-27,completed,standard
14618,1261,2026-06-04,completed,standard
14619,1904,2026-02-27,completed,standard
14620,84,2025-11-14,completed,express
14621,565,2026-05-06,completed,standard
14622,1116,2025-07-23,completed,standard
14623,1211,2026-06-27,completed,standard
14624,1391,2026-02-23,completed,standard
14625,1852,2025-06-18,completed,same-day
14626,445,2024-10-27,completed,same-day
14627,174,2026-01-24,completed,standard
14628,1118,2025-09-11,completed,express
14629,1261,2025-03-09,completed,same-day
14630,233,2026-08-19,completed,standard
14631,1101,2026-03-06,completed,standard
14632,772,2025-04-12,completed,standard
14633,1258,2026-05-16,completed,standard
14634,1066,2024-10-15,completed,standard
14635,561,2024-06-21,completed,standard
14636,1676,2024-09-19,completed,standard
14637,561,2025-06-12,completed,standard
14638,653,2025-01-04,completed,express
14639,1960,2026-08-01,completed,express
14640,307,2025-09-25,completed,express
14641,328,2025-10-04,completed,standard
14642,1591,2025-07-26,completed,express
14643,734,2025-11-14,completed,express
14644,238,2024-07-09,completed,standard
14645,1233,2024-12-26,completed,standard
14646,101,2025-09-07,completed,standard
14647,1403,2024-07-16,returned,standard
14648,753,2025-09-15,completed,standard
14649,466,2025-09-14,completed,standard
14650,1624,2024-12-23,completed,express
14651,196,2026-01-30,completed,standard
14652,837,2026-01-30,completed,express
14653,274,2026-01-31,completed,standard
14654,1090,2024-12-05,completed,express
14655,59,2024-01-17,completed,standard
14656,21,2024-10-09,completed,same-day
14657,894,2026-01-27,completed,standard
14658,1281,2026-04-19,completed,standard
14659,1513,2024-07-19,completed,standard
14660,1803,2025-12-13,completed,standard
14661,811,2025-11-01,completed,standard
14662,254,2026-01-19,completed,standard
14663,698,2024-09-14,completed,standard
14664,1991,2026-05-31,completed,standard
14665,724,2025-09-01,completed,standard
14666,722,2026-08-22,completed,standard
14667,138,2026-08-29,completed,standard
14668,1910,2025-11-18,completed,standard
14669,1362,2024-12-17,completed,standard
14670,131,2026-08-20,cancelled,standard
14671,457,2026-05-17,completed,standard
14672,1451,2024-07-22,completed,standard
14673,1904,2026-01-15,completed,standard
14674,845,2024-05-29,completed,standard
14675,1619,2026-04-06,completed,express
14676,626,2025-02-14,completed,express
14677,103,2026-07-06,completed,standard
14678,1060,2026-03-09,completed,standard
14679,1149,2024-01-18,completed,standard
14680,739,2026-05-11,completed,standard
14681,352,2025-12-23,completed,express
14682,598,2025-07-27,completed,express
14683,414,2025-10-03,completed,standard
14684,1186,2025-11-12,completed,express
14685,610,2025-06-21,completed,standard
14686,1140,2024-05-27,completed,express
14687,107,2026-01-11,completed,standard
14688,744,2025-11-14,completed,standard
14689,528,2026-08-01,completed,express
14690,1488,2025-03-17,completed,standard
14691,423,2026-03-14,completed,standard
14692,1360,2026-05-30,completed,standard
14693,633,2026-07-31,completed,standard
14694,1879,2024-12-07,completed,standard
14695,1836,2026-04-22,completed,express
14696,1171,2025-02-18,completed,express
14697,632,2024-12-17,completed,standard
14698,920,2026-06-22,completed,standard
14699,1150,2026-08-22,completed,express
14700,1470,2025-04-01,completed,standard
14701,1514,2026-06-04,completed,standard
14702,1865,2026-03-04,completed,standard
14703,1275,2026-08-01,completed,express
14704,1070,2026-07-23,completed,standard
14705,866,2024-10-18,returned,standard
14706,1485,2026-05-13,completed,standard
14707,596,2024-10-15,returned,standard
14708,1439,2024-12-28,completed,standard
14709,1167,2026-05-11,returned,standard
14710,857,2024-12-30,completed,standard
14711,769,2025-05-21,completed,standard
14712,237,2025-01-17,completed,standard
14713,466,2024-09-05,cancelled,standard
14714,1758,2025-06-13,completed,standard
14715,1429,2024-04-28,completed,standard
14716,998,2025-12-04,completed,express
14717,1255,2026-04-08,completed,standard
14718,1123,2024-09-08,completed,standard
14719,786,2024-06-12,completed,standard
14720,1910,2026-02-09,completed,standard
14721,742,2026-08-10,completed,standard
14722,938,2026-02-09,completed,standard
14723,1543,2026-01-30,completed,standard
14724,1943,2026-01-30,completed,standard
14725,1990,2024-08-07,cancelled,standard
14726,1394,2025-10-26,completed,standard
14727,1692,2026-05-27,returned,standard
14728,1604,2024-09-06,completed,express
14729,170,2025-09-22,completed,standard
14730,529,2024-06-08,completed,standard
14731,1709,2025-11-03,completed,standard
14732,1613,2026-01-06,completed,standard
14733,192,2026-01-28,completed,standard
14734,364,2026-06-04,completed,standard
14735,50,2026-03-02,completed,express
14736,711,2024-01-12,completed,standard
14737,982,2025-03-03,completed,express
14738,429,2025-12-11,returned,standard
14739,1697,2025-10-14,completed,standard
14740,281,2026-06-18,completed,standard
14741,1415,2025-04-03,completed,same-day
14742,1402,2024-06-24,completed,same-day
14743,420,2025-12-01,completed,same-day
14744,1366,2026-05-23,completed,standard
14745,416,2026-05-11,completed,standard
14746,1998,2025-12-29,completed,standard
14747,808,2025-01-05,completed,express
14748,517,2025-02-15,returned,standard
14749,364,2026-08-21,completed,standard
14750,1127,2026-08-03,completed,standard
14751,258,2025-03-31,completed,standard
14752,476,2025-01-06,completed,express
14753,320,2026-01-22,completed,standard
14754,784,2025-07-23,completed,standard
14755,1610,2026-06-04,completed,standard
14756,1929,2025-08-28,completed,standard
14757,745,2026-05-21,completed,standard
14758,1717,2025-09-13,completed,standard
14759,1306,2024-12-14,completed,standard
14760,516,2025-08-30,cancelled,standard
14761,875,2025-10-25,completed,express
14762,1837,2026-08-06,completed,standard
14763,1246,2026-01-06,completed,standard
14764,1420,2026-05-09,completed,standard
14765,443,2025-08-21,completed,standard
14766,1075,2025-12-23,completed,standard
14767,669,2026-06-25,completed,standard
14768,276,2024-04-17,cancelled,express
14769,267,2025-08-25,completed,express
14770,1373,2024-09-19,completed,express
14771,43,2025-03-28,cancelled,express
14772,180,2024-07-11,completed,standard
14773,1380,2024-10-31,completed,standard
14774,1,2024-10-14,completed,standard
14775,845,2026-07-19,returned,standard
14776,370,2025-03-03,completed,standard
14777,1519,2025-04-19,completed,standard
14778,343,2025-11-10,completed,standard
14779,554,2026-01-03,completed,standard
14780,271,2026-07-14,returned,express
14781,1924,2025-01-25,completed,express
14782,998,2026-04-29,completed,same-day
14783,137,2025-07-07,completed,standard
14784,1186,2025-08-20,completed,standard
14785,291,2025-05-13,completed,standard
14786,1218,2025-02-14,completed,standard
14787,1601,2025-08-03,completed,standard
14788,970,2024-04-28,completed,standard
14789,1638,2026-08-26,completed,standard
14790,1722,2026-05-20,completed,standard
14791,649,2026-02-02,completed,same-day
14792,537,2025-08-30,completed,express
14793,678,2026-06-22,completed,standard
14794,1792,2024-09-11,completed,standard
14795,110,2026-07-15,completed,standard
14796,1853,2024-07-02,completed,standard
14797,640,2026-07-20,completed,standard
14798,1142,2025-06-09,completed,standard
14799,1221,2025-10-06,completed,same-day
14800,133,2025-12-02,completed,standard
14801,1107,2024-03-10,completed,express
14802,438,2026-07-12,returned,standard
14803,57,2026-07-13,completed,standard
14804,1436,2026-04-07,completed,standard
14805,780,2025-01-16,completed,express
14806,562,2026-05-22,completed,standard
14807,488,2026-02-15,completed,same-day
14808,1347,2026-04-21,completed,standard
14809,361,2026-02-23,completed,express
14810,1514,2026-01-16,cancelled,standard
14811,1987,2025-10-25,completed,express
14812,1450,2024-04-09,completed,standard
14813,295,2024-05-14,completed,standard
14814,248,2025-06-09,completed,same-day
14815,896,2026-04-02,completed,express
14816,935,2025-05-20,completed,standard
14817,402,2024-04-27,completed,standard
14818,148,2024-02-26,completed,same-day
14819,1770,2025-10-08,completed,standard
14820,1022,2024-06-19,completed,standard
14821,1920,2024-12-02,completed,standard
14822,1911,2024-05-05,completed,standard
14823,802,2025-07-29,completed,standard
14824,593,2024-06-30,completed,standard
14825,957,2026-06-14,completed,standard
14826,1852,2025-03-09,completed,express
14827,882,2026-05-09,completed,standard
14828,409,2026-06-18,completed,standard
14829,715,2026-04-28,completed,express
14830,472,2026-02-02,completed,standard
14831,1596,2025-07-21,cancelled,express
14832,664,2025-01-29,completed,standard
14833,621,2025-02-01,completed,standard
14834,1248,2024-07-14,completed,standard
14835,1594,2026-03-26,completed,standard
14836,263,2026-02-17,completed,express
14837,570,2026-04-25,returned,express
14838,1456,2026-07-13,cancelled,express
14839,72,2025-02-25,completed,standard
14840,945,2025-03-04,completed,express
14841,1418,2026-08-16,cancelled,express
14842,1456,2025-03-22,completed,standard
14843,256,2026-04-12,completed,standard
14844,1001,2026-01-02,completed,standard
14845,36,2024-11-27,completed,standard
14846,1297,2026-05-10,completed,express
14847,865,2025-05-13,completed,express
14848,1563,2024-06-06,cancelled,standard
14849,725,2026-06-14,completed,standard
14850,326,2025-12-24,completed,express
14851,907,2026-06-26,cancelled,standard
14852,270,2026-08-04,completed,same-day
14853,1144,2024-11-29,completed,express
14854,4,2026-01-09,completed,standard
14855,1853,2026-07-23,completed,standard
14856,1660,2026-03-06,completed,same-day
14857,27,2025-03-11,completed,express
14858,77,2026-05-25,completed,standard
14859,1415,2025-08-19,completed,express
14860,375,2026-08-25,completed,same-day
14861,1024,2026-06-05,completed,standard
14862,1964,2025-10-05,completed,standard
14863,1269,2025-07-11,completed,standard
14864,1591,2026-04-13,cancelled,standard
14865,1888,2025-09-25,completed,standard
14866,1762,2025-11-07,completed,standard
14867,1593,2025-07-11,completed,standard
14868,1892,2025-12-05,cancelled,express
14869,1458,2025-03-18,completed,standard
14870,560,2026-07-01,completed,standard
14871,892,2025-11-20,completed,express
14872,624,2025-03-18,completed,standard
14873,974,2024-09-27,completed,standard
14874,1177,2025-12-05,completed,same-day
14875,201,2026-04-26,completed,same-day
14876,1851,2024-06-26,completed,express
14877,1962,2025-04-12,completed,standard
14878,1403,2024-11-26,completed,standard
14879,1146,2025-02-10,completed,standard
14880,972,2025-07-11,completed,express
14881,1153,2026-06-21,completed,standard
14882,1090,2025-12-19,completed,express
14883,552,2024-06-15,completed,standard
14884,1996,2026-08-30,completed,same-day
14885,1582,2025-02-21,completed,express
14886,514,2025-08-05,completed,standard
14887,1827,2025-03-04,completed,express
14888,1021,2025-04-28,completed,express
14889,67,2025-08-23,completed,standard
14890,1478,2025-05-02,completed,standard
14891,1775,2025-07-28,completed,express
14892,1627,2026-06-05,completed,standard
14893,28,2025-09-10,cancelled,standard
14894,559,2025-12-20,completed,standard
14895,1408,2025-06-22,completed,standard
14896,1325,2026-01-20,completed,standard
14897,279,2024-04-20,completed,express
14898,831,2024-11-25,completed,standard
14899,1740,2025-02-11,completed,standard
14900,589,2025-09-10,completed,express
14901,247,2025-03-12,completed,standard
14902,1488,2025-04-24,cancelled,standard
14903,1951,2024-05-18,completed,express
14904,513,2026-02-14,completed,standard
14905,755,2025-05-01,completed,standard
14906,253,2026-03-02,completed,standard
14907,307,2025-05-02,completed,standard
14908,1101,2025-11-18,completed,standard
14909,1412,2025-10-17,completed,same-day
14910,1756,2025-09-12,completed,standard
14911,1613,2025-04-16,completed,standard
14912,146,2024-12-06,completed,same-day
14913,1732,2025-12-17,completed,express
14914,200,2025-09-24,completed,same-day
14915,1232,2026-06-28,completed,standard
14916,1130,2024-05-13,returned,standard
14917,672,2025-07-08,returned,standard
14918,500,2025-11-07,completed,standard
14919,7,2025-03-21,completed,standard
14920,142,2024-02-13,completed,express
14921,1371,2024-11-25,completed,standard
14922,870,2025-07-03,completed,standard
14923,1403,2024-12-14,completed,standard
14924,1839,2026-04-16,completed,same-day
14925,318,2024-06-06,completed,standard
14926,1819,2024-08-29,completed,standard
14927,1633,2025-06-23,completed,standard
14928,1947,2026-06-29,completed,express
14929,1410,2025-07-04,completed,standard
14930,602,2026-01-22,completed,standard
14931,1004,2026-05-14,completed,standard
14932,339,2024-07-29,completed,standard
14933,1776,2024-06-10,completed,standard
14934,1274,2025-07-17,completed,standard
14935,676,2026-07-28,returned,standard
14936,1432,2025-11-03,completed,same-day
14937,1490,2026-06-30,completed,standard
14938,1398,2025-02-21,completed,express
14939,123,2024-11-28,completed,express
14940,1033,2025-09-26,returned,standard
14941,1011,2024-05-26,completed,standard
14942,277,2026-07-23,completed,standard
14943,1932,2024-10-08,completed,standard
14944,405,2026-04-03,completed,express
14945,1058,2024-10-28,completed,standard
14946,1097,2026-04-04,completed,standard
14947,970,2025-09-19,completed,standard
14948,652,2025-08-06,completed,standard
14949,1098,2026-06-03,completed,standard
14950,1692,2026-08-13,completed,same-day
14951,130,2025-01-20,completed,express
14952,1051,2026-03-31,completed,standard
14953,763,2026-02-15,returned,standard
14954,150,2025-11-16,completed,standard
14955,1461,2026-03-30,completed,standard
14956,1400,2025-06-01,completed,standard
14957,510,2025-08-06,completed,standard
14958,1286,2025-03-15,completed,standard
14959,799,2025-07-27,completed,standard
14960,937,2024-07-08,completed,standard
14961,1959,2024-10-22,completed,express
14962,1199,2026-05-13,completed,standard
14963,1947,2025-08-11,cancelled,standard
14964,1939,2025-08-15,completed,standard
14965,776,2025-09-30,completed,standard
14966,1504,2025-12-21,cancelled,same-day
14967,642,2026-08-09,completed,standard
14968,854,2024-11-30,completed,standard
14969,884,2025-05-28,cancelled,standard
14970,538,2025-01-02,completed,standard
14971,1548,2024-06-21,completed,express
14972,767,2024-07-21,completed,standard
14973,1763,2026-08-30,completed,standard
14974,1090,2025-07-18,completed,standard
14975,1944,2025-01-04,completed,standard
14976,1711,2025-07-23,completed,express
14977,1715,2024-11-18,completed,standard
14978,887,2026-05-10,completed,standard
14979,397,2024-08-17,completed,same-day
14980,1610,2024-12-30,completed,standard
14981,97,2025-10-04,completed,standard
14982,1092,2025-02-09,completed,express
14983,1152,2025-05-01,completed,standard
14984,276,2026-01-08,completed,standard
14985,162,2025-10-31,returned,standard
14986,799,2026-03-14,completed,standard
14987,15,2025-03-24,completed,standard
14988,835,2025-09-06,completed,standard
14989,704,2024-12-12,completed,express
14990,631,2026-07-16,completed,standard
14991,897,2026-06-14,cancelled,express
14992,1022,2026-06-27,completed,standard
14993,1903,2026-03-21,completed,standard
14994,654,2024-10-15,completed,express
14995,1334,2025-10-02,completed,standard
14996,1053,2026-07-04,completed,standard
14997,792,2026-05-18,completed,standard
14998,648,2025-12-30,completed,standard
14999,1514,2026-01-06,completed,standard
15000,1775,2024-07-02,completed,standard
