order_item_id,order_id,product_id,quantity,discount_pct
1,1,14,2,0
2,1,1,1,0.1
3,1,17,2,0
4,1,17,2,0.15
5,2,14,2,0
6,3,10,2,0
7,3,17,3,0.15
8,3,16,2,0
9,4,18,2,0
10,4,17,1,0
11,4,16,1,0.2
12,4,3,2,0
13,5,9,1,0
14,5,17,3,0.1
15,5,2,1,0
16,6,1,3,0
17,6,24,1,0
18,7,21,1,0.15
19,7,16,3,0.1
20,7,19,2,0
21,7,9,2,0
22,8,17,1,0
23,8,11,1,0.1
24,8,7,2,0.1
25,9,19,2,0.1
26,10,11,3,0.2
27,11,1,1,0.2
28,11,20,2,0
29,11,5,3,0
30,11,8,1,0
31,12,17,2,0.15
32,12,1,2,0
33,12,10,1,0
34,13,16,2,0.15
35,13,14,2,0
36,13,20,2,0
37,13,22,2,0
38,14,7,1,0.15
39,14,17,3,0
40,15,23,3,0
41,15,4,3,0.1
42,15,6,1,0.2
43,15,8,1,0.1
44,16,23,3,0
45,16,6,2,0.1
46,16,16,2,0.15
47,16,7,1,0.1
48,17,22,3,0.2
49,17,3,2,0
50,18,15,3,0.15
51,19,11,3,0
52,19,14,3,0.15
53,19,19,1,0.1
54,20,8,3,0.1
55,20,4,2,0.15
56,21,8,2,0.2
57,21,19,1,0
58,22,9,3,0.15
59,22,21,3,0.1
60,22,2,3,0.15
61,23,23,2,0
62,23,21,2,0.1
63,23,16,2,0
64,24,15,3,0
65,25,16,3,0
66,25,18,3,0
67,25,12,3,0.15
68,26,17,2,0.15
69,26,17,2,0.1
70,27,22,2,0.1
71,28,6,1,0.2
72,29,24,1,0.15
73,29,18,1,0
74,29,19,3,0.15
75,30,17,1,0
76,31,23,3,0
77,31,4,1,0.1
78,31,19,1,0
79,31,16,1,0.15
80,32,8,2,0.2
81,32,17,3,0.1
82,33,8,3,0
83,34,17,3,0
84,34,7,2,0
85,34,23,2,0
86,34,16,2,0
87,35,4,2,0
88,35,11,3,0
89,36,12,1,0.2
90,37,17,2,0.2
91,37,9,2,0
92,38,3,2,0
93,39,5,1,0.2
94,40,4,2,0.2
95,40,13,3,0.15
96,40,3,3,0
97,40,19,3,0.1
98,41,5,1,0.2
99,42,14,3,0
100,42,9,2,0.1
101,42,19,2,0
102,43,24,2,0
103,43,1,1,0.1
104,43,7,1,0.15
105,43,11,2,0
106,44,12,3,0.1
107,45,22,2,0
108,45,4,3,0.1
109,46,5,3,0
110,47,21,1,0
111,47,8,1,0
112,47,3,2,0.2
113,48,18,1,0.15
114,48,14,2,0
115,48,15,1,0
116,49,13,1,0.2
117,49,4,2,0.2
118,49,21,3,0
119,50,9,3,0.15
120,50,4,2,0
121,50,15,1,0
122,50,1,1,0
123,51,21,2,0
124,52,13,3,0
125,52,23,3,0
126,52,18,1,0.2
127,52,16,2,0
128,53,18,2,0
129,53,22,3,0
130,54,14,3,0
131,54,24,1,0.15
132,55,4,3,0
133,55,14,2,0.1
134,56,14,2,0
135,56,1,1,0
136,56,24,2,0
137,56,9,1,0
138,57,9,3,0.15
139,57,18,1,0
140,58,18,1,0.1
141,58,16,2,0.15
142,58,24,1,0
143,58,16,2,0.15
144,59,4,2,0
145,59,1,3,0
146,59,7,1,0
147,59,3,2,0
148,60,5,2,0
149,60,4,3,0.1
150,60,8,2,0
151,61,24,3,0.1
152,61,20,3,0
153,61,12,3,0
154,62,3,2,0.15
155,62,2,1,0
156,62,18,2,0
157,63,24,3,0
158,64,22,2,0.15
159,64,13,2,0
160,64,6,3,0.15
161,65,8,1,0
162,65,12,2,0.1
163,66,10,3,0
164,66,5,2,0
165,66,4,2,0.2
166,66,19,2,0.15
167,67,5,3,0
168,68,16,3,0.1
169,68,14,1,0.15
170,68,7,1,0.2
171,68,17,2,0.15
172,69,8,1,0
173,69,7,3,0
174,69,11,1,0
175,69,9,1,0.1
176,70,16,3,0
177,71,21,3,0
178,71,14,2,0
179,71,11,2,0
180,71,14,3,0.15
181,72,8,3,0
182,72,12,2,0
183,73,6,1,0
184,74,23,1,0.2
185,74,11,1,0
186,74,10,3,0
187,75,16,1,0
188,75,11,1,0
189,75,11,3,0.15
190,75,19,1,0
191,76,7,3,0.15
192,76,5,1,0
193,77,8,3,0
194,77,6,3,0
195,77,2,2,0.1
196,78,3,1,0
197,79,7,1,0.2
198,80,7,1,0
199,81,22,2,0
200,81,5,1,0
201,81,6,3,0.1
202,81,10,2,0.15
203,82,14,1,0
204,82,6,3,0
205,82,24,3,0
206,82,8,2,0.1
207,83,9,3,0.15
208,83,18,3,0.2
209,84,13,1,0
210,84,23,1,0.1
211,84,13,2,0
212,85,6,2,0
213,85,21,3,0
214,85,20,2,0.1
215,85,10,1,0
216,86,19,3,0
217,86,6,2,0.1
218,86,9,2,0.1
219,86,24,2,0.2
220,87,5,3,0.15
221,87,18,2,0.2
222,87,8,1,0
223,87,7,3,0.1
224,88,16,1,0
225,88,21,2,0.2
226,88,23,2,0
227,89,7,3,0
228,89,14,3,0
229,89,17,3,0.1
230,90,13,3,0.15
231,91,20,3,0.15
232,91,22,1,0.1
233,92,4,2,0.15
234,93,1,2,0
235,93,16,1,0.1
236,94,4,2,0.15
237,95,18,1,0.1
238,96,10,2,0
239,97,6,2,0.2
240,97,9,1,0.2
241,97,19,3,0
242,97,13,3,0
243,98,20,1,0.1
244,98,5,3,0.15
245,99,7,2,0.15
246,100,6,3,0.1
247,101,3,3,0.1
248,101,15,3,0
249,101,14,3,0.15
250,101,8,1,0
251,102,4,1,0
252,102,19,1,0
253,102,13,3,0
254,102,19,3,0
255,103,8,1,0
256,103,9,1,0.1
257,104,22,2,0.15
258,104,4,2,0
259,105,24,1,0
260,106,9,3,0
261,107,1,1,0
262,108,5,3,0.15
263,109,13,3,0
264,110,8,2,0
265,111,10,3,0
266,111,5,1,0
267,111,11,1,0
268,112,16,3,0
269,113,16,1,0.2
270,113,3,2,0
271,113,7,1,0.2
272,114,5,2,0.1
273,115,10,1,0
274,116,11,1,0.1
275,116,23,1,0.15
276,116,7,2,0.1
277,117,7,3,0
278,117,8,3,0
279,117,2,3,0.1
280,117,10,3,0
281,118,6,1,0.2
282,118,5,1,0
283,118,10,1,0
284,119,2,2,0.15
285,119,22,2,0.2
286,119,6,2,0
287,120,11,1,0.2
288,120,16,3,0
289,121,16,3,0
290,121,23,2,0.15
291,121,18,3,0.2
292,122,14,2,0.15
293,122,10,3,0.15
294,122,20,1,0
295,123,14,2,0
296,123,22,2,0
297,123,12,2,0.15
298,124,21,3,0
299,124,15,1,0.1
300,124,13,1,0.2
301,124,12,2,0
302,125,22,1,0
303,126,8,1,0.1
304,127,9,1,0.2
305,127,17,2,0
306,128,14,3,0.15
307,128,2,3,0
308,128,4,2,0
309,128,18,1,0
310,129,4,2,0.2
311,130,6,3,0
312,130,10,1,0.15
313,131,12,3,0.15
314,131,20,2,0
315,132,15,3,0
316,132,8,2,0
317,132,23,1,0
318,133,7,2,0.1
319,133,5,1,0.2
320,133,17,3,0
321,134,4,3,0.2
322,134,22,2,0.1
323,134,18,1,0.15
324,135,3,1,0
325,136,8,2,0
326,136,20,2,0
327,136,17,1,0.2
328,137,10,3,0.2
329,137,5,3,0
330,137,6,1,0.2
331,137,17,3,0.15
332,138,16,3,0.2
333,138,23,1,0.2
334,138,8,2,0.15
335,139,22,3,0.2
336,139,23,2,0
337,140,20,3,0
338,140,11,2,0.15
339,140,11,2,0.1
340,140,12,3,0.15
341,141,6,3,0.2
342,141,1,2,0.15
343,141,14,3,0.2
344,142,1,2,0
345,142,24,1,0.1
346,142,11,2,0.1
347,142,8,1,0.1
348,143,13,2,0
349,144,10,3,0.15
350,145,7,2,0.2
351,145,13,3,0.15
352,145,6,3,0.15
353,146,6,2,0
354,146,18,2,0.2
355,146,6,1,0.2
356,146,5,2,0
357,147,3,2,0.2
358,147,5,2,0
359,147,24,2,0
360,148,18,2,0
361,148,15,2,0.15
362,148,1,2,0
363,149,9,1,0
364,149,15,1,0
365,150,22,3,0
366,150,12,1,0
367,150,3,2,0.2
368,151,2,2,0
369,151,5,3,0.1
370,152,15,1,0
371,153,1,2,0
372,153,14,2,0.15
373,154,19,1,0.1
374,154,13,3,0
375,155,5,2,0
376,155,7,1,0
377,156,1,1,0
378,156,2,2,0
379,156,22,3,0
380,157,20,1,0.1
381,157,20,2,0
382,157,20,1,0
383,158,14,1,0.1
384,158,5,1,0
385,158,13,3,0.2
386,159,12,3,0
387,159,1,3,0.1
388,159,19,3,0
389,160,5,3,0
390,160,3,2,0.2
391,161,10,2,0.1
392,162,1,3,0
393,162,20,2,0
394,162,7,3,0.15
395,162,23,1,0
396,163,23,2,0
397,163,2,2,0
398,163,22,2,0.2
399,163,14,1,0
400,164,16,3,0
401,164,14,3,0
402,164,24,3,0
403,165,16,3,0.15
404,165,22,2,0
405,165,13,3,0.1
406,165,21,2,0
407,166,4,3,0
408,166,19,1,0
409,166,5,2,0.2
410,166,17,3,0
411,167,3,1,0
412,167,5,3,0
413,167,7,1,0
414,167,1,3,0
415,168,8,3,0.2
416,168,3,1,0
417,169,13,3,0
418,169,5,2,0.15
419,169,23,2,0
420,169,16,3,0.15
421,170,11,1,0.15
422,171,13,2,0
423,172,8,2,0
424,172,5,2,0
425,172,9,2,0
426,172,8,1,0.1
427,173,20,2,0.1
428,173,9,3,0.1
429,173,17,2,0.15
430,173,14,1,0
431,174,4,1,0
432,174,14,3,0
433,174,11,1,0.1
434,175,18,2,0
435,175,5,3,0
436,175,14,1,0.1
437,175,14,3,0.1
438,176,20,2,0.15
439,177,3,1,0.15
440,177,4,2,0.1
441,178,5,1,0
442,178,16,2,0.15
443,179,10,2,0.1
444,180,4,3,0
445,180,23,3,0
446,180,15,1,0
447,181,15,3,0.2
448,181,5,1,0
449,181,15,3,0.2
450,182,11,1,0.2
451,182,13,2,0.1
452,182,24,2,0
453,183,17,2,0
454,183,1,1,0
455,184,2,3,0.2
456,185,9,3,0
457,185,7,1,0.1
458,185,15,3,0.15
459,185,13,1,0.15
460,186,16,3,0.2
461,186,21,1,0.2
462,186,7,2,0
463,186,11,3,0.2
464,187,1,3,0
465,187,14,2,0.15
466,188,9,3,0
467,188,3,3,0
468,189,3,1,0
469,190,18,1,0
470,191,10,2,0.2
471,192,12,2,0.1
472,193,7,3,0.2
473,193,21,1,0
474,193,17,3,0
475,194,7,1,0.15
476,195,13,2,0.1
477,195,4,2,0.1
478,195,18,2,0
479,196,22,1,0.1
480,196,20,3,0.2
481,196,18,3,0.2
482,196,7,2,0.2
483,197,14,3,0.1
484,197,4,1,0.15
485,197,19,2,0.1
486,197,15,2,0.15
487,198,14,1,0.1
488,198,2,3,0
489,199,12,1,0
490,199,12,3,0.15
491,200,18,2,0
492,200,12,1,0
493,201,10,1,0.1
494,201,13,3,0
495,202,18,1,0
496,202,22,2,0.15
497,202,9,2,0.1
498,203,1,1,0.15
499,203,11,1,0
500,204,14,3,0.15
501,204,21,1,0
502,204,11,1,0.2
503,204,12,3,0.2
504,205,10,2,0
505,205,8,1,0.15
506,205,15,1,0
507,206,21,2,0
508,207,16,2,0.1
509,207,24,1,0
510,207,17,2,0
511,207,11,1,0.2
512,208,1,3,0
513,208,1,2,0
514,209,5,1,0
515,209,22,2,0.1
516,209,7,3,0
517,210,16,1,0.15
518,210,23,2,0
519,210,22,3,0.15
520,210,21,2,0
521,211,13,2,0.1
522,211,10,1,0.15
523,211,20,3,0.2
524,211,13,3,0
525,212,5,1,0
526,212,5,3,0.1
527,212,22,3,0
528,213,5,1,0.15
529,213,3,2,0
530,214,23,2,0.1
531,214,22,1,0.1
532,214,2,1,0
533,215,2,3,0.2
534,215,4,1,0
535,215,13,3,0
536,216,12,3,0.15
537,216,23,1,0.2
538,216,9,2,0
539,216,20,2,0.15
540,217,12,2,0
541,217,20,1,0
542,218,13,1,0.2
543,218,17,2,0.2
544,218,13,2,0.2
545,219,3,2,0.2
546,219,5,3,0.1
547,220,13,3,0
548,220,9,3,0
549,220,24,2,0.2
550,221,1,3,0.1
551,221,22,1,0
552,222,3,3,0
553,222,18,2,0
554,222,7,1,0.1
555,223,21,3,0.2
556,224,13,3,0.2
557,224,7,1,0
558,225,17,3,0.15
559,226,10,3,0
560,227,23,2,0
561,227,11,3,0.15
562,227,6,3,0.2
563,228,23,1,0.2
564,228,15,2,0.1
565,228,3,1,0.1
566,229,5,1,0.2
567,230,15,3,0
568,230,15,1,0
569,230,23,1,0
570,231,22,3,0
571,231,22,3,0
572,231,1,3,0.1
573,232,5,1,0.15
574,232,19,1,0.2
575,232,10,1,0.2
576,233,21,1,0.2
577,233,4,2,0.1
578,233,14,2,0.2
579,234,22,3,0.15
580,234,7,2,0
581,235,1,1,0.2
582,235,21,2,0.2
583,235,6,2,0.1
584,236,15,3,0.2
585,236,17,1,0.15
586,236,23,3,0
587,236,15,3,0.1
588,237,6,3,0.2
589,237,20,3,0.2
590,238,11,3,0.15
591,238,4,1,0
592,239,11,3,0.1
593,239,13,2,0
594,239,18,1,0.15
595,239,12,3,0.15
596,240,4,2,0
597,240,13,2,0.1
598,240,18,3,0
599,241,13,2,0
600,241,18,3,0.1
601,241,3,3,0
602,242,21,2,0
603,243,17,2,0.15
604,243,16,2,0.2
605,244,5,3,0
606,245,21,1,0
607,245,21,3,0.1
608,245,21,1,0.1
609,246,22,3,0.15
610,246,12,1,0
611,246,6,1,0
612,246,14,3,0
613,247,2,1,0.1
614,247,21,1,0
615,248,21,3,0.1
616,248,5,2,0.2
617,248,19,2,0
618,248,8,2,0.2
619,249,16,3,0
620,249,21,2,0
621,249,13,3,0.15
622,250,9,1,0.2
623,250,13,3,0.1
624,250,7,2,0.2
625,250,10,2,0
626,251,21,2,0.15
627,251,18,3,0.1
628,251,12,3,0
629,251,22,3,0
630,252,22,2,0.2
631,252,18,2,0.2
632,253,13,2,0.15
633,253,11,1,0
634,253,1,3,0.1
635,253,16,2,0.15
636,254,8,1,0.2
637,254,14,3,0.15
638,254,7,3,0.2
639,255,20,3,0
640,255,18,1,0
641,255,1,3,0
642,255,11,1,0
643,256,13,2,0
644,256,24,1,0
645,256,15,1,0
646,257,19,1,0.2
647,257,15,2,0
648,258,9,3,0
649,258,22,3,0.2
650,258,1,1,0.15
651,259,4,2,0
652,259,22,1,0.2
653,259,23,3,0
654,260,10,1,0
655,261,22,3,0.2
656,261,22,1,0
657,261,16,3,0
658,262,4,1,0
659,263,13,2,0
660,263,15,2,0
661,264,22,2,0
662,264,23,1,0.15
663,265,12,2,0
664,265,3,2,0.2
665,265,14,1,0.15
666,266,4,1,0.1
667,266,22,2,0
668,266,12,2,0.2
669,267,5,2,0
670,267,18,1,0.1
671,267,15,1,0
672,267,15,2,0.1
673,268,16,2,0.1
674,268,24,3,0.2
675,268,6,2,0
676,269,17,1,0.15
677,269,21,2,0.1
678,269,6,1,0.15
679,270,20,2,0
680,271,3,2,0.2
681,271,16,1,0
682,271,11,1,0.2
683,272,5,3,0.2
684,272,24,2,0.1
685,273,9,1,0.15
686,273,18,3,0
687,274,21,1,0
688,274,5,2,0.15
689,274,8,2,0
690,275,24,1,0
691,275,8,2,0
692,276,6,3,0.15
693,276,3,1,0.2
694,276,11,2,0.15
695,276,1,3,0
696,277,21,2,0
697,277,14,3,0
698,278,22,3,0.1
699,278,16,1,0.2
700,279,22,2,0.15
701,280,15,1,0
702,281,24,1,0.2
703,282,4,3,0.15
704,282,8,2,0.15
705,283,14,2,0
706,283,1,2,0
707,283,19,3,0.2
708,283,15,2,0
709,284,12,1,0
710,285,1,1,0.2
711,285,13,3,0.15
712,286,24,2,0.2
713,286,12,1,0
714,287,2,1,0.2
715,287,2,2,0
716,287,20,3,0
717,287,9,2,0.2
718,288,18,3,0.2
719,289,2,1,0
720,290,2,2,0
721,291,6,1,0
722,291,4,1,0.15
723,291,22,3,0
724,292,22,3,0
725,292,22,2,0.15
726,293,1,1,0.15
727,293,19,3,0.2
728,293,22,1,0.2
729,293,23,2,0
730,294,21,2,0.1
731,294,16,1,0
732,294,2,1,0
733,295,16,1,0.1
734,296,21,3,0.15
735,297,1,3,0
736,297,3,1,0.15
737,297,3,3,0
738,297,21,2,0
739,298,20,2,0
740,298,11,2,0
741,299,15,2,0.2
742,299,22,1,0.2
743,300,14,1,0.15
744,300,12,2,0
745,301,18,1,0
746,301,12,2,0.1
747,301,7,2,0
748,301,7,3,0.15
749,302,24,1,0
750,302,22,3,0.2
751,303,10,2,0.1
752,304,1,2,0.2
753,304,4,1,0.1
754,305,12,1,0
755,306,7,2,0
756,306,16,1,0
757,306,13,2,0.1
758,306,18,3,0.1
759,307,13,3,0.15
760,307,8,1,0
761,308,13,3,0
762,308,23,1,0
763,309,22,3,0
764,310,9,1,0
765,310,9,1,0.1
766,311,18,2,0
767,312,1,1,0.15
768,312,4,2,0.2
769,313,16,2,0.2
770,314,19,2,0
771,314,19,3,0.1
772,314,20,3,0
773,315,4,1,0
774,315,18,2,0
775,315,14,2,0.15
776,315,24,1,0.15
777,316,14,1,0.1
778,317,14,1,0
779,317,14,1,0
780,317,6,3,0.1
781,318,24,2,0
782,318,14,3,0
783,319,3,3,0
784,320,13,3,0
785,321,16,1,0.1
786,322,4,2,0
787,322,23,1,0.1
788,323,20,3,0
789,323,9,3,0
790,323,2,2,0.2
791,323,20,1,0
792,324,12,3,0
793,324,17,1,0
794,324,23,2,0
795,325,5,2,0
796,326,11,2,0
797,326,15,2,0
798,327,21,3,0
799,328,23,1,0.2
800,329,8,3,0.15
801,329,9,2,0
802,329,4,1,0.2
803,329,18,2,0
804,330,20,1,0
805,331,20,1,0.2
806,331,19,2,0.2
807,331,22,2,0
808,332,24,1,0.15
809,332,24,3,0.15
810,332,6,3,0
811,333,21,1,0.1
812,333,13,3,0
813,333,3,1,0
814,334,1,2,0.2
815,334,5,1,0.1
816,334,22,1,0.2
817,334,10,1,0.2
818,335,24,2,0
819,335,23,3,0.15
820,336,14,3,0
821,337,4,3,0
822,338,18,2,0
823,338,22,3,0
824,338,6,3,0
825,339,15,2,0
826,339,23,1,0
827,339,22,3,0.15
828,340,1,3,0.15
829,340,10,1,0
830,340,16,2,0
831,341,15,1,0
832,341,10,3,0
833,342,17,1,0.1
834,343,1,3,0
835,344,2,3,0
836,344,8,2,0.1
837,345,20,1,0
838,345,19,2,0
839,345,8,3,0.1
840,345,3,3,0
841,346,20,3,0
842,346,20,1,0
843,347,1,2,0.1
844,347,22,1,0.15
845,347,24,1,0
846,348,8,2,0
847,348,16,2,0
848,349,24,1,0.15
849,349,14,2,0
850,349,6,2,0
851,350,18,2,0
852,350,1,2,0
853,351,6,3,0.2
854,351,17,3,0
855,351,20,2,0.1
856,352,20,2,0
857,352,11,1,0
858,352,20,1,0.1
859,352,13,2,0
860,353,1,1,0.15
861,353,19,2,0
862,354,10,3,0.2
863,354,20,3,0.1
864,354,22,2,0.15
865,355,15,1,0.1
866,355,23,1,0.1
867,355,23,3,0
868,356,3,2,0.15
869,357,17,2,0.2
870,357,15,1,0
871,358,1,3,0
872,358,3,3,0.2
873,358,17,2,0
874,359,19,3,0.2
875,359,6,1,0
876,359,23,1,0
877,360,1,2,0
878,360,1,3,0
879,360,14,2,0.2
880,361,2,1,0.2
881,361,24,2,0
882,361,18,2,0
883,362,15,1,0
884,362,2,1,0
885,362,2,3,0
886,363,24,1,0.1
887,363,10,3,0
888,363,21,2,0
889,363,17,3,0
890,364,22,2,0
891,365,1,1,0
892,366,20,3,0
893,367,5,3,0.1
894,367,15,2,0.15
895,367,13,2,0
896,368,7,3,0.1
897,369,13,3,0.15
898,369,13,3,0.2
899,369,23,1,0
900,370,8,2,0.1
901,370,22,2,0
902,371,8,1,0.1
903,371,10,2,0
904,371,15,2,0.1
905,371,6,3,0.1
906,372,18,2,0.2
907,372,2,3,0.15
908,372,18,3,0.1
909,372,16,2,0.1
910,373,21,1,0
911,373,17,3,0
912,373,5,3,0
913,374,1,1,0.1
914,374,13,2,0.1
915,374,18,2,0
916,375,14,2,0
917,375,3,2,0.15
918,375,15,2,0
919,375,10,1,0
920,376,2,3,0.15
921,376,2,1,0.2
922,377,14,2,0.1
923,378,24,2,0
924,378,8,3,0
925,378,21,3,0.1
926,379,22,1,0.1
927,379,14,1,0.2
928,380,9,2,0
929,381,24,1,0
930,382,3,1,0.15
931,382,23,3,0.15
932,382,19,3,0.2
933,382,13,2,0
934,383,24,2,0
935,383,13,2,0
936,384,17,3,0.2
937,385,24,3,0.1
938,385,13,3,0.2
939,385,13,3,0
940,385,23,3,0
941,386,20,3,0
942,386,1,3,0.2
943,386,20,1,0
944,387,24,1,0.15
945,388,11,2,0.1
946,389,3,2,0
947,389,12,1,0
948,390,16,2,0.1
949,390,8,1,0.15
950,390,19,1,0
951,391,15,2,0
952,391,5,1,0
953,391,11,3,0
954,392,24,1,0.15
955,392,16,3,0
956,393,14,2,0.1
957,393,16,2,0
958,393,7,1,0
959,393,12,1,0.15
960,394,7,2,0.1
961,394,11,3,0
962,394,12,1,0.15
963,395,23,1,0.1
964,395,18,3,0
965,396,23,3,0
966,396,6,3,0.1
967,396,11,2,0.15
968,397,12,3,0
969,397,7,3,0
970,397,4,3,0
971,397,10,3,0.15
972,398,7,3,0
973,399,23,3,0
974,399,10,1,0
975,400,2,3,0.2
976,400,4,1,0
977,401,3,1,0
978,401,24,2,0
979,401,7,1,0
980,402,3,2,0
981,403,15,2,0.15
982,404,12,3,0.15
983,404,10,3,0
984,404,11,2,0.1
985,404,24,3,0.1
986,405,4,3,0.2
987,405,6,3,0.15
988,405,4,1,0.1
989,406,5,1,0.1
990,406,10,3,0
991,406,20,3,0
992,407,21,2,0.2
993,407,20,1,0
994,407,2,3,0.2
995,407,17,3,0
996,408,13,3,0
997,409,21,2,0
998,410,20,3,0.1
999,410,5,1,0.15
1000,410,7,3,0
1001,410,16,3,0.2
1002,411,5,3,0.2
1003,411,21,3,0
1004,412,2,3,0
1005,412,6,1,0
1006,412,2,3,0.2
1007,412,15,2,0.15
1008,413,18,2,0
1009,413,5,3,0
1010,414,11,3,0.15
1011,415,21,3,0.1
1012,415,1,2,0
1013,416,9,1,0.1
1014,416,12,2,0.1
1015,417,2,3,0.15
1016,417,1,2,0
1017,417,21,3,0.2
1018,418,7,1,0
1019,418,13,2,0.2
1020,418,12,2,0
1021,419,24,2,0
1022,419,14,3,0.15
1023,419,20,1,0
1024,419,7,2,0.2
1025,420,19,1,0
1026,420,4,3,0
1027,421,22,2,0
1028,421,19,3,0
1029,421,7,3,0
1030,422,17,3,0
1031,422,24,1,0.15
1032,422,6,3,0.15
1033,423,9,2,0.15
1034,424,5,3,0
1035,424,19,2,0
1036,424,24,2,0.1
1037,424,7,3,0
1038,425,16,1,0.15
1039,425,9,3,0.15
1040,425,13,3,0.15
1041,425,24,2,0
1042,426,12,3,0.2
1043,426,18,3,0
1044,427,4,3,0
1045,428,14,3,0.2
1046,428,10,3,0.1
1047,428,16,2,0.2
1048,429,11,3,0
1049,429,16,2,0.2
1050,429,9,3,0
1051,430,12,3,0
1052,430,3,2,0
1053,431,17,3,0.15
1054,431,16,2,0.15
1055,432,23,3,0
1056,433,14,2,0
1057,433,4,3,0.2
1058,434,11,1,0
1059,434,20,2,0
1060,434,11,1,0
1061,435,15,3,0.15
1062,435,14,1,0.2
1063,435,1,1,0.15
1064,435,7,2,0.2
1065,436,7,1,0
1066,436,24,2,0.15
1067,436,16,3,0.2
1068,436,5,1,0
1069,437,10,3,0.15
1070,437,6,2,0.1
1071,438,14,3,0.2
1072,438,2,1,0.2
1073,438,17,1,0
1074,439,3,2,0
1075,440,13,3,0.1
1076,440,4,2,0
1077,440,9,2,0.1
1078,440,1,2,0
1079,441,16,2,0.2
1080,441,13,3,0.2
1081,441,5,2,0
1082,441,2,3,0
1083,442,20,3,0
1084,442,4,3,0.2
1085,442,5,3,0.15
1086,443,17,2,0.2
1087,443,2,1,0
1088,444,18,1,0
1089,444,22,2,0.1
1090,445,13,1,0.1
1091,445,9,1,0.15
1092,446,24,2,0
1093,446,15,3,0.15
1094,446,1,2,0
1095,447,20,3,0
1096,448,10,1,0
1097,448,20,1,0
1098,448,7,3,0
1099,449,17,3,0
1100,449,22,3,0.1
1101,450,19,1,0.1
1102,450,1,2,0
1103,450,10,3,0.15
1104,451,8,2,0.15
1105,451,16,3,0.1
1106,451,4,2,0.1
1107,452,19,2,0.15
1108,453,10,1,0
1109,453,7,2,0.15
1110,454,4,1,0
1111,455,20,2,0
1112,455,22,1,0.2
1113,455,9,3,0.15
1114,456,17,2,0.1
1115,456,9,1,0
1116,456,11,2,0.2
1117,456,24,3,0.1
1118,457,15,1,0.15
1119,457,22,2,0
1120,457,8,1,0.15
1121,458,16,3,0.15
1122,458,10,2,0
1123,458,17,1,0.2
1124,459,21,3,0
1125,459,7,2,0
1126,459,8,1,0.2
1127,460,1,2,0
1128,460,15,1,0
1129,460,13,3,0.1
1130,460,21,3,0
1131,461,24,3,0
1132,461,10,1,0.15
1133,461,12,3,0
1134,461,19,2,0
1135,462,23,2,0
1136,462,4,2,0
1137,462,7,3,0.1
1138,463,22,1,0
1139,464,19,1,0.1
1140,464,18,2,0.2
1141,464,20,1,0.15
1142,465,4,3,0
1143,465,19,1,0.2
1144,466,13,3,0
1145,466,12,1,0.1
1146,466,16,1,0
1147,466,22,2,0.2
1148,467,5,1,0.15
1149,467,18,1,0
1150,467,3,1,0
1151,467,12,1,0
1152,468,10,1,0.1
1153,468,21,2,0.15
1154,468,8,2,0.1
1155,468,22,1,0
1156,469,3,3,0
1157,469,17,1,0
1158,469,23,3,0
1159,469,22,1,0.1
1160,470,12,3,0
1161,470,13,1,0.15
1162,470,6,2,0
1163,470,22,2,0
1164,471,23,1,0
1165,471,17,3,0.1
1166,471,14,3,0
1167,472,6,1,0
1168,472,21,3,0
1169,473,19,2,0.2
1170,474,20,2,0.1
1171,474,11,2,0
1172,474,21,3,0
1173,475,22,2,0
1174,475,10,1,0
1175,475,17,1,0.2
1176,476,3,1,0.1
1177,476,15,1,0.15
1178,476,1,3,0
1179,477,23,3,0
1180,478,4,3,0
1181,478,16,1,0
1182,478,13,3,0
1183,479,7,1,0
1184,479,9,1,0
1185,480,1,1,0
1186,480,17,2,0.1
1187,480,10,2,0.1
1188,480,2,3,0.15
1189,481,4,3,0
1190,481,15,2,0
1191,481,24,3,0
1192,481,1,2,0.1
1193,482,6,1,0.1
1194,482,5,1,0
1195,482,18,3,0.15
1196,482,13,3,0
1197,483,2,1,0.2
1198,483,6,2,0
1199,484,15,2,0
1200,484,19,3,0
1201,484,13,1,0
1202,484,23,3,0
1203,485,19,1,0.15
1204,485,24,3,0.1
1205,485,21,1,0
1206,486,23,3,0.1
1207,487,18,3,0
1208,487,7,2,0.15
1209,487,5,3,0.1
1210,488,11,1,0
1211,489,11,1,0.1
1212,489,1,1,0
1213,490,18,3,0.15
1214,491,20,1,0
1215,491,12,3,0
1216,492,1,2,0
1217,493,16,2,0
1218,494,4,1,0
1219,494,24,1,0
1220,494,2,1,0
1221,495,12,3,0.2
1222,495,19,3,0.1
1223,495,19,3,0
1224,496,4,2,0.1
1225,496,3,2,0.2
1226,496,1,1,0
1227,496,12,2,0.15
1228,497,5,2,0.2
1229,498,18,1,0.2
1230,498,21,3,0.15
1231,498,11,1,0
1232,499,13,2,0.1
1233,499,22,2,0
1234,499,1,2,0
1235,499,8,2,0
1236,500,22,3,0.2
1237,500,8,1,0.2
1238,500,16,1,0
1239,500,8,1,0
1240,501,11,2,0
1241,501,11,1,0
1242,501,10,3,0
1243,501,18,1,0.15
1244,502,4,3,0
1245,502,12,2,0
1246,503,15,3,0.15
1247,504,16,2,0
1248,504,4,1,0
1249,504,16,3,0.1
1250,505,14,2,0.1
1251,505,5,3,0.15
1252,505,15,1,0
1253,506,9,3,0
1254,506,7,3,0
1255,506,20,3,0
1256,507,1,2,0.1
1257,507,24,3,0.2
1258,507,20,1,0.2
1259,507,23,2,0
1260,508,2,3,0.1
1261,508,15,2,0.1
1262,508,20,2,0.1
1263,508,2,3,0
1264,509,8,2,0.1
1265,509,19,1,0.2
1266,509,15,1,0.2
1267,509,3,1,0.1
1268,510,6,1,0.2
1269,510,2,2,0.15
1270,510,21,1,0
1271,510,7,1,0
1272,511,7,3,0.15
1273,511,8,2,0
1274,512,13,3,0
1275,513,21,1,0
1276,513,11,2,0.15
1277,513,13,2,0
1278,514,16,3,0
1279,514,2,2,0
1280,515,18,2,0
1281,515,8,1,0
1282,515,19,3,0.15
1283,516,5,3,0
1284,516,11,1,0.1
1285,516,14,2,0
1286,517,18,3,0.2
1287,517,15,3,0.1
1288,517,1,3,0
1289,517,2,1,0.2
1290,518,16,1,0
1291,519,14,1,0.15
1292,519,19,3,0
1293,519,18,2,0.15
1294,519,17,2,0
1295,520,9,1,0
1296,521,16,3,0.15
1297,522,7,1,0.15
1298,522,18,3,0
1299,523,6,3,0.1
1300,524,5,3,0
1301,525,12,2,0
1302,525,9,1,0.1
1303,525,9,3,0.1
1304,525,20,1,0.2
1305,526,13,2,0
1306,526,15,2,0.2
1307,526,24,1,0
1308,527,9,2,0
1309,527,2,1,0.2
1310,527,13,1,0.1
1311,527,18,2,0
1312,528,1,3,0
1313,528,17,2,0
1314,529,14,1,0
1315,530,8,1,0.1
1316,530,16,1,0
1317,531,20,3,0.1
1318,532,16,3,0.1
1319,532,22,1,0
1320,532,20,1,0
1321,532,3,3,0
1322,533,5,1,0
1323,533,23,1,0.15
1324,533,15,1,0
1325,534,17,1,0.15
1326,534,4,2,0.15
1327,534,21,2,0
1328,535,3,2,0.15
1329,535,6,1,0.1
1330,535,11,2,0
1331,535,23,1,0
1332,536,19,2,0
1333,536,13,1,0
1334,537,6,2,0.2
1335,538,24,2,0
1336,538,21,2,0.2
1337,538,15,2,0
1338,538,9,2,0
1339,539,20,2,0.15
1340,539,16,1,0.15
1341,539,13,2,0.1
1342,540,8,3,0.2
1343,540,21,1,0
1344,540,20,3,0
1345,541,21,2,0
1346,542,21,1,0.2
1347,543,23,2,0.1
1348,543,8,2,0.1
1349,543,5,2,0
1350,543,13,2,0.2
1351,544,9,3,0
1352,544,2,1,0.1
1353,544,20,1,0
1354,545,4,3,0
1355,546,15,1,0
1356,547,14,3,0
1357,547,1,3,0
1358,547,17,2,0
1359,548,20,3,0.2
1360,548,9,2,0
1361,548,6,1,0.15
1362,549,20,2,0.2
1363,549,14,3,0.1
1364,549,16,1,0
1365,550,14,1,0.2
1366,550,10,2,0.2
1367,551,5,3,0.15
1368,551,1,3,0
1369,552,14,1,0.2
1370,552,10,2,0
1371,552,15,3,0.1
1372,552,8,3,0.2
1373,553,6,3,0
1374,553,4,2,0.15
1375,553,16,3,0
1376,554,12,2,0.15
1377,554,8,3,0
1378,554,10,1,0.2
1379,554,19,2,0.15
1380,555,23,2,0
1381,555,17,2,0.15
1382,556,8,1,0
1383,557,2,1,0
1384,557,14,2,0
1385,558,1,3,0.15
1386,558,18,2,0
1387,558,23,2,0
1388,559,13,1,0
1389,560,16,3,0
1390,561,2,3,0
1391,561,21,3,0
1392,561,9,1,0
1393,561,21,3,0.2
1394,562,19,3,0
1395,563,8,3,0
1396,563,16,3,0
1397,563,19,1,0
1398,564,12,3,0.2
1399,565,3,3,0.2
1400,565,16,1,0
1401,565,23,2,0
1402,566,14,1,0
1403,566,17,3,0.2
1404,566,5,2,0.1
1405,566,8,1,0.1
1406,567,22,3,0.15
1407,568,11,1,0
1408,568,1,2,0.1
1409,569,11,3,0.15
1410,570,20,2,0.1
1411,570,3,2,0
1412,570,22,1,0.2
1413,570,14,1,0.15
1414,571,3,2,0.1
1415,572,16,3,0.15
1416,572,17,3,0
1417,573,22,1,0.1
1418,573,8,3,0.15
1419,573,4,2,0.15
1420,573,16,3,0.15
1421,574,14,3,0
1422,574,12,3,0
1423,574,22,3,0.1
1424,575,13,2,0
1425,575,17,1,0
1426,576,24,3,0.15
1427,577,5,3,0
1428,577,15,1,0
1429,577,14,2,0
1430,577,15,3,0
1431,578,2,2,0.15
1432,578,15,3,0.15
1433,579,12,2,0.15
1434,579,18,1,0.1
1435,579,15,1,0
1436,580,13,3,0.15
1437,580,24,2,0.1
1438,580,12,1,0.15
1439,580,11,2,0
1440,581,22,3,0
1441,581,13,1,0
1442,581,8,1,0.15
1443,582,1,3,0
1444,582,5,2,0.15
1445,583,8,2,0.2
1446,583,16,2,0
1447,584,4,3,0
1448,584,14,1,0
1449,584,10,3,0.1
1450,584,22,1,0
1451,585,12,2,0
1452,585,11,1,0.2
1453,586,17,3,0.2
1454,587,19,2,0.1
1455,587,21,2,0
1456,588,13,1,0
1457,589,22,1,0
1458,589,1,3,0
1459,590,1,2,0.2
1460,590,23,2,0
1461,591,11,2,0.1
1462,591,13,1,0.15
1463,591,20,2,0.2
1464,591,7,2,0
1465,592,5,2,0
1466,592,21,2,0
1467,592,1,1,0
1468,593,2,2,0.1
1469,593,24,2,0.1
1470,593,4,1,0
1471,594,9,1,0.15
1472,595,11,1,0.1
1473,596,6,1,0.15
1474,597,16,3,0.15
1475,597,2,3,0.15
1476,597,13,1,0.1
1477,598,18,2,0
1478,598,10,1,0
1479,598,5,1,0
1480,599,7,3,0
1481,599,8,2,0
1482,599,15,1,0
1483,599,12,1,0
1484,600,23,1,0.1
1485,601,4,3,0
1486,601,22,3,0.1
1487,601,1,2,0
1488,602,17,3,0.2
1489,603,24,2,0.1
1490,603,22,3,0.15
1491,604,10,1,0
1492,604,8,2,0
1493,605,4,3,0.2
1494,606,23,3,0
1495,607,10,2,0.1
1496,608,2,2,0.1
1497,608,4,2,0.2
1498,608,17,2,0.15
1499,609,13,2,0
1500,609,16,1,0
1501,609,15,2,0.2
1502,610,24,2,0
1503,610,8,1,0.1
1504,610,9,2,0.15
1505,610,21,3,0.15
1506,611,8,3,0
1507,611,23,1,0.1
1508,612,21,2,0
1509,612,3,1,0.1
1510,613,12,1,0
1511,613,23,3,0.15
1512,613,2,2,0.1
1513,613,13,1,0
1514,614,21,2,0
1515,614,14,1,0
1516,614,11,1,0.1
1517,614,2,2,0
1518,615,15,3,0
1519,615,18,2,0.2
1520,615,21,3,0.15
1521,615,19,2,0.15
1522,616,13,1,0
1523,616,2,2,0.1
1524,617,21,2,0
1525,617,19,2,0.15
1526,618,15,3,0
1527,619,2,1,0
1528,619,20,1,0
1529,619,3,2,0
1530,619,10,1,0
1531,620,8,1,0.2
1532,620,22,3,0
1533,621,12,1,0
1534,621,19,1,0.1
1535,621,22,1,0
1536,622,10,3,0.2
1537,623,12,1,0.2
1538,623,13,3,0
1539,623,24,3,0.1
1540,623,21,2,0
1541,624,14,3,0
1542,624,9,3,0.1
1543,624,23,3,0
1544,625,17,2,0
1545,625,22,1,0.15
1546,625,5,2,0.2
1547,626,23,1,0
1548,626,9,3,0
1549,626,4,2,0.15
1550,627,12,3,0.2
1551,627,4,2,0
1552,627,11,2,0.15
1553,628,11,1,0.1
1554,628,23,3,0.15
1555,629,13,2,0.1
1556,629,7,3,0.15
1557,629,23,3,0.1
1558,630,12,2,0
1559,630,8,3,0.2
1560,630,8,2,0.2
1561,631,13,3,0.15
1562,631,5,2,0
1563,631,5,3,0.2
1564,631,2,2,0
1565,632,2,3,0
1566,633,3,2,0.1
1567,634,18,2,0
1568,634,24,3,0.2
1569,635,1,1,0.2
1570,635,24,3,0.15
1571,636,22,2,0.15
1572,636,20,1,0.2
1573,636,22,3,0.15
1574,637,3,1,0
1575,637,22,2,0.15
1576,638,21,1,0.2
1577,638,14,2,0
1578,638,24,2,0
1579,638,20,1,0
1580,639,5,1,0.1
1581,639,7,1,0.15
1582,640,13,1,0.2
1583,640,21,3,0.2
1584,640,8,1,0
1585,640,7,2,0
1586,641,14,3,0
1587,641,11,3,0.15
1588,642,1,1,0
1589,642,8,3,0.2
1590,642,3,3,0.15
1591,643,18,1,0.2
1592,643,13,2,0
1593,644,20,3,0.15
1594,644,11,1,0
1595,644,11,1,0.15
1596,645,8,3,0.2
1597,645,14,3,0.2
1598,645,18,2,0.15
1599,646,8,1,0
1600,646,14,2,0
1601,646,20,3,0.15
1602,647,11,3,0
1603,647,20,3,0.2
1604,647,23,1,0.2
1605,648,17,2,0.15
1606,648,2,1,0
1607,648,19,1,0.2
1608,648,5,1,0.2
1609,649,6,1,0.1
1610,649,6,3,0.1
1611,649,13,3,0
1612,649,7,1,0
1613,650,6,3,0
1614,651,15,1,0.2
1615,651,15,3,0
1616,651,20,2,0.1
1617,651,19,2,0
1618,652,24,2,0
1619,652,22,1,0
1620,652,3,2,0.2
1621,653,7,3,0.15
1622,654,14,1,0
1623,654,6,2,0.15
1624,654,10,3,0
1625,654,7,1,0
1626,655,2,3,0.15
1627,655,23,1,0.15
1628,656,17,2,0
1629,656,6,1,0
1630,657,3,1,0.2
1631,657,15,1,0.2
1632,658,5,1,0
1633,658,16,1,0
1634,658,3,3,0.1
1635,659,9,3,0
1636,659,14,3,0.2
1637,659,6,2,0.15
1638,659,23,2,0
1639,660,12,2,0
1640,660,22,3,0
1641,660,1,2,0
1642,661,23,1,0
1643,661,14,1,0
1644,661,23,1,0
1645,662,8,2,0
1646,662,5,3,0.2
1647,663,22,1,0.2
1648,663,9,1,0.1
1649,663,11,1,0.15
1650,664,20,1,0.1
1651,665,20,2,0.15
1652,665,16,3,0.2
1653,665,10,1,0
1654,665,7,1,0
1655,666,13,1,0.1
1656,667,10,3,0
1657,667,18,1,0
1658,667,11,3,0.2
1659,668,23,1,0.15
1660,668,1,3,0
1661,668,10,1,0
1662,668,12,1,0
1663,669,20,3,0.2
1664,669,14,1,0.2
1665,669,24,1,0
1666,669,11,1,0.2
1667,670,5,3,0.15
1668,670,2,2,0.15
1669,671,21,2,0
1670,671,12,2,0.2
1671,671,2,3,0.2
1672,671,10,2,0.1
1673,672,20,2,0
1674,672,4,1,0
1675,673,17,3,0.1
1676,673,6,2,0.1
1677,673,23,3,0.15
1678,674,9,3,0.15
1679,674,1,1,0
1680,674,9,2,0.15
1681,674,17,1,0.2
1682,675,3,2,0
1683,675,6,3,0
1684,675,12,3,0
1685,675,23,2,0.2
1686,676,24,2,0.15
1687,676,14,2,0
1688,676,15,2,0.15
1689,677,15,3,0.15
1690,677,8,1,0.2
1691,678,15,2,0
1692,678,22,1,0
1693,679,17,3,0.1
1694,679,2,1,0
1695,679,22,1,0
1696,680,2,1,0.15
1697,680,7,2,0.1
1698,680,14,3,0.2
1699,680,3,1,0.2
1700,681,1,3,0.1
1701,681,9,2,0
1702,682,19,3,0
1703,682,15,1,0.2
1704,682,11,3,0.1
1705,682,2,1,0
1706,683,5,3,0
1707,683,24,3,0.15
1708,683,20,3,0.1
1709,684,8,3,0.1
1710,684,13,3,0
1711,684,2,3,0.15
1712,685,20,3,0.15
1713,685,24,3,0
1714,685,9,2,0.1
1715,686,9,1,0
1716,686,15,2,0.15
1717,686,6,3,0.1
1718,687,21,1,0
1719,687,15,2,0.15
1720,687,4,3,0.1
1721,688,19,3,0.15
1722,688,7,3,0.15
1723,688,11,3,0.2
1724,689,12,3,0
1725,689,15,3,0
1726,689,22,2,0
1727,689,14,3,0.15
1728,690,10,3,0
1729,690,16,3,0
1730,691,15,2,0
1731,691,22,3,0
1732,691,11,3,0
1733,691,21,3,0
1734,692,5,1,0
1735,692,23,3,0.15
1736,693,19,3,0.15
1737,693,11,1,0.15
1738,693,11,3,0
1739,693,24,1,0
1740,694,11,1,0
1741,694,15,1,0
1742,694,23,3,0.2
1743,694,11,1,0
1744,695,7,1,0
1745,696,20,2,0
1746,696,19,1,0.2
1747,696,12,2,0
1748,696,12,3,0.1
1749,697,2,2,0
1750,698,9,2,0.15
1751,698,9,2,0.1
1752,698,4,1,0
1753,699,21,1,0.1
1754,700,11,1,0.1
1755,700,24,2,0
1756,700,5,1,0
1757,700,18,3,0
1758,701,10,2,0.15
1759,701,23,2,0
1760,701,22,1,0
1761,702,2,1,0.1
1762,702,7,3,0
1763,702,14,1,0.1
1764,703,7,1,0.2
1765,703,5,2,0.1
1766,703,7,3,0.2
1767,704,1,3,0
1768,705,24,3,0
1769,705,14,3,0
1770,705,6,3,0
1771,705,5,1,0.15
1772,706,4,2,0.15
1773,706,2,2,0.2
1774,706,15,1,0.2
1775,706,3,2,0.2
1776,707,9,2,0.15
1777,707,2,2,0.1
1778,708,6,3,0
1779,708,18,3,0
1780,708,22,1,0.2
1781,708,8,3,0.2
1782,709,19,2,0.2
1783,709,20,1,0
1784,710,6,1,0.1
1785,711,17,1,0.2
1786,711,15,2,0.2
1787,712,20,3,0
1788,712,16,3,0.15
1789,712,18,2,0
1790,713,5,1,0.2
1791,713,22,3,0.2
1792,714,14,3,0.15
1793,714,2,2,0
1794,715,5,3,0
1795,715,16,2,0
1796,715,19,2,0.2
1797,716,15,1,0.2
1798,716,21,2,0
1799,716,6,2,0.1
1800,717,16,3,0.15
1801,717,9,1,0.1
1802,717,1,3,0.2
1803,717,20,2,0.1
1804,718,14,1,0
1805,719,18,2,0
1806,719,13,3,0
1807,720,13,3,0.2
1808,720,3,3,0.2
1809,721,11,1,0.1
1810,722,13,3,0.2
1811,722,13,3,0.15
1812,722,1,1,0
1813,723,16,3,0
1814,723,21,1,0
1815,723,15,3,0.15
1816,724,5,3,0.2
1817,724,12,1,0
1818,724,22,3,0
1819,725,20,3,0.2
1820,726,16,1,0.2
1821,727,12,1,0
1822,728,16,2,0
1823,729,24,2,0.15
1824,729,13,2,0.2
1825,729,5,3,0
1826,730,3,1,0.15
1827,731,16,3,0.2
1828,732,5,2,0.2
1829,733,23,3,0.15
1830,733,6,1,0
1831,734,12,3,0.15
1832,734,16,2,0.2
1833,734,15,3,0.2
1834,734,21,3,0
1835,735,24,2,0
1836,735,6,2,0
1837,735,13,3,0.2
1838,735,22,3,0.2
1839,736,13,2,0
1840,737,22,2,0
1841,738,15,2,0.1
1842,738,24,3,0.2
1843,739,1,3,0
1844,739,11,2,0
1845,739,15,2,0.15
1846,739,22,1,0
1847,740,9,2,0.15
1848,741,17,2,0
1849,741,10,3,0
1850,741,22,2,0.1
1851,742,7,1,0
1852,742,12,1,0
1853,742,5,2,0.2
1854,742,19,1,0
1855,743,23,1,0.15
1856,743,9,2,0.2
1857,743,14,3,0.15
1858,744,6,1,0
1859,744,12,3,0.1
1860,745,24,3,0
1861,745,21,2,0.2
1862,745,18,1,0
1863,745,5,1,0.2
1864,746,22,1,0
1865,746,11,2,0
1866,746,18,1,0.15
1867,746,17,2,0.15
1868,747,10,2,0.2
1869,748,13,1,0
1870,748,6,3,0
1871,748,15,1,0.1
1872,749,3,2,0.1
1873,749,3,2,0
1874,750,5,3,0
1875,750,14,2,0.1
1876,750,20,3,0.15
1877,751,16,2,0
1878,751,9,2,0.15
1879,751,9,2,0
1880,751,3,1,0
1881,752,24,3,0.2
1882,752,7,2,0
1883,753,11,3,0
1884,753,23,3,0
1885,753,9,2,0
1886,753,17,3,0
1887,754,10,2,0.15
1888,754,8,2,0.2
1889,754,22,2,0.1
1890,755,18,2,0
1891,755,23,1,0.2
1892,755,8,1,0.1
1893,755,1,3,0.1
1894,756,8,1,0.1
1895,756,2,1,0.2
1896,756,5,2,0.2
1897,757,22,1,0.2
1898,757,23,2,0
1899,757,18,2,0.2
1900,757,21,1,0
1901,758,3,1,0
1902,758,21,1,0
1903,759,18,2,0.15
1904,759,2,2,0.1
1905,760,17,2,0.1
1906,760,8,2,0.1
1907,760,11,3,0
1908,761,11,1,0
1909,761,6,3,0.15
1910,762,20,2,0.1
1911,762,19,3,0.15
1912,762,17,2,0
1913,763,15,1,0
1914,763,5,1,0
1915,763,3,3,0
1916,764,3,3,0
1917,764,7,3,0
1918,764,1,1,0.1
1919,764,13,3,0.1
1920,765,18,2,0
1921,765,14,3,0.2
1922,765,22,2,0
1923,765,16,1,0.15
1924,766,5,1,0.15
1925,766,16,2,0.15
1926,767,14,1,0.2
1927,768,21,3,0
1928,768,16,1,0
1929,768,14,1,0
1930,769,16,3,0.2
1931,769,2,1,0
1932,769,11,1,0
1933,769,17,2,0.2
1934,770,8,3,0.2
1935,770,22,1,0
1936,770,18,2,0.1
1937,770,1,2,0.2
1938,771,11,2,0
1939,771,10,2,0.15
1940,772,15,3,0
1941,772,10,1,0
1942,772,14,2,0.15
1943,772,18,1,0
1944,773,13,3,0.1
1945,773,8,3,0.1
1946,773,11,2,0.15
1947,774,24,3,0.1
1948,774,16,3,0
1949,774,7,1,0.2
1950,775,10,3,0.15
1951,775,11,2,0.15
1952,776,6,1,0.2
1953,776,20,2,0
1954,776,19,3,0.2
1955,776,9,1,0.1
1956,777,7,1,0
1957,777,5,3,0
1958,777,8,1,0.15
1959,778,3,2,0
1960,778,18,1,0
1961,778,12,2,0.15
1962,778,20,1,0
1963,779,18,3,0
1964,780,9,1,0
1965,780,13,2,0
1966,780,5,3,0.2
1967,780,15,2,0
1968,781,12,3,0.1
1969,781,22,3,0
1970,781,15,3,0.15
1971,781,22,2,0
1972,782,12,1,0
1973,782,11,3,0
1974,782,23,3,0.1
1975,783,10,3,0
1976,784,18,1,0.15
1977,785,5,1,0.1
1978,785,22,3,0.2
1979,785,17,1,0
1980,786,3,2,0
1981,786,16,2,0.2
1982,787,22,1,0.1
1983,788,7,1,0.15
1984,788,24,3,0
1985,788,10,1,0
1986,788,24,2,0.2
1987,789,24,2,0
1988,789,1,3,0.2
1989,790,10,3,0
1990,790,19,2,0
1991,791,12,3,0.2
1992,792,23,1,0
1993,793,5,3,0
1994,794,18,3,0
1995,795,24,3,0
1996,795,9,3,0.2
1997,795,12,2,0
1998,796,23,1,0.1
1999,796,14,3,0.1
2000,796,3,1,0.1
2001,796,8,2,0
2002,797,20,1,0.2
2003,797,23,1,0.15
2004,798,18,1,0
2005,798,20,3,0.15
2006,798,2,3,0.15
2007,799,10,2,0
2008,799,7,1,0.15
2009,799,4,3,0.15
2010,799,19,1,0.15
2011,800,18,3,0.2
2012,800,7,1,0.1
2013,800,5,1,0.1
2014,800,21,2,0.1
2015,801,16,1,0
2016,802,20,1,0.15
2017,803,4,1,0.2
2018,804,9,2,0.15
2019,804,12,2,0
2020,805,13,2,0
2021,805,23,2,0.1
2022,805,12,3,0
2023,805,12,3,0.2
2024,806,4,2,0
2025,806,7,3,0.1
2026,807,11,3,0.1
2027,808,7,1,0.1
2028,808,13,2,0
2029,808,1,2,0.15
2030,808,20,2,0.1
2031,809,22,3,0
2032,809,23,1,0
2033,809,7,3,0.1
2034,809,2,1,0.1
2035,810,1,3,0.1
2036,811,7,1,0
2037,811,7,2,0
2038,811,1,2,0
2039,811,18,2,0
2040,812,20,3,0
2041,812,8,2,0
2042,813,5,3,0
2043,813,18,3,0
2044,814,12,2,0
2045,814,7,3,0
2046,814,19,2,0
2047,815,8,2,0.1
2048,815,18,3,0
2049,816,5,1,0.15
2050,816,1,1,0
2051,817,14,2,0
2052,817,17,2,0.2
2053,817,16,3,0
2054,818,2,2,0
2055,818,4,2,0
2056,819,2,1,0
2057,819,12,3,0
2058,819,1,3,0
2059,819,4,3,0
2060,820,23,2,0.2
2061,821,18,2,0
2062,821,4,2,0.1
2063,821,1,1,0.1
2064,821,3,1,0.15
2065,822,11,2,0.2
2066,822,21,2,0.1
2067,822,12,2,0
2068,823,8,2,0.1
2069,823,3,2,0
2070,823,7,2,0.2
2071,824,19,2,0.2
2072,824,14,2,0
2073,824,1,1,0
2074,825,5,2,0
2075,825,8,3,0.1
2076,826,23,1,0.2
2077,826,24,2,0.2
2078,827,18,2,0.2
2079,827,2,3,0
2080,828,9,1,0.2
2081,828,20,3,0
2082,829,3,1,0.1
2083,830,8,2,0.15
2084,831,15,1,0
2085,831,23,2,0
2086,831,16,3,0
2087,831,23,3,0.15
2088,832,20,2,0
2089,832,10,3,0.2
2090,833,24,3,0.1
2091,834,5,2,0
2092,834,6,3,0
2093,834,1,1,0.1
2094,834,24,3,0
2095,835,19,3,0
2096,835,23,2,0.15
2097,835,6,1,0
2098,835,22,1,0.1
2099,836,9,3,0.15
2100,836,20,2,0.2
2101,836,3,3,0.2
2102,836,2,1,0
2103,837,5,3,0.2
2104,838,3,3,0.2
2105,838,8,1,0
2106,838,19,2,0.15
2107,838,10,1,0.2
2108,839,11,3,0
2109,839,5,3,0
2110,840,23,2,0.1
2111,840,22,2,0.15
2112,840,18,1,0.2
2113,840,7,1,0
2114,841,23,2,0
2115,841,3,2,0.15
2116,841,18,1,0.2
2117,841,24,1,0.15
2118,842,3,3,0
2119,842,16,3,0.15
2120,842,4,1,0.1
2121,843,13,3,0.2
2122,843,3,1,0.15
2123,843,17,1,0
2124,844,24,2,0.1
2125,844,7,3,0.2
2126,845,23,1,0
2127,845,16,3,0.2
2128,845,16,2,0.15
2129,846,2,2,0.15
2130,847,6,2,0
2131,847,6,1,0.2
2132,848,6,2,0.1
2133,848,19,3,0
2134,849,5,3,0.1
2135,850,19,3,0
2136,850,15,1,0.1
2137,851,4,3,0
2138,851,1,1,0.2
2139,852,15,1,0
2140,853,23,3,0.1
2141,853,19,1,0
2142,853,2,2,0.2
2143,853,2,3,0.15
2144,854,16,3,0
2145,854,18,2,0.1
2146,854,22,1,0.15
2147,854,14,2,0
2148,855,11,2,0
2149,855,15,1,0.1
2150,855,16,2,0
2151,856,17,1,0.1
2152,856,19,2,0.1
2153,857,7,2,0
2154,858,6,2,0.15
2155,858,8,1,0
2156,858,5,3,0.1
2157,858,22,2,0
2158,859,8,1,0.15
2159,859,23,1,0.1
2160,860,24,2,0
2161,861,9,2,0.1
2162,861,24,2,0
2163,862,21,3,0.15
2164,862,1,1,0.2
2165,862,12,1,0.1
2166,862,24,2,0.15
2167,863,7,2,0
2168,863,5,3,0
2169,864,15,1,0
2170,864,16,3,0
2171,865,8,1,0.2
2172,866,1,3,0.2
2173,867,7,3,0.1
2174,868,22,1,0.2
2175,868,21,3,0.15
2176,869,5,2,0.2
2177,870,15,1,0.1
2178,870,4,3,0.15
2179,870,23,3,0.2
2180,871,14,3,0.2
2181,871,13,3,0
2182,871,21,3,0.1
2183,871,10,2,0.2
2184,872,4,2,0.1
2185,872,22,3,0.15
2186,873,10,1,0
2187,873,7,3,0
2188,873,21,2,0
2189,873,21,3,0.1
2190,874,17,3,0
2191,874,21,3,0
2192,875,22,3,0.15
2193,875,7,3,0
2194,875,3,3,0
2195,875,1,1,0
2196,876,12,2,0
2197,876,22,3,0.2
2198,876,1,1,0
2199,876,1,2,0.1
2200,877,21,3,0
2201,877,13,3,0.1
2202,877,8,2,0.1
2203,877,14,2,0
2204,878,8,1,0.15
2205,878,19,2,0.2
2206,878,20,1,0.2
2207,878,1,1,0.15
2208,879,6,1,0
2209,879,11,2,0.15
2210,879,13,1,0.2
2211,879,15,2,0
2212,880,20,2,0.15
2213,880,10,1,0
2214,880,18,3,0
2215,881,22,3,0
2216,881,7,1,0.1
2217,881,2,3,0.1
2218,881,7,1,0
2219,882,24,2,0
2220,882,13,3,0.1
2221,883,22,2,0
2222,883,24,3,0
2223,883,6,3,0
2224,883,10,3,0.1
2225,884,22,2,0
2226,884,4,3,0
2227,884,2,3,0
2228,884,10,3,0.15
2229,885,7,3,0
2230,885,14,2,0
2231,885,15,3,0.15
2232,885,21,3,0
2233,886,3,2,0.1
2234,886,2,3,0.2
2235,886,1,3,0
2236,887,21,3,0
2237,887,1,2,0
2238,887,16,1,0.2
2239,888,9,2,0
2240,888,23,1,0.15
2241,888,15,3,0
2242,889,5,3,0.15
2243,889,1,3,0
2244,889,13,2,0
2245,890,24,2,0.1
2246,890,3,3,0.15
2247,890,18,3,0
2248,891,2,3,0.1
2249,891,17,2,0.15
2250,891,7,3,0
2251,892,2,3,0.15
2252,892,21,3,0.2
2253,893,9,1,0
2254,893,8,2,0
2255,894,6,1,0.2
2256,895,3,1,0.15
2257,895,18,1,0
2258,895,11,2,0.1
2259,895,20,2,0.1
2260,896,7,2,0.1
2261,897,22,3,0
2262,898,2,1,0.2
2263,898,19,3,0.1
2264,898,23,2,0
2265,899,21,3,0.2
2266,900,17,3,0
2267,900,7,1,0
2268,900,5,3,0.1
2269,901,17,2,0
2270,901,24,1,0
2271,902,17,1,0
2272,902,1,1,0
2273,903,18,1,0
2274,904,20,2,0.15
2275,905,21,3,0
2276,905,2,2,0
2277,905,4,3,0
2278,905,22,3,0.15
2279,906,3,3,0.1
2280,906,22,2,0
2281,906,16,1,0.15
2282,906,1,3,0
2283,907,18,3,0
2284,907,1,2,0.2
2285,908,7,1,0
2286,908,7,2,0.15
2287,909,2,3,0
2288,909,7,2,0.2
2289,909,3,2,0.1
2290,910,9,3,0
2291,910,13,2,0
2292,910,3,3,0
2293,910,14,3,0
2294,911,19,2,0
2295,911,14,2,0.1
2296,911,22,1,0
2297,911,4,1,0.15
2298,912,4,3,0.2
2299,913,22,3,0.15
2300,913,8,1,0
2301,914,19,3,0
2302,914,2,2,0
2303,914,8,1,0
2304,914,22,2,0.15
2305,915,1,3,0.2
2306,916,10,2,0
2307,917,7,2,0
2308,918,23,3,0
2309,919,18,3,0
2310,920,18,1,0
2311,921,1,2,0
2312,921,19,3,0.2
2313,921,11,3,0
2314,922,11,2,0.1
2315,922,20,3,0
2316,922,22,3,0.2
2317,923,16,2,0
2318,924,10,3,0
2319,925,6,2,0
2320,925,22,3,0.15
2321,925,10,2,0.1
2322,925,13,3,0
2323,926,13,2,0.1
2324,927,10,3,0.2
2325,927,13,3,0
2326,927,19,1,0
2327,927,22,2,0
2328,928,13,2,0
2329,929,10,3,0.15
2330,929,5,2,0.1
2331,930,16,3,0
2332,930,4,2,0
2333,930,13,1,0.1
2334,930,24,2,0.2
2335,931,5,1,0
2336,931,23,1,0
2337,931,5,2,0
2338,931,7,2,0
2339,932,17,2,0.2
2340,933,3,2,0
2341,933,4,2,0
2342,933,11,1,0
2343,933,21,2,0.2
2344,934,24,1,0.15
2345,934,9,2,0.1
2346,935,10,3,0
2347,935,8,1,0
2348,936,5,3,0
2349,937,9,3,0.2
2350,938,17,1,0
2351,938,23,1,0.2
2352,938,21,2,0.1
2353,938,19,3,0
2354,939,4,2,0.15
2355,940,17,1,0.2
2356,941,5,2,0
2357,941,14,2,0.1
2358,941,17,3,0.1
2359,941,7,3,0
2360,942,5,2,0
2361,942,23,2,0.15
2362,942,17,3,0
2363,943,11,2,0
2364,943,24,1,0
2365,944,17,3,0.15
2366,944,6,3,0
2367,944,11,1,0
2368,944,9,2,0
2369,945,6,1,0
2370,945,15,2,0.1
2371,945,14,2,0.1
2372,945,23,1,0.15
2373,946,23,3,0.15
2374,946,15,1,0.2
2375,946,22,1,0
2376,947,23,2,0.15
2377,947,12,3,0
2378,948,5,1,0.2
2379,948,21,1,0.1
2380,948,10,3,0
2381,948,9,2,0
2382,949,3,2,0
2383,949,12,1,0.15
2384,949,20,2,0
2385,949,12,3,0.1
2386,950,4,1,0.2
2387,950,12,1,0
2388,950,8,2,0.15
2389,950,15,1,0.15
2390,951,2,3,0
2391,952,12,3,0.2
2392,952,18,3,0
2393,952,18,3,0.1
2394,952,21,1,0.2
2395,953,17,2,0
2396,953,23,1,0
2397,953,12,3,0.15
2398,953,5,2,0.15
2399,954,17,1,0.1
2400,954,10,3,0
2401,955,6,1,0.15
2402,955,11,2,0.15
2403,956,7,3,0
2404,956,10,3,0.2
2405,956,17,1,0.1
2406,956,18,2,0
2407,957,15,1,0
2408,958,13,1,0
2409,958,22,2,0.1
2410,958,23,1,0
2411,959,22,3,0.15
2412,959,5,1,0.15
2413,960,18,1,0.1
2414,960,18,2,0.1
2415,960,5,2,0
2416,960,23,1,0.15
2417,961,21,3,0.1
2418,961,19,1,0.2
2419,961,2,2,0.1
2420,962,8,1,0
2421,962,7,2,0.2
2422,962,9,1,0
2423,963,4,3,0.2
2424,964,5,2,0
2425,965,18,3,0
2426,965,16,3,0
2427,965,10,3,0.2
2428,965,24,1,0.1
2429,966,24,2,0.15
2430,966,12,2,0.2
2431,966,18,3,0.2
2432,966,12,3,0
2433,967,4,1,0.1
2434,967,7,3,0.1
2435,968,14,3,0.1
2436,968,16,2,0
2437,968,19,1,0
2438,968,18,2,0
2439,969,20,1,0.15
2440,969,12,1,0.15
2441,969,1,3,0.2
2442,970,5,1,0
2443,970,20,3,0
2444,970,22,2,0.1
2445,970,4,2,0
2446,971,11,2,0.15
2447,972,14,2,0.1
2448,972,20,1,0
2449,973,24,3,0.1
2450,974,15,3,0.15
2451,974,1,2,0.2
2452,974,22,3,0.15
2453,975,17,3,0
2454,975,13,2,0.15
2455,976,15,1,0
2456,976,19,3,0.1
2457,976,4,1,0
2458,976,7,2,0
2459,977,17,2,0.15
2460,977,19,2,0
2461,977,9,2,0.15
2462,978,12,3,0.1
2463,978,20,1,0
2464,978,16,2,0
2465,979,15,3,0.1
2466,980,1,3,0.1
2467,980,17,2,0.1
2468,980,17,3,0.2
2469,980,18,3,0.2
2470,981,22,3,0.1
2471,981,7,2,0.15
2472,981,13,2,0.15
2473,982,14,2,0
2474,982,16,1,0
2475,983,22,2,0
2476,983,20,2,0
2477,983,24,2,0.15
2478,983,15,3,0.2
2479,984,15,3,0
2480,984,12,2,0.2
2481,984,24,1,0
2482,985,23,3,0
2483,986,6,3,0.2
2484,986,1,3,0.2
2485,986,9,3,0.2
2486,986,17,3,0.1
2487,987,1,1,0.1
2488,987,12,2,0.15
2489,987,2,2,0.15
2490,988,13,3,0
2491,988,6,3,0.15
2492,988,4,1,0.1
2493,989,23,2,0
2494,990,3,2,0
2495,990,24,2,0
2496,990,6,3,0
2497,991,14,2,0.15
2498,991,8,3,0.1
2499,992,13,2,0
2500,992,21,2,0
2501,992,23,2,0.1
2502,993,16,1,0.15
2503,993,20,2,0
2504,994,3,1,0
2505,994,1,1,0.2
2506,994,16,2,0
2507,995,4,2,0
2508,995,17,2,0.15
2509,995,15,2,0.15
2510,996,1,2,0
2511,996,9,2,0
2512,997,23,2,0.15
2513,997,19,1,0
2514,997,1,2,0.2
2515,998,6,2,0
2516,999,16,1,0.1
2517,999,3,3,0.2
2518,999,18,3,0
2519,999,6,3,0
2520,1000,19,1,0
2521,1000,7,2,0.1
2522,1001,22,1,0.2
2523,1001,24,1,0
2524,1001,16,2,0.15
2525,1002,16,3,0
2526,1003,4,1,0.1
2527,1003,9,1,0.1
2528,1003,2,2,0.15
2529,1004,17,3,0
2530,1004,17,1,0
2531,1004,8,2,0.15
2532,1004,12,2,0
2533,1005,10,2,0.15
2534,1006,7,1,0.1
2535,1007,9,1,0.2
2536,1007,3,2,0.1
2537,1007,24,3,0
2538,1007,24,3,0.15
2539,1008,18,3,0.2
2540,1009,1,1,0
2541,1009,21,1,0.1
2542,1010,5,2,0.15
2543,1010,20,1,0
2544,1010,24,2,0
2545,1011,20,3,0.2
2546,1011,20,2,0.1
2547,1012,8,2,0.1
2548,1012,12,2,0
2549,1013,12,2,0
2550,1014,1,1,0
2551,1014,21,3,0
2552,1015,1,2,0
2553,1016,23,2,0.15
2554,1017,23,1,0.15
2555,1018,10,3,0
2556,1018,23,2,0
2557,1018,17,2,0.1
2558,1019,19,3,0.2
2559,1019,5,2,0.2
2560,1020,12,1,0.15
2561,1021,14,2,0
2562,1021,19,2,0
2563,1022,22,2,0.15
2564,1022,17,3,0.2
2565,1022,3,2,0
2566,1022,19,1,0
2567,1023,10,2,0.2
2568,1023,17,2,0.1
2569,1023,4,3,0
2570,1024,19,3,0
2571,1024,23,2,0.2
2572,1024,1,3,0.15
2573,1025,2,1,0
2574,1025,1,2,0.1
2575,1025,20,2,0
2576,1026,12,2,0.15
2577,1026,17,1,0
2578,1027,15,2,0
2579,1027,15,2,0.2
2580,1027,16,2,0
2581,1027,12,3,0
2582,1028,17,2,0
2583,1028,10,3,0.15
2584,1029,1,2,0
2585,1030,18,2,0.15
2586,1030,23,3,0.1
2587,1030,15,2,0.2
2588,1031,22,3,0
2589,1031,14,3,0.1
2590,1032,1,1,0.1
2591,1032,14,2,0
2592,1032,20,3,0
2593,1033,16,1,0.2
2594,1033,16,2,0
2595,1034,4,3,0.2
2596,1034,7,2,0
2597,1034,16,3,0
2598,1035,10,2,0
2599,1035,20,2,0
2600,1036,18,3,0
2601,1036,7,2,0.2
2602,1036,16,3,0.1
2603,1036,14,3,0
2604,1037,10,3,0.15
2605,1038,10,1,0
2606,1039,18,2,0
2607,1039,3,3,0.2
2608,1039,19,2,0.15
2609,1039,8,1,0.1
2610,1040,3,3,0.2
2611,1040,14,1,0.15
2612,1041,21,3,0
2613,1041,3,1,0
2614,1041,12,3,0
2615,1042,6,1,0
2616,1042,13,2,0
2617,1043,23,1,0.15
2618,1043,14,1,0.1
2619,1044,18,3,0.2
2620,1044,15,3,0
2621,1045,17,2,0
2622,1045,15,3,0
2623,1046,8,3,0
2624,1046,5,3,0
2625,1046,18,1,0
2626,1046,17,3,0
2627,1047,10,2,0
2628,1047,5,3,0.1
2629,1047,10,2,0
2630,1047,9,2,0.2
2631,1048,20,2,0.1
2632,1048,8,2,0.15
2633,1048,21,2,0.15
2634,1048,3,3,0.2
2635,1049,20,3,0
2636,1049,10,2,0.15
2637,1049,15,3,0
2638,1050,19,3,0.2
2639,1050,11,1,0
2640,1051,21,1,0
2641,1051,20,2,0
2642,1051,5,3,0.1
2643,1052,9,3,0.1
2644,1052,13,2,0.2
2645,1052,17,1,0
2646,1052,22,3,0
2647,1053,22,3,0.2
2648,1053,21,1,0
2649,1054,8,2,0
2650,1055,13,3,0.2
2651,1056,23,3,0
2652,1056,16,3,0
2653,1056,2,2,0
2654,1057,22,2,0.2
2655,1057,13,3,0.2
2656,1057,12,2,0.15
2657,1058,11,1,0.2
2658,1058,5,2,0.2
2659,1058,24,2,0.2
2660,1059,7,2,0
2661,1059,6,2,0
2662,1059,12,2,0
2663,1060,9,1,0
2664,1060,2,2,0
2665,1060,3,3,0.15
2666,1061,5,1,0
2667,1061,11,1,0.2
2668,1061,19,1,0.15
2669,1062,11,2,0
2670,1063,2,3,0
2671,1063,21,2,0
2672,1063,6,1,0.2
2673,1064,14,3,0
2674,1064,6,2,0.2
2675,1064,19,3,0.2
2676,1064,2,2,0
2677,1065,24,3,0.15
2678,1066,12,1,0
2679,1067,19,2,0
2680,1067,20,3,0
2681,1067,11,1,0.1
2682,1068,4,1,0
2683,1068,7,2,0.15
2684,1068,7,1,0
2685,1068,1,3,0.1
2686,1069,8,1,0.1
2687,1070,4,2,0.15
2688,1070,19,2,0
2689,1071,10,2,0
2690,1072,20,1,0.1
2691,1073,14,2,0.1
2692,1073,2,1,0
2693,1073,7,2,0
2694,1073,14,2,0
2695,1074,11,2,0
2696,1074,5,2,0.1
2697,1074,5,1,0.2
2698,1074,8,2,0.2
2699,1075,4,1,0
2700,1075,12,3,0.2
2701,1075,14,3,0.1
2702,1076,3,1,0
2703,1077,6,1,0
2704,1077,7,3,0
2705,1078,9,3,0
2706,1078,24,3,0.2
2707,1078,11,1,0.1
2708,1079,7,1,0
2709,1079,23,3,0
2710,1079,2,1,0
2711,1080,21,3,0
2712,1080,24,1,0.15
2713,1080,1,1,0.2
2714,1081,11,3,0
2715,1082,20,1,0
2716,1083,14,1,0
2717,1083,1,2,0.1
2718,1084,23,1,0
2719,1084,19,3,0
2720,1084,4,2,0
2721,1084,8,2,0.1
2722,1085,1,3,0
2723,1085,15,1,0
2724,1085,6,2,0.2
2725,1085,23,3,0
2726,1086,21,3,0.2
2727,1086,16,1,0.1
2728,1087,15,2,0.15
2729,1088,24,1,0.2
2730,1088,19,1,0
2731,1088,23,1,0
2732,1088,22,2,0.2
2733,1089,20,3,0
2734,1089,8,3,0.2
2735,1089,3,2,0.15
2736,1089,7,2,0
2737,1090,24,2,0
2738,1090,13,2,0.2
2739,1090,23,3,0
2740,1091,19,1,0
2741,1091,15,1,0.2
2742,1091,16,2,0
2743,1092,16,3,0.2
2744,1093,15,1,0.15
2745,1093,22,1,0.1
2746,1094,24,1,0
2747,1094,18,2,0.15
2748,1094,1,3,0
2749,1094,1,3,0
2750,1095,19,1,0.15
2751,1095,3,3,0.1
2752,1095,2,1,0
2753,1096,17,1,0
2754,1096,22,3,0.2
2755,1097,2,1,0
2756,1097,22,3,0.1
2757,1097,5,3,0.1
2758,1097,17,1,0
2759,1098,10,2,0
2760,1098,16,2,0
2761,1098,21,2,0.15
2762,1098,12,2,0.2
2763,1099,5,1,0
2764,1099,4,1,0
2765,1100,10,3,0.15
2766,1100,22,3,0
2767,1100,12,1,0
2768,1100,16,2,0
2769,1101,21,2,0
2770,1101,12,3,0
2771,1101,18,1,0.2
2772,1101,4,2,0.2
2773,1102,16,2,0.15
2774,1102,8,2,0.15
2775,1102,20,3,0.2
2776,1103,12,2,0.15
2777,1103,19,3,0.1
2778,1104,3,3,0
2779,1105,5,2,0.1
2780,1106,7,2,0
2781,1106,22,1,0
2782,1107,2,2,0.2
2783,1107,13,3,0
2784,1108,8,1,0
2785,1108,11,1,0.1
2786,1108,23,1,0
2787,1109,9,2,0.15
2788,1109,4,1,0
2789,1109,18,1,0.1
2790,1109,19,3,0.15
2791,1110,19,1,0
2792,1110,5,3,0
2793,1111,1,1,0.15
2794,1111,21,2,0.2
2795,1111,24,2,0
2796,1112,16,3,0.2
2797,1112,16,3,0.1
2798,1112,19,1,0.1
2799,1113,7,2,0.2
2800,1113,11,1,0
2801,1113,8,3,0.2
2802,1114,19,1,0.1
2803,1115,13,3,0.2
2804,1115,12,2,0.2
2805,1116,7,1,0.15
2806,1116,4,2,0.15
2807,1116,13,2,0
2808,1117,19,2,0
2809,1117,19,3,0
2810,1117,9,1,0
2811,1117,23,1,0
2812,1118,9,3,0
2813,1118,12,2,0.15
2814,1118,5,1,0
2815,1118,4,3,0
2816,1119,7,1,0.2
2817,1120,7,3,0
2818,1120,17,3,0
2819,1120,4,1,0
2820,1121,12,2,0
2821,1121,21,1,0.1
2822,1121,10,3,0
2823,1121,13,1,0
2824,1122,6,1,0
2825,1122,4,1,0
2826,1122,23,2,0.1
2827,1122,20,3,0.2
2828,1123,16,1,0.1
2829,1124,2,3,0
2830,1124,9,2,0.2
2831,1124,2,3,0.2
2832,1124,2,2,0
2833,1125,2,2,0.15
2834,1126,5,1,0
2835,1126,21,3,0
2836,1126,24,1,0
2837,1127,11,2,0
2838,1127,13,3,0
2839,1127,20,2,0.1
2840,1127,9,3,0
2841,1128,7,1,0.2
2842,1129,5,3,0
2843,1130,14,3,0
2844,1130,18,1,0.1
2845,1130,21,3,0
2846,1131,23,2,0
2847,1132,19,1,0.2
2848,1133,17,1,0
2849,1133,4,2,0
2850,1133,3,1,0.15
2851,1134,19,1,0
2852,1134,6,2,0
2853,1135,4,2,0
2854,1136,23,2,0.1
2855,1136,20,3,0.15
2856,1136,17,2,0.1
2857,1137,15,1,0.15
2858,1137,4,1,0.2
2859,1138,14,2,0
2860,1139,7,1,0.2
2861,1139,4,3,0.2
2862,1139,1,1,0
2863,1140,4,2,0.1
2864,1140,18,1,0
2865,1141,24,1,0
2866,1142,6,2,0.1
2867,1142,3,3,0
2868,1142,6,1,0
2869,1142,11,1,0
2870,1143,15,2,0.1
2871,1144,21,3,0.2
2872,1144,22,3,0.15
2873,1145,16,2,0
2874,1145,18,3,0.1
2875,1145,16,1,0
2876,1145,2,2,0.2
2877,1146,1,1,0
2878,1147,1,3,0.2
2879,1148,5,2,0.1
2880,1148,5,2,0
2881,1148,6,2,0
2882,1148,10,1,0.1
2883,1149,19,1,0.1
2884,1149,14,3,0.2
2885,1150,8,3,0.2
2886,1150,4,3,0
2887,1151,21,1,0.2
2888,1151,21,1,0.1
2889,1151,18,3,0.1
2890,1151,17,1,0.1
2891,1152,21,1,0
2892,1152,15,3,0
2893,1153,3,1,0.2
2894,1153,14,3,0.15
2895,1154,8,2,0.2
2896,1154,15,3,0
2897,1154,12,1,0.1
2898,1155,12,1,0.2
2899,1155,18,3,0
2900,1155,19,2,0.2
2901,1155,19,3,0.15
2902,1156,13,3,0.1
2903,1156,23,2,0
2904,1156,3,1,0.15
2905,1156,1,2,0.15
2906,1157,24,2,0
2907,1157,24,1,0
2908,1157,12,3,0
2909,1158,23,1,0.2
2910,1158,11,3,0
2911,1159,4,3,0.2
2912,1159,4,1,0.15
2913,1159,14,2,0
2914,1160,8,2,0
2915,1160,24,3,0
2916,1160,11,3,0
2917,1160,9,1,0.1
2918,1161,8,2,0
2919,1161,14,3,0.1
2920,1162,23,1,0.2
2921,1163,17,1,0.1
2922,1163,3,3,0.15
2923,1164,22,2,0.2
2924,1164,22,3,0
2925,1164,5,1,0
2926,1165,8,2,0
2927,1165,3,1,0
2928,1165,20,1,0
2929,1165,4,1,0.15
2930,1166,24,2,0.15
2931,1166,9,3,0
2932,1166,1,1,0.15
2933,1166,4,3,0
2934,1167,23,1,0.2
2935,1167,2,1,0
2936,1167,3,3,0
2937,1168,15,1,0
2938,1169,18,2,0.2
2939,1169,21,1,0
2940,1169,3,2,0.15
2941,1169,20,3,0.1
2942,1170,1,2,0
2943,1170,21,2,0.2
2944,1171,5,1,0
2945,1171,14,2,0
2946,1171,2,1,0
2947,1172,4,1,0
2948,1172,8,2,0
2949,1172,11,3,0.1
2950,1173,22,3,0
2951,1173,22,1,0.15
2952,1174,5,3,0
2953,1174,16,2,0
2954,1174,23,3,0.15
2955,1174,18,3,0.15
2956,1175,16,2,0.1
2957,1175,24,2,0
2958,1175,3,1,0.15
2959,1175,16,2,0.2
2960,1176,18,3,0
2961,1177,9,3,0.1
2962,1178,11,2,0.2
2963,1178,17,2,0.15
2964,1178,3,3,0.2
2965,1179,18,3,0.2
2966,1180,10,3,0.2
2967,1180,2,1,0.2
2968,1180,21,1,0
2969,1180,16,2,0.15
2970,1181,8,3,0.1
2971,1181,24,1,0
2972,1181,12,2,0
2973,1182,3,3,0.15
2974,1182,11,2,0
2975,1182,14,1,0.15
2976,1182,11,2,0.1
2977,1183,12,1,0.1
2978,1184,12,3,0.2
2979,1184,12,3,0
2980,1184,8,3,0
2981,1185,17,3,0.15
2982,1185,22,2,0.1
2983,1185,15,3,0.15
2984,1185,17,3,0.15
2985,1186,4,1,0.2
2986,1186,2,2,0
2987,1187,16,1,0
2988,1187,6,2,0.1
2989,1187,4,3,0.1
2990,1188,4,1,0.2
2991,1188,10,3,0.1
2992,1188,14,2,0
2993,1189,5,2,0
2994,1189,16,1,0.2
2995,1189,9,3,0.15
2996,1189,14,2,0
2997,1190,15,1,0
2998,1190,8,1,0
2999,1190,15,1,0.2
3000,1190,10,3,0
3001,1191,10,2,0.2
3002,1191,14,3,0.15
3003,1192,20,3,0
3004,1192,7,3,0
3005,1192,9,1,0.15
3006,1193,9,2,0.15
3007,1193,6,2,0.1
3008,1194,2,1,0.15
3009,1194,14,2,0
3010,1195,23,2,0
3011,1195,4,3,0
3012,1195,6,2,0
3013,1196,8,2,0
3014,1197,12,2,0.2
3015,1197,16,2,0
3016,1198,7,2,0
3017,1198,11,1,0.2
3018,1198,22,1,0
3019,1199,4,3,0
3020,1200,8,3,0.1
3021,1201,5,1,0
3022,1201,22,2,0
3023,1201,6,3,0.1
3024,1202,24,2,0
3025,1202,18,2,0.2
3026,1203,4,3,0
3027,1203,22,3,0.15
3028,1203,23,3,0
3029,1203,9,3,0
3030,1204,11,1,0.1
3031,1204,11,3,0
3032,1204,13,3,0
3033,1205,9,3,0.15
3034,1206,7,1,0
3035,1206,12,3,0
3036,1207,22,3,0.2
3037,1207,11,3,0
3038,1208,11,1,0.1
3039,1208,23,3,0.15
3040,1208,3,3,0.2
3041,1208,21,2,0
3042,1209,12,1,0
3043,1209,23,3,0.1
3044,1210,19,2,0
3045,1210,19,1,0
3046,1210,10,2,0
3047,1211,13,2,0.15
3048,1211,14,1,0.2
3049,1212,16,2,0.15
3050,1212,8,3,0
3051,1213,1,3,0
3052,1213,5,1,0
3053,1213,9,1,0.1
3054,1213,6,2,0
3055,1214,2,1,0.1
3056,1214,2,3,0.15
3057,1214,8,1,0.2
3058,1214,24,2,0.1
3059,1215,12,3,0
3060,1215,23,2,0
3061,1216,5,2,0
3062,1216,21,1,0.2
3063,1217,22,3,0.15
3064,1217,17,3,0
3065,1218,5,3,0
3066,1218,14,1,0.1
3067,1218,19,2,0.15
3068,1219,20,3,0.2
3069,1219,12,3,0.15
3070,1219,12,2,0.2
3071,1220,24,1,0.1
3072,1220,23,2,0.2
3073,1221,17,1,0
3074,1222,6,1,0.15
3075,1223,16,2,0
3076,1223,15,2,0
3077,1224,9,3,0.1
3078,1225,8,3,0
3079,1225,4,1,0
3080,1225,1,1,0.2
3081,1225,5,3,0.2
3082,1226,22,3,0
3083,1226,19,2,0
3084,1226,17,3,0
3085,1227,9,1,0
3086,1227,20,1,0
3087,1227,23,2,0
3088,1227,8,3,0.1
3089,1228,20,2,0.2
3090,1228,19,1,0
3091,1229,13,1,0.1
3092,1229,15,1,0
3093,1230,19,3,0.1
3094,1230,11,1,0.1
3095,1230,3,2,0
3096,1230,16,1,0
3097,1231,3,3,0.1
3098,1231,8,1,0.2
3099,1232,8,2,0.1
3100,1232,8,1,0
3101,1233,3,3,0
3102,1233,17,2,0
3103,1233,6,3,0.2
3104,1234,17,1,0.1
3105,1235,5,1,0
3106,1235,18,3,0.2
3107,1235,16,1,0
3108,1235,4,3,0.15
3109,1236,20,3,0.2
3110,1236,11,3,0.1
3111,1237,20,3,0.15
3112,1237,24,2,0
3113,1237,4,2,0
3114,1238,1,3,0.15
3115,1238,18,1,0.1
3116,1239,15,2,0
3117,1240,1,1,0.1
3118,1240,17,3,0.15
3119,1241,11,2,0.2
3120,1241,18,2,0
3121,1241,19,2,0.15
3122,1241,4,2,0
3123,1242,8,2,0.1
3124,1242,20,2,0.2
3125,1243,4,3,0
3126,1243,10,3,0
3127,1243,2,2,0
3128,1244,22,3,0
3129,1245,9,3,0
3130,1245,10,3,0
3131,1245,19,2,0
3132,1245,14,3,0.1
3133,1246,19,3,0.2
3134,1246,23,2,0.15
3135,1246,11,2,0
3136,1246,20,1,0
3137,1247,21,1,0.1
3138,1247,10,1,0.15
3139,1247,15,3,0
3140,1247,21,3,0.1
3141,1248,2,1,0
3142,1248,9,3,0
3143,1248,4,2,0.2
3144,1248,9,2,0.2
3145,1249,8,2,0.15
3146,1249,1,2,0.1
3147,1249,1,2,0
3148,1250,17,2,0
3149,1251,2,1,0.2
3150,1251,24,1,0.1
3151,1252,5,2,0.1
3152,1253,8,1,0
3153,1253,18,2,0.1
3154,1254,12,1,0
3155,1255,1,1,0.15
3156,1255,18,3,0
3157,1255,11,2,0.15
3158,1255,7,2,0.2
3159,1256,9,1,0
3160,1256,21,2,0
3161,1257,24,3,0
3162,1257,20,3,0.15
3163,1257,15,3,0.1
3164,1257,1,3,0.1
3165,1258,13,1,0
3166,1258,8,1,0.1
3167,1258,2,1,0
3168,1259,10,2,0
3169,1259,13,3,0.1
3170,1259,3,3,0.2
3171,1259,21,2,0
3172,1260,12,2,0.2
3173,1261,9,2,0.15
3174,1261,14,2,0
3175,1261,17,1,0
3176,1262,6,2,0.15
3177,1262,12,1,0.2
3178,1262,3,2,0
3179,1263,14,1,0.2
3180,1263,9,3,0.15
3181,1264,19,3,0.15
3182,1264,6,1,0
3183,1265,7,1,0.2
3184,1266,12,2,0.1
3185,1266,16,1,0
3186,1266,22,2,0
3187,1267,1,2,0
3188,1267,14,3,0.15
3189,1267,8,3,0
3190,1267,4,2,0.2
3191,1268,16,3,0.1
3192,1268,13,2,0.1
3193,1268,24,2,0.1
3194,1268,13,2,0.1
3195,1269,17,3,0.2
3196,1270,10,2,0
3197,1270,6,1,0.1
3198,1270,12,1,0
3199,1270,19,3,0.15
3200,1271,5,2,0
3201,1271,10,3,0
3202,1271,5,1,0
3203,1271,14,1,0.2
3204,1272,20,3,0.1
3205,1272,22,1,0.2
3206,1273,13,2,0
3207,1274,8,1,0
3208,1275,19,1,0
3209,1275,1,1,0
3210,1276,13,2,0
3211,1277,12,1,0.2
3212,1277,10,2,0
3213,1277,19,2,0
3214,1278,9,2,0.1
3215,1278,23,3,0
3216,1278,11,1,0.1
3217,1278,19,3,0
3218,1279,11,2,0.1
3219,1279,14,3,0.1
3220,1280,23,3,0.15
3221,1280,14,3,0
3222,1280,3,2,0.2
3223,1281,2,3,0
3224,1281,20,3,0.2
3225,1281,19,1,0.2
3226,1281,14,1,0
3227,1282,14,3,0
3228,1282,19,1,0.1
3229,1282,22,3,0
3230,1282,5,2,0.15
3231,1283,7,2,0.1
3232,1283,19,3,0.15
3233,1283,2,1,0
3234,1283,5,3,0.1
3235,1284,24,3,0.2
3236,1284,5,1,0
3237,1284,18,3,0.1
3238,1285,21,1,0.15
3239,1285,2,3,0
3240,1285,12,3,0.1
3241,1286,14,3,0
3242,1286,5,1,0
3243,1286,13,2,0.1
3244,1287,22,2,0
3245,1287,17,1,0
3246,1288,22,3,0
3247,1288,9,1,0
3248,1289,3,3,0
3249,1289,6,1,0
3250,1289,10,3,0
3251,1290,12,1,0.2
3252,1290,20,1,0.2
3253,1290,8,1,0.15
3254,1291,1,1,0
3255,1291,9,1,0
3256,1291,7,1,0
3257,1291,20,1,0.1
3258,1292,23,3,0
3259,1292,5,2,0.1
3260,1292,21,3,0
3261,1293,3,2,0
3262,1293,15,2,0.1
3263,1293,8,2,0
3264,1293,10,3,0
3265,1294,14,2,0
3266,1294,11,3,0
3267,1294,19,1,0.15
3268,1294,24,1,0.15
3269,1295,3,2,0
3270,1295,21,1,0
3271,1296,19,1,0.1
3272,1296,6,2,0.15
3273,1297,17,1,0
3274,1297,15,2,0
3275,1297,7,3,0.15
3276,1298,8,2,0
3277,1299,20,1,0.15
3278,1299,23,2,0
3279,1299,15,3,0
3280,1300,14,3,0
3281,1301,21,3,0.2
3282,1301,11,3,0
3283,1301,2,1,0.2
3284,1301,9,2,0
3285,1302,9,1,0
3286,1302,24,3,0.1
3287,1302,19,1,0
3288,1303,21,1,0.1
3289,1304,13,3,0.15
3290,1304,8,2,0
3291,1304,15,3,0
3292,1304,21,3,0.1
3293,1305,20,1,0
3294,1306,19,1,0
3295,1307,17,3,0.1
3296,1307,21,2,0.1
3297,1307,11,2,0.1
3298,1308,15,3,0
3299,1308,8,2,0
3300,1308,14,3,0
3301,1309,21,3,0.1
3302,1309,17,2,0
3303,1309,11,2,0.2
3304,1310,16,1,0
3305,1310,3,3,0
3306,1310,4,3,0.1
3307,1311,19,2,0
3308,1311,14,1,0
3309,1311,21,1,0.2
3310,1312,24,2,0.15
3311,1312,9,3,0
3312,1312,3,1,0.15
3313,1312,6,1,0
3314,1313,19,3,0
3315,1313,24,1,0.1
3316,1313,21,1,0
3317,1313,16,2,0.1
3318,1314,10,1,0
3319,1314,6,3,0.1
3320,1314,2,3,0
3321,1314,8,2,0
3322,1315,12,3,0
3323,1315,10,3,0
3324,1316,3,3,0.2
3325,1317,18,2,0
3326,1317,15,2,0.2
3327,1318,18,2,0.15
3328,1319,13,2,0.2
3329,1319,20,1,0
3330,1319,15,3,0
3331,1319,10,2,0.1
3332,1320,14,3,0
3333,1320,22,3,0.2
3334,1321,24,1,0.15
3335,1321,11,2,0.15
3336,1321,6,2,0.2
3337,1322,13,3,0
3338,1322,7,1,0
3339,1322,15,3,0
3340,1322,16,1,0.2
3341,1323,16,1,0.2
3342,1323,22,2,0.1
3343,1324,21,2,0.1
3344,1324,14,2,0
3345,1324,2,2,0
3346,1325,3,3,0
3347,1325,13,3,0.1
3348,1325,6,3,0.15
3349,1325,13,3,0.2
3350,1326,9,2,0.15
3351,1326,9,1,0
3352,1327,3,3,0.1
3353,1327,20,3,0
3354,1327,14,1,0
3355,1328,23,3,0
3356,1328,4,3,0
3357,1329,9,2,0.1
3358,1329,19,1,0
3359,1330,20,1,0.2
3360,1330,20,3,0
3361,1330,3,3,0
3362,1330,6,1,0
3363,1331,1,1,0.2
3364,1331,5,1,0.15
3365,1332,8,2,0.2
3366,1332,22,1,0.2
3367,1333,3,1,0.1
3368,1333,2,1,0
3369,1334,2,1,0
3370,1334,20,2,0.15
3371,1335,16,3,0
3372,1335,13,3,0.2
3373,1335,23,1,0
3374,1335,23,1,0.2
3375,1336,15,2,0
3376,1337,10,2,0.15
3377,1337,8,2,0
3378,1338,12,1,0
3379,1339,4,2,0.2
3380,1340,5,2,0
3381,1341,2,1,0.15
3382,1341,8,3,0.2
3383,1341,24,3,0
3384,1342,21,3,0.15
3385,1342,21,1,0
3386,1342,7,1,0
3387,1343,6,2,0.2
3388,1343,3,3,0
3389,1344,13,1,0
3390,1344,5,3,0
3391,1344,6,1,0
3392,1344,4,1,0.1
3393,1345,6,2,0.1
3394,1345,22,1,0
3395,1346,4,2,0.1
3396,1347,20,1,0
3397,1347,11,1,0
3398,1348,14,2,0
3399,1348,1,1,0
3400,1349,7,3,0
3401,1349,10,3,0
3402,1349,12,1,0
3403,1350,1,2,0
3404,1350,11,1,0.15
3405,1350,9,3,0
3406,1351,2,1,0.1
3407,1351,17,2,0.1
3408,1351,15,3,0.1
3409,1351,2,3,0
3410,1352,13,2,0.2
3411,1352,10,1,0
3412,1352,17,1,0
3413,1352,11,3,0
3414,1353,21,3,0.1
3415,1353,8,3,0
3416,1353,18,1,0.15
3417,1353,1,1,0.2
3418,1354,3,1,0
3419,1355,13,3,0
3420,1355,3,3,0.15
3421,1356,11,1,0
3422,1356,22,2,0.2
3423,1356,23,2,0.1
3424,1356,3,3,0
3425,1357,15,3,0.1
3426,1357,17,3,0.1
3427,1357,7,3,0.2
3428,1358,2,2,0.2
3429,1358,22,3,0
3430,1358,10,3,0
3431,1359,19,1,0
3432,1360,23,2,0.1
3433,1360,23,2,0.1
3434,1360,15,2,0
3435,1361,24,1,0
3436,1361,16,1,0.15
3437,1361,5,1,0.1
3438,1361,14,2,0
3439,1362,2,1,0
3440,1362,22,1,0.15
3441,1362,1,2,0.2
3442,1362,12,1,0
3443,1363,11,1,0.2
3444,1363,5,1,0.15
3445,1364,18,2,0.15
3446,1364,19,3,0.1
3447,1365,15,1,0.15
3448,1365,20,1,0
3449,1366,6,3,0
3450,1367,22,2,0
3451,1367,23,3,0.15
3452,1367,10,2,0
3453,1367,18,2,0
3454,1368,11,3,0.1
3455,1368,22,2,0
3456,1369,22,2,0.1
3457,1369,6,1,0.1
3458,1369,8,2,0
3459,1369,8,2,0
3460,1370,14,2,0
3461,1371,3,2,0.1
3462,1371,23,1,0
3463,1372,7,2,0
3464,1372,17,3,0.1
3465,1372,6,1,0
3466,1372,12,2,0
3467,1373,24,3,0
3468,1374,3,1,0.1
3469,1375,16,3,0
3470,1375,6,1,0.2
3471,1375,18,3,0.2
3472,1376,8,3,0
3473,1376,12,1,0
3474,1376,20,1,0
3475,1376,14,2,0.1
3476,1377,10,1,0.15
3477,1377,20,3,0.1
3478,1377,6,2,0.1
3479,1377,24,1,0
3480,1378,12,3,0.15
3481,1378,4,2,0
3482,1378,1,1,0.1
3483,1378,11,1,0
3484,1379,9,2,0.15
3485,1379,6,3,0
3486,1380,9,2,0.2
3487,1380,7,1,0
3488,1381,8,3,0.1
3489,1381,18,3,0.2
3490,1381,13,1,0
3491,1382,9,3,0.1
3492,1383,4,3,0
3493,1383,13,3,0.2
3494,1383,14,1,0.2
3495,1383,15,2,0.15
3496,1384,17,2,0.15
3497,1385,14,1,0
3498,1386,6,2,0
3499,1387,1,2,0
3500,1388,17,1,0.2
3501,1388,5,1,0
3502,1388,2,3,0.1
3503,1388,3,2,0.2
3504,1389,15,3,0.1
3505,1390,17,2,0
3506,1390,2,1,0.2
3507,1390,3,2,0
3508,1390,9,2,0
3509,1391,6,1,0.2
3510,1391,18,2,0
3511,1391,23,2,0.15
3512,1391,12,1,0.15
3513,1392,15,2,0.2
3514,1392,16,3,0.1
3515,1392,7,2,0.2
3516,1393,11,2,0.1
3517,1394,13,2,0.1
3518,1394,1,2,0
3519,1395,20,2,0.2
3520,1395,22,3,0
3521,1396,19,1,0
3522,1396,11,2,0.2
3523,1397,20,3,0.1
3524,1397,14,3,0
3525,1397,20,2,0
3526,1397,12,2,0.2
3527,1398,11,1,0
3528,1398,3,1,0
3529,1398,17,2,0
3530,1398,13,1,0.2
3531,1399,17,1,0
3532,1400,20,3,0
3533,1400,11,2,0
3534,1400,8,2,0
3535,1401,24,3,0
3536,1401,2,2,0.2
3537,1401,14,3,0
3538,1401,11,2,0
3539,1402,24,3,0
3540,1402,11,1,0
3541,1402,6,2,0.2
3542,1403,3,3,0.1
3543,1404,19,3,0
3544,1404,20,2,0.15
3545,1404,22,2,0
3546,1404,6,1,0.15
3547,1405,5,1,0
3548,1406,2,3,0
3549,1407,10,1,0.1
3550,1407,19,3,0
3551,1408,3,3,0
3552,1408,22,3,0.1
3553,1408,13,3,0
3554,1409,5,3,0.1
3555,1409,24,1,0
3556,1409,9,1,0.15
3557,1410,9,2,0
3558,1410,3,3,0.15
3559,1411,21,2,0
3560,1411,20,1,0.2
3561,1412,16,1,0.1
3562,1413,2,3,0
3563,1413,10,2,0
3564,1414,2,3,0
3565,1414,22,1,0.2
3566,1414,20,1,0
3567,1414,8,2,0.15
3568,1415,2,3,0
3569,1416,16,2,0.1
3570,1416,15,1,0.1
3571,1416,11,2,0.1
3572,1416,10,2,0
3573,1417,17,1,0.15
3574,1417,11,3,0
3575,1417,7,2,0.2
3576,1418,20,1,0.15
3577,1418,11,2,0
3578,1418,8,1,0.15
3579,1418,20,3,0
3580,1419,7,2,0.2
3581,1420,11,3,0
3582,1420,15,1,0
3583,1420,13,2,0
3584,1421,15,2,0.2
3585,1421,4,2,0.2
3586,1421,4,3,0
3587,1421,10,3,0.1
3588,1422,10,3,0
3589,1422,24,2,0.2
3590,1422,5,2,0.2
3591,1422,19,2,0
3592,1423,16,1,0
3593,1423,6,3,0
3594,1423,6,1,0.2
3595,1424,15,2,0
3596,1424,6,2,0.15
3597,1425,19,3,0.2
3598,1426,3,2,0.2
3599,1426,24,2,0.15
3600,1426,19,1,0.2
3601,1427,22,2,0
3602,1427,14,2,0
3603,1427,5,1,0.15
3604,1427,1,1,0
3605,1428,24,3,0.1
3606,1428,16,3,0
3607,1429,17,3,0.1
3608,1430,4,3,0
3609,1431,14,2,0
3610,1431,21,2,0
3611,1432,23,2,0.2
3612,1433,8,2,0.2
3613,1433,14,1,0.2
3614,1433,8,1,0.1
3615,1433,4,1,0.2
3616,1434,22,3,0
3617,1434,13,2,0
3618,1435,21,1,0.2
3619,1435,17,3,0.2
3620,1435,7,1,0.15
3621,1436,3,2,0.2
3622,1436,2,2,0.1
3623,1436,17,3,0
3624,1437,12,2,0.2
3625,1437,14,1,0.1
3626,1437,14,3,0.15
3627,1438,24,1,0.1
3628,1438,9,2,0.2
3629,1438,1,2,0.15
3630,1438,12,2,0
3631,1439,7,3,0
3632,1439,14,1,0
3633,1440,12,2,0.15
3634,1440,13,1,0.15
3635,1441,19,2,0.2
3636,1441,10,3,0.2
3637,1441,13,3,0.1
3638,1441,18,2,0.15
3639,1442,24,1,0
3640,1442,19,2,0
3641,1442,2,2,0
3642,1442,16,3,0
3643,1443,6,2,0.15
3644,1443,24,1,0.1
3645,1444,16,2,0.1
3646,1444,19,3,0
3647,1445,19,3,0.1
3648,1446,22,2,0
3649,1446,13,1,0.1
3650,1446,5,1,0
3651,1447,21,3,0
3652,1447,16,2,0
3653,1448,3,1,0
3654,1448,1,3,0
3655,1448,7,3,0
3656,1449,17,1,0.2
3657,1449,15,2,0.2
3658,1449,13,1,0.2
3659,1450,14,1,0
3660,1450,18,3,0.2
3661,1450,5,1,0
3662,1451,22,3,0.2
3663,1451,19,2,0.15
3664,1451,22,2,0
3665,1451,22,1,0.15
3666,1452,23,1,0
3667,1453,16,3,0
3668,1453,7,3,0.1
3669,1453,14,2,0.1
3670,1453,8,2,0.2
3671,1454,21,1,0
3672,1455,11,1,0
3673,1455,7,3,0.1
3674,1455,20,1,0.2
3675,1456,8,2,0
3676,1457,22,1,0
3677,1458,23,2,0.1
3678,1458,15,1,0.15
3679,1458,21,2,0
3680,1458,24,1,0
3681,1459,3,1,0.2
3682,1459,13,2,0
3683,1459,10,3,0
3684,1459,18,3,0
3685,1460,17,3,0
3686,1460,1,3,0
3687,1461,14,2,0.15
3688,1461,3,1,0.1
3689,1461,24,1,0.1
3690,1461,12,2,0.1
3691,1462,5,3,0.1
3692,1462,4,3,0.2
3693,1463,5,3,0
3694,1464,22,3,0
3695,1464,24,2,0.1
3696,1465,3,3,0
3697,1465,18,3,0.1
3698,1465,11,3,0
3699,1465,1,3,0
3700,1466,20,2,0.2
3701,1466,13,3,0.1
3702,1466,17,1,0
3703,1467,19,1,0.1
3704,1467,1,1,0.15
3705,1467,10,1,0
3706,1468,22,1,0.1
3707,1468,2,3,0.15
3708,1468,16,3,0
3709,1469,1,1,0.2
3710,1469,23,1,0.15
3711,1470,19,3,0.1
3712,1471,6,1,0
3713,1471,21,2,0
3714,1471,10,2,0.15
3715,1471,8,2,0
3716,1472,12,2,0.2
3717,1473,19,2,0.1
3718,1473,16,1,0
3719,1474,3,2,0
3720,1474,24,3,0
3721,1475,18,3,0.15
3722,1475,16,3,0
3723,1475,23,3,0
3724,1475,12,3,0.15
3725,1476,7,1,0
3726,1476,19,1,0.1
3727,1476,14,1,0
3728,1477,22,1,0.15
3729,1478,10,2,0
3730,1479,2,1,0
3731,1480,15,1,0.15
3732,1481,21,2,0.2
3733,1481,16,2,0
3734,1482,18,3,0
3735,1483,16,1,0.15
3736,1483,8,1,0
3737,1483,7,1,0
3738,1483,10,1,0.2
3739,1484,12,3,0
3740,1484,4,1,0.15
3741,1485,24,1,0.15
3742,1485,10,1,0.2
3743,1485,19,2,0
3744,1486,24,3,0
3745,1487,22,2,0.1
3746,1487,13,2,0
3747,1487,21,2,0
3748,1487,24,3,0.15
3749,1488,10,1,0.2
3750,1488,7,3,0.15
3751,1489,10,2,0.2
3752,1489,23,3,0
3753,1489,1,3,0
3754,1489,17,1,0.1
3755,1490,21,3,0.2
3756,1490,15,3,0
3757,1491,1,2,0
3758,1491,12,2,0.15
3759,1492,3,2,0.15
3760,1493,15,2,0
3761,1493,19,1,0.2
3762,1493,22,3,0.15
3763,1493,20,1,0
3764,1494,11,2,0
3765,1494,2,2,0.15
3766,1494,20,1,0
3767,1494,22,1,0
3768,1495,4,3,0.2
3769,1495,6,2,0.15
3770,1495,16,3,0
3771,1495,13,2,0
3772,1496,10,3,0.1
3773,1496,16,2,0.2
3774,1496,12,1,0.2
3775,1496,24,2,0
3776,1497,24,2,0
3777,1497,22,3,0.15
3778,1497,5,2,0
3779,1497,24,2,0.2
3780,1498,17,2,0
3781,1499,16,1,0
3782,1499,18,2,0
3783,1499,11,2,0.1
3784,1499,10,3,0.1
3785,1500,18,1,0.15
3786,1500,18,1,0.15
3787,1500,24,1,0
3788,1500,19,1,0
3789,1501,11,3,0.1
3790,1501,2,1,0.2
3791,1501,10,3,0.2
3792,1501,12,2,0
3793,1502,8,2,0.15
3794,1502,12,1,0
3795,1503,11,3,0.1
3796,1503,17,3,0
3797,1503,13,1,0.15
3798,1504,9,3,0.2
3799,1504,5,2,0
3800,1505,6,3,0.2
3801,1505,17,3,0.1
3802,1505,19,2,0.2
3803,1505,9,2,0.1
3804,1506,21,2,0
3805,1506,7,3,0.15
3806,1507,23,1,0.1
3807,1507,17,1,0.15
3808,1507,7,1,0.15
3809,1507,5,1,0.2
3810,1508,23,1,0
3811,1508,17,3,0
3812,1509,12,1,0.2
3813,1509,19,2,0.2
3814,1510,9,1,0.15
3815,1510,20,1,0
3816,1510,18,3,0
3817,1511,12,2,0
3818,1511,1,1,0
3819,1512,20,1,0
3820,1512,15,3,0.15
3821,1512,13,2,0.1
3822,1513,21,1,0
3823,1513,7,1,0.2
3824,1513,12,1,0.15
3825,1513,14,1,0.15
3826,1514,10,2,0.1
3827,1514,2,3,0.2
3828,1515,1,3,0
3829,1515,12,3,0.1
3830,1516,13,2,0.2
3831,1516,7,2,0
3832,1516,3,2,0
3833,1517,4,2,0
3834,1518,8,1,0.2
3835,1519,22,2,0
3836,1519,19,1,0.2
3837,1519,3,2,0
3838,1520,8,1,0
3839,1521,13,2,0
3840,1521,5,3,0
3841,1522,18,3,0
3842,1523,5,1,0.15
3843,1523,12,1,0
3844,1523,21,1,0.15
3845,1523,10,3,0.1
3846,1524,24,1,0.2
3847,1524,22,1,0
3848,1524,13,1,0
3849,1524,14,3,0
3850,1525,7,3,0.2
3851,1525,20,1,0.2
3852,1525,13,1,0
3853,1526,18,3,0
3854,1526,11,2,0
3855,1526,5,1,0.1
3856,1526,12,1,0
3857,1527,12,2,0.2
3858,1527,9,1,0.1
3859,1528,6,3,0.15
3860,1528,12,1,0
3861,1528,8,3,0.2
3862,1528,1,2,0.2
3863,1529,4,2,0.15
3864,1529,11,1,0
3865,1529,22,1,0
3866,1529,16,1,0
3867,1530,6,3,0.15
3868,1531,6,1,0
3869,1531,17,3,0.15
3870,1532,5,1,0.1
3871,1532,13,3,0
3872,1532,4,1,0.1
3873,1533,2,2,0.2
3874,1533,8,3,0
3875,1533,9,3,0.15
3876,1534,8,3,0
3877,1535,20,2,0
3878,1535,8,3,0
3879,1535,17,2,0
3880,1536,16,3,0.1
3881,1536,12,2,0
3882,1537,24,3,0
3883,1537,7,1,0
3884,1537,17,2,0.2
3885,1538,5,3,0.2
3886,1538,2,3,0
3887,1539,22,3,0.1
3888,1539,22,1,0
3889,1539,19,1,0
3890,1540,6,1,0
3891,1540,20,1,0.1
3892,1540,9,2,0
3893,1540,16,3,0.2
3894,1541,16,2,0.2
3895,1542,17,3,0.15
3896,1542,23,2,0.15
3897,1542,13,2,0.2
3898,1542,16,1,0.1
3899,1543,1,2,0
3900,1543,8,2,0.1
3901,1543,24,1,0
3902,1543,16,2,0
3903,1544,14,3,0.15
3904,1544,7,3,0.2
3905,1545,1,2,0
3906,1545,19,1,0
3907,1545,4,2,0
3908,1546,15,2,0
3909,1546,23,2,0.1
3910,1546,18,2,0.15
3911,1546,2,1,0.2
3912,1547,15,2,0
3913,1548,8,2,0.1
3914,1548,9,1,0.15
3915,1548,17,1,0.15
3916,1549,8,3,0
3917,1549,5,3,0.2
3918,1549,13,1,0.15
3919,1550,8,2,0.2
3920,1550,1,1,0
3921,1550,9,3,0.15
3922,1550,16,3,0
3923,1551,22,3,0.1
3924,1551,15,1,0
3925,1552,15,3,0
3926,1552,20,2,0
3927,1552,13,2,0.15
3928,1552,16,2,0
3929,1553,22,2,0
3930,1553,11,2,0
3931,1554,2,3,0.2
3932,1555,11,2,0.15
3933,1555,21,2,0
3934,1555,2,2,0.2
3935,1555,6,1,0.2
3936,1556,3,3,0.2
3937,1556,14,3,0.15
3938,1556,4,2,0
3939,1556,17,2,0
3940,1557,2,2,0.15
3941,1558,15,1,0
3942,1558,13,2,0.1
3943,1558,23,1,0.15
3944,1558,3,3,0
3945,1559,18,3,0.2
3946,1559,18,3,0
3947,1559,21,1,0
3948,1559,19,3,0.15
3949,1560,4,3,0.2
3950,1560,12,3,0.15
3951,1560,11,2,0
3952,1561,7,2,0.1
3953,1561,7,1,0.15
3954,1561,11,2,0.15
3955,1562,14,3,0
3956,1563,24,2,0
3957,1563,1,1,0.2
3958,1563,24,2,0
3959,1564,4,1,0.2
3960,1564,14,2,0
3961,1565,17,3,0
3962,1565,6,3,0.15
3963,1565,17,3,0
3964,1565,24,2,0
3965,1566,19,3,0.15
3966,1566,5,2,0
3967,1566,21,3,0.1
3968,1566,23,1,0.1
3969,1567,15,3,0
3970,1567,17,2,0.15
3971,1567,23,3,0.2
3972,1568,23,2,0
3973,1569,14,3,0.1
3974,1570,1,3,0
3975,1570,16,2,0
3976,1570,23,1,0
3977,1570,2,1,0
3978,1571,7,1,0.1
3979,1572,16,1,0.1
3980,1572,4,1,0.1
3981,1573,15,2,0
3982,1574,6,3,0.1
3983,1574,6,3,0.2
3984,1574,20,1,0.2
3985,1575,24,2,0.1
3986,1575,13,1,0
3987,1575,15,1,0
3988,1575,24,2,0
3989,1576,19,1,0
3990,1576,17,2,0.1
3991,1577,10,2,0.1
3992,1578,22,1,0.1
3993,1579,23,3,0
3994,1579,2,3,0
3995,1579,13,1,0
3996,1580,8,1,0
3997,1580,5,3,0
3998,1580,23,2,0.1
3999,1580,15,2,0.1
4000,1581,24,3,0
4001,1581,9,1,0.2
4002,1582,8,2,0
4003,1582,23,1,0.15
4004,1582,24,2,0
4005,1583,8,3,0
4006,1584,13,2,0.15
4007,1584,21,3,0.1
4008,1585,4,2,0
4009,1585,1,2,0
4010,1585,24,2,0.2
4011,1585,12,2,0
4012,1586,2,3,0.1
4013,1586,18,2,0
4014,1586,10,1,0
4015,1587,21,1,0
4016,1587,18,2,0.15
4017,1587,5,2,0
4018,1587,11,2,0
4019,1588,3,2,0
4020,1588,16,3,0.1
4021,1588,23,2,0
4022,1589,19,2,0
4023,1589,3,1,0.1
4024,1589,7,2,0
4025,1590,20,2,0.1
4026,1591,3,2,0
4027,1591,22,2,0
4028,1591,11,1,0.2
4029,1591,14,2,0
4030,1592,15,1,0.2
4031,1592,22,3,0
4032,1592,1,1,0
4033,1593,3,3,0.15
4034,1593,18,2,0
4035,1593,18,3,0.2
4036,1593,9,1,0.1
4037,1594,5,2,0.15
4038,1595,24,1,0.15
4039,1596,11,3,0.15
4040,1597,10,3,0
4041,1597,11,1,0.15
4042,1598,11,2,0.2
4043,1599,19,3,0
4044,1599,21,1,0
4045,1599,8,1,0
4046,1599,14,3,0.1
4047,1600,6,2,0.1
4048,1601,17,1,0
4049,1601,23,3,0.2
4050,1602,6,1,0.1
4051,1602,9,3,0.15
4052,1602,18,2,0.15
4053,1602,23,3,0
4054,1603,1,1,0
4055,1603,3,3,0
4056,1604,16,3,0
4057,1604,14,2,0
4058,1604,16,3,0.2
4059,1605,2,2,0
4060,1605,17,3,0.2
4061,1605,13,2,0.2
4062,1606,5,3,0.2
4063,1606,19,2,0
4064,1606,5,1,0
4065,1606,1,2,0
4066,1607,13,2,0
4067,1607,6,2,0
4068,1607,7,3,0.15
4069,1607,12,2,0.1
4070,1608,23,2,0.15
4071,1609,17,1,0
4072,1610,22,3,0.1
4073,1610,17,3,0
4074,1611,1,2,0.15
4075,1611,13,2,0.1
4076,1612,5,2,0.1
4077,1612,23,1,0
4078,1612,8,2,0.15
4079,1612,8,1,0
4080,1613,20,3,0.15
4081,1613,23,2,0
4082,1614,6,1,0.15
4083,1615,14,1,0.15
4084,1616,22,3,0
4085,1616,9,2,0
4086,1616,12,3,0
4087,1616,9,1,0.2
4088,1617,6,1,0.2
4089,1617,23,1,0.15
4090,1618,19,3,0
4091,1618,14,2,0.2
4092,1618,16,3,0
4093,1618,16,2,0.2
4094,1619,3,3,0
4095,1620,24,2,0.15
4096,1620,6,2,0
4097,1621,20,2,0.2
4098,1621,8,1,0.2
4099,1621,10,1,0
4100,1621,11,1,0.15
4101,1622,12,2,0.1
4102,1622,15,1,0.1
4103,1623,6,1,0.2
4104,1624,4,2,0.15
4105,1625,7,3,0
4106,1625,19,2,0.2
4107,1625,18,2,0.15
4108,1625,17,2,0
4109,1626,15,2,0.2
4110,1626,21,3,0.15
4111,1626,18,1,0
4112,1627,2,2,0.15
4113,1627,23,3,0
4114,1627,22,3,0
4115,1627,17,2,0
4116,1628,10,2,0
4117,1628,14,3,0.2
4118,1628,23,3,0.1
4119,1629,21,2,0.15
4120,1629,22,1,0.15
4121,1629,19,3,0.1
4122,1629,7,3,0.1
4123,1630,20,3,0
4124,1630,21,2,0.15
4125,1630,5,3,0
4126,1631,8,3,0
4127,1631,21,1,0
4128,1632,5,2,0.2
4129,1632,7,3,0.15
4130,1632,13,2,0
4131,1632,19,3,0.1
4132,1633,5,1,0
4133,1633,18,3,0.2
4134,1634,6,3,0.1
4135,1634,22,2,0.15
4136,1634,2,2,0
4137,1635,4,2,0.15
4138,1635,2,3,0.2
4139,1635,13,2,0
4140,1636,22,3,0
4141,1637,6,2,0
4142,1637,22,1,0.1
4143,1637,22,3,0
4144,1637,24,3,0.15
4145,1638,20,2,0.15
4146,1638,7,1,0
4147,1639,3,1,0.2
4148,1639,7,2,0
4149,1639,8,2,0
4150,1640,16,2,0
4151,1640,9,3,0
4152,1640,13,2,0.15
4153,1640,16,2,0
4154,1641,20,1,0
4155,1641,1,2,0.1
4156,1641,3,3,0.2
4157,1641,21,1,0.15
4158,1642,16,2,0.1
4159,1643,22,2,0.1
4160,1643,5,3,0
4161,1643,15,1,0
4162,1643,10,1,0
4163,1644,7,1,0
4164,1645,23,1,0
4165,1645,11,3,0.1
4166,1645,24,3,0.1
4167,1646,24,1,0.2
4168,1647,15,2,0
4169,1647,24,2,0.2
4170,1647,22,1,0
4171,1648,22,2,0.2
4172,1648,8,1,0.15
4173,1649,13,3,0
4174,1649,9,1,0.15
4175,1649,2,3,0
4176,1650,7,1,0
4177,1650,21,2,0
4178,1650,13,1,0.2
4179,1650,4,1,0
4180,1651,24,3,0.2
4181,1651,2,2,0.15
4182,1651,4,1,0
4183,1651,24,3,0
4184,1652,24,3,0.2
4185,1652,21,1,0.15
4186,1652,14,2,0
4187,1652,16,3,0
4188,1653,15,2,0.1
4189,1653,23,1,0
4190,1653,12,2,0.15
4191,1653,19,3,0.2
4192,1654,20,3,0
4193,1654,11,2,0.2
4194,1654,18,1,0.1
4195,1654,1,1,0.2
4196,1655,7,1,0.1
4197,1656,1,1,0
4198,1656,8,2,0.15
4199,1656,18,2,0
4200,1656,12,2,0.1
4201,1657,17,2,0
4202,1658,14,1,0.1
4203,1658,14,3,0
4204,1658,11,3,0.15
4205,1659,23,3,0
4206,1659,18,2,0.2
4207,1660,22,1,0
4208,1661,8,2,0
4209,1661,18,2,0.15
4210,1662,12,3,0.2
4211,1662,14,2,0.1
4212,1663,9,2,0
4213,1663,22,2,0
4214,1663,2,2,0.2
4215,1663,5,3,0
4216,1664,24,3,0
4217,1664,17,3,0
4218,1664,18,2,0
4219,1665,1,3,0.2
4220,1665,11,3,0
4221,1665,21,1,0
4222,1666,16,3,0.1
4223,1666,9,2,0.1
4224,1666,14,1,0.15
4225,1666,7,2,0.15
4226,1667,7,2,0.2
4227,1667,10,2,0
4228,1667,8,1,0
4229,1667,10,2,0.1
4230,1668,16,3,0
4231,1668,5,3,0.1
4232,1669,12,1,0
4233,1670,8,2,0
4234,1670,2,2,0
4235,1670,4,3,0
4236,1670,1,2,0.2
4237,1671,20,2,0.2
4238,1672,19,2,0.1
4239,1672,8,2,0.1
4240,1672,1,3,0.15
4241,1673,15,2,0.1
4242,1674,20,2,0.2
4243,1674,17,3,0
4244,1675,21,2,0.1
4245,1675,4,1,0
4246,1675,21,3,0.15
4247,1676,3,2,0
4248,1676,19,2,0
4249,1676,11,2,0
4250,1676,16,2,0.1
4251,1677,8,3,0
4252,1677,17,2,0.1
4253,1678,18,3,0.15
4254,1679,5,3,0
4255,1679,20,1,0.2
4256,1680,11,2,0
4257,1681,10,1,0
4258,1681,24,3,0
4259,1681,19,1,0
4260,1682,4,1,0
4261,1682,20,1,0
4262,1682,2,2,0
4263,1682,8,1,0
4264,1683,11,3,0.2
4265,1683,18,1,0.15
4266,1683,13,1,0.15
4267,1683,6,3,0.2
4268,1684,18,2,0.2
4269,1684,11,3,0.1
4270,1684,17,3,0.15
4271,1684,5,3,0.1
4272,1685,2,3,0.1
4273,1685,15,1,0.15
4274,1686,13,2,0
4275,1686,19,2,0.2
4276,1686,19,2,0.15
4277,1686,11,2,0
4278,1687,9,2,0.2
4279,1687,2,2,0.2
4280,1687,5,3,0.1
4281,1688,22,1,0
4282,1689,13,2,0
4283,1689,15,3,0
4284,1690,22,1,0.2
4285,1690,12,2,0.1
4286,1690,4,1,0.1
4287,1691,6,2,0.2
4288,1691,11,3,0
4289,1691,23,3,0.15
4290,1691,15,3,0
4291,1692,11,3,0
4292,1692,7,3,0.15
4293,1692,1,2,0
4294,1692,24,2,0
4295,1693,20,2,0
4296,1693,15,3,0.2
4297,1694,14,3,0.1
4298,1695,11,2,0.15
4299,1696,16,3,0
4300,1696,8,2,0.15
4301,1697,24,3,0
4302,1697,10,1,0
4303,1697,16,1,0.1
4304,1698,19,1,0.15
4305,1698,12,3,0
4306,1699,14,3,0
4307,1699,14,2,0
4308,1700,2,2,0.1
4309,1700,16,2,0
4310,1700,19,2,0.1
4311,1700,8,3,0
4312,1701,16,3,0
4313,1701,12,1,0
4314,1701,2,1,0
4315,1701,23,3,0.15
4316,1702,21,3,0
4317,1703,16,3,0
4318,1703,12,2,0.2
4319,1703,5,1,0.15
4320,1704,3,2,0
4321,1704,15,3,0
4322,1704,19,1,0
4323,1705,22,1,0
4324,1705,11,3,0
4325,1705,21,2,0.1
4326,1705,3,1,0.2
4327,1706,2,1,0
4328,1706,10,2,0.15
4329,1706,10,1,0.2
4330,1707,13,3,0.15
4331,1708,20,1,0
4332,1708,14,3,0
4333,1708,24,3,0.2
4334,1709,21,2,0
4335,1709,18,1,0.1
4336,1710,11,3,0.2
4337,1710,4,2,0
4338,1710,17,3,0
4339,1711,21,3,0
4340,1711,9,2,0.2
4341,1711,21,3,0.2
4342,1712,2,3,0
4343,1713,9,3,0.2
4344,1714,16,3,0
4345,1714,11,1,0
4346,1714,1,3,0.15
4347,1714,13,1,0.2
4348,1715,7,1,0.1
4349,1715,1,3,0.15
4350,1715,4,2,0.1
4351,1715,18,3,0
4352,1716,13,3,0
4353,1716,22,1,0.15
4354,1716,4,2,0
4355,1717,13,1,0
4356,1717,15,1,0
4357,1717,5,2,0
4358,1717,14,1,0
4359,1718,6,3,0
4360,1718,16,3,0.2
4361,1719,18,1,0.2
4362,1720,15,1,0.2
4363,1721,14,1,0
4364,1722,9,2,0
4365,1722,14,2,0
4366,1722,9,2,0
4367,1723,22,3,0.15
4368,1723,24,3,0
4369,1723,20,2,0.2
4370,1724,22,3,0.15
4371,1725,18,1,0
4372,1725,20,3,0.1
4373,1725,14,1,0
4374,1725,20,1,0.15
4375,1726,24,1,0
4376,1726,6,2,0.2
4377,1726,14,1,0.2
4378,1727,14,2,0
4379,1727,1,1,0.1
4380,1727,23,1,0
4381,1728,13,1,0.15
4382,1728,7,1,0.1
4383,1728,24,1,0
4384,1729,12,1,0
4385,1729,19,3,0
4386,1729,9,1,0.2
4387,1730,12,2,0.15
4388,1731,23,1,0.1
4389,1731,6,2,0
4390,1732,22,3,0
4391,1732,16,3,0
4392,1733,15,1,0
4393,1733,5,2,0
4394,1734,14,3,0
4395,1734,17,3,0
4396,1734,19,3,0
4397,1735,10,3,0.2
4398,1735,5,3,0
4399,1735,9,3,0.15
4400,1735,7,1,0
4401,1736,24,2,0.1
4402,1736,17,2,0.2
4403,1737,8,2,0.2
4404,1737,14,2,0.2
4405,1737,17,1,0
4406,1738,4,2,0.1
4407,1738,20,1,0
4408,1739,7,1,0
4409,1739,21,2,0.2
4410,1740,13,2,0
4411,1741,18,1,0
4412,1741,20,1,0.15
4413,1742,7,1,0
4414,1742,12,2,0.2
4415,1742,8,3,0.1
4416,1743,3,2,0.15
4417,1743,3,1,0.2
4418,1743,13,2,0
4419,1744,12,1,0
4420,1744,13,1,0
4421,1744,14,3,0
4422,1744,5,2,0.1
4423,1745,4,3,0.15
4424,1745,23,1,0.1
4425,1745,21,1,0
4426,1746,17,2,0
4427,1747,21,1,0.1
4428,1747,5,3,0.15
4429,1747,17,1,0
4430,1747,19,3,0.1
4431,1748,14,2,0
4432,1748,18,1,0.1
4433,1748,18,1,0.1
4434,1748,18,3,0
4435,1749,7,1,0.15
4436,1749,22,2,0
4437,1749,9,1,0.15
4438,1749,1,1,0.15
4439,1750,11,3,0.2
4440,1751,21,1,0.2
4441,1752,21,2,0.15
4442,1752,17,3,0.15
4443,1752,17,3,0
4444,1753,11,1,0
4445,1754,22,3,0
4446,1754,11,2,0
4447,1754,4,2,0.15
4448,1754,22,3,0
4449,1755,12,2,0
4450,1755,21,1,0.15
4451,1755,18,2,0
4452,1755,12,3,0
4453,1756,24,2,0.1
4454,1756,7,2,0.1
4455,1757,12,3,0.2
4456,1757,12,3,0
4457,1757,9,2,0.15
4458,1758,24,2,0
4459,1758,20,3,0
4460,1758,24,1,0
4461,1758,15,1,0
4462,1759,19,3,0.15
4463,1759,1,2,0
4464,1759,7,1,0
4465,1760,9,1,0
4466,1760,2,1,0
4467,1760,13,1,0
4468,1760,20,3,0
4469,1761,14,1,0
4470,1762,3,2,0.2
4471,1762,9,1,0.1
4472,1763,4,2,0
4473,1763,18,1,0
4474,1763,4,1,0
4475,1763,16,1,0.2
4476,1764,15,3,0
4477,1764,2,2,0
4478,1764,20,3,0.2
4479,1765,1,2,0.1
4480,1766,6,2,0
4481,1766,12,3,0
4482,1766,3,2,0.1
4483,1767,5,3,0
4484,1768,16,1,0
4485,1768,13,2,0
4486,1768,24,2,0
4487,1768,6,2,0.15
4488,1769,15,2,0
4489,1769,22,2,0.15
4490,1769,2,2,0.1
4491,1769,3,2,0
4492,1770,23,3,0
4493,1770,6,2,0
4494,1770,11,3,0.1
4495,1770,17,3,0.2
4496,1771,13,3,0.15
4497,1772,4,1,0
4498,1772,9,1,0.2
4499,1772,9,1,0
4500,1773,10,2,0.1
4501,1773,7,1,0.2
4502,1773,7,2,0
4503,1774,3,3,0
4504,1774,22,2,0.1
4505,1774,20,2,0
4506,1775,16,3,0
4507,1775,7,2,0
4508,1775,4,3,0
4509,1776,1,2,0
4510,1776,7,3,0
4511,1776,4,1,0.2
4512,1776,5,2,0
4513,1777,15,1,0
4514,1778,12,2,0
4515,1778,1,1,0
4516,1778,19,1,0.2
4517,1778,21,3,0
4518,1779,23,2,0.15
4519,1780,14,2,0
4520,1781,4,2,0.1
4521,1782,5,2,0.15
4522,1782,5,1,0
4523,1782,2,3,0.1
4524,1782,10,1,0.2
4525,1783,13,1,0
4526,1783,17,3,0
4527,1783,4,3,0.2
4528,1784,13,2,0
4529,1784,3,2,0
4530,1784,14,2,0
4531,1784,7,1,0
4532,1785,1,2,0
4533,1785,11,3,0
4534,1785,4,1,0.2
4535,1786,8,3,0.2
4536,1787,21,1,0.2
4537,1787,1,2,0.15
4538,1788,19,3,0.2
4539,1788,11,2,0.2
4540,1788,13,1,0
4541,1788,18,3,0
4542,1789,21,2,0.2
4543,1789,10,2,0
4544,1789,16,1,0
4545,1790,8,2,0.15
4546,1790,16,1,0
4547,1790,22,2,0.15
4548,1790,12,1,0
4549,1791,11,1,0
4550,1791,1,3,0
4551,1791,16,1,0
4552,1791,24,1,0.15
4553,1792,9,3,0
4554,1792,24,3,0
4555,1792,6,3,0
4556,1792,11,3,0.2
4557,1793,17,1,0.15
4558,1793,9,2,0.2
4559,1794,24,3,0.15
4560,1794,21,1,0
4561,1795,9,1,0.2
4562,1795,24,3,0.2
4563,1795,13,1,0.2
4564,1796,17,3,0.2
4565,1797,3,1,0
4566,1797,22,1,0.1
4567,1798,6,1,0
4568,1798,3,1,0
4569,1799,17,2,0.1
4570,1799,4,2,0
4571,1800,3,1,0
4572,1800,6,2,0.2
4573,1800,23,2,0
4574,1801,9,1,0
4575,1801,22,2,0.2
4576,1801,5,1,0.15
4577,1801,9,1,0
4578,1802,12,3,0.15
4579,1803,11,1,0.2
4580,1803,11,3,0
4581,1804,19,2,0
4582,1805,20,3,0.15
4583,1805,8,2,0
4584,1805,22,1,0.1
4585,1805,7,2,0.15
4586,1806,14,3,0
4587,1807,4,3,0.2
4588,1808,16,2,0
4589,1809,13,3,0
4590,1809,17,2,0.2
4591,1809,24,1,0
4592,1810,6,1,0.15
4593,1810,16,1,0.15
4594,1811,2,3,0.15
4595,1811,10,1,0.15
4596,1811,4,1,0.1
4597,1811,1,3,0
4598,1812,20,1,0
4599,1812,8,1,0.1
4600,1812,24,3,0
4601,1812,5,2,0.2
4602,1813,15,1,0
4603,1813,4,3,0
4604,1814,23,3,0.15
4605,1814,18,1,0.15
4606,1814,1,1,0.1
4607,1815,18,1,0
4608,1815,8,1,0.1
4609,1816,10,2,0
4610,1816,10,1,0.1
4611,1817,8,2,0
4612,1817,21,3,0.15
4613,1817,5,1,0
4614,1818,22,3,0
4615,1819,2,1,0.2
4616,1819,18,2,0.1
4617,1819,16,3,0.15
4618,1820,8,2,0
4619,1820,12,2,0
4620,1820,4,2,0
4621,1821,14,2,0.2
4622,1821,16,1,0.2
4623,1821,22,3,0.1
4624,1821,7,1,0
4625,1822,23,1,0
4626,1822,19,2,0
4627,1822,24,1,0
4628,1822,20,1,0.1
4629,1823,8,2,0.1
4630,1824,16,3,0.2
4631,1824,21,1,0
4632,1825,1,2,0
4633,1826,13,1,0
4634,1827,18,2,0.1
4635,1827,8,1,0
4636,1827,11,1,0.1
4637,1827,11,1,0.15
4638,1828,13,2,0.15
4639,1828,21,1,0
4640,1829,20,2,0.1
4641,1830,11,3,0.2
4642,1830,11,1,0.15
4643,1831,18,3,0
4644,1831,9,2,0.1
4645,1831,11,3,0.1
4646,1831,24,3,0.2
4647,1832,10,1,0
4648,1832,11,2,0
4649,1832,21,2,0
4650,1833,14,2,0
4651,1833,1,3,0
4652,1833,2,1,0.2
4653,1834,2,1,0
4654,1834,8,2,0.2
4655,1835,13,3,0.1
4656,1836,14,2,0
4657,1836,17,2,0
4658,1836,2,1,0
4659,1837,9,2,0
4660,1837,20,2,0.1
4661,1837,17,1,0
4662,1837,24,3,0.1
4663,1838,10,2,0.1
4664,1838,5,2,0.1
4665,1839,23,2,0.15
4666,1840,6,3,0
4667,1841,2,3,0.2
4668,1841,4,2,0.15
4669,1841,11,3,0
4670,1842,3,2,0
4671,1842,3,3,0.1
4672,1842,22,2,0.1
4673,1842,16,3,0.2
4674,1843,21,1,0.2
4675,1844,4,3,0.1
4676,1844,13,2,0
4677,1845,17,2,0
4678,1845,9,2,0.15
4679,1845,14,2,0
4680,1845,21,3,0.15
4681,1846,22,3,0
4682,1847,8,2,0.2
4683,1848,16,3,0.15
4684,1848,23,1,0.15
4685,1848,15,3,0.2
4686,1849,10,3,0.15
4687,1849,10,1,0
4688,1849,19,3,0
4689,1850,13,1,0.15
4690,1850,5,3,0.2
4691,1850,10,3,0.2
4692,1851,8,2,0.1
4693,1851,22,3,0.2
4694,1851,16,2,0
4695,1851,19,2,0
4696,1852,12,1,0.15
4697,1852,4,3,0.1
4698,1853,10,2,0.1
4699,1853,15,2,0.1
4700,1853,23,2,0
4701,1853,23,3,0
4702,1854,13,2,0
4703,1854,11,3,0.2
4704,1855,1,3,0
4705,1855,14,2,0
4706,1855,19,1,0
4707,1855,21,2,0.2
4708,1856,16,1,0.2
4709,1856,10,2,0.1
4710,1856,16,2,0
4711,1856,9,1,0
4712,1857,5,2,0.2
4713,1858,9,3,0
4714,1858,2,3,0.15
4715,1858,23,3,0.15
4716,1859,21,1,0.1
4717,1859,9,2,0.2
4718,1859,18,2,0
4719,1859,11,3,0
4720,1860,7,1,0
4721,1860,23,2,0
4722,1860,1,3,0
4723,1860,1,3,0
4724,1861,16,3,0.1
4725,1861,5,3,0.2
4726,1862,22,3,0.15
4727,1862,16,1,0.2
4728,1862,18,3,0
4729,1863,13,1,0
4730,1863,14,2,0.15
4731,1863,18,1,0.2
4732,1863,6,2,0.1
4733,1864,7,3,0
4734,1864,2,1,0.1
4735,1864,20,2,0
4736,1865,22,3,0
4737,1865,5,2,0.1
4738,1865,4,2,0
4739,1865,19,1,0.15
4740,1866,1,3,0.1
4741,1866,6,2,0.15
4742,1866,6,2,0
4743,1867,17,1,0.1
4744,1867,20,3,0
4745,1867,7,1,0.1
4746,1867,22,1,0
4747,1868,24,3,0
4748,1868,5,1,0.1
4749,1868,10,1,0
4750,1869,9,3,0
4751,1869,4,3,0
4752,1870,20,3,0
4753,1870,4,3,0.2
4754,1870,6,3,0
4755,1871,18,1,0.15
4756,1872,12,3,0
4757,1872,4,1,0.2
4758,1872,5,1,0
4759,1872,8,3,0.2
4760,1873,14,3,0.1
4761,1873,21,3,0
4762,1873,5,1,0.15
4763,1873,10,1,0.15
4764,1874,6,3,0.15
4765,1874,10,2,0
4766,1874,16,3,0.1
4767,1875,2,3,0
4768,1875,1,3,0
4769,1875,15,2,0
4770,1876,3,2,0
4771,1876,12,1,0
4772,1877,9,3,0.2
4773,1877,10,3,0.2
4774,1878,23,2,0.15
4775,1878,8,3,0.15
4776,1878,22,3,0.15
4777,1878,9,3,0
4778,1879,6,3,0.1
4779,1879,16,2,0.1
4780,1879,18,2,0.15
4781,1879,3,1,0
4782,1880,20,2,0.15
4783,1880,13,2,0
4784,1881,8,1,0.2
4785,1881,17,1,0
4786,1881,1,2,0
4787,1881,9,1,0.2
4788,1882,5,3,0
4789,1883,14,2,0.1
4790,1883,17,1,0
4791,1884,3,3,0
4792,1885,4,3,0
4793,1886,3,1,0.1
4794,1886,2,3,0
4795,1887,9,3,0
4796,1887,3,2,0
4797,1887,14,1,0.1
4798,1887,8,1,0
4799,1888,7,2,0
4800,1888,8,3,0.1
4801,1888,21,3,0
4802,1888,3,1,0
4803,1889,6,1,0.15
4804,1889,20,1,0
4805,1889,24,3,0
4806,1889,1,1,0.1
4807,1890,13,1,0
4808,1890,21,2,0
4809,1890,9,1,0
4810,1890,18,3,0
4811,1891,2,2,0
4812,1892,23,1,0.15
4813,1893,2,1,0.1
4814,1893,13,3,0
4815,1893,23,2,0.1
4816,1893,16,3,0.1
4817,1894,13,1,0
4818,1894,16,2,0
4819,1894,9,1,0
4820,1895,19,2,0.2
4821,1895,24,3,0.15
4822,1895,14,1,0.2
4823,1895,16,2,0
4824,1896,4,1,0
4825,1896,18,3,0
4826,1896,13,1,0
4827,1896,18,1,0
4828,1897,16,1,0.15
4829,1897,6,2,0.1
4830,1897,24,3,0.1
4831,1898,24,2,0
4832,1898,10,2,0.2
4833,1898,5,3,0
4834,1899,17,3,0
4835,1900,8,2,0.2
4836,1901,14,3,0
4837,1901,20,2,0
4838,1902,10,1,0
4839,1903,21,1,0
4840,1903,14,3,0
4841,1903,9,1,0.1
4842,1903,12,3,0.1
4843,1904,13,2,0.2
4844,1904,4,3,0
4845,1904,11,2,0
4846,1904,15,1,0
4847,1905,23,2,0
4848,1906,1,2,0.1
4849,1907,12,2,0.1
4850,1907,4,3,0.2
4851,1907,14,2,0.1
4852,1908,20,3,0
4853,1909,19,1,0
4854,1909,7,1,0.2
4855,1909,19,1,0
4856,1910,20,2,0.15
4857,1910,8,1,0.1
4858,1910,15,2,0.2
4859,1911,22,1,0
4860,1911,19,3,0
4861,1912,19,3,0.15
4862,1912,18,1,0
4863,1912,6,3,0
4864,1912,11,2,0
4865,1913,18,3,0
4866,1914,13,3,0
4867,1915,15,1,0
4868,1915,12,2,0.15
4869,1916,13,2,0.1
4870,1917,12,3,0.1
4871,1917,24,1,0.1
4872,1917,2,1,0
4873,1917,8,2,0.15
4874,1918,6,2,0
4875,1918,12,1,0.15
4876,1919,1,3,0.1
4877,1919,18,2,0
4878,1919,21,3,0.1
4879,1920,21,2,0
4880,1920,2,1,0.2
4881,1921,8,3,0.15
4882,1921,8,1,0
4883,1921,9,2,0
4884,1922,1,3,0.15
4885,1922,20,3,0.2
4886,1922,16,1,0.1
4887,1922,9,3,0.2
4888,1923,10,2,0.15
4889,1923,2,3,0
4890,1923,24,3,0
4891,1924,6,2,0.1
4892,1925,11,3,0
4893,1926,16,2,0
4894,1926,16,1,0.15
4895,1926,17,1,0.15
4896,1927,17,1,0.15
4897,1927,11,1,0.1
4898,1928,23,1,0.15
4899,1928,12,1,0
4900,1928,12,1,0
4901,1929,15,3,0.15
4902,1930,24,2,0
4903,1931,17,3,0
4904,1932,4,1,0
4905,1932,23,1,0.1
4906,1932,9,3,0
4907,1933,14,3,0.15
4908,1933,7,1,0
4909,1933,16,2,0.2
4910,1934,15,1,0.15
4911,1934,15,3,0
4912,1934,2,3,0
4913,1935,13,1,0
4914,1936,5,2,0
4915,1937,5,3,0
4916,1938,13,3,0
4917,1938,7,2,0
4918,1938,7,2,0
4919,1938,22,3,0
4920,1939,23,3,0
4921,1939,12,2,0.15
4922,1939,4,2,0
4923,1940,13,3,0
4924,1940,21,1,0.15
4925,1940,15,3,0.15
4926,1941,22,1,0
4927,1941,7,1,0
4928,1942,23,3,0.15
4929,1942,21,1,0
4930,1943,1,3,0.2
4931,1943,23,3,0
4932,1943,16,1,0
4933,1944,13,2,0.15
4934,1944,10,2,0
4935,1944,16,3,0
4936,1944,13,1,0.2
4937,1945,14,1,0.1
4938,1945,17,1,0
4939,1945,7,2,0
4940,1945,17,1,0.15
4941,1946,2,3,0.1
4942,1946,1,1,0.15
4943,1947,16,1,0.2
4944,1947,22,2,0
4945,1947,4,3,0.2
4946,1947,13,1,0
4947,1948,7,2,0.1
4948,1948,17,3,0
4949,1948,17,3,0.2
4950,1948,3,2,0.15
4951,1949,17,3,0.15
4952,1949,3,1,0.1
4953,1949,19,1,0
4954,1949,24,1,0
4955,1950,14,3,0
4956,1951,4,3,0.15
4957,1951,20,2,0.15
4958,1951,15,1,0
4959,1952,18,3,0
4960,1952,20,3,0
4961,1952,24,2,0
4962,1953,9,3,0
4963,1954,23,2,0.2
4964,1954,21,1,0.1
4965,1954,2,1,0
4966,1954,7,1,0.2
4967,1955,24,3,0.1
4968,1955,10,1,0
4969,1955,21,3,0.15
4970,1955,16,3,0.2
4971,1956,23,1,0.1
4972,1957,23,1,0.1
4973,1957,4,1,0.1
4974,1957,24,3,0.15
4975,1958,11,2,0.15
4976,1958,21,1,0
4977,1958,21,3,0.1
4978,1959,16,3,0
4979,1960,24,2,0
4980,1960,7,1,0.1
4981,1960,18,1,0.1
4982,1961,14,2,0
4983,1961,2,3,0
4984,1961,1,2,0.15
4985,1961,9,3,0.1
4986,1962,15,2,0.1
4987,1962,13,1,0
4988,1962,20,3,0.2
4989,1962,16,3,0.2
4990,1963,11,3,0
4991,1963,5,2,0
4992,1963,18,2,0.1
4993,1964,15,1,0
4994,1965,14,3,0
4995,1966,17,1,0.1
4996,1966,23,1,0.15
4997,1967,20,1,0
4998,1967,18,3,0.15
4999,1968,14,3,0.15
5000,1968,24,2,0
5001,1968,19,2,0.1
5002,1969,16,2,0.2
5003,1969,18,1,0.15
5004,1969,10,1,0.1
5005,1970,14,1,0.1
5006,1970,8,3,0
5007,1971,5,2,0.1
5008,1972,19,2,0
5009,1973,1,1,0.15
5010,1974,10,2,0
5011,1974,24,1,0
5012,1974,2,1,0.1
5013,1975,21,3,0.1
5014,1975,24,2,0.2
5015,1976,6,3,0
5016,1976,11,3,0.2
5017,1976,18,3,0.15
5018,1977,2,2,0
5019,1977,6,1,0.1
5020,1978,19,1,0
5021,1978,24,2,0
5022,1978,21,3,0.2
5023,1978,22,2,0
5024,1979,1,3,0
5025,1979,12,1,0
5026,1979,14,2,0
5027,1980,8,2,0.15
5028,1980,21,2,0.2
5029,1980,14,2,0
5030,1981,11,1,0
5031,1982,3,2,0
5032,1983,7,3,0.15
5033,1983,18,3,0.1
5034,1983,11,2,0.15
5035,1984,2,2,0.2
5036,1984,3,3,0
5037,1985,8,1,0
5038,1985,13,2,0.2
5039,1986,20,2,0.1
5040,1986,23,2,0
5041,1987,19,3,0
5042,1987,12,3,0.1
5043,1988,23,1,0
5044,1988,16,2,0
5045,1988,9,3,0.2
5046,1989,5,3,0.15
5047,1989,7,3,0
5048,1989,4,3,0
5049,1989,14,2,0.2
5050,1990,20,3,0.1
5051,1991,19,3,0
5052,1991,3,2,0.2
5053,1992,12,3,0
5054,1992,20,2,0
5055,1992,6,2,0.15
5056,1992,19,1,0
5057,1993,12,3,0.2
5058,1994,12,1,0.2
5059,1994,5,1,0
5060,1994,7,2,0
5061,1994,2,3,0.1
5062,1995,3,3,0
5063,1995,19,2,0.15
5064,1996,11,3,0
5065,1996,24,2,0
5066,1996,23,3,0
5067,1997,6,2,0
5068,1998,11,2,0
5069,1999,15,3,0.1
5070,1999,2,2,0
5071,2000,21,3,0
5072,2000,21,2,0
5073,2000,13,3,0
5074,2001,5,2,0
5075,2001,15,1,0
5076,2002,24,2,0
5077,2002,16,3,0.15
5078,2002,24,3,0
5079,2003,6,3,0.2
5080,2003,7,3,0.15
5081,2003,20,2,0
5082,2004,12,2,0
5083,2004,4,3,0.15
5084,2004,18,3,0
5085,2005,17,1,0.1
5086,2005,5,3,0.15
5087,2006,11,3,0.2
5088,2007,18,3,0.1
5089,2007,4,2,0.2
5090,2007,11,3,0
5091,2007,7,1,0
5092,2008,3,3,0
5093,2008,21,2,0.1
5094,2009,24,1,0.1
5095,2009,13,2,0.2
5096,2009,2,1,0
5097,2009,1,1,0
5098,2010,17,3,0.1
5099,2010,2,1,0
5100,2010,4,3,0
5101,2011,21,2,0
5102,2012,16,2,0.15
5103,2012,7,1,0.2
5104,2013,23,2,0
5105,2013,22,2,0
5106,2014,11,1,0
5107,2014,3,3,0
5108,2014,6,3,0
5109,2014,7,3,0.1
5110,2015,20,1,0.2
5111,2015,4,2,0.2
5112,2015,10,2,0.2
5113,2015,20,2,0
5114,2016,22,3,0.2
5115,2016,13,1,0.2
5116,2016,9,3,0
5117,2017,16,2,0.2
5118,2017,3,2,0.1
5119,2018,1,3,0.1
5120,2018,2,2,0.2
5121,2018,4,3,0
5122,2019,7,1,0.2
5123,2020,12,3,0
5124,2020,9,2,0.2
5125,2020,12,2,0.1
5126,2020,3,3,0.1
5127,2021,3,3,0
5128,2022,3,1,0
5129,2023,15,2,0.1
5130,2023,21,2,0
5131,2023,24,2,0
5132,2024,3,1,0
5133,2024,1,2,0.15
5134,2024,11,3,0
5135,2025,2,3,0
5136,2025,14,3,0
5137,2026,4,2,0
5138,2026,8,2,0
5139,2026,1,2,0
5140,2026,10,1,0.15
5141,2027,21,2,0
5142,2028,4,2,0
5143,2028,16,1,0
5144,2028,14,2,0
5145,2028,13,3,0
5146,2029,19,1,0
5147,2029,4,1,0.1
5148,2029,22,3,0.2
5149,2030,4,3,0.15
5150,2030,10,2,0.1
5151,2031,18,2,0
5152,2032,20,3,0
5153,2032,1,3,0.2
5154,2033,15,3,0.15
5155,2033,17,3,0
5156,2033,9,1,0.1
5157,2033,12,3,0.1
5158,2034,6,2,0
5159,2034,17,1,0.2
5160,2034,8,1,0
5161,2034,19,3,0.1
5162,2035,19,2,0
5163,2035,4,1,0
5164,2035,13,2,0
5165,2036,15,3,0.15
5166,2036,3,2,0
5167,2036,18,1,0.15
5168,2036,6,2,0.1
5169,2037,21,1,0.1
5170,2038,22,3,0
5171,2038,22,1,0.2
5172,2038,4,2,0.15
5173,2039,8,1,0.2
5174,2040,23,1,0.1
5175,2041,20,1,0
5176,2041,14,3,0
5177,2041,10,3,0
5178,2041,2,2,0.2
5179,2042,20,2,0
5180,2042,16,3,0.15
5181,2043,20,3,0
5182,2044,20,3,0.1
5183,2045,10,2,0
5184,2046,4,1,0.1
5185,2046,15,3,0
5186,2046,20,2,0
5187,2046,1,2,0.1
5188,2047,18,1,0
5189,2047,22,1,0
5190,2047,20,3,0.1
5191,2048,23,2,0
5192,2048,10,1,0
5193,2048,8,1,0
5194,2049,3,2,0
5195,2049,19,3,0.15
5196,2049,14,1,0
5197,2049,22,2,0.15
5198,2050,20,2,0.15
5199,2051,6,2,0
5200,2051,20,3,0
5201,2052,8,1,0
5202,2052,20,1,0
5203,2052,15,2,0.2
5204,2052,16,1,0.15
5205,2053,17,1,0
5206,2053,20,3,0.2
5207,2053,12,3,0
5208,2053,9,1,0.2
5209,2054,17,3,0
5210,2054,4,1,0
5211,2055,4,3,0
5212,2055,4,1,0.15
5213,2055,18,2,0
5214,2056,16,2,0
5215,2056,17,1,0.15
5216,2057,11,1,0.2
5217,2057,23,1,0
5218,2058,19,2,0.2
5219,2058,16,3,0.1
5220,2059,7,1,0
5221,2059,1,1,0.1
5222,2059,23,2,0.2
5223,2059,11,2,0.2
5224,2060,20,2,0
5225,2060,16,3,0.15
5226,2061,17,2,0.2
5227,2061,6,3,0
5228,2061,24,3,0.1
5229,2062,17,2,0.2
5230,2062,7,2,0
5231,2062,17,1,0
5232,2063,5,1,0.2
5233,2063,22,1,0.1
5234,2063,15,2,0
5235,2063,3,1,0
5236,2064,7,2,0
5237,2065,16,2,0.1
5238,2065,23,3,0.15
5239,2065,23,3,0.1
5240,2065,7,3,0.1
5241,2066,1,3,0
5242,2066,23,2,0
5243,2066,17,1,0.15
5244,2066,19,3,0.2
5245,2067,22,3,0.1
5246,2067,11,2,0.2
5247,2068,13,2,0
5248,2068,11,1,0
5249,2068,21,2,0.1
5250,2068,5,1,0
5251,2069,14,2,0.2
5252,2069,9,1,0.15
5253,2069,19,3,0.2
5254,2070,18,3,0.1
5255,2071,20,3,0
5256,2071,11,1,0
5257,2072,20,1,0
5258,2072,13,1,0.15
5259,2073,16,3,0
5260,2073,23,2,0
5261,2074,12,2,0.15
5262,2075,11,3,0
5263,2075,22,3,0.1
5264,2076,18,3,0.15
5265,2076,20,3,0.2
5266,2077,1,3,0
5267,2077,3,1,0.1
5268,2077,4,2,0.15
5269,2077,24,1,0
5270,2078,17,1,0.15
5271,2078,21,2,0.15
5272,2078,22,3,0
5273,2078,9,2,0
5274,2079,6,2,0.2
5275,2079,23,2,0.1
5276,2080,3,3,0.15
5277,2080,3,3,0.15
5278,2081,23,1,0
5279,2081,19,2,0.15
5280,2081,16,2,0.1
5281,2082,18,1,0
5282,2083,6,3,0
5283,2083,23,3,0
5284,2083,4,1,0
5285,2083,13,2,0.15
5286,2084,5,3,0
5287,2085,1,2,0
5288,2085,23,1,0
5289,2085,16,2,0.15
5290,2085,18,3,0
5291,2086,1,2,0
5292,2086,1,2,0
5293,2087,3,3,0.15
5294,2087,4,1,0.15
5295,2087,12,1,0
5296,2087,2,1,0
5297,2088,3,1,0.1
5298,2088,21,1,0
5299,2088,7,3,0.2
5300,2089,6,1,0.15
5301,2090,1,1,0
5302,2090,13,3,0.1
5303,2090,3,3,0
5304,2091,16,1,0
5305,2091,21,3,0
5306,2092,14,3,0
5307,2093,7,2,0
5308,2093,4,2,0.2
5309,2094,10,3,0
5310,2095,22,1,0.2
5311,2095,11,1,0
5312,2095,8,3,0
5313,2096,10,1,0.1
5314,2096,10,1,0.2
5315,2097,14,2,0
5316,2097,8,3,0
5317,2097,8,2,0
5318,2097,22,3,0
5319,2098,17,1,0.2
5320,2098,1,1,0.15
5321,2098,10,1,0.1
5322,2099,23,2,0.1
5323,2100,1,1,0
5324,2100,19,2,0.2
5325,2100,12,2,0.15
5326,2101,24,2,0.2
5327,2101,6,1,0
5328,2101,17,1,0.2
5329,2101,20,1,0
5330,2102,4,3,0.15
5331,2102,18,3,0
5332,2102,13,3,0
5333,2103,2,2,0
5334,2103,4,3,0.15
5335,2103,6,2,0.1
5336,2104,4,2,0.2
5337,2104,6,3,0
5338,2104,22,3,0.15
5339,2104,21,2,0
5340,2105,6,1,0
5341,2105,1,2,0.15
5342,2105,16,1,0
5343,2105,8,2,0.2
5344,2106,3,2,0
5345,2106,5,3,0.2
5346,2106,24,2,0
5347,2107,11,1,0
5348,2107,10,2,0.15
5349,2107,12,2,0
5350,2108,14,3,0.15
5351,2109,9,1,0.1
5352,2109,23,1,0.15
5353,2109,9,1,0.1
5354,2109,21,1,0
5355,2110,9,2,0
5356,2110,21,3,0
5357,2111,5,1,0.1
5358,2112,1,1,0
5359,2112,12,1,0
5360,2112,11,1,0.2
5361,2112,22,1,0
5362,2113,18,1,0.15
5363,2113,12,2,0
5364,2114,8,2,0.15
5365,2114,2,2,0.15
5366,2114,9,3,0
5367,2114,18,1,0.1
5368,2115,20,3,0
5369,2115,1,3,0
5370,2115,19,2,0.2
5371,2115,22,2,0.1
5372,2116,10,2,0
5373,2116,24,2,0.1
5374,2116,13,2,0.1
5375,2116,18,2,0.1
5376,2117,2,3,0.2
5377,2117,3,3,0
5378,2117,8,3,0.15
5379,2118,17,2,0
5380,2118,1,1,0.15
5381,2119,8,3,0.2
5382,2119,5,2,0.2
5383,2119,11,1,0
5384,2120,11,3,0
5385,2120,18,1,0.15
5386,2120,17,1,0
5387,2120,6,3,0
5388,2121,7,1,0.1
5389,2121,16,1,0
5390,2121,24,3,0.15
5391,2122,1,1,0.2
5392,2122,14,3,0.1
5393,2122,15,2,0.15
5394,2123,24,1,0
5395,2124,2,3,0
5396,2124,16,2,0
5397,2124,12,3,0
5398,2124,1,2,0.15
5399,2125,17,2,0.1
5400,2125,16,1,0.15
5401,2126,24,2,0.1
5402,2126,16,2,0.15
5403,2126,11,3,0.1
5404,2127,8,1,0.2
5405,2127,16,1,0
5406,2127,9,1,0.1
5407,2127,2,1,0.2
5408,2128,11,2,0.1
5409,2129,3,3,0
5410,2129,10,1,0
5411,2129,15,2,0.15
5412,2130,13,3,0.15
5413,2130,3,3,0.2
5414,2130,24,2,0
5415,2130,12,3,0.2
5416,2131,22,2,0
5417,2131,8,2,0.2
5418,2132,8,3,0
5419,2132,3,1,0
5420,2132,17,2,0
5421,2132,10,1,0
5422,2133,24,3,0
5423,2133,14,1,0
5424,2133,4,3,0
5425,2133,15,2,0
5426,2134,8,3,0
5427,2134,10,1,0
5428,2134,11,2,0.1
5429,2134,10,2,0
5430,2135,19,1,0.1
5431,2135,13,1,0.1
5432,2135,21,3,0
5433,2136,8,3,0
5434,2136,2,1,0
5435,2136,18,3,0
5436,2137,12,2,0
5437,2137,17,3,0
5438,2137,22,2,0
5439,2137,17,3,0.15
5440,2138,13,3,0
5441,2138,18,3,0
5442,2138,14,1,0.1
5443,2139,7,2,0
5444,2139,3,2,0.15
5445,2139,7,3,0
5446,2139,17,1,0
5447,2140,17,3,0
5448,2140,10,2,0
5449,2141,9,3,0
5450,2141,21,1,0.1
5451,2142,7,3,0.2
5452,2142,14,3,0
5453,2142,7,1,0.2
5454,2142,16,3,0
5455,2143,18,1,0
5456,2144,23,3,0.15
5457,2144,8,1,0
5458,2144,3,1,0.1
5459,2145,17,2,0
5460,2145,24,2,0.15
5461,2146,20,1,0.1
5462,2146,6,2,0.2
5463,2146,22,2,0.15
5464,2147,19,1,0.1
5465,2147,16,3,0
5466,2148,20,3,0.15
5467,2148,11,3,0.15
5468,2149,6,2,0.2
5469,2149,17,1,0
5470,2150,14,3,0.15
5471,2150,24,1,0
5472,2151,21,2,0.15
5473,2151,14,1,0.2
5474,2152,8,1,0.2
5475,2152,13,2,0.15
5476,2153,2,1,0
5477,2153,23,1,0
5478,2153,18,1,0
5479,2153,10,2,0
5480,2154,14,1,0
5481,2154,18,2,0
5482,2155,18,3,0.15
5483,2155,14,3,0
5484,2155,16,1,0
5485,2155,15,2,0.1
5486,2156,21,1,0.2
5487,2156,8,2,0.15
5488,2156,19,3,0
5489,2157,19,3,0
5490,2157,21,1,0.1
5491,2157,13,3,0
5492,2157,22,1,0.1
5493,2158,17,2,0
5494,2159,17,2,0.15
5495,2159,5,3,0.15
5496,2159,9,2,0.15
5497,2159,8,2,0
5498,2160,15,2,0
5499,2160,18,3,0
5500,2161,10,1,0
5501,2162,16,3,0
5502,2162,5,1,0.1
5503,2162,17,1,0.15
5504,2162,11,3,0.15
5505,2163,24,1,0
5506,2164,1,1,0.15
5507,2164,24,1,0
5508,2164,7,2,0
5509,2165,17,3,0.1
5510,2166,4,3,0.15
5511,2166,15,1,0.1
5512,2166,24,3,0.15
5513,2166,7,3,0
5514,2167,6,3,0.1
5515,2168,3,2,0
5516,2169,7,3,0
5517,2169,18,1,0
5518,2169,22,3,0.1
5519,2169,22,3,0
5520,2170,11,2,0
5521,2170,17,3,0.2
5522,2170,10,1,0
5523,2171,13,1,0.1
5524,2171,22,1,0.2
5525,2171,11,1,0
5526,2171,15,2,0.1
5527,2172,13,3,0.1
5528,2172,23,3,0
5529,2172,17,1,0
5530,2173,20,2,0
5531,2173,15,2,0
5532,2173,9,2,0
5533,2173,13,3,0
5534,2174,7,1,0.15
5535,2174,18,1,0.2
5536,2174,10,3,0.2
5537,2175,18,3,0.2
5538,2176,17,3,0
5539,2176,10,1,0
5540,2176,21,1,0
5541,2177,9,2,0
5542,2177,5,3,0.1
5543,2177,4,3,0
5544,2177,15,3,0
5545,2178,1,3,0.2
5546,2178,23,2,0
5547,2179,7,2,0.2
5548,2180,2,2,0
5549,2181,5,1,0
5550,2181,13,3,0
5551,2181,14,2,0.1
5552,2181,17,1,0.1
5553,2182,10,1,0
5554,2183,20,2,0.15
5555,2183,22,3,0.2
5556,2183,7,3,0
5557,2183,24,1,0
5558,2184,19,2,0.1
5559,2185,5,1,0.15
5560,2186,18,3,0.15
5561,2186,23,2,0
5562,2187,19,2,0.1
5563,2187,19,2,0
5564,2187,8,3,0.1
5565,2187,13,2,0
5566,2188,20,1,0.15
5567,2188,16,3,0.1
5568,2188,8,3,0
5569,2188,10,1,0.15
5570,2189,20,1,0.2
5571,2189,10,2,0
5572,2189,15,2,0
5573,2190,11,3,0
5574,2190,16,3,0.1
5575,2190,3,1,0.15
5576,2191,9,1,0.1
5577,2191,11,1,0.15
5578,2191,8,3,0
5579,2191,9,2,0
5580,2192,8,2,0.1
5581,2193,18,3,0.2
5582,2194,12,1,0
5583,2194,7,3,0.2
5584,2194,22,3,0
5585,2194,20,3,0
5586,2195,23,2,0.2
5587,2195,13,1,0
5588,2195,16,2,0
5589,2195,17,2,0
5590,2196,3,2,0
5591,2196,8,3,0.1
5592,2196,7,3,0
5593,2196,8,1,0
5594,2197,10,1,0.15
5595,2197,9,2,0.1
5596,2197,12,2,0.15
5597,2197,16,2,0
5598,2198,9,3,0.2
5599,2198,11,2,0
5600,2199,18,3,0
5601,2200,9,3,0
5602,2200,18,1,0
5603,2201,8,2,0
5604,2201,1,2,0.2
5605,2201,12,2,0.15
5606,2202,20,1,0
5607,2203,1,2,0
5608,2203,11,3,0.1
5609,2203,11,3,0.2
5610,2204,3,3,0
5611,2204,16,2,0.2
5612,2204,19,3,0
5613,2204,8,1,0
5614,2205,5,1,0
5615,2205,18,2,0
5616,2205,11,2,0.1
5617,2206,19,3,0
5618,2206,2,3,0.1
5619,2207,3,3,0.2
5620,2207,16,1,0.2
5621,2207,6,3,0.1
5622,2208,12,3,0
5623,2208,10,2,0.2
5624,2208,3,1,0.2
5625,2208,2,1,0.15
5626,2209,14,2,0
5627,2209,22,1,0
5628,2210,23,3,0.15
5629,2210,4,2,0.2
5630,2211,6,2,0.2
5631,2211,23,2,0
5632,2211,18,3,0.1
5633,2212,8,3,0
5634,2213,8,3,0
5635,2214,17,3,0
5636,2215,22,2,0
5637,2215,12,3,0
5638,2216,2,2,0.15
5639,2216,1,3,0.2
5640,2217,19,2,0
5641,2217,21,2,0
5642,2217,11,1,0
5643,2218,8,3,0
5644,2218,9,1,0.15
5645,2218,1,3,0
5646,2219,24,1,0
5647,2219,19,2,0
5648,2220,22,1,0.15
5649,2220,1,1,0
5650,2220,9,3,0.2
5651,2221,13,1,0
5652,2221,11,3,0
5653,2222,5,3,0
5654,2222,20,2,0
5655,2222,13,2,0.2
5656,2222,15,3,0.2
5657,2223,20,3,0
5658,2223,7,1,0
5659,2224,15,3,0.1
5660,2224,17,1,0.15
5661,2224,1,3,0.15
5662,2225,20,2,0.15
5663,2225,7,1,0.2
5664,2226,21,3,0.15
5665,2226,22,3,0
5666,2226,13,3,0.2
5667,2227,14,1,0.2
5668,2227,11,3,0.2
5669,2227,13,3,0.1
5670,2228,18,3,0.15
5671,2229,19,3,0
5672,2230,2,2,0.1
5673,2230,19,1,0.1
5674,2231,9,3,0
5675,2231,16,2,0
5676,2231,20,1,0
5677,2231,5,2,0.2
5678,2232,22,2,0
5679,2233,4,1,0
5680,2234,20,3,0.2
5681,2234,3,3,0.1
5682,2235,3,3,0.1
5683,2235,14,3,0.1
5684,2235,9,2,0
5685,2235,1,2,0.2
5686,2236,12,1,0.2
5687,2236,23,1,0.15
5688,2236,8,1,0.2
5689,2236,7,1,0.2
5690,2237,6,1,0
5691,2237,6,3,0
5692,2238,13,3,0.2
5693,2238,9,1,0
5694,2238,18,2,0
5695,2238,10,1,0.15
5696,2239,7,1,0
5697,2239,13,3,0
5698,2240,13,1,0.1
5699,2241,17,3,0.15
5700,2241,6,1,0
5701,2241,4,3,0
5702,2241,2,1,0.1
5703,2242,16,3,0.15
5704,2242,24,1,0.2
5705,2242,4,3,0
5706,2243,15,3,0.2
5707,2243,14,3,0
5708,2243,18,3,0
5709,2244,24,1,0.1
5710,2244,21,2,0.2
5711,2245,16,3,0
5712,2245,1,3,0.15
5713,2245,23,3,0.15
5714,2246,17,2,0.15
5715,2246,23,2,0
5716,2246,6,1,0
5717,2246,18,1,0
5718,2247,1,2,0.15
5719,2247,18,1,0
5720,2248,13,2,0
5721,2248,11,2,0.1
5722,2249,10,3,0
5723,2249,14,1,0.15
5724,2249,5,2,0
5725,2249,4,2,0
5726,2250,17,1,0
5727,2250,16,1,0.1
5728,2250,8,3,0
5729,2251,18,3,0.2
5730,2251,1,3,0.2
5731,2251,17,3,0.1
5732,2252,17,1,0
5733,2252,10,3,0
5734,2252,2,2,0
5735,2253,3,1,0
5736,2253,15,1,0.2
5737,2254,22,2,0.1
5738,2255,3,2,0
5739,2255,14,2,0
5740,2256,1,2,0.15
5741,2256,14,3,0.2
5742,2256,14,2,0.1
5743,2256,24,2,0
5744,2257,14,3,0.15
5745,2257,11,1,0.2
5746,2257,15,2,0
5747,2258,18,3,0.15
5748,2258,21,3,0.1
5749,2258,23,2,0
5750,2258,22,3,0
5751,2259,24,1,0.2
5752,2259,21,1,0.2
5753,2260,20,2,0.2
5754,2261,12,3,0
5755,2262,5,1,0
5756,2262,21,2,0.1
5757,2263,3,3,0
5758,2263,12,3,0.2
5759,2263,20,3,0
5760,2263,22,3,0.2
5761,2264,3,2,0
5762,2264,22,3,0.2
5763,2264,1,2,0
5764,2265,13,1,0.2
5765,2265,7,1,0.15
5766,2265,18,1,0
5767,2265,3,3,0.15
5768,2266,14,1,0
5769,2266,14,3,0
5770,2267,10,2,0
5771,2267,10,3,0
5772,2268,18,2,0.2
5773,2269,10,1,0.15
5774,2269,21,1,0
5775,2269,13,3,0
5776,2269,24,2,0.15
5777,2270,19,2,0
5778,2270,14,3,0
5779,2271,9,3,0
5780,2271,13,1,0.1
5781,2271,16,1,0
5782,2272,5,3,0.15
5783,2273,1,2,0
5784,2273,20,2,0.2
5785,2273,9,2,0.1
5786,2274,10,2,0.15
5787,2274,13,3,0
5788,2275,16,2,0
5789,2276,21,3,0
5790,2276,11,2,0.2
5791,2277,21,1,0
5792,2278,16,2,0.1
5793,2279,18,3,0
5794,2279,4,1,0.1
5795,2280,12,3,0
5796,2280,18,1,0.2
5797,2281,5,2,0.15
5798,2281,18,1,0.1
5799,2281,1,3,0
5800,2282,14,3,0
5801,2282,10,2,0
5802,2282,9,1,0
5803,2282,21,3,0.2
5804,2283,8,3,0.2
5805,2283,22,3,0
5806,2283,21,1,0.15
5807,2283,17,3,0
5808,2284,22,1,0
5809,2285,23,1,0
5810,2285,13,3,0.15
5811,2285,11,1,0.15
5812,2285,1,3,0
5813,2286,1,3,0
5814,2286,22,1,0
5815,2286,18,3,0.2
5816,2287,9,1,0.15
5817,2287,20,2,0
5818,2287,18,3,0
5819,2287,2,1,0.2
5820,2288,14,3,0
5821,2288,18,2,0
5822,2289,11,2,0
5823,2289,14,1,0
5824,2289,18,1,0
5825,2289,19,3,0
5826,2290,1,3,0
5827,2291,18,2,0.15
5828,2291,24,2,0.2
5829,2292,2,1,0
5830,2292,15,1,0
5831,2293,19,3,0
5832,2293,6,1,0.2
5833,2293,19,2,0.1
5834,2293,21,2,0
5835,2294,19,3,0
5836,2295,15,3,0
5837,2295,20,3,0
5838,2296,22,3,0.1
5839,2296,7,2,0.15
5840,2297,7,3,0.15
5841,2297,21,3,0.1
5842,2297,21,3,0
5843,2297,20,2,0
5844,2298,8,2,0
5845,2298,17,3,0
5846,2299,9,2,0.2
5847,2299,7,3,0.15
5848,2300,12,2,0.15
5849,2301,19,2,0
5850,2301,9,3,0.15
5851,2302,3,2,0.1
5852,2302,19,2,0.2
5853,2302,22,1,0.2
5854,2303,9,2,0
5855,2304,16,3,0
5856,2305,9,3,0
5857,2305,2,1,0.15
5858,2305,6,2,0
5859,2305,18,3,0.1
5860,2306,22,1,0
5861,2306,2,3,0.2
5862,2306,22,1,0
5863,2306,15,1,0
5864,2307,15,2,0.2
5865,2307,5,3,0.15
5866,2307,5,2,0
5867,2308,17,1,0.2
5868,2308,23,3,0
5869,2308,14,3,0.2
5870,2308,1,1,0
5871,2309,13,1,0
5872,2309,23,1,0
5873,2310,22,1,0
5874,2310,5,2,0
5875,2310,19,3,0
5876,2310,13,3,0.1
5877,2311,2,3,0
5878,2311,16,3,0.1
5879,2311,6,2,0.15
5880,2311,16,2,0
5881,2312,22,3,0
5882,2313,20,1,0.2
5883,2314,9,3,0.1
5884,2314,10,3,0.2
5885,2315,2,3,0
5886,2315,6,1,0
5887,2316,15,1,0
5888,2316,14,3,0.2
5889,2316,6,3,0.1
5890,2317,12,1,0
5891,2317,17,2,0.15
5892,2317,11,2,0.15
5893,2318,9,3,0.1
5894,2318,17,1,0.2
5895,2318,13,2,0.15
5896,2318,16,1,0
5897,2319,13,3,0
5898,2319,11,1,0
5899,2319,10,2,0.15
5900,2320,10,2,0
5901,2320,10,1,0.2
5902,2320,23,2,0
5903,2321,16,1,0.1
5904,2321,20,2,0.2
5905,2322,21,1,0
5906,2322,18,3,0.1
5907,2322,12,3,0.15
5908,2322,12,2,0.15
5909,2323,22,1,0
5910,2324,15,3,0
5911,2324,3,3,0
5912,2324,4,3,0.2
5913,2324,13,2,0.2
5914,2325,2,2,0.15
5915,2325,20,1,0.15
5916,2325,17,2,0.15
5917,2325,5,2,0
5918,2326,16,2,0.15
5919,2326,7,3,0
5920,2326,16,2,0.2
5921,2327,3,2,0.2
5922,2327,24,1,0.2
5923,2327,17,3,0.1
5924,2327,15,2,0
5925,2328,7,1,0.15
5926,2328,14,3,0
5927,2328,6,3,0
5928,2329,21,1,0
5929,2330,12,2,0.2
5930,2331,11,3,0
5931,2331,18,2,0.1
5932,2331,19,2,0
5933,2332,17,1,0
5934,2332,2,2,0.15
5935,2332,8,2,0
5936,2332,4,3,0.2
5937,2333,6,3,0
5938,2334,7,1,0
5939,2334,23,3,0
5940,2335,3,1,0.1
5941,2335,6,3,0.1
5942,2335,9,1,0
5943,2335,4,2,0.15
5944,2336,23,1,0
5945,2336,7,1,0.1
5946,2336,9,3,0
5947,2336,5,3,0.2
5948,2337,13,1,0
5949,2337,9,1,0
5950,2337,9,3,0.1
5951,2337,1,1,0.2
5952,2338,8,3,0
5953,2338,13,2,0
5954,2339,2,1,0
5955,2339,5,1,0
5956,2339,24,3,0
5957,2339,9,3,0.2
5958,2340,16,1,0.2
5959,2341,9,3,0.2
5960,2342,2,3,0
5961,2342,24,1,0
5962,2342,10,3,0.1
5963,2342,5,1,0
5964,2343,8,1,0.1
5965,2343,3,1,0
5966,2343,20,1,0
5967,2344,16,2,0.2
5968,2344,6,1,0
5969,2345,18,3,0
5970,2345,8,2,0
5971,2345,12,2,0
5972,2345,17,2,0.15
5973,2346,7,3,0.15
5974,2346,15,2,0.15
5975,2346,13,3,0.15
5976,2347,23,1,0
5977,2347,17,1,0.1
5978,2347,20,3,0
5979,2347,13,3,0.1
5980,2348,15,2,0
5981,2348,4,2,0
5982,2348,1,2,0.1
5983,2349,21,2,0
5984,2350,6,1,0
5985,2350,10,1,0
5986,2351,19,1,0
5987,2352,24,1,0.1
5988,2353,10,3,0
5989,2354,4,1,0
5990,2354,7,1,0.15
5991,2354,14,3,0
5992,2354,9,1,0.2
5993,2355,5,1,0
5994,2355,24,3,0
5995,2355,6,2,0
5996,2356,1,1,0
5997,2357,18,3,0.2
5998,2357,6,2,0.2
5999,2358,19,1,0.2
6000,2358,8,2,0
6001,2358,6,3,0
6002,2358,13,1,0.2
6003,2359,24,3,0.15
6004,2359,9,2,0.2
6005,2359,16,2,0
6006,2360,15,3,0
6007,2360,7,2,0
6008,2360,9,1,0.15
6009,2360,7,1,0.2
6010,2361,13,1,0
6011,2361,16,1,0
6012,2362,14,1,0.1
6013,2362,24,1,0.1
6014,2363,23,2,0.1
6015,2363,7,3,0.2
6016,2363,24,1,0.2
6017,2363,10,1,0.15
6018,2364,6,1,0
6019,2364,17,1,0
6020,2365,6,3,0
6021,2365,7,2,0.15
6022,2365,1,2,0
6023,2366,2,3,0.2
6024,2366,4,2,0
6025,2366,3,1,0
6026,2367,9,2,0.1
6027,2367,15,3,0
6028,2368,23,3,0
6029,2368,2,2,0.1
6030,2369,7,3,0.1
6031,2369,9,1,0
6032,2370,7,3,0.15
6033,2370,15,3,0.2
6034,2371,11,1,0
6035,2372,12,3,0
6036,2372,2,3,0.2
6037,2372,6,2,0.1
6038,2372,5,1,0
6039,2373,1,3,0.1
6040,2373,3,3,0.1
6041,2373,20,2,0.15
6042,2373,10,2,0.2
6043,2374,6,3,0.15
6044,2374,4,2,0.15
6045,2374,8,3,0
6046,2375,19,1,0.2
6047,2375,5,2,0.2
6048,2375,1,3,0
6049,2375,11,1,0.2
6050,2376,21,1,0
6051,2376,24,3,0
6052,2376,12,2,0.2
6053,2377,14,3,0.1
6054,2377,15,2,0.2
6055,2378,2,3,0
6056,2378,19,2,0
6057,2378,16,1,0
6058,2379,11,1,0.2
6059,2379,5,1,0.1
6060,2379,11,2,0.2
6061,2380,10,1,0
6062,2381,16,1,0
6063,2381,5,3,0
6064,2382,22,2,0.15
6065,2382,8,3,0
6066,2382,20,3,0
6067,2383,6,2,0
6068,2383,24,2,0
6069,2384,14,2,0.2
6070,2385,21,1,0
6071,2385,15,3,0.2
6072,2385,1,2,0.15
6073,2385,3,3,0
6074,2386,10,3,0
6075,2386,12,2,0.15
6076,2386,21,2,0
6077,2387,1,2,0
6078,2388,15,1,0.2
6079,2389,19,1,0
6080,2389,10,3,0.15
6081,2389,7,1,0.2
6082,2390,5,1,0
6083,2391,3,1,0
6084,2391,12,1,0
6085,2392,2,2,0.1
6086,2392,1,2,0.1
6087,2392,12,3,0
6088,2393,11,2,0
6089,2394,16,1,0.2
6090,2394,5,1,0
6091,2394,8,3,0.1
6092,2394,4,1,0
6093,2395,24,2,0
6094,2395,9,1,0
6095,2396,21,2,0
6096,2397,6,2,0
6097,2397,7,1,0.2
6098,2397,2,2,0
6099,2397,16,1,0
6100,2398,18,3,0
6101,2399,18,3,0.1
6102,2400,11,1,0
6103,2400,14,1,0
6104,2401,3,3,0
6105,2401,23,2,0
6106,2402,6,3,0.15
6107,2403,22,3,0.2
6108,2403,6,3,0.15
6109,2404,23,3,0
6110,2404,20,1,0
6111,2404,9,3,0
6112,2405,14,2,0.2
6113,2405,6,2,0
6114,2405,18,3,0.1
6115,2405,21,3,0.1
6116,2406,2,2,0
6117,2407,23,2,0
6118,2407,9,1,0
6119,2408,22,2,0.1
6120,2408,15,3,0
6121,2409,9,1,0.15
6122,2409,20,1,0.2
6123,2410,7,3,0
6124,2410,12,2,0.15
6125,2411,13,1,0.2
6126,2411,13,3,0
6127,2411,1,1,0.1
6128,2411,5,3,0
6129,2412,2,3,0.15
6130,2412,14,3,0.1
6131,2412,4,1,0
6132,2412,18,2,0
6133,2413,22,3,0.2
6134,2413,16,2,0.1
6135,2414,8,1,0
6136,2414,19,3,0.2
6137,2414,12,1,0.1
6138,2414,13,3,0.1
6139,2415,12,1,0.15
6140,2415,21,1,0.2
6141,2415,2,2,0
6142,2416,21,3,0
6143,2416,12,1,0.2
6144,2416,23,3,0.15
6145,2416,2,2,0
6146,2417,19,3,0.2
6147,2418,14,1,0.1
6148,2418,2,2,0
6149,2419,15,2,0
6150,2420,20,3,0
6151,2420,14,2,0.15
6152,2420,9,3,0
6153,2421,9,3,0.2
6154,2421,3,1,0.1
6155,2421,14,2,0
6156,2421,12,1,0.2
6157,2422,11,3,0
6158,2422,24,1,0
6159,2422,15,2,0.2
6160,2422,22,1,0
6161,2423,2,1,0.15
6162,2423,2,1,0.1
6163,2423,16,2,0.15
6164,2423,14,2,0
6165,2424,11,1,0
6166,2424,8,2,0.2
6167,2425,16,1,0.15
6168,2425,4,1,0
6169,2426,7,2,0.15
6170,2427,1,3,0
6171,2427,8,2,0
6172,2428,19,2,0
6173,2429,4,2,0.1
6174,2429,3,3,0
6175,2429,16,2,0
6176,2430,19,2,0.2
6177,2430,22,3,0.1
6178,2431,23,1,0.1
6179,2431,23,2,0
6180,2432,6,3,0.1
6181,2433,14,2,0.2
6182,2433,11,3,0
6183,2433,3,3,0.15
6184,2434,9,3,0.15
6185,2434,7,1,0.2
6186,2434,19,2,0
6187,2434,12,1,0.15
6188,2435,18,2,0.1
6189,2435,3,3,0
6190,2435,10,2,0
6191,2436,8,2,0.2
6192,2436,21,1,0.15
6193,2436,2,3,0
6194,2436,15,2,0
6195,2437,7,1,0.15
6196,2437,23,1,0.2
6197,2437,9,1,0.2
6198,2437,19,1,0
6199,2438,18,2,0
6200,2438,7,2,0.1
6201,2438,24,3,0
6202,2438,11,1,0
6203,2439,17,3,0.1
6204,2440,11,3,0.15
6205,2440,15,3,0.2
6206,2440,6,3,0
6207,2440,5,3,0
6208,2441,18,2,0
6209,2441,23,3,0
6210,2442,1,3,0
6211,2442,19,3,0.1
6212,2442,7,3,0
6213,2443,20,1,0.15
6214,2443,4,2,0
6215,2443,20,3,0.1
6216,2443,2,1,0.15
6217,2444,22,3,0.2
6218,2444,8,1,0
6219,2445,20,1,0.15
6220,2445,2,2,0.2
6221,2445,17,3,0.1
6222,2445,17,2,0
6223,2446,8,2,0
6224,2446,3,1,0.15
6225,2447,12,2,0
6226,2447,17,1,0
6227,2447,16,3,0.15
6228,2448,5,2,0
6229,2448,15,2,0
6230,2448,17,1,0
6231,2449,21,3,0
6232,2450,11,1,0
6233,2450,11,1,0.2
6234,2450,11,2,0.2
6235,2451,13,2,0
6236,2451,7,2,0
6237,2452,12,1,0.1
6238,2453,23,1,0.2
6239,2453,9,3,0.2
6240,2453,6,3,0
6241,2453,21,1,0.1
6242,2454,23,2,0.2
6243,2454,12,3,0.1
6244,2455,13,1,0
6245,2455,16,3,0
6246,2455,3,3,0.1
6247,2456,11,2,0.2
6248,2456,17,1,0.2
6249,2457,15,3,0
6250,2457,21,3,0.1
6251,2458,8,2,0.1
6252,2458,4,2,0
6253,2459,5,3,0.2
6254,2460,11,1,0.15
6255,2460,8,3,0.1
6256,2460,16,2,0.1
6257,2460,6,2,0
6258,2461,8,2,0.15
6259,2462,20,2,0
6260,2462,20,2,0
6261,2463,6,3,0
6262,2463,19,2,0.1
6263,2464,12,3,0.2
6264,2464,23,1,0.15
6265,2464,22,3,0
6266,2464,3,3,0.2
6267,2465,15,1,0
6268,2465,8,3,0.15
6269,2466,3,2,0.2
6270,2466,17,1,0
6271,2466,21,3,0
6272,2466,8,1,0
6273,2467,18,2,0
6274,2467,9,1,0
6275,2468,18,1,0
6276,2468,23,2,0.15
6277,2468,17,2,0.2
6278,2469,18,3,0.1
6279,2470,16,1,0
6280,2470,15,2,0
6281,2471,18,1,0
6282,2471,14,1,0.1
6283,2471,6,1,0.2
6284,2471,16,1,0.1
6285,2472,7,1,0
6286,2472,1,3,0.2
6287,2472,7,1,0.15
6288,2472,23,1,0.1
6289,2473,6,2,0.2
6290,2473,22,3,0.1
6291,2473,20,3,0.15
6292,2473,17,3,0.15
6293,2474,6,3,0
6294,2474,17,1,0
6295,2474,10,2,0.15
6296,2474,21,3,0
6297,2475,15,1,0.2
6298,2475,15,1,0.1
6299,2475,15,1,0.2
6300,2475,9,3,0.2
6301,2476,18,2,0.2
6302,2476,6,1,0
6303,2476,5,3,0.15
6304,2476,2,1,0.15
6305,2477,8,2,0
6306,2477,9,1,0
6307,2477,16,1,0
6308,2477,12,2,0.15
6309,2478,19,2,0
6310,2479,1,2,0.1
6311,2479,16,3,0.1
6312,2479,22,3,0
6313,2479,4,1,0
6314,2480,8,3,0
6315,2480,7,2,0
6316,2480,6,2,0
6317,2481,8,3,0.2
6318,2481,24,3,0
6319,2482,10,3,0.1
6320,2482,15,2,0.15
6321,2482,3,2,0.15
6322,2483,16,1,0
6323,2483,4,3,0.1
6324,2483,1,2,0.1
6325,2483,18,3,0.2
6326,2484,9,1,0
6327,2485,13,2,0.15
6328,2485,17,3,0.2
6329,2486,8,2,0.2
6330,2486,10,3,0
6331,2486,24,2,0.15
6332,2486,17,1,0
6333,2487,14,2,0
6334,2487,19,1,0.2
6335,2488,5,3,0
6336,2488,5,3,0.15
6337,2488,5,1,0
6338,2489,21,3,0
6339,2489,2,2,0.15
6340,2490,17,2,0
6341,2490,4,1,0
6342,2491,19,3,0
6343,2491,4,2,0
6344,2492,20,2,0
6345,2492,16,2,0
6346,2492,14,3,0
6347,2493,2,2,0.2
6348,2493,1,1,0
6349,2494,3,3,0
6350,2495,14,1,0
6351,2495,16,2,0
6352,2496,9,3,0
6353,2496,20,3,0.2
6354,2496,21,3,0.15
6355,2497,20,2,0.15
6356,2498,13,2,0
6357,2498,16,3,0.1
6358,2499,19,2,0.15
6359,2499,21,1,0.1
6360,2499,1,3,0
6361,2500,4,1,0
6362,2501,1,3,0.1
6363,2501,10,1,0.15
6364,2501,10,2,0.2
6365,2501,7,3,0
6366,2502,19,2,0
6367,2503,12,1,0
6368,2504,10,3,0.15
6369,2504,18,3,0.15
6370,2505,10,3,0.1
6371,2506,11,2,0
6372,2506,22,2,0.15
6373,2506,24,1,0
6374,2507,22,2,0
6375,2507,3,3,0.15
6376,2507,7,2,0
6377,2507,19,1,0.2
6378,2508,23,2,0.1
6379,2509,5,1,0.15
6380,2509,11,3,0.15
6381,2509,13,3,0.2
6382,2510,5,3,0
6383,2510,2,3,0.2
6384,2510,22,3,0.15
6385,2511,16,3,0
6386,2511,20,3,0.15
6387,2511,2,1,0.1
6388,2512,5,1,0
6389,2513,17,2,0
6390,2513,23,1,0.1
6391,2513,9,3,0.1
6392,2514,24,3,0
6393,2515,2,3,0
6394,2515,18,1,0
6395,2515,23,3,0.1
6396,2516,17,2,0
6397,2516,24,3,0
6398,2516,24,3,0
6399,2517,1,3,0.15
6400,2518,23,3,0.1
6401,2518,5,2,0
6402,2519,22,3,0.2
6403,2519,24,3,0.15
6404,2520,22,1,0
6405,2520,11,1,0.15
6406,2521,4,2,0.15
6407,2522,20,2,0.2
6408,2523,3,1,0
6409,2523,13,2,0.2
6410,2523,19,2,0.15
6411,2523,3,3,0.2
6412,2524,8,3,0
6413,2524,4,2,0.1
6414,2525,21,2,0
6415,2525,6,1,0.15
6416,2525,24,3,0
6417,2525,13,3,0
6418,2526,6,3,0
6419,2526,24,2,0
6420,2527,17,3,0.2
6421,2527,19,3,0
6422,2528,6,3,0.2
6423,2528,3,2,0.15
6424,2528,8,2,0
6425,2529,23,3,0.1
6426,2530,12,3,0
6427,2531,12,2,0
6428,2532,6,3,0.1
6429,2532,9,1,0.2
6430,2532,11,1,0
6431,2533,9,3,0.1
6432,2533,21,3,0
6433,2534,20,1,0.2
6434,2534,15,1,0.1
6435,2535,5,1,0
6436,2535,21,2,0.1
6437,2535,17,1,0
6438,2536,5,3,0
6439,2536,8,1,0
6440,2536,2,1,0
6441,2536,3,1,0
6442,2537,10,2,0
6443,2537,3,2,0
6444,2537,15,3,0.1
6445,2537,17,3,0.2
6446,2538,24,1,0.1
6447,2538,16,1,0.2
6448,2539,13,3,0.2
6449,2539,16,3,0.15
6450,2539,24,3,0.1
6451,2539,23,1,0
6452,2540,3,1,0
6453,2540,12,1,0.1
6454,2540,23,2,0
6455,2541,23,2,0
6456,2541,7,3,0.1
6457,2541,17,1,0
6458,2541,15,1,0
6459,2542,21,1,0
6460,2542,2,1,0
6461,2542,5,2,0
6462,2543,19,3,0
6463,2543,8,3,0.2
6464,2543,5,1,0.15
6465,2544,3,2,0.1
6466,2544,24,3,0.2
6467,2544,16,2,0.2
6468,2544,10,2,0.15
6469,2545,3,1,0
6470,2545,12,2,0.15
6471,2545,15,1,0
6472,2546,21,2,0.15
6473,2546,13,1,0
6474,2546,13,2,0
6475,2547,11,3,0.15
6476,2547,24,2,0.2
6477,2547,13,3,0.15
6478,2548,21,3,0.1
6479,2548,12,1,0.15
6480,2548,22,1,0
6481,2548,21,3,0.1
6482,2549,17,2,0.2
6483,2549,10,2,0
6484,2549,2,1,0.2
6485,2549,16,2,0.15
6486,2550,15,3,0
6487,2550,13,2,0.1
6488,2551,24,2,0
6489,2551,4,3,0.15
6490,2551,3,2,0
6491,2551,17,1,0.2
6492,2552,15,2,0.15
6493,2552,14,2,0.15
6494,2552,24,2,0
6495,2552,23,1,0.1
6496,2553,21,3,0.15
6497,2554,4,1,0
6498,2554,9,3,0.2
6499,2554,12,2,0.2
6500,2555,20,3,0
6501,2555,16,2,0.2
6502,2555,2,2,0.2
6503,2555,21,2,0
6504,2556,7,1,0
6505,2556,4,1,0.1
6506,2556,6,2,0.15
6507,2556,6,1,0.2
6508,2557,23,1,0
6509,2557,2,2,0
6510,2557,11,3,0.2
6511,2557,6,2,0
6512,2558,11,1,0.2
6513,2558,13,2,0
6514,2558,24,2,0
6515,2558,15,2,0
6516,2559,5,1,0
6517,2559,3,1,0.1
6518,2560,13,2,0
6519,2560,23,1,0.2
6520,2561,20,2,0.1
6521,2562,19,1,0
6522,2563,6,1,0
6523,2563,24,1,0.1
6524,2564,21,1,0.2
6525,2564,24,2,0.15
6526,2564,17,2,0
6527,2564,22,2,0
6528,2565,4,3,0
6529,2566,18,3,0.1
6530,2567,5,1,0
6531,2567,4,2,0
6532,2567,23,2,0
6533,2567,4,3,0.1
6534,2568,1,2,0.15
6535,2568,14,2,0
6536,2568,3,2,0.2
6537,2568,7,2,0
6538,2569,7,1,0.2
6539,2569,2,2,0.1
6540,2569,6,1,0
6541,2570,17,3,0
6542,2570,24,2,0.1
6543,2570,10,1,0.15
6544,2571,23,3,0.1
6545,2571,22,3,0.1
6546,2571,7,3,0.15
6547,2571,2,1,0
6548,2572,22,3,0
6549,2572,7,3,0
6550,2573,16,2,0
6551,2573,9,2,0.15
6552,2573,1,2,0.2
6553,2573,8,3,0
6554,2574,14,1,0
6555,2574,4,3,0
6556,2574,14,1,0.1
6557,2575,15,3,0
6558,2575,7,3,0.15
6559,2576,22,2,0
6560,2576,24,2,0.15
6561,2576,24,1,0
6562,2577,22,3,0.2
6563,2577,12,2,0
6564,2577,3,3,0.2
6565,2577,2,2,0
6566,2578,15,1,0
6567,2578,1,1,0
6568,2578,14,1,0
6569,2578,15,1,0
6570,2579,1,2,0.15
6571,2579,12,1,0
6572,2579,19,3,0
6573,2579,13,2,0.1
6574,2580,16,3,0
6575,2580,4,1,0.1
6576,2580,17,2,0
6577,2580,6,2,0.15
6578,2581,13,3,0
6579,2582,12,1,0.15
6580,2582,9,1,0.15
6581,2583,3,2,0.1
6582,2583,12,3,0.1
6583,2583,6,1,0.2
6584,2583,9,2,0.15
6585,2584,14,2,0
6586,2584,16,3,0.15
6587,2585,24,1,0.1
6588,2585,17,1,0.1
6589,2586,13,2,0.15
6590,2586,13,2,0.2
6591,2587,14,2,0
6592,2587,2,1,0
6593,2587,6,1,0.1
6594,2588,22,1,0
6595,2588,16,1,0.15
6596,2588,5,3,0
6597,2588,8,1,0.1
6598,2589,16,2,0.1
6599,2589,6,2,0.15
6600,2590,24,3,0.15
6601,2590,20,2,0.15
6602,2590,11,2,0
6603,2590,16,2,0.2
6604,2591,13,3,0.15
6605,2591,17,1,0
6606,2592,20,2,0.15
6607,2593,22,3,0
6608,2594,9,1,0.15
6609,2595,9,2,0
6610,2595,5,1,0.1
6611,2596,5,3,0.2
6612,2596,23,3,0.1
6613,2597,12,1,0
6614,2597,11,1,0
6615,2597,13,3,0.15
6616,2598,9,2,0
6617,2598,3,3,0.2
6618,2598,13,2,0.2
6619,2598,3,2,0
6620,2599,4,1,0
6621,2599,19,2,0.1
6622,2599,24,1,0.2
6623,2600,21,3,0.1
6624,2600,13,3,0
6625,2601,17,1,0
6626,2602,7,3,0.15
6627,2602,4,3,0.2
6628,2603,2,2,0
6629,2603,14,3,0.2
6630,2603,22,3,0
6631,2604,24,2,0.2
6632,2604,12,2,0.15
6633,2604,20,3,0
6634,2604,20,2,0.1
6635,2605,7,2,0
6636,2605,10,3,0.2
6637,2606,8,2,0.2
6638,2606,1,3,0
6639,2606,7,3,0
6640,2607,5,2,0
6641,2607,4,2,0.1
6642,2607,16,2,0.2
6643,2607,9,1,0
6644,2608,21,1,0.2
6645,2608,19,2,0
6646,2609,8,2,0.1
6647,2610,19,2,0.15
6648,2610,8,3,0.15
6649,2611,16,1,0
6650,2611,10,2,0
6651,2612,21,2,0.2
6652,2612,7,3,0.2
6653,2612,10,1,0
6654,2613,13,1,0
6655,2614,9,1,0
6656,2614,21,3,0.15
6657,2614,6,2,0
6658,2615,23,3,0
6659,2615,2,2,0.15
6660,2616,11,3,0.2
6661,2616,2,1,0.15
6662,2616,10,2,0.1
6663,2617,19,3,0.2
6664,2618,10,3,0.15
6665,2618,7,1,0
6666,2618,11,1,0.2
6667,2619,4,1,0.1
6668,2619,15,3,0
6669,2619,13,1,0.1
6670,2619,4,2,0
6671,2620,16,3,0.2
6672,2621,23,2,0.1
6673,2621,1,2,0.15
6674,2621,12,1,0
6675,2621,6,1,0.1
6676,2622,22,3,0.1
6677,2623,15,1,0
6678,2623,9,1,0.15
6679,2623,14,1,0.15
6680,2623,7,1,0.15
6681,2624,18,3,0.1
6682,2624,11,3,0.2
6683,2624,18,2,0.2
6684,2624,9,2,0
6685,2625,21,2,0
6686,2625,8,1,0.1
6687,2626,4,2,0
6688,2626,10,3,0
6689,2626,18,3,0
6690,2626,2,1,0.15
6691,2627,10,2,0.1
6692,2627,14,3,0.2
6693,2627,2,3,0
6694,2628,20,2,0.1
6695,2629,21,2,0
6696,2629,17,3,0
6697,2629,7,1,0
6698,2630,10,1,0
6699,2630,18,3,0.2
6700,2631,15,2,0
6701,2631,17,2,0.15
6702,2631,13,3,0.2
6703,2631,19,1,0
6704,2632,16,3,0.1
6705,2632,7,2,0.1
6706,2633,14,2,0
6707,2634,7,3,0
6708,2634,12,1,0.1
6709,2634,22,3,0.15
6710,2635,18,2,0
6711,2635,2,3,0.15
6712,2635,24,2,0.2
6713,2636,4,2,0.15
6714,2636,7,3,0.15
6715,2636,10,1,0
6716,2637,3,2,0
6717,2637,10,3,0
6718,2638,5,3,0
6719,2638,16,2,0
6720,2638,10,1,0
6721,2639,1,1,0
6722,2639,9,2,0.1
6723,2639,13,1,0
6724,2639,15,3,0.1
6725,2640,19,1,0.1
6726,2641,20,2,0
6727,2642,14,1,0
6728,2642,24,1,0
6729,2642,4,3,0.2
6730,2643,5,1,0.15
6731,2643,5,2,0
6732,2644,19,3,0
6733,2644,2,1,0.2
6734,2645,6,3,0.15
6735,2645,2,3,0
6736,2645,12,2,0
6737,2645,8,2,0.15
6738,2646,12,2,0.2
6739,2646,10,2,0.1
6740,2646,18,2,0
6741,2646,5,2,0
6742,2647,24,2,0
6743,2647,3,3,0
6744,2647,7,3,0
6745,2648,3,1,0
6746,2648,4,2,0
6747,2648,13,3,0
6748,2649,7,2,0.2
6749,2650,16,3,0.1
6750,2651,23,3,0.2
6751,2651,8,3,0.2
6752,2651,2,3,0.1
6753,2652,21,3,0
6754,2653,22,1,0.15
6755,2653,6,1,0
6756,2653,17,2,0.1
6757,2653,21,3,0.15
6758,2654,18,1,0
6759,2655,13,3,0.2
6760,2655,16,1,0.2
6761,2656,20,2,0
6762,2656,12,2,0
6763,2656,9,3,0
6764,2656,3,3,0.2
6765,2657,23,1,0.15
6766,2657,13,1,0.15
6767,2657,19,3,0.1
6768,2657,6,2,0
6769,2658,2,1,0
6770,2658,16,3,0
6771,2659,20,3,0
6772,2660,5,3,0.1
6773,2660,20,1,0.15
6774,2660,11,1,0.15
6775,2660,21,1,0
6776,2661,17,1,0.1
6777,2661,13,2,0
6778,2662,23,2,0.15
6779,2662,13,2,0.15
6780,2663,18,2,0.2
6781,2663,11,3,0
6782,2663,1,1,0
6783,2664,22,2,0
6784,2664,10,3,0
6785,2664,16,3,0
6786,2665,1,1,0.2
6787,2665,5,1,0
6788,2665,24,3,0.1
6789,2665,15,2,0.15
6790,2666,19,1,0
6791,2666,7,1,0
6792,2667,5,3,0
6793,2667,2,1,0.15
6794,2667,15,1,0.15
6795,2667,11,2,0
6796,2668,7,2,0
6797,2668,21,1,0.1
6798,2668,20,2,0.2
6799,2668,24,1,0
6800,2669,15,2,0.1
6801,2670,6,2,0
6802,2671,12,3,0.2
6803,2671,12,3,0
6804,2671,21,3,0
6805,2672,19,1,0.15
6806,2673,10,1,0
6807,2673,16,2,0
6808,2673,15,2,0
6809,2674,12,2,0
6810,2674,17,2,0.15
6811,2675,19,2,0.2
6812,2675,11,3,0.1
6813,2675,16,3,0
6814,2675,11,1,0.15
6815,2676,15,3,0.2
6816,2676,19,2,0
6817,2676,11,1,0
6818,2676,12,3,0.2
6819,2677,14,3,0.1
6820,2677,1,2,0
6821,2677,14,2,0.1
6822,2678,10,3,0.1
6823,2679,8,3,0.2
6824,2679,6,3,0
6825,2679,2,3,0
6826,2679,4,2,0
6827,2680,1,3,0.15
6828,2680,6,1,0
6829,2681,18,1,0
6830,2681,19,3,0.2
6831,2682,16,2,0
6832,2682,11,3,0
6833,2683,21,1,0
6834,2683,22,1,0
6835,2683,22,3,0
6836,2683,9,2,0.15
6837,2684,21,1,0
6838,2684,17,3,0
6839,2685,14,3,0
6840,2686,5,1,0.15
6841,2686,23,2,0.2
6842,2686,22,2,0
6843,2687,18,1,0.1
6844,2688,4,1,0
6845,2689,19,3,0.15
6846,2690,10,3,0
6847,2691,21,2,0
6848,2691,1,3,0
6849,2691,20,2,0
6850,2691,17,1,0
6851,2692,6,1,0
6852,2692,23,2,0
6853,2692,1,3,0.15
6854,2693,18,3,0.1
6855,2693,11,2,0.15
6856,2694,11,1,0.2
6857,2694,12,2,0
6858,2694,11,1,0.15
6859,2695,15,1,0.1
6860,2695,19,2,0.2
6861,2695,1,3,0.1
6862,2695,3,3,0.1
6863,2696,6,3,0
6864,2697,12,3,0
6865,2697,18,1,0.1
6866,2697,15,3,0
6867,2698,14,3,0.2
6868,2698,4,2,0.1
6869,2699,14,1,0.15
6870,2700,6,3,0
6871,2701,12,3,0.2
6872,2701,13,3,0
6873,2701,11,2,0
6874,2702,21,3,0.1
6875,2702,7,1,0.1
6876,2702,12,3,0.15
6877,2703,24,3,0.2
6878,2703,16,3,0.15
6879,2704,21,3,0.2
6880,2705,8,2,0.15
6881,2705,11,3,0
6882,2706,3,3,0.1
6883,2706,1,3,0.1
6884,2706,4,1,0.1
6885,2707,24,3,0.1
6886,2707,20,3,0
6887,2708,6,3,0
6888,2708,17,1,0
6889,2709,11,1,0.15
6890,2709,16,3,0.15
6891,2710,4,1,0
6892,2710,5,3,0
6893,2710,20,3,0
6894,2710,1,3,0.2
6895,2711,16,1,0.2
6896,2712,21,1,0
6897,2712,16,2,0.2
6898,2713,11,3,0.2
6899,2714,16,1,0
6900,2715,17,1,0
6901,2715,2,1,0.2
6902,2715,11,1,0.15
6903,2715,23,2,0.15
6904,2716,3,1,0.1
6905,2716,15,1,0.2
6906,2717,5,2,0
6907,2718,24,3,0.2
6908,2718,11,3,0
6909,2718,13,1,0.15
6910,2719,2,3,0
6911,2719,4,1,0
6912,2719,9,3,0.1
6913,2720,1,3,0
6914,2720,19,1,0.15
6915,2720,10,3,0.15
6916,2721,24,3,0.1
6917,2721,5,2,0
6918,2721,15,1,0.2
6919,2722,5,3,0
6920,2722,15,2,0.1
6921,2722,8,3,0
6922,2723,4,2,0
6923,2723,9,2,0.1
6924,2723,23,2,0.1
6925,2724,6,2,0
6926,2724,23,3,0.15
6927,2724,18,3,0.1
6928,2725,1,2,0
6929,2725,3,2,0.15
6930,2726,8,2,0.2
6931,2727,20,1,0.1
6932,2727,16,2,0
6933,2728,9,1,0
6934,2728,9,1,0
6935,2728,11,1,0.2
6936,2729,6,2,0.1
6937,2730,5,1,0.1
6938,2730,10,1,0.15
6939,2730,16,2,0
6940,2730,16,1,0.2
6941,2731,15,1,0
6942,2731,12,1,0
6943,2731,1,3,0
6944,2731,17,1,0.2
6945,2732,14,1,0
6946,2732,3,3,0.15
6947,2733,24,1,0.15
6948,2734,17,1,0
6949,2735,16,3,0.15
6950,2736,9,1,0
6951,2736,22,3,0.2
6952,2736,21,2,0
6953,2736,7,2,0
6954,2737,20,2,0
6955,2738,6,2,0
6956,2738,9,1,0.2
6957,2739,20,3,0
6958,2740,13,1,0
6959,2741,6,2,0
6960,2741,16,3,0
6961,2741,19,3,0
6962,2741,16,1,0
6963,2742,20,1,0
6964,2742,5,2,0
6965,2742,19,3,0.2
6966,2742,6,2,0
6967,2743,2,2,0.1
6968,2743,19,3,0.2
6969,2744,3,1,0.15
6970,2744,15,2,0.15
6971,2745,4,3,0
6972,2746,15,2,0.1
6973,2746,2,1,0.2
6974,2747,16,2,0
6975,2747,1,1,0
6976,2747,7,2,0.1
6977,2748,19,2,0.2
6978,2748,8,3,0
6979,2749,24,3,0.15
6980,2750,8,1,0
6981,2750,4,1,0.15
6982,2750,3,3,0
6983,2750,7,2,0
6984,2751,3,1,0.15
6985,2752,24,1,0
6986,2752,5,2,0
6987,2753,22,2,0.15
6988,2753,24,1,0.2
6989,2753,12,1,0
6990,2753,19,1,0
6991,2754,16,2,0
6992,2754,3,2,0.15
6993,2754,3,2,0
6994,2755,13,2,0
6995,2755,12,3,0
6996,2756,14,2,0.1
6997,2756,13,3,0
6998,2756,6,2,0.2
6999,2757,19,1,0
7000,2757,12,2,0
7001,2757,5,2,0.2
7002,2757,6,3,0
7003,2758,12,2,0.15
7004,2758,15,3,0
7005,2759,2,3,0.2
7006,2759,7,2,0.15
7007,2759,20,2,0
7008,2759,3,1,0.1
7009,2760,19,3,0
7010,2760,6,1,0
7011,2761,9,1,0
7012,2761,1,1,0
7013,2761,1,3,0.2
7014,2762,23,3,0.1
7015,2763,11,3,0.2
7016,2763,24,2,0
7017,2764,9,2,0
7018,2764,21,3,0.1
7019,2764,12,3,0.1
7020,2764,19,3,0.2
7021,2765,21,3,0.2
7022,2765,2,3,0
7023,2766,13,3,0
7024,2766,19,2,0.2
7025,2766,17,2,0
7026,2767,16,1,0
7027,2767,8,1,0.15
7028,2767,4,2,0.15
7029,2767,1,3,0.1
7030,2768,12,1,0
7031,2768,20,1,0.2
7032,2768,6,2,0.1
7033,2769,15,2,0
7034,2769,7,2,0
7035,2770,20,3,0.1
7036,2770,7,2,0
7037,2770,18,2,0
7038,2771,19,3,0
7039,2772,10,2,0.1
7040,2773,6,3,0.15
7041,2773,22,2,0
7042,2773,22,1,0
7043,2773,14,2,0
7044,2774,5,3,0.2
7045,2774,24,3,0.15
7046,2775,7,1,0
7047,2776,17,2,0.1
7048,2777,23,1,0.1
7049,2777,7,3,0
7050,2777,14,3,0
7051,2777,15,2,0.15
7052,2778,2,1,0.1
7053,2779,10,1,0
7054,2779,20,3,0.1
7055,2779,2,1,0.15
7056,2779,7,1,0
7057,2780,18,1,0.1
7058,2781,15,1,0
7059,2781,16,1,0
7060,2782,24,1,0
7061,2782,23,2,0.15
7062,2783,11,1,0.2
7063,2784,24,2,0.15
7064,2785,13,2,0.1
7065,2786,4,2,0.15
7066,2787,8,1,0.15
7067,2787,5,3,0
7068,2787,12,1,0.15
7069,2787,13,2,0
7070,2788,4,2,0.1
7071,2788,5,1,0
7072,2788,16,1,0
7073,2788,11,2,0
7074,2789,6,3,0
7075,2790,11,2,0.2
7076,2790,17,1,0
7077,2791,1,1,0
7078,2791,5,2,0.2
7079,2791,5,2,0
7080,2792,21,2,0
7081,2792,17,2,0.1
7082,2792,4,3,0
7083,2792,5,1,0
7084,2793,1,1,0
7085,2793,17,2,0.1
7086,2794,10,3,0
7087,2794,6,3,0.2
7088,2794,16,3,0
7089,2795,20,2,0
7090,2795,2,3,0.15
7091,2795,13,2,0.1
7092,2796,2,3,0
7093,2796,23,3,0.1
7094,2796,21,2,0.15
7095,2796,20,1,0.2
7096,2797,10,3,0
7097,2797,9,2,0.2
7098,2797,17,2,0.2
7099,2797,10,2,0
7100,2798,4,2,0
7101,2798,9,1,0.1
7102,2798,17,3,0.15
7103,2798,7,3,0
7104,2799,6,2,0.1
7105,2799,14,2,0
7106,2800,10,3,0
7107,2800,14,3,0
7108,2800,11,3,0
7109,2800,21,1,0
7110,2801,10,1,0.1
7111,2802,12,1,0.15
7112,2802,18,1,0
7113,2802,5,1,0
7114,2803,13,2,0.15
7115,2803,6,1,0.15
7116,2803,20,3,0.1
7117,2804,20,3,0
7118,2804,22,1,0
7119,2804,23,3,0.15
7120,2805,21,2,0
7121,2805,20,1,0
7122,2805,22,2,0.1
7123,2805,1,1,0
7124,2806,21,2,0
7125,2807,18,1,0
7126,2807,12,3,0.1
7127,2808,13,1,0.15
7128,2809,24,3,0
7129,2809,4,2,0
7130,2809,2,3,0.15
7131,2809,18,1,0
7132,2810,1,1,0
7133,2810,15,2,0
7134,2811,19,2,0
7135,2811,15,3,0.1
7136,2811,21,1,0.15
7137,2811,1,3,0.15
7138,2812,15,2,0.2
7139,2812,8,3,0.2
7140,2812,4,1,0
7141,2812,8,1,0.2
7142,2813,3,2,0
7143,2813,9,1,0.1
7144,2813,24,2,0
7145,2813,19,1,0
7146,2814,4,2,0
7147,2814,17,3,0
7148,2814,24,3,0.2
7149,2814,3,2,0.1
7150,2815,10,1,0
7151,2815,18,2,0.2
7152,2815,16,2,0
7153,2816,5,3,0.15
7154,2816,16,1,0.2
7155,2816,10,2,0.15
7156,2817,6,2,0
7157,2817,12,3,0
7158,2818,1,1,0
7159,2819,16,2,0.15
7160,2820,24,2,0.1
7161,2821,24,2,0.15
7162,2821,6,1,0
7163,2822,2,3,0.2
7164,2823,7,3,0
7165,2823,22,1,0.2
7166,2823,12,2,0.2
7167,2824,4,1,0
7168,2824,6,2,0
7169,2825,8,1,0.2
7170,2826,8,3,0
7171,2826,12,3,0
7172,2826,14,1,0
7173,2826,19,3,0
7174,2827,10,1,0.15
7175,2827,16,3,0.1
7176,2827,3,2,0
7177,2828,12,3,0.2
7178,2828,17,3,0.15
7179,2829,18,1,0
7180,2829,14,1,0.2
7181,2829,16,1,0.15
7182,2830,4,2,0
7183,2830,5,1,0.2
7184,2831,18,2,0
7185,2831,22,3,0.1
7186,2831,16,2,0
7187,2831,11,1,0.1
7188,2832,24,2,0
7189,2832,13,2,0.15
7190,2832,19,1,0.2
7191,2832,21,1,0.2
7192,2833,19,2,0
7193,2833,3,2,0
7194,2833,19,1,0
7195,2834,21,3,0.15
7196,2834,11,2,0
7197,2834,6,2,0.2
7198,2834,5,1,0.15
7199,2835,23,1,0.1
7200,2836,18,2,0
7201,2837,13,1,0
7202,2837,23,1,0.1
7203,2837,24,1,0.15
7204,2838,17,2,0.2
7205,2838,11,2,0
7206,2838,7,1,0
7207,2839,24,2,0.1
7208,2839,10,1,0.2
7209,2839,10,2,0.2
7210,2839,12,1,0.15
7211,2840,12,1,0
7212,2840,23,2,0
7213,2841,13,1,0.1
7214,2841,2,1,0
7215,2841,1,2,0.2
7216,2841,13,2,0.1
7217,2842,1,3,0
7218,2842,23,1,0.1
7219,2842,3,1,0.1
7220,2843,5,2,0
7221,2843,16,2,0
7222,2844,1,3,0
7223,2844,7,3,0.1
7224,2844,17,2,0.15
7225,2845,2,1,0
7226,2845,3,3,0.2
7227,2845,22,1,0
7228,2845,17,2,0
7229,2846,19,1,0.2
7230,2847,19,1,0.15
7231,2848,20,3,0.1
7232,2849,4,3,0
7233,2850,4,3,0
7234,2851,24,1,0
7235,2851,14,1,0
7236,2851,20,1,0
7237,2852,13,2,0
7238,2853,3,1,0
7239,2853,20,2,0
7240,2854,22,2,0
7241,2854,12,2,0.15
7242,2854,8,2,0.1
7243,2854,22,2,0
7244,2855,14,3,0
7245,2855,4,2,0
7246,2855,20,1,0.1
7247,2855,6,2,0
7248,2856,6,3,0
7249,2856,24,1,0
7250,2856,4,1,0
7251,2856,1,1,0
7252,2857,21,3,0.1
7253,2857,11,2,0
7254,2857,21,3,0
7255,2857,14,3,0
7256,2858,7,3,0.15
7257,2858,22,1,0
7258,2858,5,2,0
7259,2858,17,3,0.1
7260,2859,2,1,0
7261,2859,11,1,0
7262,2859,10,3,0.1
7263,2860,23,2,0.15
7264,2860,19,2,0.2
7265,2860,24,1,0.15
7266,2861,3,1,0
7267,2861,3,1,0
7268,2861,24,1,0.2
7269,2861,17,3,0.2
7270,2862,12,2,0
7271,2862,20,3,0.2
7272,2862,20,2,0.1
7273,2862,13,2,0.1
7274,2863,16,3,0
7275,2863,8,3,0
7276,2863,7,2,0.1
7277,2863,22,2,0.1
7278,2864,7,3,0.1
7279,2864,4,3,0
7280,2864,17,1,0.2
7281,2865,2,3,0.2
7282,2865,8,2,0.2
7283,2865,17,1,0.1
7284,2866,22,3,0
7285,2866,2,1,0
7286,2867,23,2,0
7287,2867,17,2,0.1
7288,2867,17,3,0.1
7289,2867,23,3,0.15
7290,2868,17,3,0.2
7291,2868,24,2,0.15
7292,2868,24,2,0.1
7293,2869,15,3,0
7294,2870,19,3,0
7295,2870,8,3,0.2
7296,2870,19,2,0
7297,2870,1,3,0.2
7298,2871,5,2,0.2
7299,2871,17,2,0.1
7300,2872,5,1,0
7301,2872,8,1,0.1
7302,2872,11,1,0.2
7303,2873,9,1,0
7304,2873,9,1,0
7305,2874,8,1,0
7306,2875,14,1,0
7307,2875,23,3,0.15
7308,2875,14,3,0
7309,2875,1,3,0
7310,2876,23,3,0.1
7311,2876,2,2,0
7312,2877,3,1,0.2
7313,2877,19,2,0.1
7314,2877,16,2,0
7315,2877,4,3,0
7316,2878,9,3,0
7317,2879,22,2,0.15
7318,2879,21,3,0.15
7319,2880,6,1,0
7320,2881,2,1,0
7321,2881,9,1,0.2
7322,2881,15,1,0
7323,2882,24,1,0
7324,2882,3,1,0
7325,2882,21,1,0
7326,2882,3,2,0.2
7327,2883,13,1,0
7328,2883,16,2,0.15
7329,2883,22,3,0.2
7330,2883,10,3,0
7331,2884,4,2,0
7332,2885,23,2,0
7333,2886,22,3,0.1
7334,2886,8,1,0
7335,2886,5,2,0.2
7336,2886,2,3,0.2
7337,2887,23,3,0.2
7338,2887,11,1,0.15
7339,2887,13,2,0
7340,2887,16,1,0
7341,2888,17,2,0
7342,2888,7,2,0.15
7343,2888,12,3,0.1
7344,2888,15,1,0.2
7345,2889,23,3,0.15
7346,2889,3,2,0.1
7347,2890,21,1,0
7348,2890,5,1,0.2
7349,2890,15,3,0.1
7350,2890,6,3,0
7351,2891,7,1,0.2
7352,2891,1,1,0.15
7353,2891,18,2,0.15
7354,2892,14,2,0.15
7355,2892,10,3,0.15
7356,2892,3,3,0.15
7357,2893,20,3,0.15
7358,2893,16,3,0
7359,2893,20,3,0
7360,2894,6,2,0.15
7361,2894,13,3,0.1
7362,2895,24,2,0.15
7363,2895,12,2,0
7364,2895,16,3,0.2
7365,2896,9,3,0.1
7366,2896,10,1,0
7367,2897,12,2,0
7368,2897,1,2,0
7369,2898,23,2,0.2
7370,2898,1,3,0
7371,2899,8,1,0
7372,2899,19,1,0.2
7373,2899,14,2,0
7374,2899,5,3,0
7375,2900,22,3,0
7376,2900,16,1,0
7377,2901,9,1,0.2
7378,2901,15,3,0.15
7379,2901,8,3,0.15
7380,2901,13,3,0.1
7381,2902,20,1,0
7382,2902,17,1,0.2
7383,2903,18,3,0.1
7384,2903,17,3,0.15
7385,2904,18,3,0.1
7386,2904,18,1,0.1
7387,2905,16,3,0.15
7388,2906,8,3,0.2
7389,2906,12,1,0
7390,2906,19,3,0.15
7391,2906,1,2,0.15
7392,2907,7,2,0
7393,2907,20,3,0.2
7394,2908,14,3,0.2
7395,2908,14,1,0.15
7396,2909,24,2,0.15
7397,2909,14,2,0.2
7398,2909,23,1,0.2
7399,2909,20,2,0
7400,2910,21,3,0.1
7401,2910,9,2,0.15
7402,2910,19,3,0
7403,2911,2,3,0.1
7404,2911,6,2,0
7405,2911,13,1,0
7406,2912,16,1,0.1
7407,2912,12,1,0.15
7408,2912,18,2,0.15
7409,2912,4,3,0.15
7410,2913,19,2,0
7411,2913,13,1,0
7412,2914,20,3,0
7413,2914,16,1,0.1
7414,2915,5,3,0.2
7415,2915,23,2,0
7416,2915,17,3,0.2
7417,2915,23,2,0.15
7418,2916,14,3,0.2
7419,2916,19,1,0.2
7420,2916,9,3,0
7421,2916,23,1,0
7422,2917,24,1,0
7423,2917,24,3,0.1
7424,2917,12,2,0
7425,2917,10,2,0
7426,2918,4,3,0
7427,2918,16,2,0.2
7428,2918,19,3,0.2
7429,2918,15,2,0
7430,2919,24,3,0
7431,2919,11,1,0
7432,2919,2,1,0
7433,2919,16,1,0
7434,2920,14,3,0.1
7435,2920,23,2,0.2
7436,2920,19,1,0.15
7437,2920,23,1,0
7438,2921,21,3,0.2
7439,2921,1,1,0.1
7440,2921,17,1,0
7441,2921,2,2,0
7442,2922,12,2,0.15
7443,2923,5,2,0
7444,2923,11,2,0.1
7445,2924,24,3,0.15
7446,2924,10,2,0
7447,2924,7,3,0.15
7448,2925,19,3,0
7449,2925,7,1,0
7450,2925,18,1,0
7451,2925,14,3,0
7452,2926,20,2,0.2
7453,2926,3,1,0.1
7454,2926,7,2,0
7455,2926,21,1,0
7456,2927,3,2,0
7457,2928,17,1,0
7458,2928,9,2,0
7459,2929,5,3,0.15
7460,2929,8,1,0.2
7461,2929,6,3,0
7462,2929,2,2,0
7463,2930,18,1,0.2
7464,2931,9,3,0.2
7465,2932,11,2,0.15
7466,2932,18,1,0.15
7467,2932,9,2,0
7468,2932,20,1,0.15
7469,2933,15,1,0.15
7470,2933,6,2,0.2
7471,2933,2,3,0
7472,2934,11,2,0.1
7473,2935,12,2,0
7474,2936,4,2,0
7475,2936,4,1,0.2
7476,2936,24,1,0
7477,2936,2,2,0.1
7478,2937,12,1,0
7479,2938,23,2,0.1
7480,2938,11,2,0.15
7481,2938,19,1,0.1
7482,2939,16,2,0
7483,2939,15,1,0.15
7484,2939,19,1,0.2
7485,2940,1,3,0
7486,2940,1,1,0.1
7487,2940,14,2,0.1
7488,2940,3,2,0
7489,2941,3,3,0.15
7490,2942,8,2,0.1
7491,2942,7,3,0.15
7492,2943,1,3,0.15
7493,2943,8,1,0
7494,2944,7,2,0.1
7495,2945,9,3,0
7496,2945,12,2,0
7497,2945,13,3,0.1
7498,2945,14,3,0
7499,2946,2,1,0.2
7500,2947,18,1,0
7501,2947,16,2,0
7502,2948,15,3,0
7503,2948,18,3,0
7504,2948,16,2,0.15
7505,2949,10,3,0.15
7506,2950,10,2,0.1
7507,2951,9,1,0.1
7508,2951,3,1,0
7509,2951,14,2,0.1
7510,2952,10,2,0.2
7511,2952,11,1,0.2
7512,2952,22,2,0
7513,2953,20,3,0
7514,2953,20,3,0
7515,2953,6,3,0
7516,2954,18,1,0.1
7517,2954,6,1,0.1
7518,2955,17,3,0.1
7519,2956,13,1,0.2
7520,2956,11,3,0
7521,2957,3,3,0
7522,2957,3,3,0
7523,2957,12,2,0
7524,2958,16,3,0
7525,2958,16,1,0
7526,2959,15,1,0.2
7527,2959,6,1,0.15
7528,2960,3,3,0.2
7529,2960,14,3,0
7530,2960,6,2,0.15
7531,2960,18,2,0.2
7532,2961,22,1,0
7533,2961,7,3,0.2
7534,2961,11,3,0.2
7535,2962,15,2,0
7536,2962,15,1,0.15
7537,2962,16,1,0.15
7538,2963,11,2,0.1
7539,2963,19,3,0
7540,2963,13,1,0.15
7541,2963,8,3,0
7542,2964,20,2,0
7543,2965,10,1,0
7544,2965,5,3,0.1
7545,2966,3,3,0.1
7546,2966,2,3,0.2
7547,2966,13,2,0.15
7548,2966,4,2,0
7549,2967,6,1,0
7550,2967,12,2,0.15
7551,2967,4,2,0.1
7552,2968,3,2,0.1
7553,2968,8,1,0.1
7554,2968,14,3,0
7555,2969,21,2,0.15
7556,2970,16,3,0
7557,2970,22,2,0
7558,2970,4,2,0.15
7559,2971,11,3,0
7560,2971,18,2,0
7561,2971,13,3,0
7562,2972,24,1,0.15
7563,2972,2,3,0
7564,2972,8,3,0.15
7565,2972,3,2,0.15
7566,2973,7,3,0
7567,2973,20,3,0
7568,2974,9,2,0
7569,2974,1,1,0
7570,2974,22,1,0.1
7571,2974,22,1,0
7572,2975,17,1,0.15
7573,2976,21,2,0
7574,2976,23,1,0.1
7575,2976,6,1,0
7576,2976,16,1,0.1
7577,2977,5,3,0.1
7578,2977,2,2,0.15
7579,2978,5,1,0.1
7580,2978,22,2,0
7581,2978,19,1,0
7582,2979,19,2,0
7583,2979,10,2,0
7584,2980,10,1,0.1
7585,2980,2,3,0.1
7586,2980,2,3,0
7587,2980,20,3,0.15
7588,2981,23,2,0
7589,2982,10,1,0
7590,2982,20,3,0
7591,2982,23,1,0.1
7592,2982,12,2,0
7593,2983,23,2,0
7594,2983,6,2,0
7595,2984,6,1,0.15
7596,2984,9,1,0
7597,2985,19,2,0
7598,2985,18,3,0
7599,2985,5,2,0
7600,2986,20,2,0.15
7601,2986,15,2,0
7602,2987,14,1,0.15
7603,2987,7,2,0.1
7604,2987,14,2,0
7605,2988,3,1,0
7606,2989,12,1,0.2
7607,2989,22,2,0
7608,2989,3,2,0
7609,2989,24,3,0
7610,2990,15,2,0.15
7611,2990,17,3,0.2
7612,2990,21,1,0.15
7613,2991,12,1,0
7614,2991,10,1,0
7615,2992,11,1,0
7616,2992,12,1,0.1
7617,2993,1,2,0.15
7618,2993,24,3,0.2
7619,2993,19,3,0.2
7620,2993,5,3,0
7621,2994,14,1,0
7622,2994,18,1,0.2
7623,2994,3,1,0
7624,2995,7,3,0
7625,2995,12,1,0
7626,2996,5,1,0
7627,2996,18,2,0
7628,2997,8,3,0
7629,2997,14,3,0.2
7630,2997,5,1,0
7631,2997,9,2,0
7632,2998,11,1,0.15
7633,2998,13,2,0.15
7634,2998,15,2,0.15
7635,2999,22,1,0.2
7636,3000,18,2,0
7637,3000,7,1,0.2
7638,3000,22,2,0
7639,3000,11,2,0
7640,3001,24,3,0.2
7641,3001,7,1,0
7642,3001,11,2,0
7643,3001,19,2,0
7644,3002,11,2,0
7645,3002,15,3,0.2
7646,3002,16,2,0.2
7647,3003,7,2,0.1
7648,3003,10,1,0.2
7649,3004,17,3,0
7650,3004,20,3,0
7651,3004,1,2,0.2
7652,3004,18,2,0.1
7653,3005,22,3,0
7654,3005,19,3,0
7655,3006,9,2,0
7656,3006,6,1,0.2
7657,3006,3,3,0.2
7658,3006,22,1,0
7659,3007,11,3,0.1
7660,3007,7,2,0
7661,3007,11,1,0
7662,3007,6,2,0
7663,3008,14,2,0.15
7664,3008,14,3,0
7665,3008,18,3,0
7666,3008,7,1,0
7667,3009,12,1,0
7668,3009,23,3,0
7669,3009,15,1,0.15
7670,3009,13,3,0
7671,3010,11,2,0.1
7672,3011,22,1,0.1
7673,3012,18,2,0.15
7674,3012,15,3,0
7675,3012,11,3,0
7676,3013,19,2,0
7677,3013,6,3,0
7678,3013,6,2,0.2
7679,3014,5,3,0
7680,3014,20,3,0
7681,3014,18,1,0.2
7682,3014,9,1,0.2
7683,3015,11,1,0
7684,3016,18,2,0
7685,3017,21,2,0.2
7686,3017,6,3,0.2
7687,3017,13,1,0.1
7688,3017,9,1,0
7689,3018,23,2,0.2
7690,3018,8,3,0.15
7691,3018,24,1,0
7692,3019,10,1,0
7693,3020,5,2,0.2
7694,3020,8,3,0.2
7695,3020,23,3,0.1
7696,3021,14,3,0
7697,3021,1,3,0
7698,3021,18,3,0.15
7699,3021,4,1,0
7700,3022,9,1,0.15
7701,3023,20,2,0.15
7702,3024,4,3,0
7703,3024,20,1,0
7704,3024,16,2,0.2
7705,3025,7,1,0.1
7706,3025,20,2,0
7707,3025,18,2,0
7708,3026,12,3,0.1
7709,3026,6,2,0
7710,3026,15,1,0.1
7711,3026,5,1,0.2
7712,3027,7,1,0
7713,3028,15,2,0
7714,3028,7,1,0
7715,3028,4,2,0
7716,3029,6,1,0.1
7717,3029,21,2,0
7718,3029,3,2,0
7719,3030,7,3,0.2
7720,3031,12,2,0.2
7721,3032,16,1,0
7722,3032,13,2,0.1
7723,3032,23,1,0
7724,3032,3,3,0
7725,3033,7,1,0
7726,3033,22,1,0
7727,3034,20,3,0
7728,3034,23,2,0.15
7729,3034,14,2,0.1
7730,3034,15,2,0.15
7731,3035,22,3,0.1
7732,3036,10,1,0
7733,3036,7,3,0.2
7734,3036,21,1,0
7735,3036,9,1,0
7736,3037,15,2,0
7737,3038,7,3,0
7738,3039,5,2,0.15
7739,3039,21,2,0
7740,3039,14,2,0
7741,3040,9,3,0
7742,3040,10,1,0.1
7743,3040,16,2,0.15
7744,3040,21,2,0.15
7745,3041,21,1,0.1
7746,3041,20,3,0.1
7747,3041,23,1,0
7748,3041,3,3,0
7749,3042,4,2,0
7750,3042,6,3,0.1
7751,3043,3,2,0.15
7752,3043,10,3,0
7753,3043,18,2,0
7754,3043,10,3,0.1
7755,3044,7,3,0
7756,3045,1,2,0.15
7757,3045,6,1,0.15
7758,3045,15,3,0
7759,3045,23,2,0
7760,3046,13,1,0.2
7761,3046,12,3,0
7762,3046,20,1,0
7763,3046,24,2,0.1
7764,3047,2,2,0.15
7765,3047,1,1,0
7766,3047,23,1,0
7767,3048,3,1,0
7768,3049,8,3,0.2
7769,3049,12,3,0.15
7770,3050,19,3,0
7771,3050,2,2,0
7772,3051,24,3,0
7773,3051,8,1,0.15
7774,3051,18,3,0.2
7775,3052,21,3,0.15
7776,3052,16,3,0.1
7777,3053,20,1,0.1
7778,3053,18,2,0.1
7779,3053,15,3,0
7780,3053,8,2,0
7781,3054,14,2,0
7782,3054,10,2,0.2
7783,3054,9,3,0.1
7784,3054,11,2,0
7785,3055,13,3,0
7786,3056,19,3,0.2
7787,3056,4,3,0.15
7788,3056,23,2,0
7789,3057,7,1,0
7790,3058,10,1,0.15
7791,3059,19,2,0
7792,3059,7,1,0.2
7793,3059,11,1,0.1
7794,3059,9,3,0
7795,3060,15,1,0.15
7796,3060,6,3,0.15
7797,3061,21,2,0
7798,3061,14,1,0.2
7799,3061,13,3,0
7800,3062,2,3,0.2
7801,3062,17,2,0
7802,3062,21,3,0.1
7803,3063,1,3,0
7804,3063,16,3,0.2
7805,3063,10,1,0
7806,3063,8,2,0.1
7807,3064,20,2,0
7808,3064,23,2,0
7809,3064,12,3,0
7810,3065,16,3,0
7811,3065,4,2,0
7812,3065,9,3,0.1
7813,3066,7,1,0.2
7814,3067,6,3,0.2
7815,3068,22,1,0
7816,3068,18,2,0.15
7817,3068,3,1,0
7818,3069,8,2,0.2
7819,3069,19,2,0.15
7820,3069,6,3,0.15
7821,3070,5,3,0
7822,3071,13,2,0
7823,3071,5,2,0
7824,3071,13,3,0.15
7825,3071,6,2,0.15
7826,3072,17,3,0.1
7827,3072,3,3,0
7828,3072,20,1,0.15
7829,3072,8,2,0.1
7830,3073,1,3,0.2
7831,3074,6,3,0
7832,3075,17,1,0
7833,3075,21,1,0.2
7834,3075,10,3,0
7835,3076,18,3,0.15
7836,3076,10,1,0
7837,3076,19,2,0
7838,3076,10,3,0
7839,3077,17,3,0.2
7840,3077,20,1,0
7841,3077,9,2,0
7842,3077,2,2,0
7843,3078,7,1,0.1
7844,3079,13,3,0
7845,3080,14,2,0.2
7846,3080,18,3,0
7847,3080,21,1,0.15
7848,3081,17,1,0.15
7849,3082,9,2,0
7850,3082,11,2,0.1
7851,3082,5,2,0.1
7852,3083,7,3,0.1
7853,3083,5,1,0.2
7854,3083,19,1,0.1
7855,3083,1,3,0
7856,3084,24,3,0
7857,3084,7,1,0.15
7858,3084,1,1,0.1
7859,3084,2,3,0.1
7860,3085,15,1,0
7861,3085,23,3,0
7862,3086,24,3,0.2
7863,3086,2,2,0.1
7864,3086,2,2,0.2
7865,3087,11,2,0
7866,3087,13,3,0
7867,3087,4,3,0.1
7868,3087,11,2,0.1
7869,3088,3,1,0
7870,3089,23,2,0.2
7871,3090,16,3,0.15
7872,3090,6,2,0
7873,3090,12,3,0
7874,3090,5,2,0.1
7875,3091,7,2,0.15
7876,3091,21,3,0.2
7877,3092,17,2,0.2
7878,3093,1,2,0
7879,3093,9,1,0
7880,3094,7,1,0
7881,3094,23,3,0
7882,3094,3,3,0
7883,3095,1,3,0
7884,3095,9,1,0
7885,3096,18,2,0.2
7886,3096,22,3,0.2
7887,3096,1,1,0
7888,3097,5,2,0.1
7889,3098,20,2,0.15
7890,3099,9,2,0
7891,3100,17,1,0.15
7892,3101,13,1,0.1
7893,3101,19,2,0
7894,3102,3,2,0.2
7895,3102,15,2,0
7896,3102,20,2,0.2
7897,3102,22,3,0.2
7898,3103,20,1,0
7899,3103,9,3,0.15
7900,3103,21,3,0.1
7901,3103,18,3,0.2
7902,3104,9,2,0
7903,3104,15,2,0
7904,3105,11,2,0
7905,3105,11,2,0
7906,3105,9,2,0.15
7907,3105,3,3,0.2
7908,3106,15,3,0.15
7909,3106,23,2,0
7910,3106,4,1,0.15
7911,3106,4,3,0
7912,3107,10,1,0
7913,3108,7,3,0.2
7914,3108,6,3,0.2
7915,3108,3,2,0
7916,3109,22,3,0
7917,3109,12,2,0
7918,3109,7,2,0.2
7919,3109,6,2,0
7920,3110,10,2,0
7921,3110,10,2,0.2
7922,3111,3,3,0
7923,3111,20,2,0
7924,3112,15,3,0.2
7925,3112,7,1,0.1
7926,3112,19,1,0.15
7927,3112,20,1,0.2
7928,3113,13,2,0.1
7929,3113,3,2,0
7930,3113,20,3,0
7931,3114,13,3,0
7932,3114,11,2,0.2
7933,3114,13,1,0
7934,3115,5,3,0
7935,3116,12,1,0
7936,3116,2,2,0
7937,3116,9,1,0
7938,3117,2,2,0.2
7939,3117,15,1,0.1
7940,3118,1,1,0
7941,3118,15,2,0.15
7942,3119,11,1,0.1
7943,3120,23,3,0
7944,3120,22,2,0
7945,3120,1,3,0
7946,3120,5,3,0
7947,3121,8,3,0.1
7948,3121,16,2,0.1
7949,3122,13,3,0
7950,3122,7,1,0
7951,3122,4,2,0.15
7952,3122,10,1,0.1
7953,3123,16,2,0
7954,3124,17,2,0.2
7955,3124,24,2,0.15
7956,3124,12,2,0
7957,3125,5,2,0.15
7958,3125,8,2,0.1
7959,3125,18,3,0
7960,3126,3,2,0
7961,3126,5,1,0.2
7962,3126,17,2,0
7963,3127,8,2,0.2
7964,3127,3,2,0
7965,3127,18,2,0.2
7966,3127,16,2,0
7967,3128,22,3,0
7968,3128,1,1,0
7969,3128,17,3,0.1
7970,3128,6,2,0.1
7971,3129,22,3,0.15
7972,3129,17,3,0.1
7973,3129,15,3,0.2
7974,3129,10,3,0
7975,3130,16,3,0
7976,3130,13,1,0
7977,3130,3,2,0
7978,3131,11,1,0
7979,3131,8,1,0
7980,3131,3,2,0
7981,3131,22,1,0.2
7982,3132,20,1,0.15
7983,3132,24,3,0.1
7984,3132,22,3,0.1
7985,3132,11,1,0.2
7986,3133,16,1,0.2
7987,3134,4,3,0
7988,3135,3,3,0
7989,3135,9,2,0
7990,3135,11,1,0.2
7991,3136,18,2,0
7992,3136,11,1,0.1
7993,3136,18,1,0
7994,3136,1,1,0
7995,3137,21,1,0.15
7996,3137,2,1,0
7997,3138,24,3,0
7998,3139,12,2,0.2
7999,3139,16,1,0
8000,3139,22,3,0
8001,3140,7,1,0.2
8002,3141,14,2,0.15
8003,3141,24,2,0.15
8004,3142,17,2,0.1
8005,3143,19,2,0
8006,3143,17,2,0
8007,3144,15,1,0.2
8008,3144,5,2,0
8009,3145,20,1,0.1
8010,3146,17,1,0
8011,3146,14,1,0.1
8012,3146,10,2,0.2
8013,3146,11,3,0.15
8014,3147,9,2,0.1
8015,3147,8,1,0
8016,3147,24,3,0.2
8017,3148,15,2,0.15
8018,3148,8,3,0.15
8019,3149,5,1,0
8020,3150,5,3,0.2
8021,3151,2,2,0
8022,3151,4,3,0.1
8023,3151,22,2,0
8024,3152,16,2,0
8025,3152,3,3,0
8026,3152,2,1,0
8027,3152,6,3,0.1
8028,3153,17,3,0
8029,3153,8,1,0.1
8030,3153,15,2,0.15
8031,3153,10,2,0
8032,3154,5,1,0
8033,3154,18,3,0
8034,3155,8,1,0.2
8035,3155,12,3,0
8036,3155,18,1,0
8037,3155,20,2,0.2
8038,3156,18,1,0
8039,3156,9,1,0
8040,3156,5,3,0.2
8041,3156,3,1,0
8042,3157,24,3,0
8043,3157,23,1,0
8044,3158,15,1,0.2
8045,3158,14,2,0
8046,3158,15,2,0.15
8047,3159,10,2,0.2
8048,3159,11,2,0.2
8049,3160,3,1,0
8050,3160,4,2,0.2
8051,3160,14,3,0.1
8052,3160,7,1,0.2
8053,3161,11,3,0.2
8054,3161,14,1,0.15
8055,3161,9,2,0.15
8056,3162,19,1,0
8057,3163,5,2,0
8058,3163,22,1,0.2
8059,3163,16,2,0
8060,3163,6,2,0.2
8061,3164,24,1,0
8062,3165,16,1,0.1
8063,3166,19,2,0
8064,3166,13,3,0.15
8065,3166,11,3,0.2
8066,3167,19,2,0.2
8067,3168,12,2,0
8068,3168,7,3,0
8069,3169,17,2,0
8070,3170,6,1,0
8071,3170,12,1,0
8072,3171,13,1,0.15
8073,3171,19,3,0
8074,3171,10,2,0.1
8075,3172,3,2,0.1
8076,3173,19,3,0.2
8077,3173,4,1,0.1
8078,3173,7,3,0
8079,3174,17,3,0.2
8080,3174,24,3,0
8081,3174,15,3,0.1
8082,3174,2,1,0.1
8083,3175,12,1,0
8084,3175,23,2,0
8085,3176,24,2,0
8086,3176,23,3,0.2
8087,3177,22,2,0.15
8088,3178,14,2,0.1
8089,3178,18,2,0.1
8090,3178,15,2,0.2
8091,3179,9,1,0.2
8092,3180,23,1,0
8093,3181,17,2,0.1
8094,3181,24,1,0
8095,3181,16,1,0.15
8096,3181,6,1,0
8097,3182,8,2,0.1
8098,3182,6,3,0.2
8099,3183,11,1,0
8100,3183,11,2,0
8101,3183,16,2,0.1
8102,3184,3,1,0.2
8103,3184,21,1,0
8104,3184,1,2,0.15
8105,3184,3,1,0.15
8106,3185,20,1,0.15
8107,3185,7,3,0
8108,3185,10,3,0.2
8109,3185,19,1,0
8110,3186,8,1,0
8111,3186,23,2,0.2
8112,3186,12,3,0.15
8113,3186,2,3,0
8114,3187,11,1,0.2
8115,3187,7,1,0.15
8116,3187,8,3,0.2
8117,3187,18,1,0
8118,3188,9,2,0.15
8119,3188,21,2,0
8120,3188,4,3,0
8121,3189,4,3,0
8122,3189,6,3,0
8123,3189,6,2,0.2
8124,3190,15,1,0
8125,3190,16,3,0
8126,3190,3,1,0.1
8127,3190,12,1,0.1
8128,3191,3,1,0.1
8129,3191,19,1,0
8130,3191,21,1,0.15
8131,3191,5,2,0
8132,3192,14,3,0
8133,3193,1,3,0
8134,3193,13,2,0
8135,3193,3,3,0.15
8136,3193,6,3,0.15
8137,3194,11,3,0.1
8138,3194,10,1,0
8139,3194,18,1,0
8140,3194,19,2,0
8141,3195,9,3,0
8142,3196,17,3,0.1
8143,3197,7,2,0
8144,3197,22,2,0.15
8145,3197,13,2,0.2
8146,3197,22,1,0
8147,3198,11,2,0.15
8148,3198,8,1,0
8149,3199,12,2,0.2
8150,3199,8,2,0.2
8151,3199,10,3,0
8152,3199,24,1,0.15
8153,3200,3,3,0
8154,3200,15,3,0
8155,3201,17,1,0
8156,3201,2,2,0.15
8157,3201,22,3,0
8158,3201,5,3,0
8159,3202,16,2,0.2
8160,3203,2,2,0
8161,3203,14,1,0.1
8162,3204,16,3,0.15
8163,3205,2,1,0
8164,3206,24,1,0
8165,3206,18,3,0
8166,3207,21,3,0
8167,3207,4,2,0.2
8168,3208,15,2,0
8169,3208,9,2,0
8170,3209,13,1,0.15
8171,3209,24,3,0
8172,3209,14,3,0.15
8173,3210,7,2,0
8174,3210,20,2,0
8175,3211,10,3,0.1
8176,3212,17,1,0
8177,3213,12,2,0
8178,3213,19,2,0.15
8179,3213,21,3,0.1
8180,3213,18,1,0
8181,3214,13,3,0.15
8182,3215,15,3,0
8183,3215,22,3,0.2
8184,3215,14,3,0.1
8185,3215,12,2,0
8186,3216,15,3,0
8187,3216,20,2,0.1
8188,3216,14,2,0
8189,3216,23,3,0.2
8190,3217,24,2,0.15
8191,3218,8,1,0.15
8192,3218,8,2,0.1
8193,3218,10,3,0
8194,3218,22,3,0
8195,3219,15,1,0.1
8196,3219,8,3,0.15
8197,3219,12,2,0.1
8198,3220,15,1,0
8199,3221,22,3,0.15
8200,3221,6,3,0.15
8201,3221,17,1,0
8202,3221,23,3,0
8203,3222,13,3,0
8204,3222,2,3,0.15
8205,3222,18,1,0.1
8206,3222,22,1,0.1
8207,3223,14,1,0
8208,3224,8,2,0
8209,3224,20,1,0.15
8210,3224,16,2,0.1
8211,3225,16,1,0
8212,3225,23,2,0
8213,3225,10,3,0.15
8214,3225,21,2,0.15
8215,3226,20,2,0
8216,3227,15,1,0
8217,3227,1,3,0.15
8218,3227,13,1,0.15
8219,3227,22,2,0
8220,3228,12,2,0.1
8221,3229,17,2,0
8222,3230,23,1,0.1
8223,3230,3,3,0.15
8224,3231,3,1,0
8225,3231,18,3,0.2
8226,3232,13,1,0.2
8227,3232,3,2,0
8228,3232,10,1,0.1
8229,3233,12,2,0
8230,3233,11,1,0
8231,3233,8,1,0
8232,3233,12,3,0
8233,3234,12,3,0.1
8234,3235,8,3,0.1
8235,3235,23,2,0.15
8236,3236,9,1,0
8237,3236,6,2,0.2
8238,3236,1,1,0.15
8239,3237,1,2,0.2
8240,3237,14,3,0.1
8241,3237,21,3,0.1
8242,3237,16,3,0.2
8243,3238,11,1,0
8244,3238,9,3,0.1
8245,3238,9,3,0
8246,3239,19,1,0.2
8247,3240,17,2,0
8248,3241,20,3,0
8249,3241,21,3,0.1
8250,3242,3,1,0
8251,3242,10,3,0.2
8252,3242,19,1,0
8253,3242,14,2,0
8254,3243,24,3,0.15
8255,3244,2,3,0
8256,3244,13,1,0
8257,3244,19,3,0.2
8258,3245,5,2,0.15
8259,3245,8,1,0.15
8260,3245,14,2,0.1
8261,3245,24,1,0
8262,3246,19,3,0
8263,3246,5,3,0.2
8264,3246,7,1,0
8265,3247,17,1,0.2
8266,3248,19,1,0.1
8267,3248,15,2,0
8268,3248,22,3,0.15
8269,3248,14,1,0.1
8270,3249,8,1,0.2
8271,3249,11,3,0
8272,3250,8,2,0.1
8273,3250,6,3,0.15
8274,3250,15,3,0
8275,3251,9,3,0.2
8276,3252,22,2,0
8277,3252,14,3,0
8278,3252,18,3,0.15
8279,3252,18,1,0
8280,3253,4,2,0
8281,3253,13,1,0.15
8282,3254,21,3,0.2
8283,3254,21,3,0.1
8284,3254,8,1,0.2
8285,3255,6,2,0
8286,3255,15,3,0.2
8287,3255,7,2,0.15
8288,3256,11,1,0.15
8289,3256,16,3,0
8290,3256,16,2,0.15
8291,3257,15,2,0
8292,3258,19,2,0.2
8293,3258,24,1,0.1
8294,3258,23,2,0
8295,3258,12,1,0
8296,3259,22,3,0
8297,3259,9,3,0
8298,3259,4,3,0.15
8299,3260,16,2,0
8300,3260,16,1,0.2
8301,3260,18,1,0.2
8302,3260,11,3,0.1
8303,3261,4,3,0.1
8304,3262,15,1,0
8305,3262,20,2,0.15
8306,3262,16,1,0
8307,3262,17,2,0.15
8308,3263,1,2,0.1
8309,3263,18,1,0.2
8310,3264,1,3,0.1
8311,3264,21,3,0
8312,3265,19,1,0
8313,3266,5,1,0.2
8314,3266,12,3,0
8315,3266,16,3,0
8316,3267,19,3,0
8317,3267,6,2,0
8318,3268,16,3,0.15
8319,3268,5,2,0.1
8320,3269,11,3,0.2
8321,3269,24,3,0
8322,3270,6,1,0
8323,3270,2,3,0
8324,3271,8,2,0.15
8325,3272,18,2,0
8326,3272,10,2,0
8327,3272,17,3,0.15
8328,3272,19,2,0.15
8329,3273,12,1,0
8330,3274,2,1,0.15
8331,3274,19,3,0.2
8332,3274,15,3,0
8333,3274,19,2,0
8334,3275,8,2,0
8335,3276,5,3,0
8336,3276,20,3,0.2
8337,3276,1,1,0
8338,3276,11,3,0.15
8339,3277,8,3,0
8340,3277,19,3,0.2
8341,3277,15,3,0.2
8342,3278,24,3,0.2
8343,3278,11,3,0.15
8344,3279,3,3,0
8345,3279,15,3,0.2
8346,3279,16,1,0
8347,3279,15,1,0.15
8348,3280,8,2,0
8349,3281,4,3,0.1
8350,3281,6,1,0
8351,3282,11,3,0.2
8352,3282,18,3,0.1
8353,3282,14,1,0
8354,3283,2,2,0
8355,3283,3,2,0
8356,3283,5,1,0
8357,3283,23,3,0.15
8358,3284,20,1,0.2
8359,3285,16,1,0
8360,3286,9,1,0
8361,3287,23,1,0.15
8362,3288,14,1,0.15
8363,3289,13,2,0
8364,3289,19,3,0
8365,3290,21,3,0.1
8366,3291,15,3,0
8367,3292,21,1,0
8368,3293,1,2,0.15
8369,3293,9,1,0.15
8370,3294,14,3,0
8371,3295,7,1,0
8372,3295,13,2,0.15
8373,3296,1,3,0
8374,3296,23,1,0.1
8375,3296,12,1,0
8376,3297,9,1,0.15
8377,3297,4,1,0.1
8378,3297,15,1,0
8379,3297,19,1,0.1
8380,3298,20,1,0
8381,3298,18,2,0
8382,3298,7,3,0.1
8383,3299,20,1,0
8384,3299,17,2,0.2
8385,3300,9,2,0.15
8386,3300,4,1,0.1
8387,3301,21,3,0.2
8388,3301,18,2,0.2
8389,3301,21,3,0
8390,3301,6,1,0
8391,3302,16,3,0.15
8392,3303,11,2,0.15
8393,3303,18,1,0
8394,3304,6,3,0.1
8395,3305,18,1,0.1
8396,3306,13,2,0.1
8397,3306,23,1,0
8398,3306,9,3,0
8399,3307,11,2,0
8400,3307,6,2,0
8401,3307,10,2,0.15
8402,3307,10,2,0.15
8403,3308,3,2,0.15
8404,3308,20,1,0
8405,3308,22,3,0
8406,3308,1,3,0.15
8407,3309,10,3,0.1
8408,3309,6,3,0.2
8409,3309,12,1,0
8410,3310,24,1,0.15
8411,3310,22,1,0.1
8412,3310,13,2,0.2
8413,3310,13,2,0
8414,3311,1,1,0
8415,3311,11,2,0.15
8416,3312,18,1,0
8417,3312,5,2,0
8418,3312,2,2,0.1
8419,3313,24,3,0
8420,3313,4,3,0
8421,3313,5,2,0
8422,3313,14,2,0
8423,3314,6,2,0
8424,3314,3,2,0.2
8425,3314,15,1,0.1
8426,3315,5,2,0
8427,3315,7,2,0.2
8428,3316,3,3,0.15
8429,3317,21,3,0
8430,3317,2,1,0
8431,3318,16,3,0
8432,3318,1,2,0
8433,3318,18,3,0
8434,3318,8,1,0
8435,3319,11,2,0
8436,3319,24,3,0.1
8437,3320,18,1,0
8438,3320,13,2,0.15
8439,3320,5,1,0
8440,3321,9,2,0.15
8441,3321,15,1,0.1
8442,3321,13,1,0.2
8443,3321,20,1,0.2
8444,3322,18,3,0.15
8445,3322,2,2,0
8446,3322,4,3,0
8447,3322,3,3,0
8448,3323,5,2,0
8449,3324,10,1,0.2
8450,3324,3,2,0.15
8451,3325,21,2,0.1
8452,3325,14,3,0.1
8453,3325,19,3,0.1
8454,3326,4,2,0
8455,3327,23,2,0.2
8456,3327,9,1,0.2
8457,3327,15,2,0.1
8458,3328,7,1,0
8459,3328,5,1,0
8460,3329,3,2,0.1
8461,3329,10,1,0
8462,3329,22,3,0
8463,3329,24,3,0
8464,3330,21,3,0
8465,3330,3,1,0
8466,3330,11,1,0.15
8467,3330,6,2,0
8468,3331,24,1,0.1
8469,3331,16,2,0.2
8470,3332,24,1,0.1
8471,3333,3,1,0
8472,3333,2,3,0
8473,3334,2,2,0
8474,3335,14,3,0.1
8475,3335,23,2,0
8476,3335,1,1,0.15
8477,3335,20,2,0
8478,3336,19,1,0.2
8479,3336,20,1,0
8480,3337,16,2,0.15
8481,3338,13,2,0
8482,3338,7,3,0
8483,3338,20,1,0.15
8484,3338,19,1,0
8485,3339,11,3,0
8486,3339,9,2,0
8487,3339,19,3,0.2
8488,3340,2,3,0.15
8489,3340,9,3,0.1
8490,3340,18,3,0
8491,3340,18,1,0
8492,3341,21,3,0
8493,3341,9,2,0.2
8494,3341,10,3,0
8495,3342,10,2,0
8496,3342,23,2,0
8497,3342,4,3,0
8498,3343,5,2,0.2
8499,3343,2,2,0
8500,3343,8,1,0.15
8501,3344,13,2,0.2
8502,3344,13,1,0
8503,3344,7,3,0.15
8504,3344,12,2,0
8505,3345,11,3,0.15
8506,3345,4,1,0.1
8507,3346,15,3,0.2
8508,3346,7,1,0.15
8509,3346,22,2,0.15
8510,3346,1,1,0.15
8511,3347,6,1,0.2
8512,3347,16,2,0
8513,3347,19,1,0.15
8514,3347,3,3,0.2
8515,3348,17,3,0
8516,3349,20,3,0
8517,3349,18,3,0
8518,3350,12,1,0.2
8519,3351,13,3,0.1
8520,3351,6,1,0.1
8521,3351,23,2,0
8522,3352,17,1,0
8523,3352,9,2,0.1
8524,3353,19,3,0.1
8525,3353,11,1,0.2
8526,3353,2,1,0
8527,3354,11,2,0
8528,3354,11,1,0
8529,3354,5,3,0
8530,3355,18,1,0
8531,3355,3,1,0
8532,3355,12,3,0
8533,3356,1,3,0.2
8534,3356,5,3,0
8535,3357,3,2,0.1
8536,3357,14,3,0.1
8537,3357,2,3,0.1
8538,3358,13,3,0.1
8539,3358,15,2,0
8540,3359,16,1,0
8541,3359,23,2,0.15
8542,3359,22,2,0
8543,3359,12,3,0.15
8544,3360,7,2,0
8545,3361,9,3,0
8546,3361,14,3,0
8547,3362,16,3,0
8548,3362,14,2,0
8549,3362,1,1,0.2
8550,3362,3,2,0.15
8551,3363,11,3,0.1
8552,3363,6,1,0
8553,3363,12,2,0
8554,3364,12,2,0
8555,3364,5,2,0.15
8556,3364,10,2,0
8557,3365,2,2,0
8558,3365,5,3,0.15
8559,3365,10,3,0.15
8560,3365,7,3,0
8561,3366,13,3,0.15
8562,3366,17,1,0
8563,3366,1,2,0.2
8564,3366,22,2,0.2
8565,3367,2,2,0
8566,3367,22,1,0.2
8567,3368,14,1,0.2
8568,3369,23,1,0
8569,3369,2,3,0.2
8570,3369,12,1,0
8571,3370,19,3,0
8572,3370,20,2,0.1
8573,3370,24,3,0.15
8574,3370,3,1,0
8575,3371,24,2,0
8576,3372,17,2,0.2
8577,3372,2,2,0
8578,3372,10,2,0
8579,3372,9,1,0.2
8580,3373,16,3,0
8581,3373,3,2,0.2
8582,3373,13,3,0.15
8583,3373,6,1,0.15
8584,3374,21,1,0.1
8585,3375,13,3,0
8586,3375,8,1,0.15
8587,3375,23,3,0
8588,3375,16,3,0.15
8589,3376,17,2,0
8590,3376,15,2,0.1
8591,3377,8,2,0
8592,3377,14,3,0.1
8593,3377,15,3,0
8594,3378,10,1,0.1
8595,3378,3,3,0.2
8596,3378,4,1,0.1
8597,3378,17,2,0.15
8598,3379,16,1,0.1
8599,3380,14,3,0
8600,3380,9,3,0.2
8601,3380,7,1,0
8602,3381,22,3,0.15
8603,3381,7,3,0
8604,3382,3,1,0
8605,3382,3,3,0
8606,3382,2,1,0.2
8607,3383,11,3,0.1
8608,3384,5,1,0.15
8609,3384,2,1,0.2
8610,3384,3,1,0
8611,3385,24,1,0.15
8612,3385,1,3,0.1
8613,3385,2,3,0
8614,3385,15,3,0.2
8615,3386,23,2,0
8616,3386,11,2,0
8617,3386,22,2,0.2
8618,3386,15,1,0
8619,3387,13,2,0.1
8620,3387,20,3,0
8621,3387,1,2,0.2
8622,3388,23,1,0.2
8623,3388,17,3,0.1
8624,3389,7,2,0.2
8625,3389,9,2,0
8626,3390,18,1,0.15
8627,3391,13,3,0.15
8628,3391,17,1,0
8629,3391,18,2,0
8630,3392,14,3,0
8631,3392,22,2,0.15
8632,3393,4,3,0.2
8633,3393,10,2,0.15
8634,3393,2,2,0
8635,3394,21,3,0
8636,3394,13,3,0
8637,3394,14,1,0.15
8638,3394,5,1,0.2
8639,3395,22,3,0
8640,3396,24,3,0
8641,3396,21,2,0.1
8642,3396,11,3,0
8643,3396,7,1,0.15
8644,3397,17,3,0
8645,3397,13,3,0
8646,3398,6,3,0
8647,3398,8,1,0.1
8648,3399,13,1,0.15
8649,3400,9,3,0.15
8650,3401,22,1,0
8651,3401,22,1,0
8652,3402,4,3,0.15
8653,3402,19,2,0
8654,3402,2,3,0.2
8655,3402,4,3,0.1
8656,3403,21,1,0.1
8657,3403,23,2,0.2
8658,3404,12,3,0
8659,3404,10,2,0.1
8660,3404,5,1,0.1
8661,3405,9,2,0
8662,3405,6,3,0
8663,3405,20,3,0.1
8664,3405,7,1,0
8665,3406,17,1,0.1
8666,3407,2,2,0.2
8667,3408,21,2,0.1
8668,3409,12,3,0
8669,3409,19,3,0.1
8670,3409,16,1,0.2
8671,3409,24,3,0
8672,3410,17,1,0.1
8673,3410,19,1,0
8674,3411,22,1,0
8675,3411,14,3,0.2
8676,3411,10,3,0.1
8677,3412,24,3,0
8678,3412,5,3,0.2
8679,3412,2,2,0.15
8680,3412,21,2,0
8681,3413,6,1,0
8682,3413,22,1,0.1
8683,3413,11,2,0
8684,3414,5,1,0
8685,3414,16,3,0.2
8686,3414,1,1,0
8687,3414,15,2,0.2
8688,3415,16,1,0
8689,3415,4,1,0.1
8690,3415,15,3,0
8691,3416,23,2,0
8692,3417,8,1,0
8693,3418,8,3,0.2
8694,3418,24,1,0
8695,3419,4,2,0.2
8696,3419,11,3,0
8697,3419,7,3,0.2
8698,3419,7,1,0
8699,3420,9,1,0
8700,3420,8,2,0.2
8701,3420,8,1,0
8702,3421,9,3,0.15
8703,3422,20,3,0.1
8704,3423,8,1,0.2
8705,3423,6,3,0.15
8706,3423,5,2,0.15
8707,3423,2,3,0.15
8708,3424,7,3,0
8709,3424,21,1,0.1
8710,3424,6,1,0
8711,3424,14,2,0.15
8712,3425,18,1,0.1
8713,3425,19,1,0.15
8714,3426,21,2,0.2
8715,3426,20,3,0.2
8716,3426,14,2,0
8717,3426,9,3,0
8718,3427,9,3,0
8719,3427,15,1,0
8720,3427,11,2,0
8721,3428,17,2,0
8722,3429,5,1,0.2
8723,3430,16,3,0
8724,3430,6,1,0.2
8725,3431,8,1,0
8726,3431,23,2,0
8727,3432,18,1,0.1
8728,3432,15,2,0
8729,3433,4,3,0.15
8730,3433,17,3,0
8731,3433,14,1,0
8732,3433,7,3,0
8733,3434,10,1,0.15
8734,3434,13,3,0
8735,3434,9,3,0.2
8736,3434,18,2,0.2
8737,3435,13,1,0.15
8738,3435,5,3,0
8739,3435,16,2,0
8740,3436,18,1,0
8741,3437,18,1,0
8742,3437,17,1,0.2
8743,3437,14,1,0.1
8744,3437,21,2,0
8745,3438,6,1,0
8746,3438,2,3,0.15
8747,3439,6,2,0
8748,3439,21,2,0
8749,3440,10,2,0
8750,3440,15,3,0.1
8751,3440,23,3,0
8752,3441,3,2,0
8753,3441,1,2,0.1
8754,3441,18,2,0.1
8755,3441,19,3,0.2
8756,3442,4,1,0.1
8757,3442,14,3,0.15
8758,3442,6,1,0.1
8759,3442,13,1,0.15
8760,3443,1,3,0.1
8761,3443,17,2,0.15
8762,3444,6,1,0
8763,3445,12,2,0.1
8764,3446,6,3,0
8765,3446,24,1,0.15
8766,3447,10,1,0.1
8767,3447,22,1,0.15
8768,3447,6,3,0
8769,3448,23,1,0
8770,3448,2,2,0
8771,3448,6,1,0.15
8772,3449,5,2,0.1
8773,3450,17,1,0
8774,3450,7,1,0.1
8775,3450,6,3,0.2
8776,3450,9,1,0.15
8777,3451,7,2,0.1
8778,3452,17,1,0
8779,3452,24,3,0
8780,3452,23,3,0.2
8781,3453,18,2,0
8782,3454,20,3,0.1
8783,3454,12,1,0.15
8784,3454,11,1,0.15
8785,3455,22,2,0.2
8786,3455,19,1,0.2
8787,3455,9,1,0
8788,3456,23,3,0.15
8789,3456,16,1,0
8790,3456,11,2,0.2
8791,3456,22,3,0
8792,3457,23,1,0.2
8793,3457,6,1,0.1
8794,3458,11,3,0
8795,3458,8,3,0
8796,3458,15,3,0
8797,3459,15,1,0
8798,3459,20,2,0.1
8799,3459,22,2,0.15
8800,3459,7,3,0
8801,3460,18,1,0.1
8802,3460,14,1,0.1
8803,3461,15,1,0.1
8804,3462,16,2,0
8805,3463,10,2,0
8806,3463,22,3,0
8807,3463,20,1,0.15
8808,3464,24,3,0
8809,3464,18,2,0
8810,3464,21,2,0.15
8811,3465,23,2,0
8812,3465,23,1,0
8813,3465,19,1,0
8814,3466,17,3,0.1
8815,3466,7,2,0.15
8816,3466,8,3,0.2
8817,3467,16,1,0.2
8818,3468,16,2,0.15
8819,3469,2,3,0.2
8820,3470,9,2,0.2
8821,3471,11,1,0.15
8822,3471,18,3,0.15
8823,3471,20,2,0
8824,3471,11,3,0
8825,3472,18,3,0
8826,3472,14,3,0.1
8827,3472,17,3,0
8828,3472,20,2,0
8829,3473,10,3,0
8830,3473,23,2,0
8831,3473,6,1,0.1
8832,3473,21,2,0.15
8833,3474,22,2,0
8834,3474,13,1,0.15
8835,3474,21,2,0.2
8836,3474,11,3,0.2
8837,3475,14,2,0.2
8838,3475,8,1,0.1
8839,3475,23,2,0
8840,3476,14,2,0
8841,3476,16,2,0
8842,3476,3,3,0
8843,3477,20,3,0.15
8844,3477,3,3,0
8845,3477,12,1,0.1
8846,3477,19,1,0
8847,3478,14,3,0
8848,3479,21,2,0.15
8849,3479,7,1,0
8850,3479,16,2,0
8851,3479,23,3,0
8852,3480,21,1,0
8853,3480,19,1,0.2
8854,3481,17,3,0
8855,3481,24,1,0.1
8856,3482,23,1,0
8857,3482,19,1,0
8858,3482,5,3,0
8859,3482,1,1,0
8860,3483,3,2,0.15
8861,3483,1,3,0.2
8862,3483,17,2,0
8863,3483,10,3,0.15
8864,3484,16,3,0.1
8865,3484,14,2,0
8866,3485,12,1,0
8867,3485,5,1,0.15
8868,3486,11,3,0
8869,3486,16,1,0.15
8870,3486,15,2,0.2
8871,3486,13,1,0.1
8872,3487,7,3,0
8873,3487,4,3,0
8874,3488,15,2,0
8875,3489,9,3,0
8876,3489,16,3,0
8877,3489,1,2,0.15
8878,3489,7,1,0
8879,3490,9,3,0.1
8880,3490,13,1,0
8881,3491,15,2,0
8882,3491,10,1,0.1
8883,3492,17,3,0.15
8884,3492,18,1,0
8885,3492,20,3,0.1
8886,3492,22,1,0.2
8887,3493,23,3,0.1
8888,3493,7,2,0
8889,3493,12,3,0.2
8890,3494,9,3,0.15
8891,3495,19,2,0
8892,3495,1,1,0.15
8893,3495,13,2,0
8894,3496,9,2,0.2
8895,3496,22,3,0.15
8896,3496,4,2,0
8897,3497,21,1,0.15
8898,3498,8,3,0.2
8899,3499,5,1,0
8900,3500,12,1,0
8901,3500,2,1,0.15
8902,3500,10,3,0.1
8903,3500,11,2,0
8904,3501,5,1,0
8905,3501,20,1,0.2
8906,3501,21,2,0
8907,3501,10,1,0.1
8908,3502,7,3,0.2
8909,3502,5,3,0
8910,3502,23,3,0.1
8911,3502,19,1,0.1
8912,3503,5,3,0
8913,3503,11,3,0.2
8914,3503,7,3,0.2
8915,3503,19,3,0.2
8916,3504,2,2,0.1
8917,3504,16,1,0
8918,3505,13,1,0.1
8919,3505,8,1,0
8920,3505,11,1,0.15
8921,3505,6,2,0.2
8922,3506,6,1,0
8923,3506,2,2,0
8924,3506,10,3,0
8925,3506,15,1,0.2
8926,3507,3,2,0.1
8927,3508,8,3,0
8928,3509,18,2,0.2
8929,3510,4,3,0
8930,3511,2,3,0.15
8931,3511,2,3,0.15
8932,3511,8,2,0
8933,3512,24,3,0.1
8934,3513,12,2,0.15
8935,3513,22,2,0
8936,3513,6,2,0
8937,3513,15,2,0.1
8938,3514,10,2,0
8939,3514,19,1,0.1
8940,3514,16,2,0
8941,3514,3,3,0
8942,3515,10,3,0
8943,3515,5,1,0
8944,3515,3,2,0.1
8945,3515,2,3,0
8946,3516,20,3,0.1
8947,3516,3,3,0
8948,3516,6,3,0
8949,3517,16,2,0.15
8950,3517,8,1,0
8951,3517,9,1,0
8952,3517,19,1,0.15
8953,3518,3,2,0
8954,3518,21,2,0
8955,3519,15,3,0.1
8956,3519,7,1,0.2
8957,3519,14,2,0.15
8958,3519,12,3,0
8959,3520,21,2,0.15
8960,3520,19,1,0
8961,3520,22,3,0.15
8962,3521,23,2,0.15
8963,3521,11,3,0
8964,3522,21,1,0.15
8965,3522,17,3,0
8966,3522,14,3,0.1
8967,3523,11,2,0
8968,3524,12,1,0
8969,3524,16,2,0.15
8970,3524,21,3,0
8971,3525,4,1,0
8972,3525,18,3,0.15
8973,3525,1,1,0.1
8974,3525,3,3,0.15
8975,3526,3,3,0
8976,3527,13,1,0.2
8977,3527,9,1,0
8978,3527,13,1,0
8979,3528,20,2,0.1
8980,3528,20,1,0
8981,3528,9,1,0
8982,3528,5,2,0.15
8983,3529,23,2,0
8984,3529,19,3,0
8985,3529,23,1,0.2
8986,3530,8,1,0
8987,3530,15,2,0.15
8988,3530,5,1,0
8989,3530,8,1,0
8990,3531,11,2,0.2
8991,3532,15,1,0
8992,3533,7,1,0
8993,3533,17,3,0.1
8994,3533,24,2,0
8995,3533,21,1,0.15
8996,3534,1,3,0
8997,3534,10,2,0
8998,3534,20,1,0
8999,3535,10,2,0
9000,3535,19,3,0.1
9001,3535,7,2,0
9002,3536,9,3,0
9003,3536,15,2,0
9004,3536,16,1,0.2
9005,3537,7,2,0.15
9006,3537,23,1,0
9007,3537,3,2,0
9008,3538,18,3,0
9009,3538,15,1,0
9010,3538,15,3,0
9011,3539,11,3,0
9012,3539,2,1,0
9013,3539,6,2,0.2
9014,3540,18,1,0.1
9015,3541,15,3,0
9016,3541,24,3,0
9017,3542,23,3,0
9018,3543,24,1,0.15
9019,3544,7,3,0.1
9020,3544,4,1,0.2
9021,3544,22,3,0
9022,3545,9,1,0
9023,3545,15,1,0
9024,3545,7,3,0
9025,3546,17,3,0.15
9026,3546,21,3,0.2
9027,3546,7,1,0
9028,3546,11,1,0
9029,3547,9,3,0.1
9030,3547,21,3,0
9031,3547,7,1,0.15
9032,3547,9,2,0
9033,3548,22,3,0.1
9034,3548,24,2,0
9035,3548,6,1,0
9036,3548,22,3,0.2
9037,3549,1,3,0
9038,3549,7,3,0
9039,3549,5,1,0
9040,3550,18,2,0
9041,3550,7,2,0
9042,3551,8,3,0
9043,3551,13,2,0.1
9044,3551,19,2,0.2
9045,3551,7,2,0
9046,3552,20,3,0.1
9047,3553,8,3,0.2
9048,3554,8,3,0
9049,3554,20,2,0.1
9050,3554,16,1,0.1
9051,3555,18,1,0
9052,3555,17,3,0.15
9053,3556,13,1,0
9054,3556,10,1,0.15
9055,3556,2,3,0
9056,3556,4,2,0
9057,3557,15,1,0
9058,3557,22,2,0.2
9059,3557,19,1,0
9060,3557,22,3,0
9061,3558,16,2,0
9062,3558,4,1,0.1
9063,3558,16,3,0.2
9064,3559,15,2,0
9065,3560,14,1,0.15
9066,3560,7,1,0
9067,3560,22,3,0
9068,3561,5,3,0
9069,3561,2,3,0
9070,3562,14,3,0
9071,3562,22,2,0
9072,3562,6,2,0.15
9073,3562,18,3,0
9074,3563,13,2,0.15
9075,3563,13,3,0.2
9076,3563,24,1,0.15
9077,3564,10,3,0.15
9078,3565,21,3,0.2
9079,3565,6,3,0
9080,3565,17,1,0
9081,3566,15,3,0
9082,3566,9,2,0.15
9083,3566,14,3,0.1
9084,3566,7,1,0
9085,3567,20,2,0
9086,3567,4,3,0.15
9087,3567,5,2,0.15
9088,3567,16,3,0
9089,3568,11,1,0.2
9090,3569,12,2,0
9091,3570,23,3,0.15
9092,3570,18,3,0
9093,3570,22,1,0
9094,3571,5,1,0.1
9095,3571,10,1,0
9096,3571,12,1,0
9097,3572,21,2,0
9098,3572,18,1,0
9099,3573,3,3,0.15
9100,3573,4,1,0
9101,3574,13,1,0
9102,3574,5,3,0.2
9103,3574,12,2,0.2
9104,3575,6,2,0
9105,3575,4,3,0
9106,3575,2,3,0
9107,3575,1,3,0.1
9108,3576,24,3,0
9109,3576,22,2,0.15
9110,3577,13,2,0
9111,3578,19,3,0
9112,3578,18,3,0.1
9113,3578,13,3,0.2
9114,3579,3,1,0
9115,3579,5,1,0
9116,3579,19,2,0
9117,3580,2,3,0.1
9118,3580,5,2,0
9119,3580,8,2,0
9120,3580,13,2,0.2
9121,3581,17,3,0.1
9122,3581,2,3,0
9123,3582,16,3,0
9124,3582,10,3,0.1
9125,3582,2,3,0
9126,3583,19,3,0
9127,3583,17,1,0.15
9128,3583,21,2,0.1
9129,3583,24,1,0
9130,3584,15,2,0.15
9131,3584,20,2,0
9132,3584,24,1,0
9133,3584,20,2,0
9134,3585,3,3,0.15
9135,3585,19,1,0
9136,3585,13,3,0
9137,3585,8,3,0.2
9138,3586,21,2,0
9139,3586,24,1,0.1
9140,3586,18,1,0.1
9141,3586,24,3,0
9142,3587,11,3,0.15
9143,3587,1,2,0
9144,3587,13,1,0.2
9145,3587,5,1,0
9146,3588,14,2,0
9147,3588,23,2,0.2
9148,3588,7,2,0
9149,3589,20,1,0.2
9150,3589,5,1,0
9151,3590,4,1,0
9152,3590,16,3,0.2
9153,3591,10,3,0.15
9154,3592,24,1,0
9155,3592,6,1,0
9156,3592,11,2,0.2
9157,3592,19,3,0
9158,3593,20,1,0
9159,3593,6,3,0
9160,3593,19,3,0.15
9161,3594,7,2,0
9162,3594,24,2,0
9163,3595,2,3,0.1
9164,3595,23,2,0.15
9165,3595,21,1,0
9166,3596,14,3,0.1
9167,3596,24,2,0.15
9168,3597,3,1,0.15
9169,3597,1,3,0
9170,3598,8,2,0.2
9171,3598,15,3,0
9172,3599,10,2,0.2
9173,3600,3,3,0.2
9174,3600,11,3,0
9175,3600,17,1,0.2
9176,3600,3,1,0.1
9177,3601,19,1,0
9178,3601,8,1,0.2
9179,3602,23,3,0.15
9180,3602,19,1,0.2
9181,3602,21,1,0
9182,3603,1,2,0
9183,3604,10,3,0.1
9184,3604,17,1,0
9185,3604,3,3,0
9186,3604,9,1,0
9187,3605,9,1,0
9188,3605,8,2,0
9189,3605,5,2,0.15
9190,3606,18,2,0.1
9191,3606,24,2,0
9192,3606,5,1,0.15
9193,3607,20,1,0
9194,3608,10,3,0
9195,3609,8,2,0
9196,3609,1,3,0.2
9197,3610,2,2,0.15
9198,3610,22,2,0
9199,3610,4,1,0.1
9200,3611,3,3,0.1
9201,3611,15,2,0.2
9202,3611,18,3,0.1
9203,3612,23,1,0.15
9204,3612,14,1,0.2
9205,3612,1,2,0
9206,3612,19,2,0
9207,3613,23,2,0
9208,3614,12,3,0.2
9209,3614,6,1,0
9210,3615,11,1,0
9211,3615,5,3,0.15
9212,3616,1,2,0
9213,3616,14,3,0
9214,3616,12,1,0.15
9215,3616,10,3,0.2
9216,3617,24,1,0
9217,3617,5,1,0
9218,3617,16,1,0
9219,3617,17,2,0.15
9220,3618,8,1,0
9221,3618,24,3,0
9222,3618,10,1,0
9223,3618,8,3,0
9224,3619,2,1,0.1
9225,3620,11,3,0
9226,3620,7,2,0
9227,3621,16,1,0.15
9228,3621,17,1,0
9229,3621,17,2,0
9230,3622,9,1,0.2
9231,3622,10,3,0
9232,3622,23,3,0.2
9233,3623,22,2,0.1
9234,3623,24,2,0.2
9235,3623,14,3,0
9236,3624,1,1,0
9237,3624,22,3,0.2
9238,3624,11,3,0
9239,3625,8,2,0
9240,3625,14,1,0.15
9241,3625,5,2,0.15
9242,3626,20,1,0.15
9243,3626,21,2,0
9244,3626,15,1,0
9245,3627,23,3,0.1
9246,3627,24,2,0
9247,3628,6,1,0
9248,3629,16,3,0.2
9249,3629,19,3,0
9250,3629,15,3,0
9251,3630,13,2,0
9252,3630,18,1,0.2
9253,3630,12,3,0
9254,3631,24,2,0
9255,3632,9,1,0
9256,3632,15,2,0
9257,3633,24,1,0.15
9258,3634,8,2,0.15
9259,3634,24,3,0.1
9260,3634,7,1,0
9261,3634,12,2,0
9262,3635,11,1,0
9263,3635,16,2,0
9264,3635,18,2,0
9265,3635,6,3,0
9266,3636,2,1,0
9267,3637,18,1,0
9268,3638,24,2,0
9269,3638,22,3,0.15
9270,3638,16,2,0.2
9271,3638,16,3,0.15
9272,3639,3,3,0.15
9273,3639,22,1,0.2
9274,3639,6,2,0
9275,3640,3,2,0.2
9276,3640,8,3,0
9277,3640,10,2,0.1
9278,3641,20,3,0
9279,3641,20,3,0
9280,3641,1,2,0
9281,3641,3,2,0.2
9282,3642,23,1,0.2
9283,3642,24,1,0
9284,3642,10,1,0
9285,3643,23,2,0.15
9286,3643,16,2,0
9287,3644,4,2,0.2
9288,3644,1,1,0.15
9289,3645,22,1,0
9290,3646,16,2,0
9291,3647,3,2,0
9292,3647,9,3,0
9293,3648,11,1,0
9294,3649,11,2,0
9295,3649,17,1,0
9296,3649,18,1,0.15
9297,3649,21,3,0.15
9298,3650,21,1,0.15
9299,3650,11,3,0.15
9300,3650,18,1,0.1
9301,3650,8,1,0.1
9302,3651,5,3,0
9303,3651,14,3,0.1
9304,3651,7,3,0.2
9305,3652,7,1,0
9306,3653,2,2,0.15
9307,3653,9,1,0
9308,3653,16,3,0
9309,3653,1,1,0.1
9310,3654,12,3,0
9311,3654,6,1,0.2
9312,3654,24,1,0
9313,3655,24,3,0.2
9314,3655,1,2,0.2
9315,3655,22,1,0
9316,3656,8,2,0.2
9317,3656,9,3,0
9318,3656,19,3,0
9319,3656,22,2,0.1
9320,3657,24,1,0
9321,3658,24,2,0.1
9322,3659,24,1,0.1
9323,3659,2,1,0
9324,3660,7,2,0.2
9325,3660,18,1,0
9326,3660,4,3,0
9327,3660,15,2,0.2
9328,3661,19,1,0
9329,3661,22,3,0
9330,3661,20,2,0.1
9331,3662,21,2,0
9332,3663,15,2,0
9333,3663,22,2,0
9334,3664,12,1,0.1
9335,3664,14,1,0
9336,3665,7,2,0
9337,3665,16,1,0
9338,3665,4,2,0.1
9339,3666,20,2,0.15
9340,3667,7,1,0
9341,3667,3,1,0
9342,3667,13,2,0.2
9343,3667,11,2,0
9344,3668,13,2,0
9345,3668,11,1,0
9346,3668,13,1,0.15
9347,3668,8,2,0
9348,3669,1,3,0
9349,3669,22,3,0
9350,3669,9,3,0.2
9351,3670,12,1,0.15
9352,3670,23,2,0.1
9353,3671,23,2,0
9354,3671,14,2,0
9355,3672,14,3,0.1
9356,3672,2,1,0
9357,3673,8,1,0
9358,3673,4,3,0.2
9359,3673,21,2,0.2
9360,3673,15,2,0.15
9361,3674,24,1,0
9362,3674,9,2,0
9363,3674,8,2,0.2
9364,3674,13,3,0.1
9365,3675,5,2,0
9366,3675,19,2,0.2
9367,3675,2,2,0
9368,3675,2,1,0.1
9369,3676,21,3,0.15
9370,3676,19,1,0.1
9371,3677,14,1,0.15
9372,3677,6,1,0
9373,3677,17,2,0.15
9374,3678,21,3,0.15
9375,3678,16,2,0
9376,3678,11,3,0.2
9377,3678,4,1,0
9378,3679,7,2,0
9379,3679,14,3,0
9380,3679,1,1,0.15
9381,3679,10,2,0.15
9382,3680,19,1,0.2
9383,3680,13,3,0
9384,3681,18,2,0.15
9385,3682,8,3,0.1
9386,3682,24,3,0.1
9387,3682,15,2,0
9388,3682,20,2,0.1
9389,3683,1,1,0.1
9390,3683,12,2,0
9391,3683,9,1,0.2
9392,3683,18,2,0
9393,3684,4,1,0.1
9394,3685,1,3,0.1
9395,3685,20,1,0.1
9396,3686,4,3,0
9397,3686,12,2,0.2
9398,3686,3,2,0.1
9399,3686,9,1,0
9400,3687,5,1,0
9401,3688,23,2,0
9402,3689,13,2,0
9403,3689,13,2,0.1
9404,3689,2,2,0
9405,3689,18,3,0
9406,3690,1,3,0.15
9407,3690,23,1,0
9408,3690,13,3,0
9409,3691,15,2,0
9410,3691,6,2,0
9411,3691,11,3,0.15
9412,3692,1,3,0
9413,3692,10,2,0
9414,3692,2,3,0
9415,3692,14,2,0.1
9416,3693,15,3,0.15
9417,3693,9,2,0
9418,3693,17,3,0
9419,3693,23,2,0.1
9420,3694,24,1,0
9421,3695,13,2,0.2
9422,3695,2,1,0
9423,3695,6,1,0
9424,3695,21,1,0.2
9425,3696,5,1,0
9426,3696,11,1,0
9427,3697,11,3,0.2
9428,3697,13,1,0.2
9429,3697,21,1,0
9430,3698,21,1,0.15
9431,3698,9,1,0
9432,3698,7,3,0.1
9433,3699,4,2,0.1
9434,3699,11,2,0.2
9435,3699,20,3,0
9436,3700,20,3,0
9437,3701,12,3,0.1
9438,3701,5,1,0.2
9439,3701,22,3,0
9440,3701,23,1,0
9441,3702,8,1,0.15
9442,3702,17,2,0.15
9443,3702,19,3,0
9444,3703,14,3,0.15
9445,3704,8,2,0
9446,3704,2,2,0
9447,3705,22,2,0
9448,3705,14,3,0.15
9449,3706,17,2,0.15
9450,3706,1,1,0.15
9451,3706,4,1,0.2
9452,3706,15,2,0.15
9453,3707,11,1,0.2
9454,3707,23,3,0.2
9455,3707,20,2,0
9456,3707,24,2,0
9457,3708,8,3,0.2
9458,3709,8,3,0
9459,3709,1,2,0
9460,3710,24,3,0.2
9461,3710,20,2,0.2
9462,3710,10,1,0
9463,3710,9,1,0
9464,3711,12,3,0.1
9465,3711,6,3,0.2
9466,3711,7,1,0
9467,3711,18,2,0.15
9468,3712,3,2,0.1
9469,3713,8,1,0.2
9470,3713,11,1,0.2
9471,3713,21,2,0
9472,3713,11,2,0
9473,3714,8,1,0
9474,3714,24,3,0.1
9475,3714,19,1,0
9476,3715,15,2,0
9477,3716,2,2,0.1
9478,3717,16,1,0
9479,3717,2,2,0.15
9480,3718,8,1,0.1
9481,3719,11,1,0.15
9482,3720,2,3,0
9483,3720,5,1,0
9484,3721,23,1,0
9485,3721,21,3,0.1
9486,3721,1,2,0
9487,3722,7,2,0
9488,3722,4,1,0.15
9489,3722,12,1,0.15
9490,3722,15,3,0.2
9491,3723,16,3,0.2
9492,3723,8,1,0.1
9493,3723,2,3,0
9494,3723,16,3,0.1
9495,3724,14,2,0.2
9496,3724,13,3,0
9497,3724,5,3,0
9498,3724,14,3,0
9499,3725,4,1,0.2
9500,3726,4,2,0.1
9501,3726,13,2,0.2
9502,3726,18,3,0
9503,3726,20,2,0
9504,3727,20,1,0.2
9505,3727,18,3,0.15
9506,3728,21,1,0
9507,3728,15,3,0.1
9508,3728,11,3,0
9509,3729,11,2,0.15
9510,3729,17,2,0.15
9511,3729,17,3,0.2
9512,3730,19,3,0.1
9513,3730,17,3,0.15
9514,3731,9,1,0.1
9515,3731,2,1,0.1
9516,3731,19,1,0.15
9517,3732,4,3,0.15
9518,3732,19,3,0
9519,3733,16,1,0
9520,3733,18,3,0
9521,3733,11,1,0
9522,3733,6,3,0
9523,3734,15,1,0
9524,3734,5,3,0.1
9525,3734,19,1,0
9526,3734,8,3,0
9527,3735,19,3,0
9528,3735,8,1,0
9529,3735,8,1,0
9530,3735,23,2,0.15
9531,3736,10,1,0.1
9532,3737,22,1,0
9533,3737,24,2,0
9534,3738,1,1,0.2
9535,3738,10,2,0.2
9536,3738,3,1,0.2
9537,3739,16,1,0
9538,3740,8,1,0.15
9539,3740,21,3,0
9540,3740,4,3,0
9541,3740,21,2,0
9542,3741,2,1,0.2
9543,3741,6,3,0
9544,3741,1,2,0
9545,3742,14,3,0.2
9546,3742,7,3,0
9547,3742,7,2,0
9548,3743,20,1,0
9549,3743,8,1,0
9550,3744,15,2,0
9551,3744,13,2,0.1
9552,3744,20,3,0.2
9553,3744,7,2,0
9554,3745,17,3,0
9555,3745,14,3,0
9556,3745,7,1,0.15
9557,3746,2,1,0
9558,3746,13,1,0.15
9559,3746,16,1,0.2
9560,3746,23,1,0.1
9561,3747,13,2,0.15
9562,3747,8,1,0
9563,3747,23,2,0
9564,3748,8,1,0
9565,3748,21,1,0.15
9566,3749,23,3,0.1
9567,3749,22,2,0
9568,3749,5,1,0.1
9569,3750,20,1,0.2
9570,3750,3,1,0
9571,3751,17,2,0.2
9572,3752,19,1,0.1
9573,3752,9,2,0
9574,3752,12,3,0.2
9575,3752,14,3,0
9576,3753,24,3,0
9577,3753,7,2,0
9578,3753,21,3,0.2
9579,3753,3,1,0
9580,3754,6,1,0.15
9581,3754,15,2,0.1
9582,3754,14,1,0
9583,3754,24,2,0
9584,3755,11,2,0
9585,3755,14,1,0.1
9586,3755,2,2,0.1
9587,3755,10,1,0
9588,3756,13,2,0.2
9589,3756,1,2,0.2
9590,3756,7,1,0
9591,3756,20,3,0.1
9592,3757,13,3,0.15
9593,3757,8,2,0.1
9594,3757,24,2,0
9595,3757,10,3,0
9596,3758,6,3,0.2
9597,3759,5,3,0.15
9598,3760,15,3,0.15
9599,3760,20,2,0.2
9600,3760,17,1,0.15
9601,3760,10,3,0
9602,3761,12,2,0
9603,3761,24,1,0
9604,3761,2,3,0.1
9605,3761,16,1,0
9606,3762,17,1,0
9607,3762,13,1,0
9608,3762,15,1,0.1
9609,3763,11,1,0
9610,3763,1,2,0
9611,3763,4,2,0
9612,3763,17,1,0.2
9613,3764,16,1,0
9614,3764,14,3,0.1
9615,3764,5,1,0.2
9616,3764,5,3,0
9617,3765,12,1,0.2
9618,3765,18,1,0
9619,3765,16,3,0.15
9620,3765,11,2,0.2
9621,3766,12,3,0
9622,3766,6,3,0
9623,3767,8,3,0.15
9624,3767,12,3,0
9625,3767,5,2,0
9626,3767,11,1,0
9627,3768,24,2,0.2
9628,3769,19,2,0.15
9629,3770,11,3,0.2
9630,3771,2,1,0
9631,3771,4,2,0.15
9632,3771,24,2,0.1
9633,3771,22,1,0
9634,3772,17,1,0
9635,3772,20,3,0.15
9636,3773,23,2,0.15
9637,3774,9,3,0.15
9638,3774,23,1,0.1
9639,3774,3,3,0
9640,3775,13,3,0
9641,3775,10,3,0
9642,3775,10,2,0.2
9643,3775,10,1,0
9644,3776,18,3,0
9645,3776,11,2,0.1
9646,3776,24,1,0
9647,3776,11,2,0.1
9648,3777,20,2,0
9649,3778,14,1,0.2
9650,3778,3,2,0.15
9651,3778,6,3,0.15
9652,3778,13,1,0
9653,3779,18,3,0
9654,3779,5,2,0.15
9655,3779,16,3,0.2
9656,3780,1,1,0.15
9657,3780,20,2,0.15
9658,3781,5,1,0.1
9659,3781,10,2,0.2
9660,3781,13,2,0.15
9661,3782,18,2,0.15
9662,3782,10,2,0
9663,3783,4,2,0
9664,3783,15,3,0
9665,3783,12,3,0.2
9666,3784,11,3,0.1
9667,3785,21,1,0.15
9668,3785,3,2,0.1
9669,3785,3,1,0.2
9670,3785,1,1,0.2
9671,3786,7,3,0
9672,3786,13,3,0.2
9673,3786,20,2,0.15
9674,3786,16,1,0.15
9675,3787,12,3,0.1
9676,3787,10,2,0
9677,3787,18,1,0.2
9678,3787,16,2,0
9679,3788,21,2,0
9680,3788,3,2,0
9681,3788,14,1,0
9682,3788,9,1,0.1
9683,3789,6,2,0.15
9684,3789,14,3,0.1
9685,3789,16,1,0.1
9686,3789,17,3,0
9687,3790,16,1,0
9688,3790,19,2,0.15
9689,3791,5,1,0
9690,3792,14,2,0
9691,3792,12,2,0.15
9692,3793,3,1,0.15
9693,3794,22,2,0
9694,3794,3,2,0
9695,3794,13,1,0.1
9696,3795,12,1,0.15
9697,3795,11,1,0
9698,3795,2,2,0
9699,3795,12,2,0.2
9700,3796,20,1,0
9701,3796,5,1,0.2
9702,3796,2,1,0.1
9703,3797,21,2,0
9704,3797,21,1,0
9705,3797,9,1,0.2
9706,3797,2,1,0.15
9707,3798,1,3,0.1
9708,3798,24,3,0.1
9709,3799,9,3,0.1
9710,3800,22,3,0.2
9711,3801,4,1,0.1
9712,3801,16,1,0
9713,3802,13,2,0.15
9714,3802,20,3,0
9715,3803,22,2,0
9716,3803,18,3,0
9717,3803,8,2,0.1
9718,3803,23,1,0
9719,3804,18,2,0
9720,3805,23,3,0
9721,3806,20,3,0
9722,3806,16,3,0
9723,3807,13,1,0.2
9724,3807,18,1,0
9725,3807,23,2,0
9726,3808,7,2,0
9727,3808,10,1,0.2
9728,3808,15,2,0.1
9729,3809,6,1,0
9730,3809,6,1,0.15
9731,3809,6,3,0
9732,3809,1,1,0.2
9733,3810,2,1,0
9734,3811,18,2,0
9735,3812,22,1,0.2
9736,3812,4,3,0
9737,3812,17,3,0
9738,3813,21,3,0
9739,3813,13,3,0.1
9740,3813,6,3,0
9741,3814,3,3,0
9742,3815,4,1,0.15
9743,3815,15,2,0
9744,3816,4,1,0.15
9745,3816,13,2,0.2
9746,3816,1,3,0
9747,3817,22,3,0
9748,3818,6,1,0
9749,3818,19,1,0.2
9750,3819,23,3,0.1
9751,3820,19,3,0
9752,3820,23,1,0
9753,3820,2,3,0.1
9754,3821,3,3,0
9755,3821,24,3,0
9756,3821,12,2,0.2
9757,3821,19,1,0
9758,3822,6,2,0
9759,3822,13,3,0
9760,3822,12,1,0.15
9761,3822,6,1,0.15
9762,3823,17,1,0.15
9763,3823,16,1,0
9764,3823,11,1,0.15
9765,3823,23,2,0.1
9766,3824,23,2,0.1
9767,3825,19,1,0
9768,3825,16,1,0.1
9769,3825,24,1,0.1
9770,3826,23,2,0.2
9771,3827,3,3,0.1
9772,3828,2,1,0.2
9773,3828,14,3,0
9774,3828,13,2,0
9775,3828,13,3,0.1
9776,3829,3,1,0
9777,3829,14,1,0
9778,3829,1,3,0
9779,3830,10,3,0
9780,3831,3,2,0
9781,3831,3,3,0
9782,3831,23,3,0.15
9783,3832,8,3,0.1
9784,3833,17,2,0.1
9785,3833,3,1,0.2
9786,3834,22,2,0.15
9787,3834,1,3,0.15
9788,3834,1,1,0.2
9789,3834,16,3,0.2
9790,3835,15,3,0
9791,3835,20,2,0.15
9792,3835,12,1,0
9793,3835,8,3,0.15
9794,3836,3,1,0
9795,3836,23,2,0.2
9796,3836,21,2,0
9797,3837,19,2,0
9798,3838,9,1,0
9799,3838,12,3,0.15
9800,3838,21,3,0
9801,3839,21,1,0.1
9802,3839,4,1,0.15
9803,3840,11,3,0.2
9804,3841,22,2,0.2
9805,3841,1,3,0.2
9806,3841,15,3,0
9807,3842,16,2,0
9808,3842,17,3,0
9809,3842,24,2,0.1
9810,3842,18,1,0
9811,3843,1,3,0
9812,3844,9,2,0.1
9813,3844,19,1,0
9814,3844,14,3,0.2
9815,3844,3,3,0
9816,3845,23,3,0
9817,3846,4,3,0.2
9818,3846,13,2,0.15
9819,3846,6,1,0.2
9820,3847,4,2,0.2
9821,3848,6,2,0
9822,3848,9,2,0.1
9823,3848,4,3,0
9824,3849,16,1,0.2
9825,3849,19,1,0.15
9826,3849,16,2,0
9827,3850,24,2,0
9828,3850,11,3,0.15
9829,3851,8,1,0
9830,3852,9,1,0
9831,3852,8,1,0
9832,3852,14,3,0
9833,3853,22,2,0.1
9834,3853,16,1,0
9835,3854,17,3,0.15
9836,3855,24,3,0.1
9837,3855,11,2,0
9838,3855,12,2,0.2
9839,3855,7,3,0
9840,3856,16,2,0.15
9841,3856,13,2,0.2
9842,3856,12,3,0
9843,3857,5,2,0
9844,3857,6,3,0
9845,3857,13,3,0
9846,3858,4,3,0.2
9847,3859,19,3,0.2
9848,3859,7,3,0
9849,3860,14,3,0.2
9850,3860,11,2,0
9851,3860,22,1,0.15
9852,3861,18,2,0
9853,3862,22,2,0
9854,3862,23,2,0.15
9855,3862,11,3,0
9856,3862,12,3,0
9857,3863,16,1,0
9858,3863,2,1,0
9859,3863,17,3,0
9860,3863,19,2,0
9861,3864,12,2,0
9862,3864,8,2,0.1
9863,3864,22,1,0
9864,3865,16,3,0.15
9865,3866,18,3,0
9866,3866,8,1,0.2
9867,3867,12,3,0.15
9868,3868,22,1,0.2
9869,3868,11,2,0
9870,3868,8,1,0
9871,3868,19,2,0.1
9872,3869,17,3,0
9873,3869,24,2,0
9874,3869,9,3,0.1
9875,3869,9,2,0.15
9876,3870,16,1,0
9877,3870,8,1,0
9878,3871,22,2,0
9879,3871,8,2,0.2
9880,3871,6,2,0
9881,3871,24,3,0
9882,3872,19,2,0
9883,3873,5,1,0.1
9884,3873,22,3,0.15
9885,3873,4,3,0.1
9886,3874,14,2,0.2
9887,3874,8,2,0
9888,3874,16,1,0.2
9889,3875,7,2,0.2
9890,3875,12,1,0
9891,3875,8,2,0
9892,3875,11,2,0.2
9893,3876,15,2,0.1
9894,3876,2,1,0.15
9895,3876,16,2,0.15
9896,3877,13,1,0.15
9897,3877,8,2,0.15
9898,3878,20,2,0
9899,3878,2,2,0.15
9900,3878,20,2,0
9901,3879,9,3,0
9902,3879,20,2,0.1
9903,3879,24,3,0.15
9904,3880,3,1,0
9905,3880,10,1,0
9906,3880,3,3,0
9907,3880,5,1,0.15
9908,3881,1,2,0.1
9909,3881,6,3,0.2
9910,3881,9,1,0
9911,3882,2,3,0
9912,3882,8,2,0
9913,3883,22,3,0.15
9914,3884,7,2,0
9915,3884,22,3,0
9916,3884,15,1,0
9917,3884,2,3,0.2
9918,3885,13,3,0
9919,3885,17,2,0.1
9920,3886,7,3,0.2
9921,3886,12,1,0
9922,3886,18,2,0
9923,3887,4,2,0
9924,3887,4,2,0
9925,3887,14,1,0
9926,3888,1,3,0.15
9927,3888,10,3,0.1
9928,3889,10,2,0.2
9929,3890,19,3,0.1
9930,3891,19,3,0
9931,3891,4,2,0
9932,3891,1,3,0.15
9933,3891,1,2,0
9934,3892,1,3,0
9935,3892,23,3,0.2
9936,3892,6,3,0.1
9937,3893,16,2,0.2
9938,3893,17,1,0.15
9939,3893,18,2,0.1
9940,3894,17,1,0
9941,3895,9,3,0.1
9942,3895,22,1,0
9943,3895,9,1,0.15
9944,3896,13,3,0
9945,3896,10,1,0
9946,3897,19,3,0
9947,3897,21,3,0.2
9948,3897,10,2,0
9949,3898,1,3,0.1
9950,3898,14,2,0
9951,3899,12,3,0
9952,3900,9,2,0
9953,3901,7,1,0.15
9954,3901,21,1,0
9955,3902,4,3,0
9956,3903,2,2,0.2
9957,3904,19,3,0.1
9958,3905,13,2,0.15
9959,3905,22,3,0
9960,3905,7,1,0
9961,3905,14,2,0
9962,3906,22,1,0.1
9963,3907,9,1,0
9964,3908,20,3,0.15
9965,3908,17,2,0.1
9966,3908,22,1,0.15
9967,3908,10,1,0.15
9968,3909,24,3,0
9969,3909,3,2,0
9970,3909,22,2,0.15
9971,3910,7,1,0
9972,3911,13,3,0.15
9973,3911,13,1,0
9974,3912,12,2,0
9975,3912,12,1,0.2
9976,3912,18,1,0.2
9977,3913,3,2,0
9978,3913,13,2,0
9979,3913,10,2,0
9980,3913,14,2,0.1
9981,3914,3,1,0.15
9982,3915,9,3,0
9983,3915,7,2,0.2
9984,3915,19,2,0
9985,3915,17,3,0
9986,3916,11,3,0
9987,3916,3,2,0.1
9988,3916,19,1,0
9989,3916,12,1,0.1
9990,3917,7,2,0
9991,3917,9,1,0
9992,3918,1,1,0
9993,3919,15,2,0.1
9994,3919,1,2,0.1
9995,3920,16,3,0.1
9996,3920,10,2,0
9997,3920,4,1,0.2
9998,3921,24,1,0.1
9999,3921,9,3,0
10000,3921,3,3,0.15
10001,3921,9,1,0.2
10002,3922,7,2,0.1
10003,3923,19,3,0.15
10004,3923,21,3,0.15
10005,3923,20,3,0
10006,3924,15,3,0
10007,3924,3,2,0
10008,3925,8,1,0
10009,3925,2,3,0.15
10010,3925,16,1,0
10011,3925,17,1,0.2
10012,3926,24,1,0.1
10013,3926,2,2,0.15
10014,3926,15,3,0.2
10015,3927,7,3,0
10016,3927,13,2,0.1
10017,3927,9,3,0.1
10018,3927,11,3,0
10019,3928,5,1,0.2
10020,3928,3,3,0.15
10021,3928,3,2,0.15
10022,3929,14,3,0.15
10023,3929,17,2,0.1
10024,3930,5,1,0
10025,3930,4,1,0
10026,3931,24,2,0.15
10027,3931,22,2,0
10028,3931,15,1,0
10029,3932,3,3,0
10030,3933,7,1,0.15
10031,3933,4,2,0
10032,3933,9,1,0
10033,3933,15,2,0.1
10034,3934,21,1,0.1
10035,3934,8,3,0
10036,3934,1,1,0.1
10037,3935,13,2,0.1
10038,3935,17,1,0
10039,3935,24,3,0
10040,3935,14,2,0
10041,3936,5,3,0.1
10042,3936,9,1,0
10043,3936,7,2,0
10044,3936,4,2,0
10045,3937,22,1,0.15
10046,3937,23,2,0
10047,3938,3,2,0
10048,3938,10,1,0.15
10049,3938,22,1,0
10050,3939,17,3,0
10051,3939,22,3,0.15
10052,3940,20,2,0.2
10053,3940,4,3,0.15
10054,3940,19,1,0.2
10055,3940,20,2,0.15
10056,3941,8,1,0
10057,3942,17,3,0
10058,3942,11,2,0
10059,3942,23,3,0.2
10060,3942,4,2,0.1
10061,3943,22,3,0.15
10062,3944,4,3,0.1
10063,3944,18,1,0
10064,3944,7,3,0
10065,3945,2,1,0
10066,3945,10,3,0
10067,3945,22,2,0
10068,3946,4,3,0.15
10069,3947,18,2,0
10070,3947,9,3,0
10071,3947,18,2,0
10072,3947,23,2,0.15
10073,3948,22,1,0.2
10074,3948,13,3,0
10075,3948,10,1,0
10076,3948,7,1,0
10077,3949,18,1,0.15
10078,3949,21,3,0.1
10079,3949,19,3,0
10080,3949,15,1,0
10081,3950,15,1,0
10082,3950,4,2,0.15
10083,3950,10,2,0
10084,3951,6,1,0.15
10085,3952,2,1,0.15
10086,3952,4,2,0.2
10087,3953,19,2,0.2
10088,3954,5,2,0.15
10089,3954,23,2,0
10090,3955,7,1,0.2
10091,3955,15,1,0.1
10092,3955,5,1,0.1
10093,3956,12,3,0.1
10094,3957,16,2,0
10095,3957,23,1,0.15
10096,3958,18,1,0.15
10097,3958,9,3,0
10098,3958,15,1,0
10099,3958,19,3,0.1
10100,3959,19,1,0.1
10101,3960,2,2,0.1
10102,3961,7,3,0.1
10103,3961,19,2,0
10104,3962,3,2,0.2
10105,3963,10,1,0
10106,3963,2,1,0.15
10107,3963,19,1,0
10108,3964,21,2,0
10109,3964,2,3,0
10110,3964,24,2,0.2
10111,3964,24,2,0
10112,3965,23,3,0
10113,3966,1,2,0
10114,3966,10,3,0.15
10115,3967,12,1,0.15
10116,3967,5,2,0.2
10117,3967,12,3,0.15
10118,3968,20,2,0
10119,3969,21,2,0
10120,3969,18,1,0
10121,3969,7,1,0.15
10122,3969,13,2,0
10123,3970,3,3,0.2
10124,3970,23,2,0
10125,3970,5,2,0
10126,3970,18,3,0
10127,3971,5,2,0
10128,3972,6,3,0
10129,3973,4,3,0.1
10130,3974,19,2,0.15
10131,3975,3,2,0.15
10132,3975,9,2,0
10133,3976,10,1,0
10134,3977,19,2,0.2
10135,3977,10,1,0.2
10136,3978,10,1,0.15
10137,3978,13,3,0
10138,3978,23,2,0
10139,3978,9,2,0
10140,3979,2,2,0
10141,3979,10,2,0.1
10142,3979,5,1,0
10143,3979,15,2,0
10144,3980,22,2,0.2
10145,3981,9,1,0
10146,3982,8,2,0.2
10147,3983,16,1,0
10148,3984,15,1,0.2
10149,3984,8,3,0
10150,3985,22,3,0.15
10151,3985,5,1,0
10152,3985,11,3,0.1
10153,3986,2,1,0
10154,3986,17,3,0.15
10155,3986,12,1,0
10156,3987,14,2,0.1
10157,3987,13,1,0.15
10158,3987,16,1,0.15
10159,3988,13,1,0
10160,3989,20,2,0.15
10161,3989,15,2,0.1
10162,3989,15,2,0.1
10163,3989,9,2,0.2
10164,3990,19,3,0
10165,3990,8,2,0.2
10166,3990,17,1,0.1
10167,3991,1,1,0
10168,3991,10,1,0
10169,3991,4,2,0.2
10170,3992,24,2,0.2
10171,3992,21,1,0
10172,3992,10,2,0
10173,3993,20,1,0
10174,3993,11,3,0
10175,3993,20,3,0
10176,3994,11,3,0.2
10177,3995,7,3,0.1
10178,3995,19,1,0
10179,3995,11,2,0.15
10180,3996,16,2,0
10181,3997,11,2,0
10182,3997,4,1,0.1
10183,3998,6,3,0
10184,3998,23,1,0.2
10185,3998,22,3,0
10186,3999,5,3,0
10187,4000,19,1,0
10188,4000,3,3,0.2
10189,4000,15,1,0.1
10190,4001,2,1,0.15
10191,4001,3,1,0.2
10192,4001,16,1,0
10193,4001,5,3,0
10194,4002,13,1,0
10195,4002,9,3,0.2
10196,4003,21,2,0
10197,4004,3,1,0
10198,4005,13,1,0
10199,4005,16,1,0.1
10200,4006,12,1,0
10201,4006,12,2,0.2
10202,4006,19,3,0.1
10203,4007,5,1,0
10204,4008,10,1,0
10205,4008,23,3,0.1
10206,4009,7,3,0.1
10207,4010,9,1,0.1
10208,4010,1,1,0
10209,4010,14,3,0
10210,4011,20,3,0
10211,4011,9,2,0
10212,4011,8,3,0
10213,4012,7,3,0
10214,4013,20,2,0
10215,4013,15,2,0
10216,4013,17,1,0.2
10217,4013,1,2,0.2
10218,4014,9,3,0.2
10219,4014,8,3,0.1
10220,4014,18,3,0.1
10221,4015,17,2,0.15
10222,4015,1,2,0
10223,4015,16,1,0
10224,4016,19,2,0.2
10225,4016,22,3,0
10226,4017,15,1,0
10227,4017,7,3,0.2
10228,4017,13,3,0
10229,4017,23,3,0.1
10230,4018,16,1,0
10231,4018,22,1,0
10232,4018,3,2,0
10233,4019,20,1,0.15
10234,4019,9,1,0.1
10235,4020,18,3,0
10236,4020,12,2,0
10237,4021,2,1,0.15
10238,4021,22,2,0
10239,4021,10,2,0.1
10240,4022,8,2,0.1
10241,4022,17,1,0.15
10242,4023,5,1,0
10243,4023,2,2,0.15
10244,4023,17,2,0
10245,4024,1,2,0.2
10246,4024,5,2,0
10247,4024,18,3,0
10248,4024,8,3,0
10249,4025,9,2,0
10250,4025,12,2,0.2
10251,4025,22,3,0
10252,4025,7,3,0
10253,4026,12,3,0
10254,4026,16,3,0.15
10255,4026,10,3,0
10256,4026,21,1,0.15
10257,4027,17,1,0.1
10258,4027,16,1,0.15
10259,4027,24,3,0
10260,4028,4,3,0
10261,4028,13,2,0
10262,4028,22,2,0.1
10263,4029,10,1,0.2
10264,4029,4,2,0.1
10265,4029,23,1,0.15
10266,4030,4,2,0.2
10267,4030,5,2,0.15
10268,4030,18,1,0.2
10269,4030,22,3,0
10270,4031,4,3,0.15
10271,4031,1,2,0
10272,4031,11,3,0
10273,4031,6,3,0.15
10274,4032,10,3,0
10275,4032,15,2,0.1
10276,4032,24,3,0
10277,4032,13,2,0
10278,4033,10,2,0
10279,4034,21,3,0
10280,4035,24,1,0
10281,4036,17,1,0
10282,4036,20,3,0.2
10283,4036,15,3,0.2
10284,4037,21,1,0.2
10285,4037,9,2,0
10286,4037,9,1,0
10287,4037,12,3,0.15
10288,4038,19,3,0.15
10289,4039,6,1,0.15
10290,4039,5,3,0.1
10291,4039,16,1,0
10292,4040,18,2,0
10293,4040,10,1,0
10294,4040,2,2,0
10295,4041,19,1,0
10296,4041,20,3,0.2
10297,4042,8,3,0
10298,4042,22,3,0
10299,4043,5,1,0
10300,4043,1,3,0
10301,4044,12,2,0.1
10302,4044,7,1,0.15
10303,4044,12,3,0
10304,4045,23,2,0.2
10305,4045,16,2,0.15
10306,4045,24,2,0
10307,4046,7,2,0.1
10308,4047,5,2,0.2
10309,4048,17,2,0
10310,4048,11,1,0
10311,4048,18,3,0.15
10312,4049,13,3,0
10313,4049,15,1,0.1
10314,4049,9,2,0
10315,4049,1,1,0
10316,4050,17,2,0
10317,4050,8,2,0
10318,4051,9,2,0
10319,4051,1,3,0.1
10320,4051,2,2,0
10321,4051,22,2,0
10322,4052,21,1,0.2
10323,4053,4,2,0
10324,4054,5,2,0.15
10325,4055,18,1,0
10326,4055,8,1,0.15
10327,4055,21,1,0.15
10328,4056,21,3,0
10329,4056,12,1,0
10330,4056,7,2,0
10331,4057,1,3,0.1
10332,4057,3,3,0
10333,4057,16,2,0.1
10334,4057,15,1,0.2
10335,4058,14,1,0
10336,4059,12,1,0
10337,4060,23,3,0
10338,4061,9,1,0.15
10339,4062,8,1,0.1
10340,4062,7,3,0
10341,4062,10,2,0
10342,4063,21,3,0
10343,4063,3,1,0
10344,4063,3,2,0.15
10345,4064,13,2,0.15
10346,4064,23,1,0
10347,4065,24,3,0.15
10348,4065,14,3,0.15
10349,4066,11,2,0.15
10350,4066,21,2,0.1
10351,4066,2,3,0
10352,4067,11,3,0
10353,4067,6,3,0
10354,4067,20,3,0
10355,4067,9,3,0.15
10356,4068,11,2,0.15
10357,4068,9,2,0.15
10358,4068,21,3,0
10359,4069,16,2,0
10360,4070,22,1,0.2
10361,4070,22,1,0.15
10362,4070,14,1,0
10363,4071,2,3,0
10364,4072,23,3,0
10365,4073,15,1,0.15
10366,4073,21,3,0
10367,4073,9,3,0
10368,4074,12,2,0.1
10369,4074,5,1,0.2
10370,4075,1,3,0
10371,4076,12,3,0.2
10372,4076,5,1,0.1
10373,4076,11,2,0
10374,4076,10,2,0
10375,4077,18,3,0.15
10376,4078,10,3,0
10377,4078,10,1,0.1
10378,4078,15,1,0
10379,4078,6,3,0
10380,4079,3,2,0.15
10381,4079,8,2,0
10382,4080,7,1,0.1
10383,4080,14,3,0
10384,4080,19,3,0.15
10385,4080,24,1,0
10386,4081,1,1,0
10387,4082,19,1,0
10388,4082,11,3,0
10389,4082,4,3,0
10390,4083,22,1,0.1
10391,4084,5,1,0.15
10392,4084,15,3,0.15
10393,4084,18,1,0
10394,4084,17,3,0
10395,4085,13,3,0
10396,4085,11,3,0.15
10397,4085,12,2,0.15
10398,4085,22,3,0.2
10399,4086,12,1,0.2
10400,4086,15,2,0.1
10401,4087,5,2,0
10402,4087,19,2,0.1
10403,4088,6,3,0.2
10404,4089,7,3,0
10405,4089,12,2,0
10406,4090,6,3,0.1
10407,4090,22,2,0.15
10408,4090,21,3,0
10409,4090,16,1,0
10410,4091,6,2,0.15
10411,4091,11,3,0.2
10412,4091,10,2,0.1
10413,4092,17,3,0.15
10414,4092,11,3,0.15
10415,4092,20,1,0
10416,4092,3,3,0
10417,4093,9,2,0
10418,4094,23,3,0
10419,4094,14,2,0
10420,4094,24,1,0
10421,4095,22,3,0
10422,4095,4,2,0
10423,4095,3,2,0.2
10424,4096,4,2,0
10425,4096,2,1,0
10426,4096,8,2,0.15
10427,4097,5,1,0
10428,4097,24,1,0.1
10429,4097,22,2,0
10430,4098,14,3,0
10431,4098,5,3,0.15
10432,4098,22,3,0
10433,4099,15,1,0
10434,4100,18,3,0.1
10435,4101,13,2,0
10436,4101,9,3,0
10437,4101,17,3,0.1
10438,4101,2,1,0.2
10439,4102,9,3,0
10440,4102,23,2,0.2
10441,4102,13,2,0
10442,4103,4,1,0.1
10443,4103,3,3,0.15
10444,4104,4,3,0.1
10445,4104,16,1,0.2
10446,4104,19,2,0.15
10447,4104,8,3,0.2
10448,4105,14,2,0.15
10449,4106,8,1,0
10450,4107,7,2,0.15
10451,4107,3,1,0
10452,4107,2,2,0.2
10453,4107,8,2,0
10454,4108,22,2,0
10455,4109,1,2,0.15
10456,4109,3,3,0.1
10457,4110,14,2,0
10458,4110,1,1,0
10459,4110,14,3,0.2
10460,4111,13,1,0.15
10461,4112,11,1,0.1
10462,4112,13,1,0
10463,4112,12,1,0.2
10464,4112,3,3,0
10465,4113,15,2,0.2
10466,4113,7,2,0.2
10467,4114,4,3,0.15
10468,4114,22,1,0
10469,4114,10,1,0
10470,4114,23,1,0
10471,4115,7,3,0.1
10472,4115,7,1,0
10473,4116,17,3,0.1
10474,4116,20,3,0
10475,4117,12,2,0.2
10476,4117,24,3,0.2
10477,4117,10,3,0
10478,4117,1,3,0.15
10479,4118,11,3,0
10480,4118,24,1,0
10481,4119,7,1,0
10482,4120,24,2,0
10483,4120,5,3,0
10484,4120,12,2,0
10485,4121,6,3,0
10486,4121,3,2,0
10487,4122,12,2,0.15
10488,4122,14,1,0
10489,4123,12,2,0
10490,4124,4,3,0.2
10491,4125,16,3,0.2
10492,4125,20,1,0.15
10493,4125,6,3,0
10494,4125,7,3,0
10495,4126,4,1,0
10496,4127,22,3,0
10497,4127,17,2,0.15
10498,4128,7,3,0.2
10499,4129,1,1,0
10500,4129,17,1,0.15
10501,4129,19,2,0.2
10502,4129,22,3,0.15
10503,4130,11,3,0.15
10504,4130,14,1,0.15
10505,4131,12,3,0.15
10506,4132,17,1,0.1
10507,4132,14,3,0.1
10508,4132,19,1,0
10509,4132,9,2,0.1
10510,4133,19,3,0.2
10511,4133,21,3,0.1
10512,4133,9,3,0
10513,4134,22,2,0
10514,4134,5,3,0
10515,4135,5,3,0
10516,4135,18,3,0.15
10517,4136,13,1,0.2
10518,4136,22,3,0
10519,4137,14,3,0.15
10520,4137,24,1,0
10521,4137,2,1,0
10522,4137,18,2,0
10523,4138,21,1,0.1
10524,4138,7,1,0
10525,4139,3,2,0
10526,4140,23,2,0
10527,4141,19,1,0.15
10528,4141,23,3,0.2
10529,4141,12,2,0
10530,4142,1,1,0
10531,4142,22,1,0.2
10532,4142,11,3,0.1
10533,4143,6,1,0.15
10534,4143,12,1,0.15
10535,4143,22,2,0
10536,4144,18,3,0.2
10537,4144,23,3,0.1
10538,4144,24,1,0.15
10539,4145,15,2,0.15
10540,4145,5,2,0.2
10541,4145,7,2,0.15
10542,4146,8,3,0
10543,4146,8,2,0
10544,4146,20,3,0
10545,4146,15,2,0
10546,4147,10,1,0.15
10547,4147,23,3,0.1
10548,4148,23,3,0
10549,4149,8,3,0
10550,4149,16,3,0
10551,4149,22,2,0.2
10552,4150,17,3,0
10553,4151,4,3,0
10554,4151,4,2,0.2
10555,4151,17,2,0
10556,4151,13,1,0
10557,4152,16,2,0.15
10558,4152,23,3,0
10559,4152,14,1,0
10560,4153,3,3,0.1
10561,4154,8,3,0
10562,4154,2,1,0.15
10563,4154,18,1,0
10564,4154,19,2,0.2
10565,4155,17,3,0
10566,4156,7,1,0.15
10567,4157,15,2,0.2
10568,4157,8,2,0
10569,4158,24,1,0.15
10570,4158,23,3,0.1
10571,4158,21,3,0
10572,4158,11,2,0.1
10573,4159,4,2,0.2
10574,4159,15,1,0.1
10575,4159,9,3,0.2
10576,4159,15,3,0
10577,4160,15,1,0
10578,4161,24,1,0
10579,4161,12,2,0
10580,4162,15,3,0.2
10581,4162,1,2,0.2
10582,4162,4,2,0.2
10583,4162,11,3,0.15
10584,4163,5,1,0
10585,4163,19,1,0.1
10586,4164,11,2,0.2
10587,4164,17,2,0
10588,4164,1,2,0
10589,4165,19,3,0.15
10590,4165,17,2,0.1
10591,4165,14,3,0
10592,4165,3,3,0.15
10593,4166,22,2,0.15
10594,4166,7,3,0.15
10595,4166,24,1,0.1
10596,4166,18,3,0
10597,4167,19,3,0.15
10598,4167,2,3,0.15
10599,4167,16,3,0.2
10600,4167,18,3,0.2
10601,4168,23,1,0.15
10602,4168,3,1,0
10603,4169,1,3,0.2
10604,4169,7,1,0.15
10605,4169,11,3,0
10606,4170,16,2,0
10607,4170,11,2,0.2
10608,4170,7,3,0.2
10609,4170,6,1,0.2
10610,4171,15,3,0.15
10611,4171,17,3,0
10612,4171,17,3,0
10613,4171,12,3,0
10614,4172,18,3,0.2
10615,4172,5,1,0
10616,4173,10,1,0.2
10617,4174,4,1,0.2
10618,4175,18,3,0
10619,4175,2,3,0.15
10620,4176,17,3,0
10621,4176,8,3,0.1
10622,4177,1,2,0
10623,4177,3,2,0.15
10624,4178,1,1,0
10625,4178,5,2,0.1
10626,4178,21,1,0
10627,4178,6,3,0.2
10628,4179,15,3,0
10629,4179,2,2,0.15
10630,4180,19,1,0.15
10631,4180,12,2,0
10632,4181,2,3,0.2
10633,4182,9,3,0.2
10634,4182,19,1,0
10635,4182,2,3,0.1
10636,4183,2,2,0
10637,4183,19,1,0.1
10638,4183,9,1,0.1
10639,4183,9,1,0
10640,4184,6,1,0
10641,4184,4,1,0.2
10642,4185,2,1,0
10643,4185,5,1,0
10644,4185,7,3,0
10645,4186,23,3,0
10646,4186,17,1,0
10647,4187,5,1,0.2
10648,4187,9,3,0
10649,4188,20,3,0
10650,4189,20,2,0.15
10651,4189,21,2,0.2
10652,4189,6,3,0.15
10653,4190,21,2,0
10654,4190,23,3,0.15
10655,4191,20,3,0
10656,4191,16,2,0
10657,4191,1,3,0
10658,4191,20,3,0.2
10659,4192,7,3,0
10660,4192,14,3,0.1
10661,4192,2,1,0.2
10662,4193,22,3,0.15
10663,4193,5,1,0.1
10664,4193,9,3,0
10665,4194,20,3,0
10666,4195,5,3,0.2
10667,4195,22,3,0
10668,4195,20,2,0
10669,4196,24,3,0
10670,4197,14,2,0
10671,4198,9,3,0
10672,4198,4,1,0
10673,4198,12,3,0.1
10674,4199,10,3,0.15
10675,4199,15,1,0.1
10676,4200,18,2,0
10677,4200,19,1,0
10678,4200,23,3,0
10679,4200,23,1,0.15
10680,4201,13,1,0.1
10681,4201,13,3,0.2
10682,4202,24,3,0
10683,4202,6,2,0.15
10684,4202,9,3,0
10685,4202,20,1,0.1
10686,4203,23,2,0.15
10687,4203,3,2,0.1
10688,4204,20,2,0.2
10689,4204,4,2,0
10690,4204,19,1,0
10691,4205,8,2,0
10692,4205,8,1,0.15
10693,4206,14,3,0.1
10694,4206,17,3,0.2
10695,4207,2,3,0
10696,4207,23,1,0
10697,4208,7,2,0
10698,4209,24,3,0
10699,4209,3,3,0.1
10700,4209,24,2,0.2
10701,4210,9,2,0.2
10702,4211,22,1,0.15
10703,4211,12,2,0
10704,4212,3,1,0.1
10705,4212,23,3,0
10706,4213,6,3,0
10707,4213,5,3,0.2
10708,4214,5,2,0.15
10709,4214,14,3,0
10710,4214,1,2,0.15
10711,4215,15,3,0.2
10712,4215,22,2,0.2
10713,4215,10,1,0.1
10714,4216,1,3,0
10715,4217,6,1,0
10716,4218,13,1,0
10717,4218,4,1,0.1
10718,4218,13,2,0
10719,4219,1,1,0.2
10720,4219,10,3,0
10721,4220,12,2,0
10722,4221,23,2,0.15
10723,4221,10,1,0
10724,4221,13,3,0.1
10725,4222,23,3,0
10726,4222,24,3,0.15
10727,4223,9,3,0
10728,4223,22,2,0
10729,4223,14,2,0.1
10730,4223,22,2,0
10731,4224,8,2,0
10732,4224,11,3,0.1
10733,4225,15,3,0.1
10734,4225,20,1,0.15
10735,4225,6,2,0.15
10736,4225,21,2,0
10737,4226,17,2,0
10738,4226,12,2,0
10739,4227,15,2,0.2
10740,4227,10,1,0.1
10741,4227,24,1,0
10742,4228,2,2,0.15
10743,4229,12,1,0
10744,4230,14,3,0.2
10745,4231,21,3,0.1
10746,4232,13,1,0.15
10747,4232,22,2,0.1
10748,4232,13,2,0.1
10749,4232,1,1,0.1
10750,4233,5,3,0.1
10751,4233,13,1,0
10752,4233,16,1,0.15
10753,4234,13,3,0
10754,4234,14,2,0.1
10755,4234,8,3,0
10756,4234,13,3,0
10757,4235,6,3,0
10758,4235,14,2,0.2
10759,4235,15,2,0
10760,4235,9,2,0.2
10761,4236,21,1,0.1
10762,4236,9,1,0
10763,4236,6,2,0
10764,4236,23,3,0.2
10765,4237,11,3,0.1
10766,4237,6,2,0.2
10767,4237,9,3,0
10768,4238,14,1,0
10769,4238,17,3,0
10770,4239,17,1,0.15
10771,4239,8,1,0.15
10772,4239,21,1,0.1
10773,4239,1,1,0.2
10774,4240,16,1,0
10775,4240,7,1,0.2
10776,4240,22,1,0.15
10777,4240,11,1,0.15
10778,4241,19,2,0.2
10779,4241,6,2,0.15
10780,4241,18,3,0
10781,4241,14,3,0.15
10782,4242,12,3,0.1
10783,4242,7,3,0.2
10784,4242,21,1,0
10785,4242,2,2,0
10786,4243,7,1,0.1
10787,4244,3,3,0
10788,4244,10,3,0
10789,4244,17,3,0
10790,4244,11,3,0.1
10791,4245,12,3,0.2
10792,4245,9,3,0
10793,4245,6,2,0.15
10794,4245,8,3,0.1
10795,4246,15,3,0.2
10796,4246,8,2,0.2
10797,4247,11,3,0.2
10798,4247,20,1,0
10799,4247,24,2,0
10800,4248,5,2,0
10801,4248,9,3,0
10802,4248,22,2,0.2
10803,4249,14,1,0.1
10804,4249,7,1,0
10805,4249,4,1,0.15
10806,4249,3,2,0
10807,4250,15,1,0
10808,4251,13,3,0.2
10809,4251,8,2,0.15
10810,4251,21,2,0.1
10811,4252,11,3,0
10812,4253,5,3,0
10813,4253,7,3,0
10814,4253,13,1,0
10815,4253,8,2,0
10816,4254,1,2,0.1
10817,4254,10,3,0
10818,4255,13,3,0
10819,4256,2,1,0
10820,4256,12,2,0
10821,4256,23,2,0
10822,4256,4,3,0
10823,4257,1,1,0.2
10824,4257,19,2,0
10825,4257,18,3,0.1
10826,4257,15,2,0
10827,4258,9,2,0.2
10828,4258,16,1,0.1
10829,4259,7,1,0.1
10830,4259,1,2,0.2
10831,4259,3,1,0.2
10832,4259,22,1,0
10833,4260,8,2,0.1
10834,4261,18,1,0.1
10835,4262,24,3,0
10836,4262,5,1,0.1
10837,4263,9,1,0
10838,4264,21,1,0.2
10839,4265,3,1,0
10840,4265,8,3,0.1
10841,4266,24,3,0
10842,4266,13,2,0.1
10843,4267,2,1,0.2
10844,4267,16,1,0.1
10845,4268,10,2,0
10846,4268,8,3,0.2
10847,4268,11,1,0.15
10848,4268,17,1,0
10849,4269,12,2,0
10850,4269,18,1,0
10851,4269,21,3,0.15
10852,4270,19,2,0
10853,4271,19,3,0.2
10854,4271,9,3,0.15
10855,4271,19,3,0
10856,4271,1,1,0.15
10857,4272,23,2,0
10858,4273,22,3,0.2
10859,4273,19,3,0
10860,4274,1,1,0.2
10861,4274,9,1,0.1
10862,4274,2,3,0.15
10863,4274,8,3,0.1
10864,4275,21,1,0.2
10865,4275,7,3,0.2
10866,4275,1,3,0
10867,4276,21,1,0.2
10868,4276,13,2,0.15
10869,4276,2,2,0.1
10870,4276,21,3,0.15
10871,4277,9,2,0
10872,4277,19,1,0
10873,4277,17,1,0
10874,4278,9,2,0.15
10875,4278,6,1,0.2
10876,4278,17,3,0
10877,4278,4,3,0
10878,4279,20,3,0
10879,4279,13,1,0.15
10880,4279,9,1,0.1
10881,4279,11,3,0.1
10882,4280,10,3,0.2
10883,4280,4,1,0
10884,4280,13,2,0
10885,4280,5,2,0
10886,4281,6,2,0.2
10887,4282,11,1,0
10888,4282,16,3,0.1
10889,4282,14,2,0.1
10890,4282,7,2,0
10891,4283,9,2,0.15
10892,4283,14,1,0
10893,4284,9,3,0.2
10894,4284,4,3,0.2
10895,4284,12,1,0.15
10896,4285,24,2,0
10897,4285,18,3,0.2
10898,4285,2,3,0
10899,4285,8,2,0
10900,4286,7,1,0.2
10901,4286,20,3,0
10902,4287,6,1,0
10903,4287,7,3,0.1
10904,4287,11,3,0.2
10905,4287,23,3,0
10906,4288,3,3,0
10907,4288,3,1,0
10908,4288,22,2,0.1
10909,4288,15,1,0.1
10910,4289,17,1,0.15
10911,4289,13,1,0.2
10912,4290,3,3,0.2
10913,4291,23,3,0
10914,4291,2,1,0.1
10915,4291,21,3,0
10916,4292,10,3,0.2
10917,4292,7,2,0.2
10918,4292,10,1,0.15
10919,4292,11,3,0
10920,4293,21,2,0.15
10921,4293,6,3,0.1
10922,4293,13,2,0.2
10923,4294,14,3,0.15
10924,4294,3,2,0
10925,4294,21,1,0.15
10926,4294,5,3,0
10927,4295,24,1,0.1
10928,4295,7,1,0
10929,4296,20,3,0
10930,4297,1,3,0
10931,4297,5,2,0
10932,4298,3,2,0.1
10933,4298,22,3,0.1
10934,4299,19,2,0
10935,4299,6,1,0
10936,4300,4,3,0
10937,4301,5,1,0.2
10938,4301,22,1,0
10939,4301,12,2,0
10940,4302,20,1,0.2
10941,4302,2,2,0.1
10942,4303,16,1,0
10943,4303,15,1,0.1
10944,4303,2,1,0
10945,4303,19,2,0.2
10946,4304,17,3,0.2
10947,4304,5,2,0.2
10948,4305,4,2,0.2
10949,4306,23,3,0.1
10950,4306,20,1,0.2
10951,4306,3,3,0.2
10952,4307,11,3,0
10953,4307,12,3,0.15
10954,4307,4,3,0.2
10955,4307,14,1,0
10956,4308,3,3,0
10957,4308,16,1,0
10958,4308,13,1,0
10959,4308,1,1,0
10960,4309,2,2,0.2
10961,4309,11,2,0.15
10962,4309,11,3,0
10963,4310,18,2,0
10964,4311,2,1,0.1
10965,4312,15,3,0.1
10966,4312,5,1,0
10967,4313,5,2,0.2
10968,4314,20,1,0.1
10969,4314,13,3,0
10970,4315,8,2,0
10971,4316,14,1,0
10972,4316,5,3,0.15
10973,4316,17,2,0
10974,4316,17,1,0
10975,4317,7,2,0.15
10976,4317,3,1,0.2
10977,4317,12,3,0
10978,4318,15,3,0.15
10979,4318,23,3,0
10980,4318,10,2,0.2
10981,4319,24,1,0
10982,4320,18,3,0
10983,4320,21,1,0.15
10984,4321,3,1,0.15
10985,4321,16,1,0
10986,4321,11,2,0
10987,4322,11,2,0
10988,4322,6,2,0
10989,4322,7,2,0.15
10990,4322,2,2,0
10991,4323,9,3,0
10992,4324,17,3,0.1
10993,4324,16,2,0.2
10994,4324,7,3,0.1
10995,4324,1,1,0
10996,4325,11,2,0.15
10997,4325,10,1,0.1
10998,4325,12,1,0.1
10999,4326,7,2,0
11000,4326,9,2,0
11001,4326,19,2,0.2
11002,4327,3,2,0.2
11003,4327,21,1,0.1
11004,4327,20,1,0
11005,4328,23,3,0
11006,4328,8,2,0.2
11007,4328,2,1,0.15
11008,4329,8,3,0.2
11009,4329,20,2,0
11010,4329,14,3,0
11011,4330,18,3,0.1
11012,4330,16,3,0
11013,4330,14,1,0.1
11014,4331,11,3,0.15
11015,4332,10,3,0
11016,4333,2,3,0.2
11017,4333,11,1,0
11018,4333,19,2,0.15
11019,4334,14,3,0
11020,4334,15,1,0.1
11021,4334,3,1,0.2
11022,4335,16,1,0.15
11023,4336,15,2,0.2
11024,4337,16,3,0.1
11025,4337,12,3,0
11026,4337,3,3,0.2
11027,4338,14,2,0
11028,4339,17,3,0
11029,4339,13,2,0
11030,4340,18,1,0.15
11031,4340,22,3,0.1
11032,4340,24,2,0.1
11033,4340,4,3,0.2
11034,4341,2,3,0.1
11035,4341,11,3,0
11036,4342,13,2,0.15
11037,4343,2,3,0.15
11038,4344,13,1,0
11039,4344,14,3,0.1
11040,4344,16,1,0.15
11041,4345,23,1,0.2
11042,4345,1,1,0.15
11043,4345,23,3,0.2
11044,4346,6,2,0
11045,4347,8,1,0
11046,4348,11,3,0.15
11047,4348,3,3,0.1
11048,4348,15,1,0.15
11049,4348,21,3,0
11050,4349,17,1,0
11051,4349,8,1,0
11052,4349,23,1,0
11053,4349,11,1,0.1
11054,4350,6,1,0
11055,4351,3,3,0
11056,4352,12,1,0
11057,4352,2,1,0
11058,4352,15,3,0
11059,4352,11,1,0
11060,4353,3,3,0.2
11061,4354,21,1,0
11062,4354,23,1,0
11063,4354,1,3,0.2
11064,4355,2,1,0
11065,4355,6,3,0.1
11066,4355,11,1,0.15
11067,4356,19,2,0
11068,4357,20,1,0.1
11069,4357,4,3,0
11070,4357,2,2,0
11071,4358,16,2,0.1
11072,4359,18,3,0
11073,4359,11,3,0
11074,4359,6,2,0
11075,4360,16,3,0.15
11076,4360,24,1,0
11077,4360,6,1,0.2
11078,4361,11,1,0.15
11079,4361,3,2,0.15
11080,4361,7,2,0.2
11081,4361,14,1,0.2
11082,4362,17,2,0.15
11083,4362,18,1,0
11084,4362,18,2,0
11085,4363,15,2,0.1
11086,4363,14,2,0
11087,4363,15,1,0
11088,4363,23,2,0
11089,4364,8,1,0.1
11090,4365,17,1,0.15
11091,4365,3,2,0.15
11092,4365,15,3,0
11093,4365,1,3,0.1
11094,4366,14,3,0
11095,4367,11,2,0
11096,4367,24,2,0
11097,4367,17,1,0
11098,4367,10,2,0
11099,4368,13,2,0
11100,4368,14,1,0.15
11101,4369,23,1,0.15
11102,4370,3,2,0
11103,4370,6,3,0.2
11104,4370,20,1,0.1
11105,4371,12,3,0.15
11106,4371,20,3,0.1
11107,4372,7,1,0
11108,4373,17,2,0
11109,4373,18,2,0.2
11110,4373,20,2,0.2
11111,4373,23,3,0.2
11112,4374,19,1,0.1
11113,4375,2,1,0.15
11114,4375,21,1,0.1
11115,4375,6,3,0
11116,4376,22,2,0
11117,4376,11,1,0.1
11118,4376,17,3,0
11119,4376,6,2,0.2
11120,4377,7,2,0.2
11121,4377,18,2,0
11122,4377,15,3,0
11123,4377,9,1,0.15
11124,4378,22,1,0.1
11125,4378,15,1,0
11126,4378,16,3,0.2
11127,4378,15,1,0
11128,4379,2,1,0.2
11129,4379,19,1,0
11130,4380,15,1,0
11131,4380,17,2,0.2
11132,4380,11,1,0
11133,4381,23,2,0.1
11134,4381,4,2,0.1
11135,4381,12,1,0
11136,4382,1,2,0
11137,4383,18,1,0
11138,4383,3,1,0
11139,4383,5,3,0
11140,4383,11,1,0.1
11141,4384,22,2,0.15
11142,4384,12,3,0.1
11143,4384,11,3,0.1
11144,4384,4,3,0.15
11145,4385,12,1,0
11146,4385,14,3,0.1
11147,4386,23,3,0.2
11148,4386,19,2,0.15
11149,4386,23,1,0.2
11150,4386,7,1,0.2
11151,4387,16,3,0
11152,4388,20,1,0.15
11153,4389,16,2,0
11154,4390,15,2,0
11155,4390,14,1,0.2
11156,4391,23,1,0.1
11157,4391,12,3,0
11158,4391,19,1,0.15
11159,4392,14,2,0
11160,4392,18,1,0
11161,4393,6,3,0.15
11162,4394,2,3,0.1
11163,4395,24,3,0
11164,4395,11,2,0.15
11165,4395,1,1,0.2
11166,4395,17,1,0.15
11167,4396,15,3,0
11168,4397,8,2,0
11169,4397,4,1,0
11170,4397,13,3,0.15
11171,4398,9,3,0.1
11172,4398,14,1,0.15
11173,4399,16,3,0.2
11174,4399,13,1,0
11175,4399,8,1,0
11176,4399,23,3,0.15
11177,4400,4,2,0.1
11178,4401,5,1,0.1
11179,4401,4,3,0
11180,4401,13,3,0
11181,4402,14,2,0.15
11182,4402,9,1,0
11183,4402,6,3,0.2
11184,4403,15,2,0.15
11185,4403,15,1,0.1
11186,4404,3,3,0
11187,4404,10,3,0.15
11188,4405,3,2,0
11189,4405,16,3,0.2
11190,4405,5,1,0.2
11191,4406,8,3,0.1
11192,4407,6,3,0
11193,4408,1,2,0
11194,4408,21,1,0
11195,4409,7,2,0.1
11196,4409,17,3,0
11197,4410,14,2,0.1
11198,4410,9,2,0.1
11199,4411,19,2,0
11200,4412,16,1,0.1
11201,4412,22,2,0
11202,4412,9,1,0.2
11203,4413,16,1,0.1
11204,4414,9,2,0
11205,4414,21,3,0
11206,4414,19,2,0
11207,4415,10,1,0.15
11208,4416,16,1,0
11209,4416,2,1,0.1
11210,4416,8,1,0.1
11211,4417,9,1,0
11212,4417,20,3,0.15
11213,4418,7,1,0.15
11214,4418,19,3,0.15
11215,4418,8,3,0
11216,4419,12,3,0.15
11217,4420,17,1,0
11218,4420,14,2,0.2
11219,4420,4,1,0.15
11220,4421,15,1,0.2
11221,4421,1,2,0
11222,4421,14,3,0
11223,4421,18,2,0.1
11224,4422,8,2,0
11225,4422,22,2,0
11226,4422,3,3,0
11227,4422,2,3,0
11228,4423,11,2,0.1
11229,4424,4,2,0
11230,4425,3,2,0
11231,4426,15,3,0
11232,4426,10,1,0
11233,4426,16,2,0
11234,4427,17,2,0.15
11235,4427,5,3,0.15
11236,4428,8,3,0.2
11237,4428,4,3,0
11238,4429,2,2,0
11239,4430,7,1,0
11240,4430,22,2,0.1
11241,4430,2,3,0.2
11242,4431,19,2,0
11243,4431,5,2,0.1
11244,4432,16,1,0.15
11245,4432,8,3,0
11246,4432,8,2,0.2
11247,4433,6,1,0
11248,4433,22,2,0
11249,4434,17,1,0
11250,4434,22,2,0.2
11251,4434,3,2,0
11252,4435,24,3,0
11253,4436,10,3,0.2
11254,4436,5,2,0
11255,4437,12,3,0.1
11256,4437,12,1,0
11257,4438,19,2,0
11258,4438,20,3,0
11259,4439,14,2,0.1
11260,4439,18,2,0
11261,4440,10,2,0.2
11262,4440,10,1,0.15
11263,4440,21,2,0
11264,4441,7,2,0.15
11265,4441,7,1,0.1
11266,4442,16,3,0
11267,4442,3,1,0.15
11268,4443,11,1,0
11269,4443,5,2,0
11270,4443,12,2,0.2
11271,4443,24,3,0.1
11272,4444,16,1,0.1
11273,4444,3,2,0.15
11274,4444,21,1,0.2
11275,4445,8,2,0.1
11276,4445,6,3,0.2
11277,4446,18,2,0
11278,4446,2,3,0.2
11279,4446,8,3,0
11280,4447,1,3,0.2
11281,4447,21,1,0
11282,4448,5,3,0.1
11283,4448,2,2,0.15
11284,4449,14,1,0
11285,4449,16,1,0.15
11286,4449,20,2,0
11287,4449,18,3,0.1
11288,4450,11,2,0.15
11289,4450,4,3,0
11290,4450,20,3,0
11291,4450,19,1,0
11292,4451,19,3,0
11293,4451,17,1,0
11294,4451,1,3,0
11295,4452,20,2,0.15
11296,4452,24,2,0
11297,4452,22,3,0
11298,4452,2,3,0
11299,4453,11,1,0
11300,4453,6,1,0.15
11301,4453,23,2,0.15
11302,4453,3,1,0.2
11303,4454,3,2,0
11304,4455,14,2,0.15
11305,4455,5,1,0.15
11306,4455,14,2,0.15
11307,4456,17,1,0
11308,4457,2,3,0
11309,4457,17,3,0.15
11310,4457,10,3,0
11311,4457,19,1,0
11312,4458,1,2,0
11313,4459,4,1,0.15
11314,4459,23,1,0
11315,4460,8,3,0.1
11316,4460,4,2,0
11317,4461,5,3,0.15
11318,4461,20,3,0
11319,4461,23,3,0
11320,4461,3,1,0.2
11321,4462,4,1,0.1
11322,4462,2,3,0.15
11323,4462,16,3,0
11324,4463,23,1,0.15
11325,4463,15,3,0.1
11326,4464,4,1,0
11327,4464,20,2,0
11328,4465,5,1,0
11329,4465,13,2,0.2
11330,4465,8,1,0.1
11331,4466,21,3,0
11332,4466,1,2,0.1
11333,4467,12,1,0.15
11334,4467,22,2,0
11335,4467,9,3,0
11336,4467,3,2,0.2
11337,4468,14,1,0
11338,4468,13,1,0.1
11339,4469,8,3,0
11340,4469,16,1,0.1
11341,4469,6,1,0.2
11342,4469,11,2,0
11343,4470,15,1,0
11344,4471,1,1,0.15
11345,4472,22,1,0
11346,4472,22,2,0.15
11347,4473,22,1,0
11348,4473,10,1,0
11349,4474,5,1,0
11350,4474,12,2,0.1
11351,4474,11,2,0.1
11352,4475,12,1,0.1
11353,4475,9,1,0
11354,4476,23,3,0
11355,4476,8,3,0
11356,4477,5,2,0.2
11357,4478,4,3,0.2
11358,4478,4,2,0.1
11359,4478,22,3,0.2
11360,4479,21,3,0
11361,4479,23,3,0.1
11362,4479,13,2,0
11363,4479,14,3,0
11364,4480,6,3,0
11365,4481,20,2,0.2
11366,4481,18,1,0
11367,4481,23,2,0
11368,4481,15,2,0
11369,4482,2,1,0
11370,4482,7,2,0.2
11371,4483,24,3,0.2
11372,4483,17,1,0
11373,4484,10,2,0.2
11374,4485,21,2,0.2
11375,4486,5,2,0.1
11376,4486,15,3,0.15
11377,4486,7,1,0
11378,4486,5,3,0.2
11379,4487,16,2,0.15
11380,4488,3,2,0
11381,4488,6,1,0.15
11382,4489,12,2,0
11383,4489,14,1,0.1
11384,4489,4,3,0
11385,4490,10,2,0.2
11386,4490,18,1,0.1
11387,4490,13,2,0.2
11388,4491,22,3,0.1
11389,4492,11,2,0.1
11390,4492,7,2,0
11391,4492,9,1,0.2
11392,4492,3,2,0
11393,4493,2,1,0
11394,4493,19,3,0
11395,4493,9,2,0
11396,4493,14,3,0.15
11397,4494,22,1,0.15
11398,4494,21,1,0
11399,4495,21,1,0.1
11400,4495,2,2,0
11401,4496,21,1,0.2
11402,4496,16,1,0.1
11403,4497,8,1,0.1
11404,4498,23,3,0
11405,4498,9,2,0.2
11406,4498,14,1,0
11407,4498,11,2,0.15
11408,4499,19,1,0
11409,4499,9,3,0.2
11410,4499,20,1,0.2
11411,4500,18,2,0.15
11412,4500,23,3,0
11413,4501,11,2,0
11414,4501,4,3,0
11415,4501,24,2,0.2
11416,4502,14,2,0
11417,4503,23,2,0
11418,4504,8,2,0
11419,4504,10,2,0
11420,4505,24,2,0
11421,4505,9,2,0
11422,4506,14,1,0
11423,4506,6,3,0.15
11424,4506,14,3,0
11425,4507,15,2,0.2
11426,4507,1,3,0.1
11427,4507,23,3,0
11428,4507,19,1,0.1
11429,4508,14,1,0.2
11430,4509,12,2,0
11431,4509,13,1,0
11432,4510,9,3,0.15
11433,4510,23,2,0
11434,4511,20,2,0
11435,4511,2,1,0.2
11436,4511,22,1,0
11437,4512,23,2,0
11438,4512,21,2,0
11439,4512,21,2,0.2
11440,4512,18,2,0.2
11441,4513,10,2,0.1
11442,4513,5,2,0.1
11443,4514,3,2,0
11444,4514,17,3,0.2
11445,4514,1,1,0.1
11446,4515,6,1,0.15
11447,4515,22,2,0.1
11448,4515,10,2,0.15
11449,4516,17,1,0.15
11450,4516,9,3,0
11451,4516,21,2,0
11452,4516,24,2,0
11453,4517,24,3,0.2
11454,4518,20,1,0.1
11455,4518,4,2,0
11456,4519,12,3,0.15
11457,4520,13,3,0.2
11458,4520,24,1,0.1
11459,4521,23,2,0.15
11460,4521,9,2,0
11461,4522,5,1,0.15
11462,4522,22,1,0.15
11463,4522,11,1,0
11464,4523,10,1,0
11465,4524,19,3,0.1
11466,4524,21,3,0
11467,4524,9,3,0.2
11468,4524,21,3,0.15
11469,4525,3,3,0
11470,4525,1,2,0.2
11471,4526,8,3,0
11472,4526,17,2,0
11473,4526,21,1,0
11474,4527,23,3,0.15
11475,4527,9,1,0
11476,4527,1,2,0
11477,4527,19,1,0
11478,4528,6,2,0
11479,4528,1,1,0.15
11480,4528,6,1,0
11481,4529,21,3,0.2
11482,4529,21,3,0
11483,4529,5,3,0
11484,4529,9,1,0
11485,4530,3,2,0.15
11486,4531,17,1,0.15
11487,4531,15,2,0.2
11488,4532,3,3,0.15
11489,4532,20,1,0.1
11490,4533,14,2,0
11491,4533,8,2,0
11492,4533,2,1,0.1
11493,4534,5,2,0.1
11494,4534,11,1,0.2
11495,4534,20,3,0
11496,4534,9,1,0.2
11497,4535,3,3,0.1
11498,4536,21,1,0.15
11499,4536,12,3,0
11500,4537,22,2,0.15
11501,4537,5,1,0.15
11502,4537,9,2,0.15
11503,4538,4,1,0.15
11504,4538,12,2,0
11505,4538,24,1,0
11506,4538,1,3,0
11507,4539,18,3,0.1
11508,4539,13,2,0
11509,4539,22,2,0
11510,4539,20,2,0
11511,4540,21,1,0.15
11512,4541,22,3,0.2
11513,4541,23,3,0.2
11514,4541,8,3,0.1
11515,4541,5,2,0
11516,4542,7,2,0.15
11517,4542,23,1,0
11518,4542,6,1,0.2
11519,4542,12,1,0.2
11520,4543,6,3,0.15
11521,4544,4,1,0.2
11522,4544,3,1,0
11523,4544,7,2,0.15
11524,4544,1,2,0.1
11525,4545,6,1,0.2
11526,4546,17,2,0.15
11527,4546,12,3,0.1
11528,4547,24,2,0.1
11529,4547,18,1,0.15
11530,4547,14,2,0
11531,4548,1,1,0.1
11532,4549,16,1,0.15
11533,4549,3,2,0
11534,4549,23,3,0.2
11535,4550,7,2,0.15
11536,4550,6,2,0
11537,4551,12,2,0.1
11538,4551,12,1,0
11539,4551,2,1,0
11540,4552,10,1,0.1
11541,4552,11,2,0
11542,4552,9,3,0.15
11543,4552,3,1,0
11544,4553,7,3,0.1
11545,4553,19,2,0
11546,4553,15,2,0
11547,4554,14,3,0
11548,4554,19,1,0.1
11549,4554,6,2,0
11550,4554,11,1,0.15
11551,4555,9,1,0
11552,4555,7,1,0.15
11553,4556,6,3,0.15
11554,4556,10,1,0.15
11555,4557,4,1,0
11556,4558,10,3,0
11557,4559,2,1,0.1
11558,4559,16,3,0
11559,4559,20,3,0
11560,4560,19,2,0
11561,4560,4,1,0.15
11562,4560,23,2,0.2
11563,4561,10,3,0
11564,4561,3,2,0.15
11565,4562,21,3,0.1
11566,4562,15,2,0
11567,4562,20,2,0
11568,4562,24,2,0.1
11569,4563,5,1,0.2
11570,4563,16,3,0
11571,4563,3,3,0.15
11572,4563,23,3,0
11573,4564,13,3,0.15
11574,4565,18,2,0
11575,4565,10,2,0.2
11576,4566,17,3,0.1
11577,4566,7,1,0
11578,4566,3,1,0
11579,4567,16,2,0
11580,4567,14,2,0
11581,4567,8,1,0
11582,4567,6,3,0
11583,4568,14,3,0
11584,4568,8,1,0.2
11585,4569,14,1,0.15
11586,4569,10,2,0.2
11587,4569,22,2,0
11588,4570,23,1,0.15
11589,4571,20,1,0.15
11590,4571,9,3,0
11591,4571,11,3,0
11592,4571,16,2,0.2
11593,4572,11,3,0
11594,4572,15,3,0.2
11595,4572,7,2,0
11596,4572,8,1,0
11597,4573,6,1,0
11598,4573,13,1,0.2
11599,4574,19,3,0
11600,4574,4,1,0
11601,4574,1,2,0
11602,4574,14,2,0
11603,4575,4,3,0.1
11604,4575,19,2,0.15
11605,4575,15,3,0
11606,4575,13,1,0.1
11607,4576,18,1,0.1
11608,4576,22,3,0
11609,4576,19,2,0
11610,4576,2,2,0
11611,4577,15,1,0.2
11612,4577,24,1,0
11613,4578,21,1,0.15
11614,4578,13,1,0.1
11615,4578,8,1,0.1
11616,4578,16,1,0
11617,4579,5,2,0.1
11618,4579,17,2,0.2
11619,4579,3,2,0.15
11620,4580,21,1,0
11621,4580,1,2,0
11622,4580,5,3,0.1
11623,4581,4,2,0
11624,4582,16,1,0.2
11625,4582,23,2,0.15
11626,4582,21,3,0.2
11627,4582,5,2,0.15
11628,4583,20,3,0
11629,4583,7,3,0.15
11630,4583,22,3,0
11631,4584,14,3,0.1
11632,4584,9,1,0
11633,4585,3,1,0.15
11634,4585,24,1,0.2
11635,4585,5,3,0.2
11636,4585,5,2,0.1
11637,4586,16,2,0.2
11638,4586,21,3,0.1
11639,4587,6,2,0.2
11640,4587,14,2,0.1
11641,4587,7,1,0
11642,4588,16,3,0.15
11643,4588,22,2,0
11644,4589,5,3,0.1
11645,4589,13,2,0
11646,4589,16,3,0.2
11647,4589,23,2,0.15
11648,4590,8,1,0.2
11649,4591,24,1,0.15
11650,4592,4,1,0.2
11651,4592,12,2,0
11652,4592,20,3,0
11653,4593,18,1,0
11654,4593,14,3,0
11655,4593,19,3,0
11656,4593,22,1,0
11657,4594,14,1,0
11658,4594,16,2,0
11659,4595,5,1,0.2
11660,4595,14,1,0
11661,4596,10,1,0.1
11662,4596,23,3,0
11663,4597,23,2,0.15
11664,4597,16,3,0
11665,4597,5,1,0
11666,4598,13,2,0
11667,4598,24,1,0.1
11668,4598,15,2,0
11669,4599,10,3,0
11670,4599,21,3,0.1
11671,4600,1,2,0
11672,4600,16,2,0
11673,4600,10,3,0.1
11674,4601,10,3,0
11675,4602,10,1,0.1
11676,4603,23,2,0
11677,4604,22,2,0.2
11678,4604,14,2,0.15
11679,4604,20,1,0.1
11680,4604,13,1,0
11681,4605,15,3,0.2
11682,4606,18,3,0.2
11683,4607,4,2,0.1
11684,4607,20,1,0.2
11685,4607,4,3,0
11686,4607,19,1,0.2
11687,4608,3,1,0
11688,4608,23,3,0.1
11689,4608,14,2,0
11690,4609,18,2,0.15
11691,4610,9,1,0.15
11692,4611,11,3,0.2
11693,4611,11,3,0.1
11694,4612,3,3,0
11695,4612,24,1,0.2
11696,4613,8,2,0
11697,4613,21,1,0.2
11698,4613,10,1,0
11699,4614,14,3,0
11700,4615,20,1,0.2
11701,4616,3,1,0.2
11702,4617,5,2,0
11703,4618,24,1,0.1
11704,4618,23,2,0.2
11705,4618,3,3,0
11706,4619,17,3,0.1
11707,4619,14,2,0.2
11708,4620,23,3,0
11709,4621,11,3,0
11710,4622,24,3,0.1
11711,4622,9,1,0
11712,4622,16,1,0.15
11713,4623,9,3,0.15
11714,4623,13,1,0.1
11715,4623,14,3,0
11716,4624,19,3,0.2
11717,4624,21,3,0.1
11718,4624,11,1,0.1
11719,4625,12,2,0
11720,4626,5,3,0.2
11721,4626,2,3,0.15
11722,4627,6,3,0.2
11723,4627,8,3,0.2
11724,4627,11,3,0.2
11725,4627,21,2,0
11726,4628,1,1,0.1
11727,4629,4,1,0
11728,4629,20,2,0.15
11729,4630,15,3,0
11730,4630,15,1,0
11731,4630,12,2,0.1
11732,4630,5,3,0
11733,4631,23,3,0
11734,4631,24,2,0
11735,4631,15,3,0
11736,4631,20,3,0.2
11737,4632,19,2,0.15
11738,4633,7,1,0.1
11739,4634,24,3,0
11740,4634,24,1,0
11741,4635,2,1,0
11742,4635,1,1,0
11743,4635,14,2,0.1
11744,4635,14,3,0.15
11745,4636,24,1,0.1
11746,4636,10,1,0
11747,4636,17,1,0.15
11748,4636,22,1,0
11749,4637,16,1,0
11750,4637,10,3,0
11751,4637,12,1,0
11752,4637,21,2,0
11753,4638,15,1,0.2
11754,4639,16,3,0
11755,4639,11,3,0
11756,4639,21,1,0.2
11757,4640,21,2,0
11758,4640,16,2,0
11759,4641,7,3,0.15
11760,4641,23,1,0.15
11761,4641,13,3,0
11762,4642,9,3,0
11763,4642,3,2,0
11764,4643,12,1,0.1
11765,4643,10,1,0.2
11766,4643,8,1,0
11767,4643,10,1,0.2
11768,4644,13,3,0
11769,4644,15,1,0
11770,4645,2,1,0.15
11771,4645,21,1,0.2
11772,4646,16,1,0
11773,4646,12,3,0
11774,4646,14,2,0
11775,4646,4,3,0.1
11776,4647,11,1,0
11777,4648,14,3,0.15
11778,4648,8,2,0
11779,4649,12,1,0
11780,4649,3,1,0
11781,4649,21,3,0.15
11782,4650,7,2,0.15
11783,4650,10,1,0
11784,4650,8,1,0.2
11785,4650,16,2,0.1
11786,4651,2,3,0.1
11787,4651,9,1,0
11788,4651,12,2,0
11789,4651,17,2,0
11790,4652,20,1,0
11791,4653,10,2,0
11792,4654,11,2,0.1
11793,4655,5,2,0
11794,4655,20,1,0.2
11795,4656,10,3,0.15
11796,4657,17,1,0
11797,4657,21,3,0
11798,4657,11,1,0.15
11799,4657,4,1,0.15
11800,4658,9,3,0
11801,4659,24,3,0.15
11802,4660,2,1,0.1
11803,4660,5,1,0
11804,4660,23,1,0.15
11805,4660,9,3,0.1
11806,4661,2,2,0
11807,4662,5,1,0.2
11808,4662,14,2,0.15
11809,4663,21,2,0.2
11810,4663,21,3,0
11811,4663,2,1,0.15
11812,4664,20,3,0
11813,4664,6,3,0
11814,4664,5,2,0
11815,4665,6,3,0.1
11816,4665,15,1,0.1
11817,4666,10,2,0
11818,4667,11,1,0.15
11819,4667,12,2,0
11820,4667,18,3,0
11821,4668,8,2,0.1
11822,4669,18,2,0
11823,4669,23,3,0
11824,4669,4,1,0
11825,4670,24,1,0
11826,4670,4,2,0
11827,4671,14,1,0
11828,4671,3,3,0.1
11829,4671,7,3,0
11830,4671,21,1,0
11831,4672,7,1,0
11832,4672,14,2,0
11833,4673,10,3,0.15
11834,4673,18,3,0.2
11835,4673,18,2,0
11836,4673,1,2,0
11837,4674,2,3,0.1
11838,4675,11,1,0.15
11839,4676,8,3,0
11840,4676,13,2,0.1
11841,4677,12,3,0.15
11842,4677,5,1,0
11843,4677,10,3,0.15
11844,4677,17,2,0
11845,4678,14,1,0.2
11846,4679,6,2,0.15
11847,4679,5,2,0
11848,4679,7,1,0
11849,4679,20,3,0.2
11850,4680,11,1,0.1
11851,4680,1,1,0
11852,4681,16,2,0.15
11853,4682,17,2,0.15
11854,4682,20,1,0
11855,4682,16,3,0
11856,4683,7,2,0
11857,4683,12,1,0.15
11858,4683,13,2,0.2
11859,4683,13,2,0.1
11860,4684,15,3,0.1
11861,4684,16,1,0.15
11862,4685,23,3,0.15
11863,4686,3,1,0
11864,4687,7,3,0.15
11865,4687,9,3,0.2
11866,4688,2,2,0
11867,4688,13,1,0.15
11868,4688,12,3,0
11869,4689,16,2,0.2
11870,4689,10,2,0.15
11871,4689,24,3,0
11872,4689,4,3,0.15
11873,4690,19,1,0
11874,4691,16,2,0
11875,4692,20,1,0.2
11876,4692,6,2,0
11877,4693,2,3,0.15
11878,4693,23,2,0
11879,4694,16,3,0.1
11880,4694,2,1,0
11881,4695,17,1,0.2
11882,4695,13,1,0
11883,4695,7,3,0.15
11884,4696,15,2,0
11885,4696,21,2,0
11886,4696,10,3,0.2
11887,4696,20,3,0.15
11888,4697,15,3,0
11889,4698,23,2,0
11890,4698,18,3,0.15
11891,4698,1,3,0.2
11892,4699,8,1,0.15
11893,4700,15,1,0
11894,4700,15,2,0.1
11895,4700,18,3,0.1
11896,4700,24,1,0.15
11897,4701,24,2,0.15
11898,4702,20,1,0.1
11899,4702,14,2,0
11900,4702,17,3,0.15
11901,4703,23,1,0.1
11902,4703,2,2,0.15
11903,4703,4,2,0.2
11904,4703,4,3,0
11905,4704,18,3,0
11906,4704,4,2,0.1
11907,4705,22,2,0.2
11908,4705,16,1,0.2
11909,4706,3,1,0
11910,4706,16,2,0
11911,4706,12,1,0.15
11912,4707,21,1,0
11913,4707,16,3,0
11914,4708,14,1,0.2
11915,4708,1,1,0
11916,4709,3,3,0.1
11917,4709,9,1,0.2
11918,4709,20,2,0.2
11919,4709,13,1,0
11920,4710,23,1,0
11921,4711,7,1,0.15
11922,4712,13,1,0.2
11923,4712,3,1,0
11924,4712,1,1,0.2
11925,4713,10,1,0
11926,4714,18,1,0
11927,4714,23,3,0.15
11928,4714,8,1,0
11929,4714,8,2,0
11930,4715,22,3,0
11931,4715,24,2,0.2
11932,4716,24,2,0
11933,4717,1,2,0.1
11934,4717,5,1,0.2
11935,4717,9,1,0.1
11936,4717,7,2,0
11937,4718,13,3,0
11938,4719,24,2,0
11939,4720,22,3,0
11940,4721,12,1,0.1
11941,4721,4,3,0
11942,4721,14,2,0
11943,4722,20,3,0
11944,4722,6,3,0
11945,4722,6,3,0
11946,4722,23,2,0.1
11947,4723,7,2,0
11948,4723,12,3,0
11949,4723,16,1,0
11950,4724,22,1,0
11951,4725,9,3,0.15
11952,4725,20,1,0
11953,4726,4,2,0
11954,4727,4,3,0
11955,4728,2,3,0.2
11956,4729,23,1,0.2
11957,4730,23,3,0.1
11958,4730,15,3,0
11959,4730,7,2,0.15
11960,4730,7,1,0.1
11961,4731,18,1,0
11962,4731,12,2,0
11963,4731,19,1,0.15
11964,4732,16,2,0
11965,4733,9,1,0
11966,4733,5,3,0
11967,4733,13,3,0.1
11968,4733,8,1,0.15
11969,4734,1,3,0.15
11970,4734,7,3,0.2
11971,4734,21,1,0.1
11972,4734,7,2,0
11973,4735,17,1,0
11974,4735,1,1,0
11975,4735,5,1,0.1
11976,4736,8,3,0
11977,4736,23,3,0
11978,4736,10,2,0
11979,4736,11,3,0
11980,4737,16,1,0.15
11981,4737,2,1,0
11982,4737,13,3,0.1
11983,4737,6,3,0
11984,4738,2,2,0
11985,4738,10,1,0
11986,4738,19,1,0.2
11987,4739,13,3,0.15
11988,4739,23,2,0.2
11989,4739,15,2,0.2
11990,4740,23,3,0.2
11991,4740,10,1,0.2
11992,4740,5,3,0.2
11993,4741,12,2,0.1
11994,4741,21,1,0
11995,4741,2,3,0
11996,4742,18,3,0.1
11997,4743,18,1,0
11998,4743,4,3,0.1
11999,4744,21,2,0.2
12000,4744,3,1,0
12001,4744,8,3,0
12002,4745,15,1,0.1
12003,4746,16,1,0
12004,4746,9,2,0
12005,4747,16,2,0
12006,4747,1,2,0
12007,4747,14,1,0
12008,4747,19,1,0
12009,4748,11,3,0.2
12010,4748,15,2,0.1
12011,4748,14,3,0.15
12012,4749,2,2,0.1
12013,4750,2,3,0.2
12014,4750,9,1,0.1
12015,4751,17,2,0
12016,4751,22,2,0
12017,4752,8,2,0.15
12018,4752,21,1,0
12019,4753,8,3,0
12020,4753,18,3,0
12021,4754,16,3,0
12022,4754,23,1,0.15
12023,4755,19,3,0.2
12024,4755,24,2,0
12025,4756,23,3,0
12026,4756,5,3,0
12027,4756,2,1,0.15
12028,4756,9,1,0
12029,4757,20,3,0
12030,4757,19,1,0
12031,4757,18,3,0.1
12032,4758,19,2,0
12033,4759,10,2,0
12034,4759,22,2,0.2
12035,4760,18,3,0.15
12036,4760,18,1,0
12037,4761,7,3,0.2
12038,4761,8,2,0.2
12039,4761,17,1,0
12040,4761,18,1,0.15
12041,4762,19,3,0.15
12042,4762,3,2,0.15
12043,4762,18,1,0
12044,4763,16,2,0.1
12045,4763,10,1,0
12046,4763,15,1,0
12047,4763,2,2,0
12048,4764,2,2,0
12049,4764,17,3,0
12050,4764,9,3,0.15
12051,4764,20,1,0.15
12052,4765,14,1,0
12053,4765,21,3,0.1
12054,4765,16,3,0.15
12055,4765,8,3,0
12056,4766,8,1,0
12057,4767,19,1,0.15
12058,4767,4,3,0.1
12059,4767,20,3,0.1
12060,4768,7,1,0
12061,4768,17,1,0.2
12062,4768,6,2,0.2
12063,4768,3,1,0.1
12064,4769,16,3,0
12065,4769,3,3,0
12066,4769,8,1,0
12067,4770,20,3,0.2
12068,4770,3,3,0.1
12069,4770,14,1,0.1
12070,4770,1,3,0
12071,4771,6,2,0
12072,4771,14,3,0
12073,4771,24,3,0.2
12074,4771,21,2,0
12075,4772,21,1,0
12076,4773,10,2,0
12077,4773,19,1,0.2
12078,4774,2,2,0.2
12079,4775,12,2,0
12080,4775,3,1,0.15
12081,4775,22,1,0.1
12082,4776,22,2,0
12083,4776,24,1,0.15
12084,4776,13,1,0
12085,4777,21,3,0
12086,4778,8,2,0.2
12087,4778,6,3,0
12088,4778,14,1,0.15
12089,4778,14,1,0.1
12090,4779,11,3,0
12091,4779,16,3,0
12092,4780,1,1,0
12093,4780,15,3,0.15
12094,4780,7,2,0
12095,4781,21,3,0
12096,4781,16,3,0.1
12097,4782,11,2,0.15
12098,4783,11,1,0
12099,4784,22,2,0
12100,4785,8,1,0
12101,4785,21,1,0
12102,4785,14,3,0.2
12103,4786,2,2,0
12104,4786,1,3,0
12105,4787,9,1,0.15
12106,4788,2,1,0
12107,4788,13,2,0
12108,4788,10,2,0
12109,4789,17,2,0.2
12110,4790,5,1,0.15
12111,4790,8,1,0.1
12112,4790,20,2,0
12113,4791,19,1,0.2
12114,4791,5,1,0.15
12115,4792,21,2,0.1
12116,4792,4,3,0.2
12117,4793,5,1,0.15
12118,4793,24,3,0
12119,4793,15,3,0.15
12120,4793,16,3,0
12121,4794,16,2,0
12122,4795,2,1,0.1
12123,4795,16,2,0
12124,4795,15,2,0
12125,4796,12,2,0
12126,4797,18,1,0
12127,4797,6,1,0
12128,4797,7,3,0
12129,4797,17,3,0
12130,4798,15,2,0
12131,4798,20,2,0
12132,4798,10,1,0.15
12133,4799,16,1,0
12134,4799,19,1,0
12135,4800,18,1,0.15
12136,4800,14,1,0.2
12137,4800,23,2,0.1
12138,4801,18,2,0
12139,4801,5,1,0
12140,4802,7,3,0.2
12141,4802,16,2,0.15
12142,4802,5,3,0
12143,4803,16,2,0
12144,4803,23,1,0.2
12145,4803,20,3,0
12146,4804,17,1,0
12147,4804,1,2,0
12148,4805,16,3,0
12149,4806,23,1,0
12150,4806,5,1,0
12151,4807,22,1,0
12152,4808,2,3,0
12153,4808,22,3,0.1
12154,4808,1,1,0.2
12155,4808,12,1,0
12156,4809,4,1,0.1
12157,4809,19,3,0.2
12158,4809,16,2,0.2
12159,4810,18,2,0
12160,4810,22,3,0.1
12161,4811,4,2,0.15
12162,4811,11,3,0.2
12163,4812,24,2,0.2
12164,4813,6,3,0
12165,4813,18,1,0.2
12166,4813,18,2,0.15
12167,4814,19,3,0
12168,4815,23,2,0
12169,4815,21,1,0.1
12170,4816,2,1,0.2
12171,4817,10,1,0
12172,4817,13,3,0
12173,4817,16,2,0.2
12174,4817,2,1,0.15
12175,4818,23,3,0.1
12176,4818,21,2,0.15
12177,4819,3,2,0.15
12178,4819,17,3,0.1
12179,4819,5,3,0.2
12180,4819,8,1,0.15
12181,4820,12,2,0
12182,4820,12,2,0
12183,4820,10,3,0.1
12184,4821,23,2,0
12185,4822,16,3,0
12186,4823,8,2,0
12187,4823,7,1,0.2
12188,4823,11,2,0.1
12189,4823,5,3,0
12190,4824,20,1,0
12191,4824,18,3,0
12192,4824,17,2,0
12193,4824,23,3,0
12194,4825,13,1,0.15
12195,4825,9,3,0.15
12196,4825,16,2,0
12197,4826,19,1,0
12198,4827,14,1,0
12199,4827,9,2,0.15
12200,4828,10,2,0.2
12201,4828,17,3,0.1
12202,4828,1,1,0.15
12203,4829,18,2,0.1
12204,4829,11,3,0.1
12205,4830,7,2,0
12206,4830,23,3,0.2
12207,4830,15,1,0
12208,4830,15,1,0.1
12209,4831,6,2,0
12210,4832,22,2,0
12211,4832,2,1,0
12212,4832,15,2,0
12213,4832,16,3,0.1
12214,4833,23,1,0
12215,4834,24,2,0.2
12216,4834,6,1,0.1
12217,4834,23,3,0.15
12218,4834,13,2,0.2
12219,4835,6,1,0
12220,4836,16,3,0.2
12221,4836,9,1,0
12222,4836,20,2,0
12223,4836,13,3,0.15
12224,4837,3,2,0.2
12225,4838,20,1,0.1
12226,4838,22,3,0
12227,4839,23,2,0.1
12228,4840,18,1,0.15
12229,4840,11,3,0
12230,4841,22,2,0
12231,4841,22,1,0
12232,4842,7,3,0.15
12233,4843,3,1,0
12234,4843,3,1,0.15
12235,4843,1,2,0.1
12236,4844,6,3,0
12237,4844,15,3,0
12238,4844,15,2,0
12239,4845,7,3,0
12240,4845,1,1,0.15
12241,4845,4,1,0
12242,4845,12,1,0
12243,4846,24,2,0.1
12244,4846,17,2,0.2
12245,4846,4,3,0.15
12246,4846,13,2,0
12247,4847,7,1,0
12248,4847,15,3,0
12249,4848,16,2,0.1
12250,4849,9,1,0
12251,4849,10,1,0
12252,4849,16,2,0.1
12253,4849,19,3,0.15
12254,4850,11,1,0
12255,4850,3,1,0
12256,4851,11,2,0.2
12257,4851,13,2,0.2
12258,4851,2,1,0
12259,4852,5,3,0.15
12260,4853,4,1,0.1
12261,4853,7,3,0.1
12262,4853,3,1,0
12263,4854,11,3,0.2
12264,4854,5,2,0.15
12265,4855,17,3,0.1
12266,4856,3,3,0.1
12267,4856,5,3,0
12268,4856,4,3,0
12269,4857,16,3,0
12270,4857,8,1,0.2
12271,4857,24,1,0.15
12272,4858,7,3,0.15
12273,4858,8,1,0
12274,4858,13,1,0.2
12275,4859,8,1,0.15
12276,4859,21,3,0
12277,4859,15,3,0.1
12278,4859,20,3,0.2
12279,4860,23,2,0.2
12280,4860,7,2,0.2
12281,4860,20,3,0.15
12282,4860,12,2,0.15
12283,4861,24,3,0.15
12284,4861,22,2,0.1
12285,4861,12,1,0
12286,4862,17,2,0.15
12287,4862,13,3,0
12288,4862,17,1,0
12289,4863,5,3,0.2
12290,4863,13,2,0
12291,4863,24,1,0
12292,4864,11,3,0
12293,4864,21,2,0.15
12294,4865,13,1,0.2
12295,4865,15,1,0.2
12296,4866,14,3,0.2
12297,4867,20,1,0.2
12298,4868,4,1,0.15
12299,4868,23,3,0.2
12300,4868,2,3,0
12301,4868,14,3,0
12302,4869,8,1,0.2
12303,4869,7,2,0.1
12304,4870,24,1,0
12305,4870,19,3,0.1
12306,4870,7,1,0
12307,4871,15,1,0
12308,4871,4,2,0
12309,4872,20,3,0
12310,4873,8,2,0
12311,4873,20,3,0
12312,4874,8,1,0.1
12313,4874,14,1,0
12314,4875,13,1,0.15
12315,4875,1,2,0
12316,4875,5,3,0.1
12317,4875,14,1,0
12318,4876,17,1,0
12319,4876,6,1,0.2
12320,4877,1,3,0.2
12321,4877,7,1,0
12322,4877,3,2,0.2
12323,4877,8,3,0
12324,4878,18,1,0.15
12325,4878,19,2,0
12326,4879,12,1,0.2
12327,4879,22,2,0
12328,4879,8,3,0.2
12329,4879,11,3,0.15
12330,4880,15,3,0
12331,4880,8,1,0
12332,4880,22,1,0.1
12333,4880,23,3,0
12334,4881,13,2,0
12335,4881,8,3,0
12336,4881,23,1,0
12337,4882,18,1,0
12338,4882,23,1,0.2
12339,4882,14,2,0
12340,4883,17,2,0.2
12341,4884,11,3,0
12342,4884,8,3,0
12343,4884,2,2,0.1
12344,4885,21,1,0
12345,4886,13,2,0.1
12346,4887,16,1,0.1
12347,4887,16,1,0
12348,4887,10,1,0.1
12349,4888,16,2,0.2
12350,4888,7,3,0.1
12351,4889,15,1,0.2
12352,4890,24,3,0.15
12353,4891,7,3,0.1
12354,4891,19,3,0.2
12355,4892,11,2,0.1
12356,4893,6,2,0.1
12357,4893,11,2,0
12358,4893,6,3,0.2
12359,4894,7,2,0
12360,4895,21,1,0.2
12361,4895,11,1,0
12362,4895,1,1,0.15
12363,4895,23,3,0
12364,4896,6,2,0
12365,4896,14,1,0.1
12366,4896,4,2,0.1
12367,4896,12,1,0
12368,4897,9,1,0
12369,4897,16,3,0
12370,4897,8,3,0.1
12371,4898,5,3,0
12372,4898,18,3,0
12373,4898,20,3,0.2
12374,4899,14,2,0
12375,4899,19,3,0
12376,4899,14,3,0
12377,4900,1,1,0
12378,4900,21,3,0.2
12379,4900,18,3,0.15
12380,4900,9,3,0.15
12381,4901,4,3,0.1
12382,4901,5,2,0
12383,4901,23,3,0
12384,4902,22,3,0.15
12385,4903,22,1,0
12386,4904,10,1,0.2
12387,4905,18,1,0
12388,4905,8,2,0.1
12389,4905,16,3,0
12390,4905,19,3,0.1
12391,4906,14,1,0.1
12392,4907,15,3,0.15
12393,4908,14,3,0
12394,4909,9,1,0
12395,4909,8,1,0.15
12396,4909,10,2,0
12397,4909,13,1,0
12398,4910,20,3,0
12399,4910,24,2,0
12400,4910,22,1,0.1
12401,4911,21,3,0
12402,4911,12,1,0.1
12403,4911,4,2,0
12404,4912,3,1,0
12405,4912,4,3,0.15
12406,4913,10,3,0
12407,4914,16,1,0.1
12408,4915,3,2,0
12409,4915,24,1,0.2
12410,4915,14,2,0
12411,4916,10,2,0
12412,4916,24,1,0.15
12413,4916,6,2,0
12414,4917,4,2,0.1
12415,4918,6,3,0
12416,4918,17,3,0
12417,4918,5,2,0.15
12418,4918,11,2,0
12419,4919,7,2,0
12420,4919,19,3,0
12421,4920,18,3,0
12422,4920,17,2,0
12423,4921,14,3,0.15
12424,4921,22,1,0.15
12425,4921,21,1,0
12426,4922,5,2,0.1
12427,4922,22,3,0.1
12428,4922,12,3,0
12429,4922,7,1,0
12430,4923,5,1,0
12431,4923,22,2,0
12432,4923,14,1,0.15
12433,4923,10,3,0.15
12434,4924,16,1,0
12435,4924,12,2,0.2
12436,4925,11,1,0
12437,4925,20,2,0.15
12438,4925,19,1,0.2
12439,4925,7,3,0
12440,4926,1,1,0
12441,4926,9,2,0
12442,4926,12,3,0.2
12443,4926,19,3,0.2
12444,4927,21,2,0
12445,4927,20,2,0.2
12446,4927,20,2,0
12447,4928,15,2,0
12448,4928,17,2,0
12449,4928,5,2,0
12450,4928,1,2,0
12451,4929,5,2,0.1
12452,4929,19,3,0.1
12453,4930,6,1,0.15
12454,4930,14,2,0
12455,4930,22,1,0
12456,4930,22,2,0
12457,4931,19,3,0
12458,4931,21,3,0.15
12459,4931,9,2,0.2
12460,4932,17,1,0
12461,4933,23,2,0.15
12462,4934,21,1,0.15
12463,4935,21,1,0
12464,4935,13,2,0
12465,4935,19,2,0.1
12466,4935,5,3,0
12467,4936,14,1,0
12468,4936,1,3,0.15
12469,4937,10,1,0.1
12470,4937,16,3,0
12471,4937,18,3,0.2
12472,4938,17,1,0
12473,4938,9,1,0
12474,4938,17,1,0
12475,4938,15,2,0
12476,4939,22,2,0.15
12477,4939,20,3,0
12478,4940,9,1,0.1
12479,4940,12,3,0
12480,4941,24,2,0.15
12481,4942,7,1,0.1
12482,4942,10,2,0
12483,4942,12,3,0.2
12484,4943,11,1,0.2
12485,4943,9,1,0.1
12486,4943,21,3,0.2
12487,4943,7,1,0.15
12488,4944,5,1,0.15
12489,4944,3,3,0.1
12490,4945,5,3,0
12491,4945,19,2,0
12492,4946,12,3,0.2
12493,4946,20,1,0
12494,4946,13,2,0.15
12495,4946,8,2,0.15
12496,4947,22,3,0.1
12497,4948,8,3,0.2
12498,4948,4,3,0.2
12499,4949,22,2,0.1
12500,4949,11,3,0.15
12501,4949,24,1,0
12502,4949,12,2,0.1
12503,4950,17,1,0
12504,4950,15,1,0.1
12505,4951,16,2,0.1
12506,4951,8,1,0.15
12507,4951,10,1,0.15
12508,4951,17,2,0
12509,4952,14,3,0
12510,4952,22,1,0.2
12511,4953,22,1,0
12512,4953,24,1,0
12513,4953,12,2,0.1
12514,4953,3,1,0
12515,4954,24,1,0.2
12516,4955,7,1,0.2
12517,4955,19,2,0.2
12518,4955,4,3,0.2
12519,4955,19,2,0.15
12520,4956,22,1,0
12521,4956,18,2,0.2
12522,4956,17,1,0
12523,4957,4,3,0.2
12524,4957,24,3,0.15
12525,4958,20,1,0
12526,4958,4,3,0.2
12527,4958,10,3,0
12528,4959,1,3,0.15
12529,4959,2,2,0
12530,4960,4,2,0.2
12531,4961,6,3,0
12532,4961,12,2,0.2
12533,4962,11,2,0.15
12534,4962,4,2,0
12535,4962,21,1,0.15
12536,4962,17,2,0.2
12537,4963,5,1,0.15
12538,4963,6,1,0.2
12539,4963,22,2,0.2
12540,4963,14,2,0
12541,4964,7,1,0.1
12542,4964,10,1,0
12543,4964,22,2,0.1
12544,4964,24,3,0.2
12545,4965,21,1,0
12546,4965,4,3,0.15
12547,4965,24,3,0
12548,4966,19,3,0.2
12549,4966,12,1,0
12550,4966,19,2,0
12551,4966,15,1,0
12552,4967,22,2,0.1
12553,4967,12,3,0
12554,4967,1,3,0
12555,4968,4,3,0
12556,4968,7,3,0.15
12557,4968,17,1,0.2
12558,4968,10,3,0
12559,4969,21,3,0
12560,4969,13,1,0.15
12561,4969,13,3,0
12562,4970,15,3,0.15
12563,4971,3,2,0.15
12564,4971,1,2,0.1
12565,4972,17,3,0
12566,4973,17,2,0
12567,4973,14,1,0
12568,4973,14,1,0.15
12569,4973,19,1,0
12570,4974,12,2,0
12571,4974,15,1,0.15
12572,4974,16,3,0
12573,4974,22,3,0.15
12574,4975,15,2,0
12575,4975,22,1,0.15
12576,4975,2,1,0.1
12577,4976,14,1,0.15
12578,4976,14,2,0.2
12579,4976,16,1,0.2
12580,4977,9,2,0
12581,4978,5,3,0.2
12582,4979,5,3,0
12583,4979,24,3,0
12584,4980,7,2,0.1
12585,4981,16,1,0.15
12586,4981,24,2,0.1
12587,4981,16,2,0
12588,4981,20,2,0
12589,4982,8,3,0.2
12590,4983,10,1,0.15
12591,4984,11,1,0
12592,4985,2,1,0
12593,4985,14,2,0
12594,4985,12,1,0
12595,4985,21,3,0.2
12596,4986,2,1,0
12597,4986,24,1,0
12598,4986,24,3,0.15
12599,4986,3,1,0.1
12600,4987,12,2,0.2
12601,4987,13,2,0.2
12602,4987,8,3,0
12603,4988,11,3,0
12604,4988,23,3,0
12605,4988,16,2,0
12606,4988,19,2,0.1
12607,4989,3,3,0
12608,4990,16,3,0.2
12609,4990,13,1,0
12610,4990,16,1,0.2
12611,4991,1,3,0.1
12612,4991,4,2,0
12613,4991,2,3,0
12614,4991,15,1,0
12615,4992,11,1,0
12616,4992,5,3,0
12617,4993,11,2,0
12618,4993,6,3,0.2
12619,4993,21,2,0
12620,4994,20,3,0.15
12621,4994,15,3,0.2
12622,4995,10,3,0
12623,4996,20,1,0
12624,4996,22,3,0.2
12625,4996,22,3,0.1
12626,4996,18,2,0.2
12627,4997,13,2,0
12628,4998,12,1,0
12629,4999,22,3,0.2
12630,5000,14,3,0.1
12631,5000,16,3,0
12632,5000,21,1,0
12633,5001,24,3,0
12634,5001,18,1,0
12635,5001,24,2,0
12636,5002,8,2,0.15
12637,5002,23,1,0
12638,5003,6,1,0.15
12639,5003,4,2,0
12640,5003,22,1,0.2
12641,5003,22,3,0
12642,5004,9,2,0
12643,5005,1,3,0
12644,5006,6,1,0
12645,5007,1,3,0
12646,5007,24,3,0.1
12647,5007,17,3,0
12648,5008,19,3,0
12649,5008,5,1,0
12650,5009,21,1,0
12651,5009,20,1,0.2
12652,5010,22,2,0
12653,5010,1,1,0
12654,5011,7,2,0.2
12655,5012,24,3,0
12656,5012,9,3,0.2
12657,5012,23,2,0.2
12658,5012,9,2,0.1
12659,5013,4,1,0.2
12660,5014,14,2,0.1
12661,5014,17,2,0
12662,5014,7,1,0
12663,5014,21,3,0
12664,5015,8,2,0
12665,5015,3,3,0
12666,5015,17,3,0
12667,5016,7,2,0
12668,5017,11,1,0
12669,5018,13,1,0.2
12670,5019,12,3,0.1
12671,5019,21,1,0.1
12672,5019,6,2,0
12673,5020,1,1,0.1
12674,5020,8,1,0
12675,5020,13,3,0.15
12676,5020,5,2,0
12677,5021,24,1,0
12678,5021,19,3,0.1
12679,5021,11,1,0
12680,5022,1,3,0.15
12681,5022,14,2,0.1
12682,5022,15,3,0.15
12683,5023,20,3,0.15
12684,5023,22,1,0.1
12685,5023,3,1,0
12686,5024,10,1,0.2
12687,5024,6,1,0
12688,5024,18,2,0.2
12689,5025,2,1,0.2
12690,5025,2,2,0.2
12691,5026,1,1,0.15
12692,5026,7,3,0
12693,5027,1,1,0
12694,5027,15,2,0
12695,5028,13,3,0
12696,5028,3,3,0.1
12697,5028,1,2,0.2
12698,5029,8,3,0.1
12699,5029,10,2,0
12700,5029,16,1,0
12701,5030,16,2,0
12702,5030,1,1,0.2
12703,5031,21,1,0
12704,5031,5,2,0.2
12705,5032,18,3,0
12706,5032,8,3,0
12707,5032,9,1,0
12708,5033,3,2,0
12709,5033,3,2,0
12710,5033,4,1,0.15
12711,5034,20,2,0
12712,5034,23,1,0.2
12713,5035,6,3,0
12714,5035,1,3,0.2
12715,5035,21,3,0.15
12716,5036,22,3,0
12717,5036,5,1,0
12718,5037,13,2,0.15
12719,5038,12,3,0.1
12720,5038,9,3,0.1
12721,5038,2,1,0
12722,5039,24,1,0.2
12723,5039,22,3,0.15
12724,5039,18,3,0
12725,5040,1,1,0.2
12726,5040,3,2,0.15
12727,5040,18,3,0
12728,5041,7,3,0.2
12729,5041,13,1,0
12730,5041,9,3,0
12731,5041,14,1,0.1
12732,5042,22,2,0
12733,5042,8,2,0.2
12734,5042,12,1,0.1
12735,5042,5,2,0
12736,5043,15,1,0
12737,5043,19,3,0
12738,5044,8,2,0
12739,5044,13,1,0.1
12740,5044,23,3,0
12741,5044,10,2,0.2
12742,5045,1,3,0.2
12743,5045,3,3,0
12744,5045,13,1,0
12745,5046,24,2,0
12746,5047,5,1,0
12747,5048,2,3,0.15
12748,5049,18,3,0.15
12749,5049,10,2,0.2
12750,5049,11,2,0
12751,5050,5,3,0.1
12752,5050,2,2,0.15
12753,5051,16,3,0
12754,5052,18,2,0.1
12755,5053,16,2,0.1
12756,5053,24,2,0.1
12757,5053,23,2,0.15
12758,5053,10,3,0.15
12759,5054,11,3,0.2
12760,5054,15,1,0
12761,5054,17,3,0.1
12762,5055,17,3,0.1
12763,5056,9,2,0
12764,5056,23,2,0.1
12765,5056,24,1,0
12766,5056,13,3,0.15
12767,5057,13,2,0
12768,5057,16,3,0.1
12769,5058,22,3,0
12770,5058,23,1,0.1
12771,5059,23,3,0.1
12772,5059,6,3,0
12773,5059,3,3,0
12774,5060,24,1,0
12775,5061,9,1,0
12776,5062,11,3,0.2
12777,5062,4,2,0
12778,5062,10,1,0.15
12779,5063,22,3,0.15
12780,5063,5,1,0
12781,5063,3,1,0
12782,5063,9,3,0
12783,5064,23,3,0
12784,5064,10,3,0
12785,5065,15,1,0.1
12786,5065,1,2,0.1
12787,5066,13,2,0
12788,5066,8,2,0.15
12789,5066,4,2,0.2
12790,5066,2,1,0
12791,5067,21,2,0.15
12792,5067,23,1,0.2
12793,5067,24,1,0.2
12794,5067,4,2,0
12795,5068,1,3,0
12796,5068,4,1,0.1
12797,5068,4,2,0
12798,5068,2,3,0.2
12799,5069,21,3,0
12800,5070,20,3,0.1
12801,5071,12,3,0.1
12802,5071,23,1,0
12803,5072,9,3,0.1
12804,5072,21,3,0
12805,5072,21,1,0
12806,5072,11,2,0.15
12807,5073,17,2,0
12808,5073,13,3,0.2
12809,5074,17,2,0
12810,5075,8,2,0
12811,5075,7,1,0
12812,5075,8,1,0
12813,5075,23,1,0.2
12814,5076,11,2,0.1
12815,5076,17,1,0.15
12816,5076,24,3,0.15
12817,5077,1,1,0
12818,5078,13,1,0.15
12819,5079,15,1,0.1
12820,5079,9,2,0
12821,5079,20,1,0
12822,5079,23,2,0.1
12823,5080,1,2,0.15
12824,5080,24,1,0.1
12825,5080,1,1,0
12826,5081,9,1,0.15
12827,5081,17,3,0
12828,5081,4,2,0
12829,5081,9,2,0
12830,5082,11,3,0.2
12831,5082,6,3,0
12832,5083,15,1,0
12833,5083,18,1,0.1
12834,5084,10,1,0.15
12835,5085,4,1,0
12836,5085,20,3,0.2
12837,5086,4,2,0
12838,5086,22,2,0.15
12839,5086,14,3,0.1
12840,5086,4,3,0.1
12841,5087,18,1,0
12842,5087,2,3,0
12843,5088,4,3,0.1
12844,5088,18,2,0
12845,5089,15,3,0
12846,5089,20,3,0.2
12847,5089,8,3,0.1
12848,5090,21,2,0.2
12849,5091,17,3,0
12850,5091,5,3,0
12851,5092,7,2,0
12852,5092,11,3,0.1
12853,5092,5,2,0.2
12854,5093,1,3,0
12855,5093,18,3,0.15
12856,5093,15,1,0
12857,5094,16,2,0.1
12858,5094,24,2,0.15
12859,5094,17,2,0
12860,5094,7,1,0.15
12861,5095,5,1,0
12862,5095,13,3,0.1
12863,5095,7,1,0.15
12864,5095,11,2,0.15
12865,5096,17,3,0
12866,5096,13,2,0.2
12867,5096,1,2,0.2
12868,5097,1,1,0
12869,5097,17,1,0.2
12870,5097,10,3,0
12871,5098,12,1,0
12872,5099,23,3,0
12873,5099,12,3,0
12874,5099,10,3,0.15
12875,5100,11,2,0.1
12876,5100,3,2,0
12877,5101,15,2,0
12878,5101,4,3,0.2
12879,5102,23,2,0.15
12880,5103,5,2,0.2
12881,5103,24,2,0.15
12882,5103,7,3,0.1
12883,5104,9,3,0.2
12884,5105,19,2,0.2
12885,5105,18,3,0.15
12886,5106,23,1,0
12887,5106,10,2,0.1
12888,5107,11,3,0
12889,5107,21,1,0
12890,5108,5,3,0.2
12891,5108,8,3,0.2
12892,5108,21,3,0
12893,5109,18,2,0
12894,5109,4,3,0
12895,5109,2,3,0.1
12896,5109,8,2,0.15
12897,5110,15,1,0.2
12898,5110,10,2,0
12899,5110,9,3,0
12900,5111,6,2,0.15
12901,5112,15,1,0.15
12902,5112,8,3,0.1
12903,5112,9,1,0.2
12904,5113,5,3,0.1
12905,5114,9,3,0
12906,5115,20,2,0.1
12907,5115,20,1,0.1
12908,5115,6,1,0.1
12909,5116,16,1,0.1
12910,5116,8,1,0
12911,5117,7,2,0
12912,5117,23,3,0
12913,5117,4,3,0
12914,5117,9,3,0.1
12915,5118,18,2,0
12916,5119,11,2,0.15
12917,5119,15,3,0
12918,5120,1,1,0
12919,5120,1,1,0.1
12920,5121,2,2,0.2
12921,5121,8,1,0.2
12922,5121,22,2,0
12923,5122,18,3,0
12924,5122,22,1,0.2
12925,5122,14,1,0.15
12926,5122,24,1,0
12927,5123,3,1,0
12928,5123,23,3,0.2
12929,5123,3,3,0
12930,5124,6,1,0
12931,5124,13,1,0
12932,5125,15,2,0.15
12933,5126,10,2,0.2
12934,5127,5,2,0
12935,5127,3,2,0.1
12936,5128,20,1,0
12937,5129,23,2,0.2
12938,5130,14,2,0
12939,5131,5,2,0
12940,5131,19,3,0
12941,5131,3,3,0
12942,5132,5,1,0.15
12943,5132,23,3,0.15
12944,5133,22,2,0.2
12945,5133,9,2,0
12946,5134,16,1,0
12947,5134,9,1,0.15
12948,5135,4,2,0.2
12949,5135,2,1,0.2
12950,5136,19,1,0.2
12951,5137,18,1,0.1
12952,5137,5,1,0.15
12953,5137,22,2,0
12954,5138,2,2,0
12955,5138,12,1,0.15
12956,5138,7,1,0.2
12957,5138,22,3,0
12958,5139,18,1,0
12959,5139,1,2,0
12960,5139,17,2,0
12961,5139,6,3,0
12962,5140,11,1,0
12963,5140,5,2,0.1
12964,5140,3,1,0
12965,5140,18,1,0
12966,5141,2,3,0
12967,5141,12,2,0
12968,5141,8,1,0.15
12969,5142,20,2,0
12970,5142,22,2,0
12971,5143,1,1,0
12972,5143,11,2,0
12973,5143,3,2,0
12974,5143,11,1,0.1
12975,5144,19,1,0.15
12976,5144,12,2,0
12977,5144,19,2,0
12978,5144,22,3,0.2
12979,5145,14,2,0
12980,5146,20,1,0
12981,5146,2,3,0.15
12982,5147,22,1,0.15
12983,5148,15,2,0.15
12984,5149,14,1,0.15
12985,5150,12,2,0.1
12986,5151,4,2,0
12987,5151,12,3,0
12988,5152,1,2,0.1
12989,5152,11,2,0.1
12990,5152,17,3,0.15
12991,5153,20,3,0.15
12992,5153,15,2,0
12993,5154,5,2,0.2
12994,5154,17,1,0.1
12995,5154,24,2,0
12996,5155,24,1,0.1
12997,5155,1,1,0
12998,5155,10,2,0
12999,5155,8,1,0
13000,5156,21,1,0
13001,5156,4,2,0.15
13002,5157,7,1,0.1
13003,5157,3,3,0.15
13004,5157,10,2,0.1
13005,5158,21,2,0.15
13006,5159,8,3,0
13007,5160,23,2,0
13008,5160,24,1,0.2
13009,5160,15,1,0
13010,5161,16,2,0.2
13011,5161,6,1,0.15
13012,5161,14,2,0.15
13013,5161,5,2,0
13014,5162,17,1,0
13015,5163,19,2,0
13016,5163,13,1,0.2
13017,5163,10,1,0.2
13018,5163,12,2,0.1
13019,5164,20,3,0
13020,5164,6,1,0.15
13021,5164,19,1,0.2
13022,5164,18,1,0
13023,5165,19,1,0.1
13024,5166,16,2,0.2
13025,5166,4,2,0.15
13026,5167,13,2,0
13027,5167,5,1,0.2
13028,5167,15,2,0.2
13029,5167,24,3,0
13030,5168,12,2,0
13031,5168,7,2,0
13032,5168,20,3,0
13033,5168,10,3,0
13034,5169,17,1,0
13035,5170,22,2,0
13036,5170,15,1,0
13037,5170,6,2,0
13038,5171,21,3,0
13039,5171,7,1,0
13040,5171,9,2,0.2
13041,5172,12,2,0
13042,5172,11,2,0
13043,5172,3,3,0
13044,5173,11,1,0
13045,5173,19,2,0.1
13046,5173,6,3,0.15
13047,5173,5,2,0
13048,5174,20,2,0
13049,5175,22,1,0
13050,5176,12,3,0
13051,5177,23,2,0
13052,5177,6,1,0
13053,5177,18,2,0.15
13054,5177,7,1,0.2
13055,5178,1,1,0
13056,5178,1,3,0.1
13057,5178,4,3,0.15
13058,5178,3,2,0.15
13059,5179,21,2,0.15
13060,5179,24,1,0.15
13061,5179,15,1,0
13062,5179,16,3,0.15
13063,5180,10,1,0.15
13064,5180,9,3,0.1
13065,5180,18,2,0
13066,5180,19,1,0.1
13067,5181,22,3,0.1
13068,5181,20,1,0.1
13069,5181,23,3,0
13070,5182,8,3,0
13071,5183,4,1,0.1
13072,5184,18,3,0.2
13073,5184,16,1,0.1
13074,5184,10,3,0
13075,5184,12,1,0
13076,5185,16,1,0.15
13077,5186,14,3,0
13078,5187,2,2,0.1
13079,5188,16,3,0
13080,5188,3,3,0.1
13081,5188,13,1,0.1
13082,5188,9,3,0
13083,5189,21,2,0
13084,5189,22,1,0
13085,5189,11,1,0
13086,5190,12,1,0.15
13087,5190,14,3,0.2
13088,5190,10,2,0
13089,5191,14,2,0
13090,5191,4,2,0
13091,5191,6,2,0
13092,5191,3,3,0.1
13093,5192,3,1,0.1
13094,5193,1,2,0
13095,5193,10,2,0.15
13096,5193,22,2,0.1
13097,5194,1,2,0
13098,5195,14,3,0
13099,5195,10,1,0
13100,5196,1,1,0
13101,5196,5,2,0
13102,5196,7,2,0
13103,5196,16,1,0
13104,5197,4,1,0.2
13105,5197,9,1,0.2
13106,5198,9,1,0.1
13107,5198,4,2,0.2
13108,5198,10,2,0
13109,5198,6,1,0.2
13110,5199,8,3,0
13111,5199,2,1,0.1
13112,5200,14,3,0.15
13113,5200,12,1,0.15
13114,5201,6,3,0
13115,5202,17,3,0
13116,5202,22,2,0.15
13117,5202,14,1,0.15
13118,5203,2,2,0
13119,5203,19,1,0.1
13120,5203,24,3,0.15
13121,5203,4,2,0
13122,5204,23,1,0.2
13123,5204,10,2,0.2
13124,5204,11,1,0.2
13125,5204,1,2,0
13126,5205,13,2,0.15
13127,5205,19,3,0
13128,5205,7,1,0
13129,5206,7,3,0
13130,5206,19,3,0
13131,5206,1,3,0.2
13132,5207,16,3,0.1
13133,5207,5,3,0
13134,5208,10,1,0
13135,5209,2,3,0.1
13136,5209,20,3,0
13137,5209,16,1,0.1
13138,5210,24,2,0
13139,5210,9,2,0
13140,5210,4,2,0
13141,5210,6,3,0
13142,5211,17,1,0.2
13143,5212,5,1,0.2
13144,5212,3,3,0
13145,5212,4,3,0
13146,5213,8,3,0
13147,5213,24,2,0.15
13148,5214,19,1,0
13149,5214,15,2,0
13150,5214,13,3,0.2
13151,5214,2,3,0
13152,5215,20,3,0
13153,5216,24,2,0
13154,5216,9,3,0
13155,5216,14,2,0.1
13156,5216,6,3,0.1
13157,5217,6,1,0.15
13158,5217,2,3,0
13159,5217,13,2,0
13160,5218,1,2,0.1
13161,5218,14,1,0.15
13162,5218,22,1,0.2
13163,5219,2,1,0.2
13164,5219,16,3,0.1
13165,5219,23,2,0
13166,5219,21,2,0.1
13167,5220,11,2,0.15
13168,5220,8,1,0
13169,5221,14,3,0
13170,5221,1,1,0
13171,5221,1,3,0.15
13172,5222,23,3,0.1
13173,5223,19,2,0
13174,5223,22,3,0.2
13175,5223,16,2,0
13176,5224,5,3,0.2
13177,5225,1,1,0.1
13178,5225,11,1,0.1
13179,5225,20,2,0.15
13180,5225,12,2,0
13181,5226,7,3,0
13182,5227,16,2,0.1
13183,5227,3,2,0
13184,5228,15,1,0
13185,5229,17,1,0
13186,5229,7,1,0
13187,5229,14,3,0
13188,5230,21,3,0
13189,5231,1,3,0.2
13190,5231,20,3,0
13191,5231,20,3,0.1
13192,5231,2,1,0.2
13193,5232,11,1,0.1
13194,5232,4,2,0.1
13195,5233,15,2,0
13196,5234,15,3,0.1
13197,5234,23,3,0
13198,5234,1,1,0
13199,5235,8,3,0
13200,5235,18,1,0
13201,5235,20,3,0.2
13202,5235,11,3,0
13203,5236,16,2,0
13204,5236,23,1,0.15
13205,5236,10,1,0
13206,5236,8,2,0.15
13207,5237,17,2,0.2
13208,5237,8,2,0
13209,5237,14,3,0
13210,5238,7,1,0
13211,5239,6,2,0.15
13212,5239,4,3,0
13213,5240,14,1,0.15
13214,5241,22,2,0
13215,5242,21,3,0
13216,5242,8,2,0
13217,5243,22,3,0
13218,5243,10,2,0
13219,5244,19,1,0.1
13220,5244,3,3,0
13221,5244,12,3,0
13222,5244,8,2,0
13223,5245,20,2,0.15
13224,5245,24,1,0.15
13225,5245,16,3,0.2
13226,5245,10,1,0.1
13227,5246,20,1,0.1
13228,5246,20,1,0.15
13229,5247,16,1,0
13230,5247,5,1,0
13231,5247,11,1,0
13232,5248,9,2,0.15
13233,5249,8,1,0
13234,5249,17,2,0
13235,5250,7,2,0.2
13236,5250,22,3,0
13237,5251,2,2,0
13238,5252,23,1,0
13239,5252,8,3,0
13240,5252,3,2,0
13241,5253,22,2,0
13242,5253,4,1,0.15
13243,5253,18,1,0.1
13244,5253,20,1,0
13245,5254,10,3,0.15
13246,5255,6,1,0.1
13247,5256,17,2,0
13248,5257,22,1,0
13249,5257,1,3,0.15
13250,5257,12,2,0.2
13251,5258,3,3,0
13252,5259,20,1,0
13253,5259,9,3,0
13254,5260,6,1,0
13255,5260,23,3,0.1
13256,5261,14,1,0.2
13257,5261,9,2,0
13258,5262,14,2,0
13259,5263,1,3,0.1
13260,5263,23,1,0.2
13261,5264,1,3,0
13262,5265,1,2,0.2
13263,5265,9,3,0.2
13264,5265,22,2,0.2
13265,5266,5,2,0.2
13266,5266,16,3,0
13267,5266,8,1,0.15
13268,5266,4,1,0
13269,5267,9,1,0
13270,5267,19,1,0
13271,5267,1,1,0.2
13272,5268,9,1,0
13273,5268,2,3,0
13274,5269,7,2,0
13275,5269,10,2,0.1
13276,5269,14,1,0
13277,5270,14,3,0
13278,5270,18,1,0.2
13279,5270,10,3,0
13280,5270,1,2,0.1
13281,5271,3,2,0.1
13282,5271,4,2,0.2
13283,5271,19,1,0.2
13284,5272,9,3,0.2
13285,5272,5,3,0
13286,5273,16,2,0.2
13287,5274,18,1,0
13288,5274,23,2,0.15
13289,5275,3,1,0
13290,5276,16,3,0
13291,5276,8,3,0.1
13292,5276,9,3,0.1
13293,5276,10,2,0
13294,5277,19,2,0.2
13295,5277,17,3,0
13296,5277,23,3,0.1
13297,5277,19,2,0.15
13298,5278,17,2,0.15
13299,5278,14,1,0
13300,5278,16,1,0
13301,5279,5,3,0.1
13302,5279,2,2,0.2
13303,5279,15,3,0
13304,5280,1,1,0
13305,5281,6,2,0
13306,5282,17,1,0.2
13307,5282,2,1,0
13308,5282,22,1,0
13309,5283,15,3,0.15
13310,5284,5,3,0
13311,5284,12,3,0
13312,5285,15,1,0
13313,5285,6,1,0
13314,5285,8,3,0
13315,5286,10,1,0.1
13316,5286,20,3,0.2
13317,5286,17,3,0
13318,5287,5,2,0
13319,5288,24,2,0
13320,5289,5,2,0.15
13321,5289,12,2,0
13322,5289,1,1,0.2
13323,5289,23,1,0.2
13324,5290,23,2,0
13325,5290,9,2,0.1
13326,5290,8,1,0.2
13327,5290,19,3,0.2
13328,5291,2,1,0.15
13329,5291,7,1,0.1
13330,5291,9,1,0
13331,5291,4,2,0.15
13332,5292,8,2,0
13333,5292,18,3,0
13334,5292,12,3,0.1
13335,5293,3,2,0
13336,5293,5,1,0.15
13337,5293,13,2,0
13338,5294,12,1,0.1
13339,5295,18,3,0.15
13340,5296,2,1,0
13341,5296,12,1,0
13342,5297,20,2,0
13343,5297,1,3,0.2
13344,5298,23,2,0
13345,5298,1,3,0
13346,5298,5,2,0.15
13347,5298,16,1,0.15
13348,5299,2,2,0.2
13349,5300,23,1,0.2
13350,5301,8,2,0.2
13351,5301,10,1,0
13352,5302,14,3,0
13353,5302,13,1,0
13354,5303,3,2,0
13355,5303,17,1,0
13356,5304,8,3,0.2
13357,5304,16,1,0
13358,5305,24,3,0.2
13359,5305,24,1,0.15
13360,5305,19,2,0.2
13361,5305,2,2,0.15
13362,5306,12,3,0
13363,5307,14,2,0
13364,5308,24,3,0
13365,5308,12,3,0
13366,5308,21,1,0
13367,5309,8,2,0
13368,5309,21,2,0.2
13369,5309,20,2,0
13370,5310,2,3,0.1
13371,5311,15,3,0.1
13372,5311,19,3,0
13373,5311,22,1,0
13374,5312,20,1,0.15
13375,5312,19,2,0
13376,5312,17,3,0.2
13377,5313,23,2,0.1
13378,5313,19,3,0.15
13379,5314,13,2,0
13380,5314,24,2,0.15
13381,5314,9,2,0
13382,5314,24,3,0
13383,5315,5,2,0
13384,5315,3,1,0.1
13385,5316,16,3,0.15
13386,5317,4,1,0.1
13387,5317,20,3,0
13388,5318,19,2,0
13389,5318,3,2,0
13390,5319,10,3,0
13391,5320,16,2,0
13392,5321,16,2,0.15
13393,5321,7,3,0.1
13394,5321,10,1,0
13395,5321,15,1,0
13396,5322,13,3,0
13397,5322,16,3,0.15
13398,5322,14,1,0
13399,5322,23,3,0.2
13400,5323,5,2,0.15
13401,5323,10,1,0
13402,5324,17,2,0
13403,5325,5,1,0.1
13404,5325,5,3,0
13405,5326,9,1,0.2
13406,5326,17,2,0.2
13407,5327,17,1,0
13408,5327,3,2,0
13409,5328,17,2,0
13410,5328,10,1,0
13411,5329,16,2,0
13412,5329,7,3,0
13413,5330,11,3,0
13414,5330,13,2,0
13415,5330,21,3,0
13416,5330,11,3,0
13417,5331,4,3,0.2
13418,5331,1,2,0.15
13419,5332,13,3,0
13420,5332,22,2,0.1
13421,5332,7,2,0
13422,5332,16,2,0
13423,5333,20,1,0.1
13424,5333,15,2,0
13425,5333,7,2,0.15
13426,5334,21,3,0
13427,5334,7,1,0.2
13428,5334,9,3,0.2
13429,5335,1,2,0.15
13430,5335,17,2,0
13431,5335,8,1,0.2
13432,5336,16,3,0
13433,5336,22,1,0.1
13434,5336,18,1,0.1
13435,5337,16,3,0.2
13436,5337,13,3,0.15
13437,5337,6,2,0.2
13438,5337,17,2,0.2
13439,5338,24,1,0
13440,5339,24,2,0
13441,5339,23,3,0.2
13442,5340,4,2,0
13443,5340,21,1,0
13444,5340,6,1,0.2
13445,5341,1,3,0
13446,5341,4,1,0.2
13447,5341,21,3,0
13448,5342,23,1,0
13449,5342,21,1,0
13450,5342,22,1,0.15
13451,5343,24,1,0.2
13452,5343,18,1,0.1
13453,5343,10,2,0.15
13454,5344,2,3,0.2
13455,5345,19,2,0
13456,5346,14,2,0.15
13457,5346,6,2,0.1
13458,5346,14,3,0
13459,5347,12,3,0.1
13460,5347,5,1,0
13461,5347,12,1,0
13462,5348,14,3,0
13463,5348,22,3,0.1
13464,5349,19,1,0
13465,5350,15,2,0
13466,5350,12,3,0.1
13467,5350,20,2,0.2
13468,5350,8,1,0.2
13469,5351,15,1,0
13470,5351,13,1,0
13471,5351,7,2,0
13472,5351,5,3,0
13473,5352,18,2,0.2
13474,5353,11,3,0
13475,5353,21,2,0.2
13476,5353,5,2,0
13477,5353,4,1,0
13478,5354,5,1,0.1
13479,5354,3,1,0.15
13480,5354,19,2,0.1
13481,5354,22,2,0.2
13482,5355,19,2,0
13483,5355,8,3,0
13484,5355,9,1,0
13485,5355,6,1,0.1
13486,5356,2,2,0.15
13487,5356,13,2,0.2
13488,5356,5,3,0
13489,5357,1,3,0
13490,5357,12,3,0
13491,5357,8,2,0
13492,5358,11,2,0.1
13493,5359,22,1,0
13494,5359,8,2,0.2
13495,5359,24,1,0.15
13496,5359,16,3,0
13497,5360,14,2,0
13498,5360,20,2,0
13499,5360,7,3,0.15
13500,5361,3,2,0.2
13501,5361,15,2,0.2
13502,5361,4,2,0.15
13503,5361,14,2,0
13504,5362,23,2,0
13505,5363,9,2,0
13506,5364,1,1,0.1
13507,5365,21,2,0
13508,5365,8,3,0.2
13509,5365,9,2,0
13510,5365,1,1,0.2
13511,5366,12,1,0.1
13512,5367,18,1,0
13513,5367,7,1,0.15
13514,5368,4,3,0
13515,5369,15,2,0
13516,5369,6,3,0.1
13517,5370,21,3,0.1
13518,5370,9,2,0.2
13519,5370,17,2,0
13520,5370,17,3,0.2
13521,5371,5,2,0.15
13522,5371,18,2,0.15
13523,5371,5,3,0
13524,5371,6,3,0
13525,5372,11,1,0
13526,5372,1,2,0
13527,5372,18,2,0.15
13528,5373,12,2,0
13529,5374,23,2,0.1
13530,5374,15,1,0
13531,5374,20,1,0.2
13532,5375,22,1,0.1
13533,5375,3,1,0
13534,5375,17,1,0.2
13535,5376,10,2,0.1
13536,5376,12,3,0
13537,5376,18,3,0.2
13538,5377,23,3,0.1
13539,5377,14,1,0
13540,5377,14,3,0
13541,5378,16,1,0.1
13542,5378,1,3,0
13543,5378,4,3,0.15
13544,5378,16,2,0
13545,5379,10,3,0
13546,5379,16,1,0.2
13547,5379,6,2,0
13548,5379,4,2,0
13549,5380,18,1,0.15
13550,5381,4,1,0
13551,5382,1,3,0
13552,5383,18,3,0
13553,5383,10,1,0
13554,5383,20,1,0.1
13555,5384,18,2,0
13556,5385,11,1,0.2
13557,5385,12,3,0.2
13558,5385,17,3,0
13559,5386,22,3,0
13560,5386,21,1,0.15
13561,5386,21,2,0
13562,5386,6,1,0
13563,5387,1,2,0.2
13564,5387,5,1,0
13565,5388,8,1,0
13566,5388,7,3,0
13567,5389,21,3,0
13568,5389,5,2,0.1
13569,5389,6,1,0
13570,5389,14,1,0
13571,5390,16,2,0.1
13572,5390,5,3,0.1
13573,5390,18,3,0
13574,5391,18,3,0.2
13575,5392,20,1,0
13576,5392,17,3,0
13577,5392,11,2,0
13578,5392,10,2,0
13579,5393,4,2,0.1
13580,5394,12,2,0
13581,5394,13,2,0
13582,5394,2,1,0
13583,5394,12,2,0.2
13584,5395,15,1,0
13585,5395,5,1,0.2
13586,5395,1,2,0
13587,5395,8,2,0.2
13588,5396,23,2,0.15
13589,5396,21,2,0.2
13590,5397,2,3,0.15
13591,5398,22,3,0
13592,5398,20,3,0.15
13593,5398,3,3,0.15
13594,5399,15,2,0.15
13595,5400,18,1,0
13596,5400,16,3,0.1
13597,5401,4,2,0.2
13598,5401,21,1,0
13599,5401,18,2,0
13600,5401,11,1,0
13601,5402,21,2,0.15
13602,5403,1,3,0.1
13603,5403,14,2,0
13604,5403,8,2,0.2
13605,5404,16,2,0.2
13606,5404,14,2,0.1
13607,5405,9,2,0.1
13608,5405,6,1,0.15
13609,5405,18,3,0.2
13610,5405,8,3,0.15
13611,5406,1,1,0.1
13612,5406,17,2,0.15
13613,5407,12,2,0
13614,5407,4,1,0.1
13615,5408,10,1,0.15
13616,5408,15,2,0.2
13617,5409,2,1,0.1
13618,5410,20,1,0.2
13619,5410,5,2,0
13620,5410,12,2,0
13621,5410,20,3,0.2
13622,5411,19,1,0
13623,5411,18,1,0
13624,5412,19,1,0
13625,5412,21,2,0
13626,5413,3,2,0.2
13627,5414,7,2,0.2
13628,5415,8,2,0.15
13629,5415,5,3,0
13630,5415,13,1,0.15
13631,5416,16,3,0
13632,5417,24,3,0
13633,5417,11,1,0.15
13634,5417,10,1,0
13635,5418,4,3,0.15
13636,5418,24,1,0.15
13637,5419,12,2,0.1
13638,5419,2,3,0.2
13639,5419,11,2,0
13640,5420,21,2,0
13641,5420,5,3,0
13642,5420,10,3,0
13643,5421,17,3,0.2
13644,5421,4,1,0
13645,5421,24,1,0.15
13646,5421,19,3,0.2
13647,5422,24,3,0.2
13648,5423,8,1,0.1
13649,5423,19,1,0
13650,5424,3,2,0
13651,5424,10,3,0
13652,5424,12,2,0.1
13653,5425,22,1,0.15
13654,5425,10,2,0
13655,5425,15,2,0
13656,5426,4,3,0.1
13657,5427,1,2,0
13658,5428,6,3,0.15
13659,5429,13,1,0.15
13660,5429,4,2,0.1
13661,5430,7,2,0.15
13662,5430,23,3,0
13663,5431,15,2,0
13664,5431,6,1,0
13665,5431,8,1,0.2
13666,5432,8,1,0.15
13667,5432,1,1,0
13668,5433,9,1,0.2
13669,5433,12,3,0.15
13670,5434,3,2,0
13671,5434,4,1,0.15
13672,5435,2,2,0.1
13673,5435,12,3,0.2
13674,5435,8,2,0.1
13675,5436,18,3,0
13676,5437,1,2,0.15
13677,5437,19,1,0
13678,5437,16,3,0
13679,5437,9,2,0.2
13680,5438,6,1,0
13681,5438,20,3,0
13682,5438,22,3,0.2
13683,5439,13,1,0
13684,5440,11,3,0.15
13685,5440,15,1,0.2
13686,5440,3,2,0
13687,5440,20,2,0
13688,5441,10,1,0.2
13689,5441,23,2,0.1
13690,5441,17,3,0
13691,5442,12,3,0.15
13692,5442,17,3,0
13693,5442,18,3,0.1
13694,5442,8,1,0.2
13695,5443,1,3,0.2
13696,5443,12,1,0
13697,5443,5,2,0
13698,5444,5,2,0.2
13699,5444,20,3,0
13700,5444,6,1,0
13701,5444,14,3,0.1
13702,5445,5,3,0
13703,5445,19,2,0
13704,5446,12,2,0.15
13705,5446,2,1,0.15
13706,5447,23,2,0.15
13707,5447,3,1,0.15
13708,5447,19,1,0
13709,5447,5,3,0
13710,5448,14,2,0.2
13711,5448,24,1,0
13712,5449,20,1,0.15
13713,5450,11,3,0
13714,5450,5,1,0
13715,5451,15,2,0
13716,5452,14,1,0.1
13717,5452,17,1,0
13718,5452,23,3,0.2
13719,5453,5,2,0
13720,5453,6,3,0.15
13721,5453,12,2,0.1
13722,5453,15,3,0.1
13723,5454,17,2,0
13724,5455,15,1,0.1
13725,5455,1,2,0
13726,5456,16,1,0.15
13727,5456,6,2,0
13728,5456,24,3,0.15
13729,5456,15,3,0.2
13730,5457,17,3,0.1
13731,5457,17,3,0.15
13732,5458,23,1,0.2
13733,5458,10,1,0.15
13734,5458,12,2,0
13735,5458,21,2,0.1
13736,5459,15,1,0.15
13737,5459,19,1,0
13738,5459,16,2,0
13739,5459,11,2,0
13740,5460,3,2,0
13741,5460,2,3,0.15
13742,5461,4,3,0
13743,5461,22,1,0
13744,5462,9,3,0
13745,5462,8,3,0.15
13746,5462,18,1,0.1
13747,5463,12,1,0.15
13748,5463,22,2,0.15
13749,5464,4,2,0.2
13750,5464,12,3,0
13751,5464,10,3,0
13752,5464,20,2,0.2
13753,5465,21,3,0
13754,5465,9,2,0
13755,5466,2,2,0
13756,5467,1,3,0.1
13757,5468,8,2,0
13758,5468,9,3,0.1
13759,5468,3,2,0.2
13760,5469,10,1,0.2
13761,5469,9,3,0.1
13762,5470,3,1,0.1
13763,5470,1,2,0.15
13764,5470,16,1,0
13765,5471,9,1,0
13766,5472,23,1,0.1
13767,5472,17,1,0.2
13768,5472,24,1,0.1
13769,5472,20,2,0.1
13770,5473,11,2,0
13771,5474,18,1,0
13772,5475,1,3,0.1
13773,5475,6,1,0
13774,5475,4,3,0.15
13775,5475,1,2,0.15
13776,5476,19,1,0
13777,5477,8,3,0
13778,5477,12,2,0
13779,5477,11,1,0.2
13780,5477,21,2,0
13781,5478,21,2,0.15
13782,5478,5,1,0
13783,5479,5,1,0.1
13784,5479,14,2,0.2
13785,5479,8,2,0.15
13786,5480,23,2,0
13787,5480,4,2,0.1
13788,5481,14,1,0
13789,5481,10,3,0
13790,5481,24,3,0.15
13791,5481,10,3,0.2
13792,5482,16,3,0
13793,5482,14,3,0.2
13794,5482,19,3,0
13795,5483,13,3,0
13796,5483,22,3,0.1
13797,5483,18,1,0
13798,5484,3,3,0
13799,5485,4,2,0
13800,5486,4,3,0
13801,5487,17,3,0
13802,5488,1,1,0.1
13803,5488,3,3,0.15
13804,5488,20,3,0.2
13805,5488,24,2,0.15
13806,5489,5,2,0
13807,5489,15,1,0.15
13808,5489,10,1,0
13809,5490,21,3,0
13810,5490,9,1,0.15
13811,5490,1,3,0.15
13812,5491,4,3,0
13813,5491,10,3,0.2
13814,5492,20,3,0.2
13815,5492,16,2,0
13816,5493,7,3,0.2
13817,5493,19,2,0
13818,5494,6,2,0
13819,5495,12,2,0
13820,5495,19,3,0.2
13821,5496,12,1,0.15
13822,5496,18,1,0
13823,5496,8,3,0.2
13824,5497,16,2,0
13825,5497,17,1,0.1
13826,5497,16,3,0
13827,5498,13,3,0
13828,5498,15,3,0.15
13829,5498,3,1,0
13830,5498,4,3,0
13831,5499,7,3,0.15
13832,5499,13,3,0.2
13833,5500,13,1,0.2
13834,5500,13,1,0.15
13835,5501,4,3,0
13836,5502,8,3,0.1
13837,5502,18,3,0
13838,5502,12,1,0.2
13839,5502,15,2,0
13840,5503,17,3,0.1
13841,5504,1,1,0
13842,5505,11,1,0.1
13843,5505,21,1,0.15
13844,5505,13,1,0
13845,5505,9,3,0
13846,5506,14,1,0.2
13847,5506,22,1,0
13848,5507,21,2,0.2
13849,5507,18,1,0.15
13850,5507,3,2,0.1
13851,5508,16,1,0
13852,5508,18,3,0
13853,5509,4,2,0.2
13854,5509,5,3,0.15
13855,5510,18,3,0
13856,5510,9,3,0.1
13857,5510,19,2,0.15
13858,5510,8,1,0.1
13859,5511,6,2,0.2
13860,5511,18,1,0.1
13861,5511,6,2,0
13862,5511,7,2,0.15
13863,5512,17,2,0.2
13864,5512,9,3,0
13865,5513,11,1,0
13866,5514,2,3,0.2
13867,5514,7,3,0.2
13868,5514,10,2,0
13869,5515,1,3,0
13870,5515,21,2,0.15
13871,5515,6,2,0.2
13872,5516,3,2,0
13873,5516,3,2,0
13874,5516,3,3,0.15
13875,5516,21,1,0.2
13876,5517,5,1,0
13877,5518,7,1,0
13878,5518,19,3,0.15
13879,5519,11,1,0
13880,5519,5,2,0.1
13881,5519,21,3,0.2
13882,5520,14,1,0.1
13883,5520,23,2,0
13884,5520,10,3,0.2
13885,5520,5,1,0.1
13886,5521,22,3,0.15
13887,5521,5,3,0
13888,5521,8,1,0
13889,5522,17,3,0.1
13890,5523,5,1,0
13891,5523,4,3,0
13892,5523,13,1,0
13893,5524,13,2,0.2
13894,5524,16,2,0.1
13895,5524,23,2,0
13896,5525,8,2,0
13897,5525,11,2,0.15
13898,5525,5,3,0
13899,5526,3,2,0
13900,5527,24,1,0.2
13901,5527,10,2,0
13902,5527,7,2,0
13903,5528,21,1,0.2
13904,5529,18,1,0
13905,5529,15,3,0.1
13906,5529,23,3,0.15
13907,5530,6,1,0
13908,5530,17,3,0.15
13909,5530,15,2,0
13910,5531,7,1,0
13911,5531,17,2,0.1
13912,5531,24,3,0.2
13913,5531,12,1,0
13914,5532,15,3,0
13915,5532,22,2,0
13916,5532,3,2,0.15
13917,5533,12,1,0.2
13918,5533,12,1,0
13919,5533,22,3,0
13920,5534,17,3,0
13921,5535,24,2,0
13922,5535,16,3,0
13923,5536,12,2,0.1
13924,5537,1,3,0.15
13925,5538,20,3,0
13926,5538,17,1,0
13927,5539,13,3,0.1
13928,5539,9,3,0
13929,5539,14,1,0
13930,5539,20,1,0
13931,5540,21,1,0.1
13932,5540,22,1,0.2
13933,5540,1,2,0
13934,5540,22,1,0
13935,5541,19,1,0
13936,5542,16,1,0
13937,5543,4,2,0.1
13938,5543,15,1,0
13939,5543,14,2,0
13940,5543,2,1,0.1
13941,5544,12,2,0.1
13942,5544,20,2,0
13943,5544,18,3,0.2
13944,5545,16,1,0
13945,5545,19,2,0.1
13946,5546,16,3,0
13947,5546,1,1,0
13948,5547,16,1,0.2
13949,5547,8,2,0
13950,5548,3,3,0.2
13951,5548,2,2,0
13952,5548,16,1,0
13953,5548,22,2,0
13954,5549,16,3,0.2
13955,5549,2,1,0
13956,5549,6,2,0.2
13957,5549,1,2,0
13958,5550,17,3,0
13959,5550,19,2,0.2
13960,5550,18,2,0.1
13961,5551,13,2,0.15
13962,5551,21,1,0
13963,5551,10,2,0
13964,5551,1,1,0
13965,5552,9,1,0.1
13966,5553,12,3,0.1
13967,5554,16,1,0.1
13968,5554,23,1,0
13969,5555,20,3,0
13970,5555,6,2,0
13971,5556,1,2,0
13972,5557,13,1,0
13973,5557,1,3,0
13974,5557,18,1,0
13975,5557,21,1,0
13976,5558,5,3,0.15
13977,5558,6,2,0.1
13978,5558,1,1,0.2
13979,5559,12,2,0
13980,5559,12,2,0.1
13981,5560,13,1,0.15
13982,5560,15,3,0.1
13983,5561,8,3,0.2
13984,5561,14,3,0
13985,5561,6,3,0.15
13986,5562,19,2,0.1
13987,5563,2,3,0
13988,5564,11,3,0.15
13989,5565,17,1,0.2
13990,5565,18,2,0
13991,5565,21,3,0.2
13992,5566,18,3,0
13993,5567,11,3,0.1
13994,5568,18,1,0.2
13995,5569,5,3,0.1
13996,5569,19,2,0.1
13997,5570,19,3,0
13998,5571,4,1,0
13999,5571,8,2,0
14000,5571,18,3,0.2
14001,5571,24,2,0.1
14002,5572,16,1,0.15
14003,5572,14,2,0
14004,5572,21,2,0.2
14005,5572,8,3,0
14006,5573,20,3,0
14007,5573,7,1,0.2
14008,5573,22,2,0.2
14009,5573,7,3,0.2
14010,5574,6,3,0
14011,5574,19,1,0
14012,5574,15,2,0
14013,5574,6,3,0
14014,5575,12,3,0.1
14015,5575,16,1,0
14016,5575,2,3,0.15
14017,5575,6,1,0.2
14018,5576,1,1,0.15
14019,5576,5,2,0.15
14020,5577,9,1,0.15
14021,5577,7,3,0
14022,5578,21,3,0
14023,5579,24,1,0.1
14024,5579,6,1,0
14025,5579,17,3,0
14026,5580,12,1,0.1
14027,5581,5,1,0
14028,5581,14,3,0.1
14029,5581,16,1,0.1
14030,5581,9,1,0.2
14031,5582,8,2,0.15
14032,5582,17,1,0.2
14033,5583,3,2,0.2
14034,5584,15,2,0.1
14035,5585,22,2,0
14036,5585,22,2,0.1
14037,5586,21,2,0
14038,5586,21,1,0
14039,5586,8,2,0
14040,5587,11,3,0
14041,5588,2,1,0
14042,5588,15,2,0.2
14043,5588,17,2,0.1
14044,5588,20,3,0
14045,5589,8,1,0
14046,5589,19,3,0
14047,5589,20,2,0.2
14048,5589,21,2,0.2
14049,5590,7,1,0.15
14050,5590,19,2,0
14051,5590,6,1,0.1
14052,5591,15,3,0.2
14053,5591,24,2,0.2
14054,5592,18,3,0
14055,5592,21,1,0.15
14056,5592,15,3,0
14057,5592,14,2,0.2
14058,5593,2,2,0
14059,5594,15,2,0
14060,5594,2,3,0.2
14061,5595,6,3,0.1
14062,5595,4,2,0.2
14063,5595,3,1,0.1
14064,5596,18,2,0.1
14065,5596,24,1,0
14066,5596,8,2,0
14067,5597,3,2,0
14068,5597,20,1,0.15
14069,5597,17,3,0.1
14070,5597,23,1,0
14071,5598,18,1,0.1
14072,5598,2,1,0
14073,5599,1,1,0
14074,5600,1,3,0.15
14075,5600,5,1,0.15
14076,5600,20,1,0.1
14077,5600,1,3,0.15
14078,5601,8,1,0
14079,5601,19,1,0
14080,5601,22,1,0
14081,5601,5,1,0
14082,5602,1,1,0.1
14083,5602,5,1,0
14084,5602,4,2,0
14085,5603,19,3,0.15
14086,5603,17,3,0
14087,5603,9,2,0.2
14088,5604,19,1,0.2
14089,5604,6,2,0.1
14090,5605,11,1,0.2
14091,5605,18,1,0
14092,5605,21,1,0.1
14093,5606,22,3,0.1
14094,5606,6,3,0
14095,5607,10,2,0
14096,5607,15,2,0
14097,5607,3,3,0
14098,5607,13,3,0
14099,5608,14,2,0
14100,5608,5,3,0
14101,5608,14,2,0.15
14102,5609,17,1,0.15
14103,5609,6,2,0.15
14104,5609,2,2,0.2
14105,5610,11,2,0
14106,5610,9,3,0.15
14107,5610,24,2,0
14108,5611,13,1,0.1
14109,5611,6,2,0
14110,5611,8,1,0.2
14111,5611,22,3,0
14112,5612,23,3,0
14113,5612,20,2,0
14114,5613,9,1,0.2
14115,5613,2,2,0
14116,5614,21,2,0.1
14117,5615,23,2,0
14118,5615,22,3,0.15
14119,5615,11,2,0.2
14120,5615,2,1,0
14121,5616,15,3,0.15
14122,5616,14,3,0
14123,5616,4,1,0.1
14124,5616,24,1,0
14125,5617,22,1,0.15
14126,5618,22,1,0
14127,5619,2,3,0
14128,5620,7,3,0.15
14129,5621,4,2,0.15
14130,5621,19,1,0.1
14131,5621,12,2,0
14132,5622,24,2,0
14133,5622,20,2,0.2
14134,5623,2,3,0.1
14135,5623,19,1,0
14136,5623,22,2,0
14137,5623,6,3,0.2
14138,5624,23,3,0
14139,5624,16,1,0.2
14140,5625,9,3,0.1
14141,5625,7,1,0
14142,5625,5,2,0.1
14143,5626,17,2,0
14144,5626,6,1,0.15
14145,5626,1,1,0
14146,5627,3,2,0.2
14147,5628,15,3,0
14148,5628,9,3,0
14149,5628,1,1,0
14150,5628,4,3,0
14151,5629,12,2,0
14152,5630,12,1,0.15
14153,5631,9,1,0.2
14154,5631,18,3,0.15
14155,5632,19,3,0.15
14156,5632,1,2,0
14157,5633,23,2,0.2
14158,5634,13,3,0
14159,5634,21,1,0.15
14160,5634,4,2,0
14161,5634,24,3,0
14162,5635,5,2,0
14163,5635,21,2,0.2
14164,5635,4,3,0
14165,5635,15,3,0.2
14166,5636,5,3,0
14167,5636,10,2,0.2
14168,5637,21,2,0
14169,5637,22,1,0
14170,5637,18,1,0.1
14171,5638,24,1,0.1
14172,5638,18,2,0
14173,5638,2,3,0
14174,5638,10,2,0.1
14175,5639,22,1,0.15
14176,5639,14,2,0
14177,5639,7,1,0
14178,5639,23,3,0.2
14179,5640,5,2,0.15
14180,5640,17,1,0
14181,5640,19,3,0.1
14182,5641,18,1,0
14183,5641,23,1,0
14184,5641,8,3,0.2
14185,5642,3,1,0
14186,5642,5,1,0
14187,5643,3,2,0
14188,5643,8,1,0.15
14189,5643,6,3,0.1
14190,5644,4,2,0
14191,5644,15,1,0.1
14192,5645,24,2,0
14193,5645,4,3,0.2
14194,5645,24,2,0.1
14195,5645,23,1,0
14196,5646,10,3,0
14197,5646,6,2,0
14198,5646,21,3,0.1
14199,5646,4,3,0.2
14200,5647,11,1,0
14201,5647,2,3,0.15
14202,5647,1,1,0
14203,5648,2,2,0.1
14204,5649,4,1,0
14205,5649,3,3,0
14206,5649,21,1,0.2
14207,5649,15,1,0
14208,5650,1,2,0
14209,5650,5,3,0.2
14210,5650,24,2,0.15
14211,5650,17,3,0
14212,5651,14,3,0
14213,5651,13,3,0.2
14214,5651,11,2,0.2
14215,5652,6,2,0
14216,5652,16,3,0
14217,5652,22,1,0.15
14218,5653,7,3,0.2
14219,5653,13,2,0
14220,5653,8,1,0.1
14221,5654,1,1,0
14222,5654,22,2,0.2
14223,5655,7,2,0
14224,5655,20,2,0.15
14225,5656,3,1,0
14226,5656,19,2,0
14227,5657,9,2,0
14228,5657,22,1,0
14229,5657,20,1,0.1
14230,5658,16,3,0.15
14231,5659,7,1,0
14232,5660,6,3,0
14233,5661,17,1,0.15
14234,5661,23,3,0
14235,5662,1,1,0
14236,5662,22,2,0.2
14237,5662,9,1,0.2
14238,5662,7,2,0
14239,5663,23,1,0.15
14240,5663,4,2,0
14241,5664,11,2,0
14242,5664,20,1,0
14243,5664,8,2,0.2
14244,5665,9,3,0
14245,5666,22,3,0
14246,5666,1,3,0
14247,5666,24,3,0.15
14248,5666,2,1,0.15
14249,5667,13,1,0
14250,5667,9,1,0.15
14251,5667,5,1,0
14252,5667,9,2,0
14253,5668,6,2,0
14254,5668,24,1,0
14255,5668,3,3,0
14256,5669,19,1,0.1
14257,5669,4,3,0.2
14258,5669,3,1,0
14259,5670,21,1,0.15
14260,5670,13,1,0
14261,5670,5,3,0.1
14262,5670,24,3,0.1
14263,5671,5,2,0.1
14264,5671,22,3,0
14265,5671,12,2,0
14266,5671,20,1,0.15
14267,5672,9,2,0.1
14268,5672,20,2,0
14269,5673,2,3,0.1
14270,5673,21,2,0.15
14271,5674,3,3,0
14272,5675,20,1,0.1
14273,5676,12,1,0
14274,5677,4,1,0.15
14275,5677,16,2,0.2
14276,5677,7,1,0.2
14277,5677,10,3,0
14278,5678,7,2,0
14279,5679,9,3,0
14280,5679,4,2,0
14281,5679,11,2,0.2
14282,5679,23,3,0.15
14283,5680,10,2,0.1
14284,5681,6,2,0.15
14285,5681,23,2,0.1
14286,5681,21,1,0.1
14287,5681,22,1,0
14288,5682,20,1,0
14289,5682,8,1,0
14290,5682,9,1,0
14291,5683,13,1,0.2
14292,5684,1,1,0.15
14293,5684,15,2,0
14294,5684,15,1,0
14295,5684,19,2,0
14296,5685,19,1,0.2
14297,5686,22,3,0.15
14298,5686,22,2,0.15
14299,5687,13,2,0.2
14300,5687,23,2,0
14301,5688,19,1,0.15
14302,5689,4,3,0.15
14303,5689,21,2,0
14304,5690,9,3,0.1
14305,5690,2,2,0.2
14306,5691,10,2,0
14307,5691,16,3,0.2
14308,5691,12,3,0.1
14309,5692,16,3,0.15
14310,5692,2,3,0
14311,5692,3,3,0
14312,5692,18,3,0.15
14313,5693,19,1,0
14314,5694,24,2,0.15
14315,5695,9,3,0.1
14316,5696,13,3,0
14317,5696,17,1,0
14318,5697,24,2,0.2
14319,5697,2,3,0.2
14320,5697,1,2,0.2
14321,5698,10,3,0.2
14322,5699,12,1,0.15
14323,5699,19,3,0.15
14324,5699,9,1,0
14325,5699,13,3,0.2
14326,5700,14,3,0.1
14327,5701,6,2,0
14328,5701,4,1,0
14329,5702,16,1,0.15
14330,5702,4,2,0
14331,5702,4,2,0.2
14332,5703,23,1,0
14333,5703,23,1,0.15
14334,5703,3,3,0.1
14335,5703,5,3,0.1
14336,5704,9,1,0
14337,5704,10,2,0
14338,5705,16,1,0.1
14339,5706,19,3,0.15
14340,5706,9,3,0
14341,5706,4,3,0.15
14342,5707,14,1,0.15
14343,5707,8,3,0.2
14344,5707,13,2,0
14345,5707,2,3,0.2
14346,5708,6,3,0
14347,5709,1,1,0
14348,5709,19,1,0
14349,5709,24,2,0
14350,5709,9,1,0.1
14351,5710,13,2,0.15
14352,5710,20,1,0.1
14353,5710,24,3,0.15
14354,5710,4,3,0
14355,5711,23,1,0
14356,5711,16,2,0.1
14357,5711,9,1,0
14358,5711,10,2,0
14359,5712,20,1,0
14360,5713,10,1,0.15
14361,5714,9,3,0
14362,5714,3,2,0
14363,5714,20,2,0
14364,5714,2,2,0.1
14365,5715,24,2,0.2
14366,5715,18,1,0.1
14367,5716,15,1,0.15
14368,5716,8,1,0.15
14369,5716,17,3,0.15
14370,5716,1,2,0.15
14371,5717,17,1,0.15
14372,5717,16,3,0.2
14373,5718,5,1,0
14374,5718,6,3,0.2
14375,5718,18,1,0
14376,5718,4,1,0.1
14377,5719,23,1,0
14378,5720,15,1,0
14379,5720,8,1,0
14380,5720,10,2,0.2
14381,5720,12,1,0.1
14382,5721,6,3,0.15
14383,5721,20,2,0.2
14384,5722,9,3,0.15
14385,5722,18,1,0
14386,5722,3,3,0
14387,5723,24,3,0.15
14388,5724,23,1,0
14389,5725,8,3,0.2
14390,5725,10,1,0
14391,5725,3,2,0.2
14392,5726,7,2,0.15
14393,5726,14,3,0
14394,5727,7,1,0.15
14395,5727,14,1,0.2
14396,5727,16,2,0
14397,5728,2,1,0.1
14398,5728,16,2,0
14399,5729,23,2,0.2
14400,5729,10,2,0
14401,5730,18,1,0.1
14402,5730,23,1,0.2
14403,5730,13,3,0
14404,5730,18,1,0
14405,5731,2,1,0
14406,5731,11,1,0
14407,5732,6,3,0
14408,5733,22,2,0
14409,5733,1,2,0.15
14410,5733,21,3,0.1
14411,5734,15,1,0
14412,5734,23,1,0
14413,5734,22,1,0.2
14414,5734,1,3,0
14415,5735,22,1,0
14416,5735,1,1,0
14417,5735,1,2,0
14418,5736,17,1,0
14419,5736,1,2,0
14420,5736,5,2,0
14421,5737,15,1,0.1
14422,5737,3,3,0
14423,5737,18,3,0
14424,5737,8,2,0
14425,5738,18,2,0.15
14426,5738,22,1,0
14427,5738,7,2,0.15
14428,5739,17,2,0.1
14429,5740,13,1,0
14430,5740,19,1,0.1
14431,5741,1,1,0
14432,5741,18,3,0.2
14433,5741,11,2,0
14434,5742,17,3,0
14435,5743,5,3,0.15
14436,5743,21,3,0.15
14437,5743,5,1,0
14438,5743,10,1,0
14439,5744,20,1,0
14440,5744,15,1,0.1
14441,5745,21,3,0
14442,5745,2,2,0.15
14443,5745,9,1,0.2
14444,5746,21,1,0.2
14445,5746,3,1,0
14446,5747,16,1,0
14447,5747,17,2,0
14448,5747,17,2,0.15
14449,5748,19,3,0
14450,5748,23,1,0
14451,5748,11,1,0.15
14452,5748,4,1,0
14453,5749,7,2,0.2
14454,5750,11,2,0
14455,5751,9,2,0
14456,5752,4,1,0
14457,5752,22,2,0
14458,5752,24,2,0.2
14459,5752,22,2,0.2
14460,5753,19,2,0
14461,5753,10,1,0
14462,5753,2,1,0
14463,5754,20,2,0.2
14464,5755,9,3,0.2
14465,5755,12,1,0
14466,5755,11,2,0.15
14467,5756,1,2,0
14468,5756,5,2,0
14469,5756,4,1,0.15
14470,5757,20,3,0
14471,5758,14,2,0
14472,5758,20,2,0
14473,5758,12,3,0
14474,5759,15,1,0.1
14475,5759,7,2,0.15
14476,5759,24,2,0
14477,5760,20,3,0.2
14478,5761,18,1,0.15
14479,5761,13,2,0
14480,5761,19,3,0
14481,5761,17,2,0.15
14482,5762,8,2,0
14483,5762,1,1,0
14484,5762,23,1,0
14485,5763,8,1,0.1
14486,5764,17,2,0.15
14487,5764,14,2,0.1
14488,5764,17,2,0.1
14489,5764,7,2,0.2
14490,5765,6,1,0
14491,5766,2,2,0.1
14492,5766,19,1,0
14493,5766,8,2,0.2
14494,5766,10,3,0.2
14495,5767,20,2,0
14496,5767,5,3,0
14497,5767,23,1,0
14498,5767,14,2,0
14499,5768,21,1,0
14500,5768,6,2,0.2
14501,5769,4,1,0
14502,5769,1,3,0
14503,5769,9,2,0
14504,5769,13,1,0.15
14505,5770,2,1,0
14506,5770,24,2,0.2
14507,5770,21,3,0.1
14508,5771,21,2,0.2
14509,5771,8,2,0.15
14510,5771,2,2,0
14511,5772,15,2,0
14512,5772,1,2,0.2
14513,5773,4,2,0
14514,5773,20,3,0
14515,5774,23,2,0.2
14516,5775,15,3,0.15
14517,5776,2,1,0.15
14518,5776,8,2,0
14519,5777,7,3,0
14520,5778,20,3,0.2
14521,5779,18,1,0
14522,5780,14,1,0.1
14523,5781,7,2,0
14524,5781,2,2,0.1
14525,5781,1,2,0.1
14526,5782,11,3,0.15
14527,5782,20,1,0
14528,5783,13,3,0.2
14529,5783,11,3,0.2
14530,5784,24,1,0.15
14531,5784,19,2,0
14532,5784,14,3,0.2
14533,5785,12,1,0.2
14534,5785,11,2,0.1
14535,5785,13,3,0.1
14536,5786,24,2,0
14537,5786,3,2,0.2
14538,5786,24,2,0.15
14539,5787,1,3,0
14540,5787,5,2,0
14541,5787,14,3,0.15
14542,5788,14,3,0.1
14543,5788,20,3,0
14544,5788,2,2,0.15
14545,5788,6,3,0
14546,5789,16,3,0.2
14547,5789,21,2,0
14548,5790,2,1,0.15
14549,5790,8,2,0
14550,5790,1,1,0
14551,5790,4,1,0
14552,5791,3,3,0
14553,5792,20,1,0.15
14554,5792,6,2,0
14555,5792,13,1,0.2
14556,5793,1,1,0
14557,5793,2,1,0
14558,5794,9,1,0
14559,5794,12,2,0
14560,5794,8,1,0.15
14561,5795,18,1,0
14562,5795,4,3,0.1
14563,5795,21,3,0
14564,5795,21,3,0.1
14565,5796,19,2,0
14566,5796,22,2,0.1
14567,5796,2,2,0.2
14568,5797,9,1,0
14569,5797,24,3,0.1
14570,5798,10,3,0.1
14571,5798,11,1,0.2
14572,5798,11,2,0.15
14573,5799,5,2,0.2
14574,5799,19,2,0.2
14575,5800,24,1,0
14576,5800,15,3,0.15
14577,5801,20,2,0.15
14578,5802,6,3,0
14579,5802,20,3,0.2
14580,5803,4,1,0.1
14581,5803,23,1,0.2
14582,5803,2,2,0
14583,5804,6,1,0.1
14584,5804,5,3,0
14585,5805,24,3,0.15
14586,5805,13,1,0
14587,5805,5,1,0.2
14588,5806,5,2,0.2
14589,5806,15,3,0.15
14590,5806,3,3,0
14591,5807,19,2,0
14592,5807,20,2,0.15
14593,5807,15,1,0.15
14594,5807,17,1,0.15
14595,5808,13,2,0
14596,5808,12,2,0
14597,5808,23,3,0.2
14598,5808,1,3,0.2
14599,5809,3,1,0.1
14600,5810,7,2,0.1
14601,5810,13,3,0
14602,5810,8,2,0
14603,5810,21,2,0
14604,5811,13,3,0
14605,5811,6,1,0.2
14606,5811,6,1,0.15
14607,5812,9,1,0
14608,5812,8,1,0
14609,5812,21,3,0
14610,5813,13,1,0
14611,5813,11,1,0
14612,5814,1,3,0
14613,5814,10,2,0
14614,5815,10,2,0
14615,5816,15,1,0
14616,5817,14,3,0.2
14617,5817,4,2,0
14618,5817,17,2,0.1
14619,5818,16,1,0
14620,5818,3,3,0.15
14621,5819,8,1,0
14622,5819,14,2,0
14623,5820,13,1,0
14624,5820,12,2,0
14625,5820,23,1,0
14626,5820,23,1,0
14627,5821,15,3,0
14628,5821,2,1,0
14629,5821,18,1,0.15
14630,5821,12,3,0
14631,5822,18,3,0.2
14632,5822,20,3,0
14633,5822,8,3,0.2
14634,5823,12,2,0
14635,5823,12,1,0.2
14636,5824,1,3,0
14637,5824,13,2,0
14638,5824,5,3,0
14639,5824,2,3,0.15
14640,5825,11,2,0.2
14641,5826,23,1,0.2
14642,5826,14,1,0
14643,5826,20,3,0
14644,5826,6,2,0
14645,5827,3,1,0
14646,5827,11,3,0
14647,5828,3,3,0
14648,5828,10,2,0.1
14649,5828,23,1,0
14650,5829,21,3,0.1
14651,5829,6,2,0
14652,5829,3,1,0.2
14653,5829,20,1,0.2
14654,5830,22,3,0
14655,5830,18,1,0.1
14656,5831,6,3,0
14657,5831,8,1,0
14658,5831,22,2,0
14659,5831,4,2,0
14660,5832,15,2,0
14661,5832,2,2,0
14662,5833,24,2,0.2
14663,5833,11,3,0.2
14664,5833,20,2,0
14665,5833,5,2,0.1
14666,5834,12,1,0
14667,5835,24,2,0.15
14668,5836,23,3,0
14669,5836,11,1,0.1
14670,5836,2,3,0
14671,5836,9,3,0
14672,5837,13,2,0
14673,5837,14,3,0.2
14674,5838,7,1,0
14675,5838,6,3,0
14676,5838,15,1,0
14677,5839,6,1,0
14678,5839,10,2,0.15
14679,5840,7,2,0
14680,5840,9,2,0
14681,5840,6,2,0.2
14682,5841,16,1,0.1
14683,5842,15,1,0.2
14684,5842,1,2,0.15
14685,5842,23,2,0
14686,5842,8,2,0.1
14687,5843,11,3,0
14688,5843,19,3,0
14689,5844,12,3,0.1
14690,5844,12,2,0.15
14691,5844,18,2,0.1
14692,5844,21,3,0.2
14693,5845,1,1,0.15
14694,5845,22,2,0
14695,5846,13,3,0
14696,5847,24,2,0.1
14697,5847,22,2,0.15
14698,5847,11,2,0.2
14699,5848,1,1,0.2
14700,5848,1,2,0.1
14701,5848,21,1,0
14702,5848,24,2,0
14703,5849,4,1,0.1
14704,5849,24,1,0
14705,5849,23,3,0
14706,5849,16,3,0.2
14707,5850,23,2,0
14708,5850,14,2,0.2
14709,5850,9,3,0.2
14710,5851,12,2,0.15
14711,5851,10,1,0
14712,5851,17,2,0
14713,5851,9,3,0
14714,5852,3,3,0.15
14715,5852,24,2,0.2
14716,5852,18,3,0.1
14717,5853,12,1,0.2
14718,5853,17,3,0
14719,5853,10,3,0
14720,5854,12,2,0
14721,5855,19,1,0.15
14722,5855,22,1,0.2
14723,5855,5,2,0.1
14724,5855,24,3,0
14725,5856,10,1,0.1
14726,5856,9,3,0.1
14727,5857,17,1,0
14728,5857,11,1,0
14729,5858,24,2,0
14730,5858,19,3,0
14731,5859,2,2,0
14732,5859,2,1,0.1
14733,5860,24,2,0
14734,5860,20,3,0.2
14735,5861,13,3,0.15
14736,5861,12,3,0
14737,5861,15,2,0
14738,5862,16,2,0.15
14739,5862,19,2,0
14740,5862,23,1,0.2
14741,5863,18,3,0.2
14742,5864,12,2,0.15
14743,5865,19,1,0.2
14744,5865,18,3,0
14745,5866,2,2,0.1
14746,5866,18,1,0.2
14747,5867,13,1,0
14748,5867,9,2,0
14749,5868,20,2,0
14750,5868,24,2,0
14751,5868,8,3,0.2
14752,5869,2,2,0
14753,5869,3,1,0.2
14754,5869,10,1,0
14755,5870,10,3,0.2
14756,5870,1,2,0.1
14757,5870,24,3,0
14758,5871,5,1,0.15
14759,5871,21,1,0
14760,5871,1,1,0.2
14761,5871,4,1,0
14762,5872,23,1,0
14763,5872,20,3,0.1
14764,5872,1,1,0.2
14765,5872,6,2,0
14766,5873,20,3,0.15
14767,5874,17,3,0
14768,5874,16,1,0
14769,5875,15,3,0.1
14770,5875,13,1,0
14771,5876,1,1,0
14772,5876,2,3,0.2
14773,5877,11,2,0
14774,5877,1,3,0.2
14775,5878,22,3,0.15
14776,5879,24,2,0.1
14777,5879,13,2,0.15
14778,5879,10,2,0.15
14779,5880,23,3,0.2
14780,5880,19,3,0
14781,5880,3,2,0.2
14782,5880,23,3,0
14783,5881,22,3,0
14784,5881,6,2,0.1
14785,5881,8,3,0.2
14786,5881,24,1,0.15
14787,5882,13,3,0.2
14788,5882,5,2,0
14789,5882,17,3,0
14790,5882,17,2,0
14791,5883,8,2,0.1
14792,5883,11,2,0.2
14793,5883,17,2,0
14794,5883,6,2,0
14795,5884,18,1,0
14796,5884,4,2,0
14797,5884,4,3,0.2
14798,5884,10,2,0
14799,5885,6,2,0
14800,5885,11,2,0
14801,5886,6,2,0
14802,5887,17,3,0.2
14803,5887,6,1,0.2
14804,5887,24,2,0.15
14805,5888,22,2,0
14806,5888,22,3,0
14807,5888,13,3,0.1
14808,5888,14,1,0
14809,5889,22,1,0.15
14810,5889,11,3,0
14811,5889,7,3,0.2
14812,5890,24,2,0.2
14813,5890,20,2,0.15
14814,5891,21,1,0
14815,5891,24,1,0.1
14816,5891,16,3,0.15
14817,5892,11,3,0
14818,5893,23,1,0.1
14819,5893,16,3,0
14820,5893,6,3,0
14821,5894,15,3,0
14822,5895,12,3,0
14823,5895,5,1,0
14824,5896,21,2,0.2
14825,5897,20,1,0
14826,5897,12,1,0.15
14827,5898,17,2,0
14828,5899,8,1,0.1
14829,5899,12,2,0
14830,5900,12,3,0.1
14831,5901,20,3,0
14832,5901,24,2,0.15
14833,5901,2,3,0.15
14834,5902,4,3,0.2
14835,5902,14,1,0
14836,5902,8,1,0.1
14837,5903,8,3,0
14838,5903,2,3,0
14839,5903,12,3,0.2
14840,5903,15,2,0
14841,5904,1,3,0.2
14842,5904,23,1,0.1
14843,5904,16,3,0
14844,5904,11,2,0
14845,5905,5,2,0.1
14846,5906,22,3,0.15
14847,5906,21,2,0.2
14848,5906,5,3,0.1
14849,5906,17,1,0.1
14850,5907,24,1,0
14851,5908,14,2,0
14852,5908,11,1,0.15
14853,5909,7,3,0
14854,5909,7,1,0
14855,5910,7,3,0.2
14856,5910,8,1,0
14857,5911,12,3,0
14858,5912,19,2,0
14859,5912,6,3,0
14860,5912,2,3,0.15
14861,5912,19,1,0.15
14862,5913,2,1,0
14863,5913,8,3,0.15
14864,5913,21,3,0
14865,5914,8,2,0
14866,5915,19,2,0
14867,5915,6,2,0.15
14868,5915,1,2,0
14869,5916,23,2,0
14870,5916,14,3,0.1
14871,5917,7,1,0.15
14872,5917,8,2,0.15
14873,5918,9,2,0.1
14874,5919,20,2,0.15
14875,5920,2,1,0.1
14876,5920,7,3,0
14877,5921,17,1,0
14878,5921,11,1,0
14879,5921,10,2,0
14880,5921,1,1,0
14881,5922,12,1,0
14882,5923,7,2,0.2
14883,5923,10,3,0
14884,5923,24,1,0.1
14885,5924,12,3,0
14886,5924,20,1,0
14887,5924,21,3,0
14888,5925,9,3,0
14889,5926,13,2,0.2
14890,5926,18,2,0
14891,5926,24,2,0
14892,5927,21,1,0
14893,5927,14,1,0
14894,5928,13,1,0.15
14895,5928,3,1,0
14896,5929,7,1,0
14897,5929,16,1,0
14898,5930,2,1,0
14899,5930,16,1,0
14900,5931,8,3,0
14901,5931,5,2,0.2
14902,5931,13,2,0.2
14903,5932,9,2,0
14904,5932,9,1,0.2
14905,5933,2,3,0
14906,5934,5,3,0.1
14907,5934,20,3,0.1
14908,5934,16,2,0
14909,5935,4,1,0
14910,5935,12,2,0
14911,5936,24,3,0
14912,5937,24,3,0.1
14913,5937,15,1,0.15
14914,5938,19,1,0
14915,5938,19,2,0
14916,5938,15,2,0.1
14917,5938,9,3,0.1
14918,5939,22,3,0
14919,5939,24,3,0
14920,5939,2,2,0
14921,5939,16,1,0
14922,5940,22,2,0
14923,5940,11,1,0
14924,5941,9,3,0
14925,5941,23,2,0.1
14926,5941,9,1,0
14927,5941,5,1,0.2
14928,5942,15,1,0
14929,5942,22,2,0
14930,5942,7,3,0
14931,5942,16,3,0
14932,5943,21,2,0.1
14933,5943,24,2,0.2
14934,5943,13,1,0.15
14935,5943,4,2,0.1
14936,5944,15,3,0.1
14937,5944,4,3,0
14938,5944,5,3,0
14939,5945,20,2,0.15
14940,5946,22,2,0
14941,5946,9,3,0
14942,5947,18,2,0.2
14943,5947,19,3,0.1
14944,5947,7,1,0
14945,5947,19,3,0.2
14946,5948,20,2,0.1
14947,5948,12,3,0
14948,5949,8,1,0.2
14949,5949,17,1,0
14950,5949,20,2,0.2
14951,5950,19,1,0.2
14952,5950,4,2,0
14953,5950,12,2,0.15
14954,5950,19,2,0.15
14955,5951,5,1,0.1
14956,5951,22,1,0.1
14957,5951,14,3,0
14958,5951,14,1,0.1
14959,5952,19,2,0
14960,5952,14,2,0
14961,5952,3,2,0.1
14962,5953,23,2,0
14963,5953,9,2,0
14964,5953,7,3,0.15
14965,5953,19,3,0.1
14966,5954,1,2,0.1
14967,5955,22,1,0
14968,5955,23,2,0.2
14969,5955,4,1,0
14970,5956,6,1,0.1
14971,5956,9,3,0
14972,5956,24,3,0
14973,5957,24,1,0.1
14974,5957,14,3,0
14975,5957,11,2,0.15
14976,5957,20,1,0.2
14977,5958,4,2,0.2
14978,5959,13,2,0
14979,5960,1,2,0.15
14980,5960,17,1,0
14981,5960,14,1,0
14982,5960,16,2,0
14983,5961,5,3,0.15
14984,5961,21,3,0.1
14985,5962,12,3,0
14986,5962,13,2,0
14987,5962,15,3,0.2
14988,5962,16,3,0.15
14989,5963,4,2,0
14990,5963,20,1,0.1
14991,5964,19,3,0
14992,5964,24,2,0
14993,5964,10,3,0.15
14994,5965,11,3,0
14995,5966,19,3,0
14996,5966,9,3,0.2
14997,5966,11,3,0
14998,5967,3,1,0.15
14999,5968,13,3,0.2
15000,5968,1,2,0.15
15001,5969,19,1,0.1
15002,5969,23,2,0.1
15003,5970,21,3,0
15004,5971,16,3,0
15005,5971,23,1,0
15006,5971,21,2,0
15007,5972,10,3,0.2
15008,5973,5,3,0.1
15009,5974,15,1,0
15010,5975,16,3,0.15
15011,5975,5,2,0
15012,5975,13,3,0.1
15013,5976,10,1,0.15
15014,5976,5,3,0.2
15015,5977,2,2,0
15016,5977,16,1,0.15
15017,5977,17,2,0
15018,5978,22,1,0.1
15019,5978,23,1,0
15020,5978,5,2,0.2
15021,5978,12,3,0.15
15022,5979,24,1,0
15023,5979,2,1,0
15024,5980,13,2,0.15
15025,5980,14,3,0
15026,5981,9,3,0.2
15027,5981,6,1,0
15028,5981,7,2,0
15029,5982,10,2,0
15030,5982,19,3,0.1
15031,5983,11,1,0.15
15032,5984,24,2,0.2
15033,5985,18,3,0.2
15034,5985,4,3,0.15
15035,5985,5,2,0
15036,5986,22,3,0
15037,5987,5,2,0.1
15038,5987,7,1,0
15039,5987,7,2,0
15040,5987,18,3,0.2
15041,5988,7,1,0.15
15042,5988,19,2,0
15043,5988,21,3,0.1
15044,5989,11,2,0.2
15045,5990,4,1,0.2
15046,5990,22,3,0
15047,5990,14,3,0
15048,5990,16,3,0
15049,5991,5,3,0.2
15050,5992,24,2,0
15051,5992,1,2,0.15
15052,5993,16,1,0.1
15053,5994,3,1,0
15054,5994,15,1,0
15055,5995,1,1,0
15056,5996,17,3,0.2
15057,5997,7,2,0.1
15058,5997,15,1,0
15059,5998,4,2,0
15060,5998,6,1,0.1
15061,5998,20,2,0.1
15062,5999,17,2,0.2
15063,5999,21,2,0
15064,5999,24,3,0
15065,6000,7,2,0.1
15066,6000,5,1,0
15067,6000,17,1,0.2
15068,6001,3,3,0.1
15069,6001,11,3,0
15070,6001,2,3,0.2
15071,6002,17,3,0.1
15072,6002,18,1,0.15
15073,6002,5,1,0
15074,6003,11,1,0.1
15075,6003,19,3,0.2
15076,6004,23,3,0.2
15077,6004,9,2,0.2
15078,6004,21,2,0.2
15079,6005,10,2,0.15
15080,6006,4,2,0
15081,6007,20,1,0
15082,6007,18,1,0.2
15083,6008,9,3,0.15
15084,6008,22,3,0
15085,6008,15,3,0.15
15086,6008,20,3,0
15087,6009,19,3,0
15088,6010,4,3,0
15089,6010,5,1,0
15090,6011,4,2,0.2
15091,6011,23,1,0.15
15092,6011,8,1,0
15093,6012,17,2,0
15094,6013,8,1,0
15095,6013,7,2,0
15096,6013,16,1,0
15097,6013,19,3,0.15
15098,6014,9,2,0.1
15099,6014,21,3,0.1
15100,6014,22,2,0.1
15101,6015,22,1,0.2
15102,6015,20,1,0.15
15103,6016,19,2,0.2
15104,6016,16,3,0.15
15105,6017,14,2,0
15106,6018,18,3,0
15107,6018,14,3,0.15
15108,6018,22,1,0
15109,6018,2,3,0.2
15110,6019,7,2,0.15
15111,6019,22,1,0.15
15112,6019,2,2,0
15113,6019,1,2,0.1
15114,6020,2,2,0.1
15115,6020,5,3,0
15116,6021,16,1,0.15
15117,6021,4,2,0
15118,6022,18,1,0
15119,6022,22,2,0
15120,6022,10,3,0.1
15121,6023,7,1,0
15122,6024,24,1,0.15
15123,6024,5,3,0.1
15124,6024,12,1,0
15125,6024,12,1,0.2
15126,6025,10,3,0
15127,6025,22,3,0.15
15128,6026,20,3,0.2
15129,6026,18,2,0.15
15130,6026,19,1,0.15
15131,6026,16,1,0
15132,6027,10,1,0.1
15133,6027,6,3,0.2
15134,6027,18,2,0.2
15135,6027,12,1,0.15
15136,6028,12,1,0
15137,6028,12,1,0
15138,6028,17,3,0
15139,6029,23,1,0
15140,6030,24,3,0.2
15141,6030,23,2,0
15142,6030,6,3,0
15143,6030,9,1,0
15144,6031,17,3,0.2
15145,6031,18,3,0.2
15146,6032,11,3,0
15147,6032,12,3,0.1
15148,6032,1,1,0
15149,6032,13,2,0
15150,6033,9,1,0.1
15151,6033,13,3,0.2
15152,6033,24,3,0
15153,6033,15,1,0.1
15154,6034,6,1,0
15155,6035,13,1,0.1
15156,6035,1,1,0
15157,6035,14,3,0.2
15158,6035,17,2,0
15159,6036,14,3,0.1
15160,6036,4,2,0
15161,6036,18,1,0
15162,6036,7,2,0.15
15163,6037,21,2,0
15164,6037,22,2,0
15165,6038,19,1,0
15166,6038,18,2,0.2
15167,6038,7,2,0
15168,6038,16,2,0
15169,6039,2,1,0
15170,6039,4,3,0
15171,6039,5,3,0
15172,6039,3,2,0.2
15173,6040,17,3,0
15174,6040,9,3,0.15
15175,6040,8,1,0
15176,6040,21,1,0.1
15177,6041,22,3,0.1
15178,6041,24,2,0
15179,6041,12,1,0
15180,6042,10,3,0.15
15181,6042,24,3,0
15182,6042,13,1,0.1
15183,6043,14,3,0
15184,6043,16,1,0.15
15185,6043,7,2,0
15186,6043,20,3,0.15
15187,6044,12,1,0.2
15188,6044,14,2,0.2
15189,6044,23,3,0
15190,6045,7,1,0.15
15191,6045,19,3,0
15192,6046,8,3,0.2
15193,6047,4,3,0.2
15194,6047,6,3,0
15195,6048,7,2,0.15
15196,6049,3,2,0
15197,6049,11,1,0
15198,6049,23,3,0.15
15199,6049,24,2,0
15200,6050,1,3,0.1
15201,6051,20,3,0
15202,6051,4,1,0
15203,6052,20,3,0.2
15204,6052,10,1,0
15205,6052,21,3,0
15206,6052,16,1,0
15207,6053,12,3,0.15
15208,6053,18,3,0.15
15209,6053,24,3,0.2
15210,6053,19,1,0.2
15211,6054,11,2,0
15212,6054,7,3,0
15213,6054,14,1,0
15214,6055,20,3,0.15
15215,6055,18,2,0.1
15216,6055,21,2,0
15217,6056,7,2,0.1
15218,6056,21,3,0.15
15219,6056,10,3,0
15220,6057,2,3,0
15221,6058,3,3,0.2
15222,6059,21,2,0
15223,6060,10,3,0
15224,6060,22,1,0
15225,6060,19,1,0
15226,6061,7,1,0.15
15227,6061,20,1,0
15228,6062,14,3,0
15229,6063,5,1,0.2
15230,6063,7,2,0.1
15231,6063,23,3,0.2
15232,6063,4,3,0
15233,6064,19,2,0
15234,6064,17,1,0
15235,6064,13,3,0.1
15236,6065,12,3,0
15237,6065,3,1,0
15238,6065,2,3,0
15239,6066,2,1,0
15240,6067,4,2,0
15241,6068,9,3,0.2
15242,6068,9,1,0
15243,6069,13,2,0
15244,6069,19,1,0.1
15245,6069,7,3,0.1
15246,6070,3,1,0.15
15247,6071,24,1,0
15248,6071,5,2,0
15249,6071,10,3,0
15250,6072,12,1,0
15251,6072,17,3,0.2
15252,6072,15,1,0
15253,6072,18,1,0.1
15254,6073,14,1,0.1
15255,6073,12,2,0.1
15256,6073,15,3,0.1
15257,6074,15,1,0
15258,6074,23,2,0
15259,6074,13,2,0.1
15260,6074,22,3,0
15261,6075,3,2,0
15262,6075,12,3,0
15263,6075,11,1,0.1
15264,6076,8,1,0.2
15265,6076,11,1,0
15266,6076,4,2,0
15267,6076,4,2,0
15268,6077,8,3,0.1
15269,6077,5,1,0
15270,6078,24,1,0.15
15271,6078,22,1,0.1
15272,6078,4,1,0
15273,6079,7,3,0
15274,6079,1,2,0
15275,6079,8,1,0
15276,6080,9,1,0
15277,6080,4,1,0.2
15278,6080,15,2,0.2
15279,6081,17,1,0
15280,6081,12,2,0.2
15281,6081,6,2,0
15282,6082,2,3,0.2
15283,6082,19,3,0.2
15284,6083,3,2,0
15285,6083,22,1,0.15
15286,6084,5,1,0
15287,6084,17,2,0.2
15288,6085,13,3,0
15289,6085,12,2,0
15290,6086,21,1,0
15291,6086,8,3,0.15
15292,6087,2,1,0
15293,6087,16,2,0.15
15294,6087,7,1,0.2
15295,6088,17,3,0
15296,6088,20,3,0
15297,6089,12,3,0.1
15298,6090,18,3,0.15
15299,6090,11,2,0.1
15300,6091,7,1,0.1
15301,6091,1,2,0
15302,6092,13,2,0.2
15303,6093,11,1,0.15
15304,6093,4,1,0
15305,6093,8,2,0
15306,6093,4,2,0
15307,6094,4,1,0.15
15308,6094,17,3,0.1
15309,6095,9,1,0.15
15310,6095,4,1,0.15
15311,6096,2,2,0
15312,6096,11,1,0.1
15313,6096,24,1,0
15314,6096,22,3,0
15315,6097,16,2,0.1
15316,6097,3,1,0
15317,6097,19,1,0.2
15318,6097,19,1,0
15319,6098,21,2,0
15320,6098,12,2,0
15321,6098,3,2,0.15
15322,6098,12,2,0
15323,6099,20,1,0
15324,6099,18,3,0
15325,6099,1,3,0
15326,6099,1,1,0
15327,6100,18,1,0.2
15328,6100,18,1,0.1
15329,6100,8,1,0.1
15330,6101,3,3,0
15331,6101,17,3,0.2
15332,6102,17,2,0.15
15333,6102,11,3,0.1
15334,6102,23,1,0.2
15335,6103,8,3,0.1
15336,6103,23,1,0
15337,6104,19,3,0.2
15338,6104,4,1,0.15
15339,6105,6,1,0
15340,6105,8,2,0
15341,6105,20,2,0
15342,6105,17,3,0.1
15343,6106,22,1,0
15344,6106,18,2,0
15345,6106,17,1,0.15
15346,6106,6,2,0.2
15347,6107,2,1,0.2
15348,6108,4,1,0
15349,6109,13,3,0
15350,6109,7,1,0
15351,6109,19,2,0
15352,6110,16,3,0
15353,6110,2,1,0
15354,6111,17,1,0.15
15355,6111,22,1,0.1
15356,6112,2,2,0
15357,6113,8,1,0
15358,6114,23,1,0
15359,6115,5,1,0.15
15360,6115,19,3,0
15361,6115,23,1,0.15
15362,6116,12,2,0
15363,6116,1,3,0.15
15364,6117,12,2,0.1
15365,6117,19,3,0.2
15366,6117,1,1,0
15367,6118,21,2,0.1
15368,6119,14,2,0.2
15369,6119,8,1,0.1
15370,6119,7,1,0
15371,6120,9,1,0
15372,6121,4,2,0.2
15373,6121,1,2,0
15374,6122,7,1,0.1
15375,6122,5,2,0
15376,6122,21,2,0
15377,6123,16,2,0.15
15378,6123,18,1,0.1
15379,6124,2,3,0.2
15380,6124,24,2,0
15381,6125,22,2,0.1
15382,6126,12,1,0
15383,6126,23,3,0
15384,6127,3,1,0.15
15385,6127,13,2,0
15386,6127,22,2,0.1
15387,6127,11,1,0
15388,6128,2,2,0.2
15389,6128,13,3,0.15
15390,6128,20,3,0
15391,6128,12,1,0
15392,6129,18,3,0
15393,6129,14,1,0
15394,6130,13,3,0.2
15395,6130,1,1,0.15
15396,6130,20,2,0.1
15397,6130,4,3,0
15398,6131,4,3,0.1
15399,6132,19,3,0.15
15400,6132,5,1,0
15401,6133,10,2,0
15402,6133,23,3,0
15403,6133,13,2,0
15404,6133,7,1,0.15
15405,6134,24,2,0
15406,6134,9,3,0
15407,6135,19,1,0.2
15408,6135,18,3,0.1
15409,6135,24,3,0.1
15410,6135,18,3,0
15411,6136,19,1,0.1
15412,6136,19,2,0
15413,6136,24,2,0.1
15414,6137,18,3,0
15415,6137,18,1,0.1
15416,6138,17,2,0
15417,6139,18,3,0
15418,6139,19,1,0.2
15419,6139,14,2,0.1
15420,6139,14,1,0.1
15421,6140,8,3,0
15422,6140,20,1,0.15
15423,6141,11,1,0
15424,6141,14,1,0
15425,6141,10,2,0
15426,6142,5,1,0
15427,6142,15,1,0
15428,6142,5,2,0
15429,6142,2,2,0.1
15430,6143,11,3,0.15
15431,6144,1,2,0.1
15432,6145,7,3,0
15433,6145,11,2,0.1
15434,6145,9,1,0
15435,6145,13,1,0.2
15436,6146,20,2,0.2
15437,6146,1,1,0.2
15438,6146,3,3,0
15439,6147,20,3,0
15440,6147,19,3,0
15441,6147,12,1,0
15442,6147,17,2,0.15
15443,6148,6,3,0
15444,6149,6,2,0.15
15445,6149,4,3,0
15446,6149,9,1,0.1
15447,6149,17,3,0
15448,6150,7,1,0
15449,6150,6,3,0
15450,6150,3,2,0
15451,6150,5,3,0.1
15452,6151,15,1,0.2
15453,6151,20,1,0
15454,6151,7,1,0.2
15455,6151,13,3,0
15456,6152,18,3,0.15
15457,6153,6,1,0
15458,6153,5,3,0
15459,6153,24,2,0.1
15460,6153,12,3,0
15461,6154,15,3,0.1
15462,6154,19,3,0.15
15463,6154,9,3,0
15464,6154,4,1,0
15465,6155,22,1,0.2
15466,6155,9,1,0.1
15467,6155,14,3,0.15
15468,6155,19,2,0.1
15469,6156,11,2,0
15470,6156,5,1,0
15471,6157,23,1,0.15
15472,6157,14,1,0
15473,6158,11,3,0.15
15474,6158,17,2,0
15475,6158,15,3,0.1
15476,6158,8,3,0
15477,6159,13,3,0
15478,6159,23,3,0.2
15479,6160,13,1,0.1
15480,6161,22,1,0
15481,6162,1,3,0.1
15482,6163,17,1,0
15483,6163,18,1,0.2
15484,6163,3,1,0
15485,6164,7,2,0.2
15486,6164,20,3,0
15487,6165,4,1,0.15
15488,6166,9,2,0.15
15489,6166,10,3,0
15490,6166,23,3,0.2
15491,6166,23,2,0.2
15492,6167,10,3,0.1
15493,6167,10,3,0
15494,6168,11,3,0.15
15495,6168,11,3,0
15496,6169,13,3,0.2
15497,6170,1,3,0
15498,6171,19,3,0
15499,6172,3,1,0.1
15500,6173,23,1,0.2
15501,6173,12,2,0.2
15502,6174,21,3,0.2
15503,6175,1,3,0.2
15504,6175,20,2,0.2
15505,6175,2,2,0.15
15506,6175,5,1,0
15507,6176,3,3,0
15508,6176,4,3,0.2
15509,6176,21,3,0.15
15510,6176,16,3,0
15511,6177,15,3,0.15
15512,6178,9,2,0
15513,6178,22,2,0
15514,6178,5,3,0
15515,6179,23,2,0
15516,6179,19,3,0
15517,6179,16,1,0
15518,6180,15,1,0.1
15519,6180,7,2,0
15520,6180,4,2,0
15521,6181,24,2,0
15522,6181,7,2,0
15523,6182,15,1,0.15
15524,6182,4,2,0.1
15525,6183,1,1,0.2
15526,6183,13,1,0.2
15527,6183,11,2,0.15
15528,6184,11,1,0.15
15529,6184,19,1,0
15530,6184,2,2,0
15531,6185,16,1,0.15
15532,6185,7,1,0
15533,6185,18,2,0.15
15534,6185,5,2,0
15535,6186,3,2,0
15536,6187,21,3,0
15537,6187,13,1,0.1
15538,6188,9,2,0
15539,6188,8,2,0
15540,6189,17,1,0.1
15541,6189,8,2,0.1
15542,6189,2,2,0
15543,6189,10,2,0
15544,6190,17,2,0
15545,6190,2,2,0.2
15546,6190,11,1,0.1
15547,6190,16,1,0.15
15548,6191,6,1,0
15549,6191,19,1,0.15
15550,6191,20,3,0.1
15551,6192,23,2,0.2
15552,6192,1,1,0.15
15553,6192,16,2,0.15
15554,6192,19,3,0
15555,6193,3,3,0.15
15556,6193,15,3,0.15
15557,6194,21,2,0.2
15558,6194,12,1,0
15559,6194,12,1,0.1
15560,6194,10,3,0.1
15561,6195,16,1,0.2
15562,6195,20,2,0.1
15563,6195,4,2,0
15564,6195,22,3,0.15
15565,6196,21,2,0
15566,6197,15,2,0
15567,6197,21,1,0
15568,6197,8,1,0.2
15569,6198,10,3,0
15570,6198,14,2,0.15
15571,6199,11,1,0.15
15572,6200,7,1,0
15573,6201,6,3,0
15574,6201,21,2,0
15575,6201,20,2,0
15576,6201,3,2,0
15577,6202,13,1,0
15578,6202,9,1,0
15579,6203,14,1,0
15580,6203,9,3,0
15581,6204,15,1,0
15582,6204,19,2,0.1
15583,6204,23,3,0.15
15584,6205,2,2,0.1
15585,6205,3,2,0
15586,6205,16,1,0
15587,6206,4,1,0.15
15588,6206,11,2,0
15589,6206,24,1,0.1
15590,6206,19,1,0.1
15591,6207,7,1,0
15592,6208,9,2,0.2
15593,6208,13,3,0
15594,6208,11,1,0.2
15595,6208,13,1,0
15596,6209,23,1,0
15597,6209,19,1,0.1
15598,6209,7,1,0.15
15599,6209,7,1,0.15
15600,6210,5,3,0
15601,6210,1,1,0.15
15602,6211,18,2,0.15
15603,6212,14,3,0.15
15604,6213,23,3,0.15
15605,6214,6,1,0
15606,6215,7,3,0.1
15607,6215,7,3,0.1
15608,6215,11,2,0.1
15609,6215,21,2,0.1
15610,6216,19,2,0.15
15611,6217,1,3,0
15612,6217,10,2,0
15613,6217,24,2,0.1
15614,6218,18,2,0.15
15615,6218,22,1,0.1
15616,6218,12,3,0
15617,6219,17,2,0
15618,6219,12,1,0
15619,6219,15,1,0.2
15620,6219,22,2,0.15
15621,6220,7,1,0.15
15622,6221,1,3,0
15623,6222,3,3,0
15624,6222,7,3,0
15625,6223,17,2,0
15626,6223,23,2,0
15627,6223,9,3,0.2
15628,6224,21,2,0.15
15629,6224,21,1,0
15630,6224,24,3,0
15631,6224,16,1,0.2
15632,6225,10,2,0.1
15633,6226,5,2,0
15634,6226,13,2,0.15
15635,6227,21,1,0
15636,6227,23,3,0.15
15637,6227,15,3,0
15638,6227,8,3,0.15
15639,6228,13,2,0.1
15640,6229,8,1,0
15641,6229,10,2,0.15
15642,6229,14,3,0.1
15643,6230,2,3,0
15644,6231,7,2,0
15645,6231,20,1,0.1
15646,6231,17,2,0.1
15647,6231,3,3,0
15648,6232,4,2,0
15649,6232,12,1,0.2
15650,6232,8,2,0
15651,6233,23,3,0.15
15652,6234,18,2,0
15653,6234,12,3,0
15654,6234,10,2,0
15655,6234,9,1,0.15
15656,6235,14,1,0
15657,6235,14,2,0
15658,6235,5,2,0
15659,6236,5,3,0.15
15660,6236,17,1,0
15661,6236,3,2,0.2
15662,6237,14,3,0.1
15663,6237,23,1,0
15664,6237,14,3,0.2
15665,6237,7,1,0.2
15666,6238,11,2,0.15
15667,6238,15,2,0.2
15668,6239,1,1,0.1
15669,6240,5,2,0
15670,6240,3,1,0
15671,6240,11,3,0
15672,6240,16,3,0.15
15673,6241,21,1,0
15674,6241,23,1,0
15675,6241,20,3,0
15676,6242,15,3,0.15
15677,6242,10,2,0.1
15678,6242,22,2,0
15679,6242,20,1,0.2
15680,6243,2,1,0
15681,6243,18,1,0.1
15682,6243,8,2,0.15
15683,6244,20,3,0
15684,6245,3,1,0.15
15685,6245,13,2,0.15
15686,6245,9,2,0.15
15687,6245,8,3,0.2
15688,6246,15,3,0
15689,6246,23,2,0.15
15690,6247,19,1,0.2
15691,6247,7,1,0.2
15692,6247,1,2,0
15693,6247,4,1,0.15
15694,6248,24,2,0.2
15695,6249,2,1,0.15
15696,6249,22,1,0
15697,6249,1,3,0.1
15698,6249,7,2,0
15699,6250,23,1,0
15700,6250,15,3,0.2
15701,6250,3,1,0
15702,6251,10,3,0.2
15703,6251,18,2,0.2
15704,6252,4,2,0.1
15705,6252,16,3,0.1
15706,6252,22,3,0.2
15707,6253,14,1,0
15708,6253,23,3,0.15
15709,6253,19,2,0.1
15710,6253,6,1,0
15711,6254,17,3,0
15712,6254,16,2,0
15713,6254,2,3,0.2
15714,6254,6,1,0
15715,6255,18,3,0.2
15716,6256,17,3,0.1
15717,6256,17,2,0.15
15718,6257,9,2,0.15
15719,6257,18,2,0
15720,6258,8,1,0
15721,6259,5,3,0
15722,6259,12,3,0
15723,6259,9,1,0.1
15724,6260,23,2,0.2
15725,6261,11,1,0.2
15726,6261,6,3,0
15727,6261,23,3,0.15
15728,6262,24,2,0.15
15729,6263,20,3,0.15
15730,6263,15,1,0
15731,6263,17,3,0
15732,6264,16,2,0
15733,6264,13,2,0
15734,6264,5,1,0.15
15735,6264,17,3,0.15
15736,6265,20,2,0.15
15737,6265,18,2,0.15
15738,6265,20,3,0.1
15739,6265,6,2,0
15740,6266,14,3,0.1
15741,6266,11,1,0
15742,6267,15,1,0
15743,6267,22,3,0.2
15744,6268,7,1,0
15745,6268,24,2,0
15746,6268,7,3,0.2
15747,6268,1,3,0
15748,6269,12,1,0
15749,6269,24,2,0.1
15750,6270,4,2,0.2
15751,6270,7,2,0
15752,6270,21,2,0.15
15753,6270,9,3,0
15754,6271,4,1,0
15755,6271,8,1,0.2
15756,6271,5,1,0.2
15757,6272,17,1,0.1
15758,6272,2,1,0
15759,6272,9,2,0
15760,6272,2,1,0
15761,6273,8,1,0
15762,6273,6,3,0.1
15763,6274,11,1,0.1
15764,6274,21,2,0.2
15765,6274,20,2,0.1
15766,6275,7,2,0.1
15767,6275,13,1,0.1
15768,6276,14,2,0.1
15769,6277,18,3,0
15770,6277,8,1,0.15
15771,6277,7,3,0.1
15772,6277,24,3,0
15773,6278,15,1,0.2
15774,6278,20,2,0
15775,6279,4,2,0.15
15776,6279,17,2,0.2
15777,6279,4,1,0.15
15778,6279,24,1,0.2
15779,6280,10,3,0
15780,6280,20,1,0.15
15781,6281,13,1,0
15782,6281,23,2,0
15783,6281,12,3,0.2
15784,6282,3,1,0.2
15785,6282,10,1,0
15786,6283,20,3,0
15787,6283,20,3,0.1
15788,6283,8,1,0
15789,6284,14,3,0.15
15790,6284,1,3,0.1
15791,6284,8,3,0
15792,6285,12,3,0.2
15793,6285,22,2,0.1
15794,6285,1,1,0.2
15795,6286,7,3,0.2
15796,6286,17,3,0.2
15797,6286,15,2,0.2
15798,6287,9,1,0
15799,6287,20,1,0.15
15800,6287,13,2,0.2
15801,6287,1,1,0.15
15802,6288,19,1,0
15803,6288,6,3,0.2
15804,6289,21,1,0.1
15805,6289,13,3,0
15806,6289,5,1,0
15807,6289,4,1,0.15
15808,6290,4,1,0.2
15809,6290,12,1,0.15
15810,6291,19,3,0
15811,6291,7,2,0
15812,6292,18,3,0
15813,6292,11,3,0.2
15814,6293,16,3,0.1
15815,6293,23,1,0.2
15816,6293,2,1,0
15817,6293,12,3,0.15
15818,6294,2,1,0
15819,6295,5,3,0
15820,6295,4,3,0
15821,6295,2,2,0.1
15822,6296,24,1,0
15823,6296,16,1,0.2
15824,6297,20,3,0.2
15825,6297,2,2,0.2
15826,6298,2,1,0.2
15827,6298,5,3,0.1
15828,6298,9,1,0.2
15829,6298,4,1,0.15
15830,6299,9,1,0
15831,6299,20,3,0.2
15832,6299,11,2,0.1
15833,6299,14,2,0
15834,6300,15,3,0
15835,6300,6,1,0.2
15836,6300,22,1,0.2
15837,6301,13,1,0.2
15838,6301,5,3,0.2
15839,6301,5,2,0
15840,6301,14,3,0
15841,6302,4,1,0.2
15842,6302,3,1,0
15843,6302,7,2,0.15
15844,6302,5,3,0
15845,6303,20,3,0
15846,6303,24,3,0
15847,6304,4,3,0
15848,6304,10,1,0
15849,6304,8,3,0
15850,6305,8,2,0.2
15851,6305,24,3,0
15852,6306,24,1,0
15853,6306,9,3,0.2
15854,6306,24,2,0
15855,6306,17,2,0.15
15856,6307,23,1,0
15857,6307,3,1,0
15858,6308,16,1,0.2
15859,6309,23,3,0.2
15860,6310,15,3,0.1
15861,6311,14,2,0
15862,6311,6,1,0.2
15863,6311,21,1,0
15864,6312,2,1,0
15865,6312,5,1,0.1
15866,6313,19,2,0.15
15867,6313,20,2,0.15
15868,6314,23,2,0
15869,6314,4,1,0.1
15870,6314,14,1,0
15871,6315,17,1,0
15872,6315,8,1,0.1
15873,6316,19,3,0
15874,6316,7,2,0.2
15875,6316,9,2,0.15
15876,6317,16,3,0
15877,6317,18,2,0.2
15878,6317,18,1,0.1
15879,6318,20,2,0.2
15880,6319,16,2,0.1
15881,6320,8,1,0.15
15882,6320,18,2,0
15883,6321,15,3,0
15884,6322,14,3,0.1
15885,6322,2,1,0
15886,6322,14,3,0
15887,6323,11,2,0.1
15888,6323,18,1,0.1
15889,6323,19,2,0.1
15890,6324,22,2,0.1
15891,6324,10,2,0
15892,6324,21,1,0
15893,6325,20,1,0
15894,6326,5,3,0
15895,6326,24,1,0.1
15896,6326,23,3,0.1
15897,6326,9,3,0.1
15898,6327,19,2,0
15899,6327,9,3,0
15900,6328,3,1,0.15
15901,6328,4,2,0.15
15902,6329,19,3,0.1
15903,6329,8,2,0.2
15904,6329,9,1,0.1
15905,6329,23,1,0.2
15906,6330,16,3,0.15
15907,6330,5,3,0
15908,6330,6,3,0.1
15909,6331,15,3,0
15910,6332,24,3,0.15
15911,6332,18,3,0.2
15912,6333,12,1,0
15913,6333,16,2,0.2
15914,6333,15,2,0
15915,6334,15,1,0.15
15916,6334,3,3,0.2
15917,6335,14,2,0.2
15918,6335,11,3,0.15
15919,6335,1,2,0
15920,6335,9,3,0.2
15921,6336,3,1,0
15922,6336,21,3,0
15923,6336,19,3,0
15924,6337,5,1,0
15925,6337,3,2,0.15
15926,6337,4,2,0.2
15927,6337,22,1,0
15928,6338,24,2,0
15929,6338,14,1,0.1
15930,6338,1,1,0.15
15931,6339,2,1,0.15
15932,6339,9,2,0
15933,6340,14,1,0
15934,6340,5,2,0
15935,6341,12,2,0
15936,6341,7,1,0.15
15937,6341,20,2,0
15938,6341,22,1,0.2
15939,6342,12,2,0
15940,6342,15,3,0
15941,6342,16,1,0
15942,6342,10,1,0.2
15943,6343,11,2,0
15944,6343,18,2,0.1
15945,6344,16,3,0.1
15946,6344,23,3,0
15947,6345,21,2,0.15
15948,6345,9,1,0.1
15949,6346,18,1,0
15950,6347,19,3,0.2
15951,6347,21,3,0
15952,6347,16,2,0.2
15953,6348,5,2,0.15
15954,6348,18,2,0
15955,6348,11,3,0.15
15956,6348,5,1,0
15957,6349,8,2,0
15958,6349,22,3,0
15959,6350,20,3,0.15
15960,6350,12,1,0.1
15961,6350,14,3,0.15
15962,6350,22,1,0
15963,6351,21,1,0
15964,6351,6,3,0
15965,6351,24,2,0.1
15966,6352,3,3,0
15967,6352,13,3,0
15968,6353,3,2,0
15969,6353,10,3,0
15970,6354,16,1,0.15
15971,6354,5,3,0
15972,6354,4,1,0
15973,6354,19,2,0
15974,6355,2,1,0
15975,6356,5,3,0.15
15976,6356,1,3,0
15977,6357,12,1,0
15978,6357,13,1,0.2
15979,6357,5,3,0
15980,6357,9,2,0
15981,6358,23,2,0
15982,6358,2,2,0.1
15983,6358,14,1,0
15984,6358,13,3,0
15985,6359,19,1,0.15
15986,6359,3,1,0
15987,6359,20,3,0.2
15988,6359,23,3,0.2
15989,6360,24,1,0.15
15990,6360,11,1,0.1
15991,6360,7,3,0.1
15992,6360,16,2,0
15993,6361,9,2,0
15994,6362,7,3,0
15995,6362,15,1,0.15
15996,6362,1,3,0.2
15997,6363,14,3,0
15998,6363,22,3,0
15999,6364,4,3,0
16000,6364,11,2,0
16001,6364,20,2,0.15
16002,6364,23,2,0
16003,6365,8,2,0.15
16004,6365,11,2,0
16005,6366,15,1,0
16006,6366,16,3,0.15
16007,6366,20,1,0.2
16008,6367,13,1,0
16009,6367,17,3,0.2
16010,6367,17,3,0.15
16011,6367,6,3,0
16012,6368,23,3,0
16013,6369,14,2,0.15
16014,6369,19,1,0.15
16015,6370,18,3,0.2
16016,6370,23,3,0
16017,6370,18,1,0.15
16018,6371,15,1,0.15
16019,6371,11,1,0.2
16020,6372,8,2,0.15
16021,6372,2,3,0
16022,6372,12,3,0.1
16023,6372,19,1,0.1
16024,6373,20,3,0
16025,6373,3,3,0.1
16026,6374,3,3,0.15
16027,6375,11,1,0
16028,6375,2,2,0.2
16029,6375,13,2,0.2
16030,6375,11,3,0
16031,6376,23,1,0
16032,6376,17,3,0
16033,6376,10,3,0
16034,6377,5,2,0.15
16035,6377,4,2,0
16036,6378,23,2,0.15
16037,6378,21,3,0
16038,6378,12,1,0
16039,6378,9,3,0.15
16040,6379,15,3,0.2
16041,6379,10,1,0
16042,6379,1,2,0.2
16043,6379,17,2,0.15
16044,6380,4,1,0
16045,6380,21,3,0.2
16046,6380,8,3,0.1
16047,6381,6,3,0
16048,6381,23,2,0
16049,6381,6,3,0
16050,6381,14,3,0
16051,6382,11,2,0
16052,6382,13,3,0.1
16053,6383,10,1,0.1
16054,6383,19,1,0
16055,6383,22,2,0
16056,6384,6,2,0.2
16057,6384,22,1,0
16058,6385,15,3,0
16059,6385,6,3,0
16060,6385,24,2,0.15
16061,6386,11,1,0
16062,6386,4,1,0
16063,6386,6,1,0
16064,6387,4,3,0.15
16065,6387,9,1,0
16066,6387,24,1,0.1
16067,6387,4,1,0.1
16068,6388,2,1,0.1
16069,6389,4,3,0.15
16070,6389,6,2,0
16071,6390,12,1,0.15
16072,6390,8,3,0.2
16073,6390,6,2,0.1
16074,6391,6,3,0
16075,6391,1,3,0
16076,6392,3,2,0
16077,6393,4,2,0
16078,6393,20,2,0
16079,6394,17,3,0
16080,6395,7,1,0.1
16081,6395,6,2,0.15
16082,6395,5,1,0
16083,6396,16,3,0
16084,6396,19,1,0
16085,6396,3,1,0
16086,6396,17,2,0
16087,6397,10,1,0.15
16088,6397,13,1,0.15
16089,6397,19,1,0.1
16090,6398,9,3,0.15
16091,6398,7,3,0.2
16092,6399,19,3,0
16093,6399,4,3,0.2
16094,6399,4,1,0
16095,6399,1,2,0.15
16096,6400,17,1,0
16097,6400,17,1,0.2
16098,6400,15,2,0.2
16099,6401,19,1,0.15
16100,6401,1,3,0
16101,6401,10,3,0.1
16102,6401,6,1,0
16103,6402,15,1,0.1
16104,6402,21,3,0
16105,6402,4,1,0
16106,6403,7,3,0
16107,6403,14,2,0
16108,6404,24,2,0
16109,6404,10,1,0
16110,6404,8,2,0.1
16111,6405,11,1,0.2
16112,6406,1,2,0
16113,6406,19,3,0
16114,6406,16,1,0
16115,6407,17,2,0.15
16116,6408,3,3,0.15
16117,6408,14,2,0.1
16118,6408,15,1,0.15
16119,6409,22,3,0.15
16120,6409,2,3,0
16121,6409,4,3,0
16122,6410,11,1,0
16123,6411,7,2,0
16124,6411,10,1,0.2
16125,6411,23,1,0
16126,6411,12,3,0
16127,6412,19,2,0
16128,6412,5,3,0
16129,6412,24,1,0
16130,6413,4,3,0
16131,6414,7,2,0.15
16132,6414,23,2,0.15
16133,6414,22,2,0
16134,6415,21,1,0.1
16135,6415,7,1,0
16136,6415,11,3,0
16137,6416,15,2,0.15
16138,6416,23,1,0.1
16139,6416,21,3,0.2
16140,6416,24,1,0.2
16141,6417,3,2,0
16142,6418,15,2,0.15
16143,6418,10,1,0.1
16144,6418,11,3,0.1
16145,6418,20,3,0
16146,6419,4,3,0
16147,6419,3,2,0
16148,6419,8,1,0.2
16149,6419,18,1,0.15
16150,6420,13,1,0.2
16151,6420,21,1,0.2
16152,6421,15,3,0.15
16153,6422,21,3,0.1
16154,6422,8,2,0.15
16155,6423,24,1,0
16156,6423,4,2,0.2
16157,6423,9,2,0
16158,6423,18,3,0.15
16159,6424,10,1,0
16160,6424,17,1,0
16161,6424,3,2,0
16162,6424,8,1,0
16163,6425,17,1,0
16164,6426,6,2,0
16165,6427,10,2,0.2
16166,6427,19,2,0.15
16167,6427,12,3,0
16168,6428,11,2,0
16169,6428,11,1,0
16170,6428,17,3,0
16171,6428,18,3,0
16172,6429,8,2,0.15
16173,6429,16,1,0.15
16174,6429,8,1,0.15
16175,6429,11,1,0.1
16176,6430,20,3,0.15
16177,6431,14,1,0.15
16178,6431,24,3,0.15
16179,6431,23,3,0
16180,6431,6,2,0
16181,6432,5,2,0
16182,6432,11,3,0
16183,6432,9,3,0
16184,6433,18,2,0
16185,6433,20,3,0.1
16186,6433,17,1,0
16187,6434,9,2,0
16188,6434,16,1,0
16189,6435,8,3,0
16190,6435,12,3,0.2
16191,6435,13,1,0.2
16192,6435,19,1,0.15
16193,6436,18,2,0.15
16194,6436,16,2,0
16195,6436,13,1,0
16196,6437,17,1,0
16197,6437,17,3,0
16198,6437,18,1,0
16199,6437,11,2,0
16200,6438,5,1,0
16201,6438,20,1,0.2
16202,6438,23,3,0.15
16203,6439,5,3,0
16204,6439,16,1,0.1
16205,6439,24,3,0.1
16206,6440,18,3,0.2
16207,6440,23,1,0
16208,6440,15,3,0.2
16209,6441,19,1,0.1
16210,6441,11,2,0
16211,6441,9,3,0.2
16212,6442,8,3,0.15
16213,6442,7,3,0.15
16214,6442,4,3,0
16215,6442,5,3,0
16216,6443,8,3,0.15
16217,6444,14,1,0
16218,6445,9,1,0
16219,6445,23,3,0.15
16220,6445,1,1,0
16221,6446,10,2,0.1
16222,6446,5,3,0.2
16223,6446,5,2,0.1
16224,6446,21,2,0
16225,6447,24,2,0
16226,6447,4,3,0.15
16227,6448,1,2,0.15
16228,6448,11,3,0
16229,6448,20,1,0.15
16230,6448,19,2,0.15
16231,6449,4,3,0.1
16232,6449,19,2,0.2
16233,6449,3,3,0.1
16234,6449,17,2,0.2
16235,6450,3,3,0
16236,6451,21,2,0.15
16237,6451,9,3,0.1
16238,6451,24,3,0
16239,6451,13,3,0
16240,6452,23,2,0.1
16241,6452,21,1,0
16242,6453,16,1,0.2
16243,6453,1,2,0
16244,6453,5,1,0
16245,6454,11,2,0
16246,6454,14,2,0.1
16247,6454,13,2,0
16248,6454,5,1,0.15
16249,6455,2,2,0
16250,6455,16,1,0
16251,6455,17,1,0
16252,6456,22,1,0.15
16253,6456,24,1,0.2
16254,6457,7,2,0.2
16255,6457,3,3,0
16256,6457,11,1,0.15
16257,6458,17,2,0.15
16258,6458,18,3,0.2
16259,6458,7,3,0.15
16260,6458,24,1,0.2
16261,6459,13,1,0.2
16262,6459,9,2,0
16263,6459,6,1,0.2
16264,6460,7,3,0.2
16265,6460,8,3,0.1
16266,6460,24,3,0.1
16267,6461,20,3,0
16268,6462,18,3,0.1
16269,6463,3,2,0.2
16270,6463,10,3,0
16271,6463,9,2,0
16272,6464,24,2,0.1
16273,6464,1,2,0.15
16274,6465,5,1,0.2
16275,6465,14,1,0
16276,6465,16,2,0
16277,6466,5,2,0
16278,6467,22,2,0
16279,6467,7,1,0
16280,6467,9,2,0.15
16281,6467,7,3,0.2
16282,6468,16,1,0.15
16283,6468,7,3,0
16284,6468,21,2,0
16285,6468,14,1,0
16286,6469,24,1,0.2
16287,6469,9,2,0.2
16288,6469,9,3,0
16289,6470,11,3,0
16290,6470,3,1,0.15
16291,6470,4,1,0
16292,6470,17,2,0
16293,6471,10,3,0
16294,6472,7,2,0
16295,6472,13,1,0.2
16296,6473,12,3,0
16297,6473,13,3,0.2
16298,6474,22,2,0
16299,6474,13,1,0.2
16300,6475,14,1,0
16301,6475,16,2,0.15
16302,6475,12,1,0.15
16303,6475,15,2,0.1
16304,6476,21,2,0
16305,6476,10,1,0
16306,6476,3,3,0
16307,6476,11,2,0.1
16308,6477,15,3,0
16309,6478,10,3,0
16310,6479,11,1,0.1
16311,6479,18,2,0
16312,6480,11,1,0
16313,6480,1,2,0.1
16314,6481,15,3,0
16315,6481,9,2,0.15
16316,6482,19,3,0
16317,6482,18,2,0
16318,6482,18,3,0.1
16319,6483,23,1,0.15
16320,6483,3,1,0.15
16321,6483,9,2,0
16322,6483,16,2,0.2
16323,6484,5,2,0.1
16324,6485,18,1,0.1
16325,6485,14,2,0
16326,6485,3,2,0
16327,6485,18,3,0
16328,6486,1,3,0
16329,6486,18,2,0.2
16330,6487,21,1,0.1
16331,6487,21,3,0.1
16332,6488,21,1,0
16333,6488,3,1,0.15
16334,6488,14,3,0
16335,6488,22,1,0.2
16336,6489,6,2,0
16337,6489,23,3,0
16338,6489,8,3,0.15
16339,6490,6,1,0.1
16340,6490,2,3,0
16341,6491,24,3,0
16342,6491,9,2,0.15
16343,6491,21,3,0
16344,6491,3,1,0.1
16345,6492,2,2,0.2
16346,6492,8,1,0.1
16347,6492,17,2,0.1
16348,6492,15,3,0
16349,6493,18,1,0.2
16350,6494,6,1,0
16351,6494,15,3,0
16352,6495,13,2,0
16353,6495,7,1,0.1
16354,6495,15,2,0
16355,6495,20,3,0
16356,6496,14,3,0.2
16357,6496,5,2,0
16358,6496,6,2,0.2
16359,6497,21,2,0
16360,6497,14,3,0.2
16361,6497,15,2,0
16362,6498,12,2,0
16363,6498,21,3,0.2
16364,6498,2,1,0
16365,6499,14,2,0
16366,6499,11,3,0.1
16367,6499,7,2,0
16368,6500,4,3,0.15
16369,6500,4,2,0
16370,6500,4,2,0
16371,6500,2,3,0
16372,6501,18,1,0.1
16373,6502,4,3,0
16374,6502,16,1,0.15
16375,6502,18,3,0.1
16376,6502,23,1,0
16377,6503,10,1,0
16378,6503,9,1,0
16379,6504,8,3,0
16380,6505,8,2,0.15
16381,6506,9,3,0
16382,6506,15,2,0
16383,6507,9,3,0.15
16384,6507,11,1,0
16385,6507,4,1,0
16386,6508,22,1,0
16387,6508,2,2,0.15
16388,6509,8,1,0.1
16389,6509,11,3,0
16390,6509,9,3,0.1
16391,6509,11,2,0.2
16392,6510,18,2,0.2
16393,6510,23,3,0.15
16394,6510,19,2,0
16395,6510,6,1,0.15
16396,6511,22,2,0.2
16397,6511,5,1,0
16398,6511,10,1,0.2
16399,6511,15,2,0
16400,6512,16,2,0
16401,6512,8,2,0
16402,6512,4,1,0
16403,6512,16,1,0.2
16404,6513,5,2,0.1
16405,6514,23,2,0.2
16406,6515,9,2,0
16407,6515,2,1,0.2
16408,6515,9,3,0.15
16409,6515,21,1,0
16410,6516,4,3,0
16411,6516,11,3,0.2
16412,6517,14,2,0.15
16413,6518,1,3,0.1
16414,6518,19,2,0.15
16415,6518,24,3,0.1
16416,6518,19,3,0.2
16417,6519,23,1,0.15
16418,6519,6,2,0
16419,6520,9,1,0
16420,6520,13,3,0.1
16421,6520,23,1,0
16422,6521,9,1,0.2
16423,6521,14,2,0.2
16424,6522,9,1,0.1
16425,6522,9,2,0
16426,6522,15,3,0.15
16427,6522,23,2,0.1
16428,6523,7,2,0
16429,6524,13,2,0.1
16430,6524,22,2,0.15
16431,6524,8,1,0
16432,6524,22,3,0.2
16433,6525,5,3,0.1
16434,6525,9,3,0.2
16435,6525,20,3,0
16436,6526,4,3,0
16437,6526,7,3,0
16438,6526,11,2,0
16439,6526,10,1,0
16440,6527,11,2,0.2
16441,6527,18,1,0.15
16442,6528,20,2,0.1
16443,6528,22,1,0.15
16444,6528,18,2,0
16445,6528,14,1,0
16446,6529,7,2,0.15
16447,6529,8,3,0.15
16448,6529,11,1,0
16449,6530,7,1,0.15
16450,6530,2,1,0.15
16451,6530,18,3,0.2
16452,6530,13,1,0
16453,6531,20,1,0.1
16454,6531,7,2,0
16455,6531,3,1,0
16456,6532,17,3,0.1
16457,6532,7,1,0
16458,6532,20,1,0
16459,6533,8,2,0.15
16460,6533,6,1,0
16461,6534,23,1,0
16462,6534,3,2,0.2
16463,6534,6,3,0
16464,6535,24,1,0
16465,6535,20,2,0.2
16466,6535,20,1,0
16467,6535,4,1,0.15
16468,6536,24,3,0.15
16469,6537,5,3,0.1
16470,6537,22,1,0
16471,6537,19,3,0
16472,6538,16,2,0.1
16473,6538,4,3,0.15
16474,6539,21,2,0
16475,6539,1,3,0
16476,6540,24,1,0.15
16477,6541,2,2,0
16478,6541,7,1,0
16479,6541,15,2,0.1
16480,6542,10,2,0
16481,6542,20,3,0
16482,6542,11,3,0.2
16483,6542,12,1,0
16484,6543,9,2,0
16485,6543,3,3,0.15
16486,6543,10,2,0
16487,6543,21,3,0
16488,6544,7,2,0
16489,6545,9,1,0.2
16490,6545,5,2,0
16491,6545,6,3,0.2
16492,6546,7,2,0
16493,6546,19,2,0
16494,6546,14,1,0
16495,6546,21,3,0.2
16496,6547,15,3,0.1
16497,6547,9,3,0
16498,6548,19,2,0
16499,6549,21,3,0
16500,6549,9,2,0.15
16501,6550,10,1,0
16502,6550,19,1,0
16503,6550,16,1,0.15
16504,6550,9,3,0.15
16505,6551,22,2,0.15
16506,6552,2,2,0.15
16507,6552,2,3,0.1
16508,6552,21,1,0
16509,6552,3,3,0.15
16510,6553,5,1,0.15
16511,6554,10,2,0
16512,6554,5,3,0.15
16513,6554,22,3,0
16514,6554,14,3,0
16515,6555,17,1,0
16516,6555,8,3,0
16517,6555,20,3,0.15
16518,6556,19,2,0.1
16519,6556,11,1,0
16520,6556,10,2,0
16521,6556,21,3,0
16522,6557,15,3,0.15
16523,6558,23,2,0.2
16524,6558,8,3,0.15
16525,6559,8,2,0.1
16526,6559,10,2,0.2
16527,6559,13,3,0
16528,6560,3,1,0.2
16529,6560,12,3,0.2
16530,6560,7,2,0.15
16531,6561,2,1,0
16532,6561,10,1,0
16533,6561,3,3,0.15
16534,6561,14,3,0.15
16535,6562,16,2,0.15
16536,6563,21,3,0
16537,6563,24,3,0
16538,6563,18,1,0
16539,6564,11,1,0
16540,6564,14,2,0
16541,6565,11,3,0.1
16542,6566,24,2,0.1
16543,6566,18,1,0
16544,6566,18,3,0.15
16545,6566,4,1,0
16546,6567,1,1,0
16547,6568,5,1,0.2
16548,6568,24,1,0.15
16549,6568,6,1,0.15
16550,6568,4,2,0
16551,6569,5,3,0
16552,6569,6,3,0.15
16553,6570,14,2,0
16554,6571,10,2,0.2
16555,6571,20,3,0.2
16556,6572,15,1,0.15
16557,6572,18,1,0.15
16558,6572,12,1,0
16559,6573,20,2,0
16560,6574,18,3,0.15
16561,6574,16,1,0.15
16562,6574,15,2,0.1
16563,6574,16,2,0
16564,6575,7,2,0.1
16565,6575,22,3,0
16566,6575,3,1,0.15
16567,6576,4,2,0
16568,6577,22,3,0.15
16569,6577,14,3,0
16570,6577,21,1,0
16571,6578,16,3,0.15
16572,6578,9,1,0
16573,6578,12,3,0.1
16574,6579,17,3,0.2
16575,6579,11,2,0.1
16576,6579,16,1,0.1
16577,6579,8,2,0
16578,6580,3,1,0.15
16579,6580,15,2,0.1
16580,6581,11,1,0.1
16581,6581,2,2,0
16582,6581,22,2,0
16583,6582,19,2,0.15
16584,6582,5,2,0
16585,6583,22,3,0.1
16586,6583,21,3,0.2
16587,6584,9,2,0
16588,6585,10,3,0
16589,6585,9,1,0.1
16590,6585,10,2,0
16591,6585,4,3,0.2
16592,6586,20,2,0.15
16593,6586,8,1,0.15
16594,6586,12,2,0.2
16595,6587,13,2,0
16596,6588,24,2,0
16597,6588,20,2,0.1
16598,6588,6,1,0.2
16599,6589,9,3,0
16600,6589,24,3,0
16601,6589,6,1,0.15
16602,6589,24,2,0.2
16603,6590,19,3,0.2
16604,6590,24,2,0
16605,6591,17,2,0.2
16606,6592,6,2,0
16607,6592,8,3,0.2
16608,6592,6,2,0
16609,6592,12,1,0
16610,6593,20,3,0.2
16611,6593,15,1,0
16612,6593,21,3,0.1
16613,6594,4,3,0.15
16614,6594,11,1,0.15
16615,6594,4,3,0.2
16616,6595,7,3,0.1
16617,6595,21,3,0.1
16618,6595,11,1,0.1
16619,6595,19,1,0.15
16620,6596,12,1,0.2
16621,6596,15,2,0.2
16622,6597,11,2,0
16623,6597,21,2,0
16624,6597,21,2,0.1
16625,6597,21,3,0
16626,6598,6,3,0.2
16627,6598,8,1,0.1
16628,6598,1,3,0.15
16629,6598,23,3,0
16630,6599,19,2,0
16631,6599,12,2,0.2
16632,6600,17,2,0.15
16633,6600,17,2,0
16634,6600,24,1,0
16635,6601,14,2,0
16636,6601,24,2,0
16637,6601,22,2,0.1
16638,6602,17,1,0.2
16639,6602,1,2,0
16640,6602,3,1,0.15
16641,6603,9,3,0
16642,6603,5,3,0.15
16643,6603,16,2,0
16644,6604,4,1,0.2
16645,6604,15,1,0.2
16646,6604,8,3,0.1
16647,6604,2,3,0
16648,6605,24,1,0.2
16649,6605,24,1,0.2
16650,6605,9,1,0.1
16651,6605,12,2,0.1
16652,6606,18,3,0
16653,6606,11,2,0
16654,6606,1,2,0
16655,6606,4,2,0.2
16656,6607,7,1,0.15
16657,6607,8,3,0
16658,6608,13,2,0.1
16659,6608,24,1,0.1
16660,6608,19,3,0.15
16661,6608,19,1,0
16662,6609,17,2,0.15
16663,6609,12,1,0
16664,6610,7,1,0
16665,6611,7,3,0
16666,6611,19,3,0
16667,6611,7,1,0
16668,6612,12,1,0
16669,6613,15,2,0.15
16670,6613,8,2,0
16671,6614,12,1,0
16672,6614,14,3,0.2
16673,6614,8,3,0
16674,6614,23,3,0
16675,6615,13,1,0.2
16676,6615,3,2,0
16677,6615,21,2,0
16678,6615,15,2,0.1
16679,6616,7,2,0.1
16680,6617,20,2,0.15
16681,6617,19,2,0
16682,6617,2,1,0
16683,6617,16,3,0.1
16684,6618,14,1,0.2
16685,6618,13,3,0.15
16686,6618,5,3,0.1
16687,6618,18,3,0.2
16688,6619,18,1,0
16689,6619,17,2,0
16690,6620,12,2,0
16691,6621,14,1,0
16692,6621,16,1,0
16693,6622,8,1,0.2
16694,6622,16,2,0.1
16695,6622,6,2,0
16696,6622,4,3,0
16697,6623,4,2,0
16698,6623,24,3,0.1
16699,6623,2,1,0
16700,6624,18,1,0
16701,6624,13,3,0
16702,6624,16,2,0
16703,6625,13,2,0.2
16704,6625,3,2,0
16705,6625,15,1,0.15
16706,6625,20,1,0.15
16707,6626,12,3,0
16708,6626,15,2,0.2
16709,6626,7,3,0.15
16710,6627,23,1,0
16711,6627,19,2,0.1
16712,6627,7,3,0.2
16713,6628,5,3,0
16714,6628,3,2,0.2
16715,6629,14,1,0.1
16716,6629,12,3,0.1
16717,6629,7,1,0.2
16718,6629,7,2,0.2
16719,6630,24,1,0
16720,6630,21,3,0.1
16721,6630,13,2,0
16722,6630,7,3,0
16723,6631,3,2,0.2
16724,6631,24,1,0
16725,6631,9,2,0
16726,6632,22,2,0
16727,6632,5,1,0.15
16728,6632,13,1,0
16729,6632,15,2,0.1
16730,6633,1,1,0.2
16731,6633,2,1,0.15
16732,6633,17,3,0
16733,6633,15,3,0
16734,6634,17,1,0.2
16735,6635,19,3,0.1
16736,6636,2,2,0
16737,6636,1,3,0.15
16738,6636,22,3,0.15
16739,6636,16,2,0.1
16740,6637,4,2,0.15
16741,6637,17,3,0.1
16742,6637,6,1,0
16743,6638,22,2,0.15
16744,6639,13,2,0
16745,6639,24,2,0.1
16746,6640,15,3,0.2
16747,6641,21,3,0
16748,6642,3,2,0.15
16749,6642,23,3,0
16750,6642,15,2,0.2
16751,6642,7,3,0
16752,6643,1,3,0.2
16753,6643,6,2,0.15
16754,6644,11,1,0.1
16755,6644,24,1,0.15
16756,6645,24,3,0.1
16757,6645,20,2,0.1
16758,6646,3,1,0.15
16759,6647,2,3,0.1
16760,6647,21,1,0
16761,6648,24,3,0.15
16762,6649,20,3,0.2
16763,6649,18,2,0
16764,6649,20,2,0
16765,6649,5,3,0
16766,6650,23,3,0.1
16767,6650,15,2,0.15
16768,6650,20,2,0.15
16769,6651,24,1,0.2
16770,6651,17,2,0.15
16771,6652,4,2,0.2
16772,6653,22,2,0
16773,6653,3,3,0.15
16774,6654,14,2,0.15
16775,6654,11,2,0
16776,6655,7,2,0.2
16777,6655,15,1,0
16778,6655,15,3,0.15
16779,6656,17,2,0
16780,6656,13,1,0.2
16781,6657,22,3,0
16782,6657,9,2,0.15
16783,6658,15,2,0.15
16784,6658,22,1,0
16785,6658,11,3,0.1
16786,6659,20,1,0
16787,6660,8,3,0.2
16788,6661,5,2,0.2
16789,6662,18,2,0.1
16790,6662,22,1,0
16791,6662,9,2,0.15
16792,6663,14,3,0
16793,6663,14,2,0
16794,6664,17,2,0
16795,6664,1,2,0
16796,6665,9,2,0
16797,6665,6,1,0
16798,6665,20,2,0.15
16799,6665,2,2,0
16800,6666,10,1,0.1
16801,6666,18,1,0.2
16802,6666,14,3,0
16803,6667,18,3,0
16804,6667,18,3,0.2
16805,6667,11,1,0
16806,6668,16,2,0.1
16807,6668,13,1,0
16808,6668,10,2,0
16809,6669,7,1,0
16810,6669,11,3,0
16811,6669,17,3,0
16812,6670,16,3,0.15
16813,6671,24,1,0
16814,6671,13,3,0.2
16815,6671,5,3,0.1
16816,6672,9,3,0
16817,6672,6,3,0.15
16818,6672,13,2,0
16819,6672,11,2,0
16820,6673,10,2,0.2
16821,6673,6,3,0.2
16822,6674,16,2,0.2
16823,6674,12,1,0
16824,6675,11,3,0.1
16825,6675,6,1,0.1
16826,6676,6,1,0
16827,6677,16,1,0.1
16828,6677,9,3,0.15
16829,6677,16,2,0
16830,6677,21,3,0
16831,6678,5,1,0.15
16832,6678,20,3,0
16833,6678,21,2,0.2
16834,6679,9,1,0
16835,6679,21,2,0.2
16836,6679,18,1,0.1
16837,6679,21,1,0.2
16838,6680,11,1,0
16839,6680,18,3,0
16840,6680,24,3,0
16841,6680,5,1,0
16842,6681,23,2,0
16843,6682,2,3,0.15
16844,6683,9,3,0
16845,6683,13,3,0.15
16846,6684,4,1,0.15
16847,6685,14,3,0
16848,6685,4,1,0
16849,6686,13,1,0
16850,6686,17,1,0.15
16851,6686,1,1,0
16852,6686,4,2,0
16853,6687,14,1,0
16854,6687,8,3,0
16855,6688,8,3,0
16856,6689,16,1,0.15
16857,6690,4,2,0.15
16858,6690,21,3,0.2
16859,6690,17,1,0
16860,6690,23,1,0
16861,6691,22,2,0
16862,6691,17,1,0
16863,6692,6,3,0.15
16864,6693,2,2,0.15
16865,6693,13,1,0.2
16866,6693,14,2,0.2
16867,6694,20,1,0
16868,6694,4,1,0.15
16869,6695,13,2,0.1
16870,6696,13,1,0
16871,6696,11,2,0
16872,6696,7,3,0
16873,6697,13,2,0.15
16874,6697,12,1,0
16875,6697,16,3,0.1
16876,6698,17,1,0
16877,6698,8,1,0
16878,6698,7,3,0
16879,6699,16,2,0.1
16880,6699,22,3,0.1
16881,6700,18,2,0
16882,6700,11,2,0.1
16883,6700,1,2,0.15
16884,6700,16,3,0.15
16885,6701,5,3,0.1
16886,6702,19,2,0.2
16887,6702,18,3,0
16888,6702,13,2,0
16889,6703,8,1,0.15
16890,6703,17,2,0.2
16891,6703,4,3,0.15
16892,6703,16,3,0.15
16893,6704,4,3,0.1
16894,6704,24,1,0.15
16895,6704,12,3,0.1
16896,6705,12,3,0
16897,6705,10,3,0.1
16898,6705,19,3,0.2
16899,6706,11,1,0.15
16900,6706,2,3,0
16901,6706,12,3,0.2
16902,6706,17,2,0.15
16903,6707,24,1,0
16904,6708,20,2,0.15
16905,6709,22,2,0
16906,6709,11,3,0
16907,6710,24,3,0
16908,6711,13,1,0.15
16909,6711,24,1,0.15
16910,6712,18,3,0
16911,6712,13,3,0.2
16912,6713,24,1,0
16913,6713,5,3,0.2
16914,6713,13,1,0.1
16915,6713,20,2,0.15
16916,6714,14,3,0
16917,6715,12,3,0
16918,6715,3,2,0.2
16919,6715,7,3,0.2
16920,6715,20,1,0
16921,6716,22,3,0.2
16922,6717,16,2,0.2
16923,6717,2,2,0
16924,6717,12,3,0.2
16925,6717,4,3,0.15
16926,6718,20,2,0.1
16927,6718,20,2,0.2
16928,6718,12,3,0.1
16929,6718,10,3,0
16930,6719,13,2,0
16931,6719,12,3,0
16932,6720,1,1,0.2
16933,6720,4,1,0
16934,6721,7,1,0.15
16935,6721,8,1,0.15
16936,6721,2,1,0.15
16937,6721,21,2,0.2
16938,6722,4,2,0
16939,6723,12,3,0.1
16940,6723,11,3,0.1
16941,6723,21,1,0.15
16942,6724,4,2,0
16943,6725,11,1,0.2
16944,6726,23,1,0
16945,6726,19,3,0.15
16946,6726,24,3,0.15
16947,6727,10,1,0.2
16948,6728,1,2,0.1
16949,6728,5,3,0
16950,6728,11,3,0
16951,6728,7,2,0.15
16952,6729,22,1,0.2
16953,6730,9,1,0.1
16954,6730,13,3,0
16955,6730,22,3,0
16956,6730,11,3,0.2
16957,6731,3,1,0.15
16958,6731,15,3,0
16959,6732,23,2,0
16960,6733,12,1,0.15
16961,6733,24,2,0.15
16962,6734,15,2,0.2
16963,6734,5,3,0.1
16964,6734,15,3,0
16965,6735,21,2,0
16966,6736,22,2,0.15
16967,6736,22,3,0.1
16968,6736,13,3,0.1
16969,6736,2,2,0
16970,6737,22,3,0.15
16971,6737,2,1,0.2
16972,6737,8,3,0.1
16973,6738,1,1,0
16974,6738,21,1,0.15
16975,6738,16,3,0.15
16976,6739,17,3,0.2
16977,6739,22,2,0.15
16978,6740,19,1,0.1
16979,6740,19,2,0.15
16980,6740,23,1,0
16981,6741,4,1,0
16982,6741,21,1,0.15
16983,6741,9,3,0
16984,6742,3,2,0.15
16985,6742,11,3,0.15
16986,6742,5,1,0.15
16987,6743,4,2,0.1
16988,6743,5,1,0.15
16989,6744,15,2,0.1
16990,6745,2,2,0
16991,6746,11,3,0.2
16992,6746,12,2,0
16993,6747,4,1,0
16994,6747,11,2,0.15
16995,6747,12,2,0
16996,6747,21,2,0.15
16997,6748,23,2,0
16998,6748,20,2,0
16999,6748,23,1,0.1
17000,6748,23,3,0
17001,6749,16,1,0.1
17002,6749,11,3,0
17003,6749,2,3,0
17004,6749,13,1,0.2
17005,6750,10,2,0
17006,6750,3,3,0.2
17007,6750,16,1,0
17008,6751,8,1,0.15
17009,6751,3,1,0
17010,6751,18,2,0
17011,6751,23,1,0
17012,6752,10,1,0
17013,6752,16,2,0.15
17014,6752,20,1,0
17015,6752,5,2,0.2
17016,6753,1,1,0
17017,6753,10,3,0.15
17018,6753,17,1,0.1
17019,6754,15,2,0
17020,6754,15,3,0.2
17021,6755,11,1,0.2
17022,6755,20,3,0.15
17023,6756,9,3,0.2
17024,6756,3,2,0
17025,6757,9,1,0
17026,6758,17,3,0.15
17027,6758,14,3,0.2
17028,6759,15,2,0.15
17029,6759,11,1,0.15
17030,6759,13,2,0.1
17031,6760,9,3,0
17032,6760,1,2,0
17033,6760,1,2,0
17034,6761,10,3,0.1
17035,6761,20,2,0
17036,6761,6,1,0
17037,6761,14,3,0.2
17038,6762,19,2,0.15
17039,6762,7,3,0
17040,6763,10,2,0.1
17041,6763,7,1,0.1
17042,6764,22,3,0.1
17043,6764,11,2,0.2
17044,6765,10,1,0.1
17045,6765,24,3,0
17046,6766,24,2,0
17047,6766,15,3,0
17048,6766,13,2,0.2
17049,6767,3,1,0.2
17050,6767,10,1,0
17051,6768,15,1,0
17052,6768,19,2,0.15
17053,6769,6,1,0
17054,6769,12,2,0.2
17055,6769,9,3,0.15
17056,6770,2,1,0.15
17057,6770,8,1,0.2
17058,6770,10,2,0
17059,6771,11,1,0
17060,6772,14,3,0.15
17061,6772,12,1,0
17062,6772,21,1,0
17063,6773,12,1,0
17064,6773,4,3,0
17065,6773,17,2,0
17066,6774,3,1,0
17067,6774,12,3,0.15
17068,6774,23,3,0.15
17069,6774,18,2,0
17070,6775,6,3,0.15
17071,6776,2,1,0
17072,6777,12,1,0.15
17073,6778,18,1,0
17074,6779,16,3,0.15
17075,6779,2,3,0.1
17076,6779,10,2,0.1
17077,6779,8,2,0.1
17078,6780,2,1,0.15
17079,6780,7,1,0.1
17080,6781,14,1,0
17081,6782,23,1,0.1
17082,6782,18,3,0
17083,6783,12,3,0
17084,6784,6,2,0.2
17085,6784,11,1,0
17086,6785,17,1,0
17087,6786,5,1,0.1
17088,6786,9,1,0
17089,6786,1,1,0.2
17090,6786,4,2,0
17091,6787,16,1,0.15
17092,6787,7,1,0
17093,6787,13,2,0
17094,6788,22,3,0.2
17095,6789,10,3,0
17096,6789,1,3,0.2
17097,6790,1,1,0
17098,6791,18,2,0.2
17099,6791,16,3,0
17100,6791,4,2,0
17101,6791,20,1,0
17102,6792,24,3,0.15
17103,6792,14,2,0
17104,6793,7,1,0.1
17105,6793,6,3,0.15
17106,6793,15,1,0.1
17107,6793,12,2,0.2
17108,6794,22,3,0.15
17109,6794,4,1,0
17110,6795,15,3,0
17111,6796,6,1,0
17112,6796,11,2,0
17113,6797,22,1,0.2
17114,6797,20,3,0
17115,6797,13,2,0.15
17116,6797,4,3,0.1
17117,6798,1,1,0
17118,6798,3,2,0.2
17119,6799,15,3,0.15
17120,6799,9,3,0.2
17121,6799,10,2,0
17122,6799,24,2,0.1
17123,6800,21,2,0
17124,6800,21,3,0
17125,6800,24,1,0.15
17126,6801,11,2,0
17127,6802,7,3,0.2
17128,6802,12,3,0.1
17129,6803,22,3,0
17130,6803,18,2,0.2
17131,6803,19,2,0
17132,6804,5,3,0.2
17133,6804,6,3,0
17134,6804,13,1,0.2
17135,6804,11,3,0.1
17136,6805,19,2,0.1
17137,6805,18,3,0
17138,6805,20,2,0.1
17139,6805,15,3,0.2
17140,6806,9,2,0.15
17141,6806,12,2,0
17142,6807,13,2,0
17143,6808,9,3,0.2
17144,6808,4,3,0.15
17145,6809,7,3,0.1
17146,6809,8,3,0
17147,6809,24,2,0.15
17148,6809,2,2,0.2
17149,6810,12,2,0.15
17150,6810,4,3,0
17151,6810,4,3,0
17152,6810,16,1,0.1
17153,6811,16,2,0
17154,6812,2,2,0.1
17155,6812,12,1,0
17156,6812,15,3,0.2
17157,6812,12,1,0.1
17158,6813,12,3,0.2
17159,6813,18,2,0
17160,6814,12,2,0
17161,6814,21,3,0.15
17162,6814,1,1,0
17163,6814,13,2,0
17164,6815,22,1,0
17165,6815,11,1,0
17166,6815,9,3,0
17167,6816,1,3,0.1
17168,6817,19,2,0
17169,6817,9,1,0
17170,6817,16,2,0
17171,6817,20,3,0
17172,6818,14,3,0.15
17173,6818,5,3,0
17174,6818,16,1,0
17175,6818,21,2,0
17176,6819,2,2,0
17177,6819,10,3,0
17178,6819,14,2,0
17179,6819,18,2,0.2
17180,6820,9,3,0.15
17181,6820,8,2,0
17182,6820,15,3,0
17183,6820,16,1,0.2
17184,6821,13,2,0
17185,6821,10,1,0
17186,6821,9,3,0
17187,6821,13,2,0.2
17188,6822,15,1,0.1
17189,6822,5,1,0
17190,6822,6,2,0.15
17191,6822,5,3,0.15
17192,6823,2,1,0.2
17193,6823,16,1,0.2
17194,6824,14,1,0
17195,6824,11,2,0.15
17196,6825,23,1,0.15
17197,6825,7,1,0
17198,6826,4,2,0
17199,6826,2,3,0.15
17200,6826,12,2,0.15
17201,6827,14,3,0
17202,6827,23,1,0
17203,6827,11,2,0
17204,6827,4,2,0
17205,6828,17,3,0
17206,6828,24,1,0.2
17207,6829,5,1,0
17208,6829,2,1,0.1
17209,6829,20,3,0.15
17210,6830,16,2,0.2
17211,6830,5,3,0.1
17212,6830,12,1,0
17213,6831,7,1,0.15
17214,6831,10,2,0
17215,6831,4,1,0.2
17216,6831,17,3,0.2
17217,6832,23,3,0.2
17218,6832,8,1,0.15
17219,6832,20,2,0.1
17220,6832,24,1,0.1
17221,6833,15,3,0
17222,6833,18,2,0
17223,6834,23,2,0.15
17224,6835,23,3,0.15
17225,6835,14,3,0
17226,6836,21,1,0
17227,6837,5,3,0.15
17228,6837,15,2,0
17229,6838,18,3,0.1
17230,6838,2,1,0
17231,6838,6,2,0.1
17232,6838,22,3,0.15
17233,6839,24,3,0.15
17234,6839,15,1,0
17235,6839,14,3,0.15
17236,6839,18,3,0.1
17237,6840,15,2,0
17238,6840,9,1,0
17239,6841,9,3,0
17240,6841,1,1,0.1
17241,6842,10,2,0
17242,6842,16,3,0
17243,6842,18,3,0.15
17244,6843,17,3,0.15
17245,6843,4,1,0.2
17246,6843,3,1,0.2
17247,6843,18,2,0.15
17248,6844,20,2,0.1
17249,6844,22,3,0.2
17250,6845,22,3,0
17251,6845,11,2,0
17252,6845,2,3,0
17253,6846,1,2,0
17254,6847,1,3,0
17255,6848,22,3,0
17256,6848,20,3,0.15
17257,6848,22,2,0.2
17258,6848,24,2,0.1
17259,6849,13,3,0.1
17260,6849,10,1,0.1
17261,6850,17,2,0
17262,6851,16,1,0.1
17263,6851,2,3,0.1
17264,6851,17,1,0
17265,6852,19,1,0
17266,6852,3,2,0.2
17267,6852,14,1,0
17268,6852,11,3,0.15
17269,6853,22,1,0.2
17270,6854,6,3,0.2
17271,6854,11,1,0
17272,6854,5,1,0.15
17273,6855,20,3,0
17274,6855,20,1,0.15
17275,6855,2,1,0.2
17276,6856,17,2,0
17277,6856,4,3,0.1
17278,6857,13,3,0.1
17279,6857,16,3,0.2
17280,6857,21,3,0.2
17281,6858,18,1,0.1
17282,6859,9,1,0
17283,6859,18,1,0.15
17284,6859,3,3,0.1
17285,6860,19,3,0
17286,6860,20,3,0.2
17287,6860,3,2,0
17288,6861,19,3,0.1
17289,6862,8,3,0.2
17290,6862,9,2,0.2
17291,6862,24,3,0
17292,6863,18,3,0
17293,6863,10,2,0
17294,6864,1,1,0
17295,6864,9,2,0
17296,6865,19,2,0
17297,6865,23,2,0
17298,6865,22,3,0
17299,6866,21,3,0
17300,6867,8,1,0.2
17301,6867,20,3,0
17302,6867,7,3,0.1
17303,6868,9,2,0
17304,6868,9,2,0
17305,6869,11,3,0
17306,6869,1,2,0
17307,6869,14,3,0.2
17308,6870,5,2,0.1
17309,6870,6,2,0.15
17310,6870,5,2,0.15
17311,6871,2,3,0.1
17312,6872,14,2,0
17313,6873,1,1,0.2
17314,6873,10,1,0
17315,6873,12,1,0.2
17316,6873,2,2,0
17317,6874,3,3,0
17318,6874,8,2,0.2
17319,6874,22,3,0.1
17320,6874,13,2,0
17321,6875,20,2,0
17322,6876,12,1,0.1
17323,6876,17,2,0
17324,6877,22,3,0
17325,6877,22,2,0.2
17326,6878,8,1,0.2
17327,6879,19,2,0.15
17328,6879,13,2,0.15
17329,6879,3,2,0
17330,6880,16,1,0.2
17331,6881,20,3,0
17332,6882,21,1,0
17333,6883,3,1,0
17334,6883,4,3,0.1
17335,6884,19,3,0
17336,6884,1,2,0.2
17337,6884,13,2,0
17338,6884,24,1,0.1
17339,6885,18,1,0.2
17340,6885,5,2,0.2
17341,6886,12,1,0.15
17342,6887,1,3,0.1
17343,6887,11,1,0.2
17344,6887,13,1,0.2
17345,6888,4,1,0
17346,6888,21,3,0
17347,6889,2,3,0.2
17348,6889,3,3,0
17349,6889,6,1,0.15
17350,6890,8,3,0
17351,6890,21,1,0.1
17352,6891,9,2,0.15
17353,6892,15,3,0
17354,6892,24,3,0
17355,6892,14,3,0
17356,6893,20,3,0.15
17357,6893,17,1,0
17358,6893,24,3,0
17359,6894,15,2,0.1
17360,6894,1,2,0
17361,6895,10,2,0.1
17362,6895,10,2,0
17363,6896,2,3,0.1
17364,6896,2,2,0.15
17365,6896,20,3,0
17366,6896,1,3,0
17367,6897,19,2,0.15
17368,6897,15,1,0.1
17369,6897,18,3,0.2
17370,6898,24,1,0
17371,6899,16,2,0
17372,6899,23,1,0.2
17373,6899,7,3,0
17374,6899,1,3,0
17375,6900,13,1,0.1
17376,6900,20,2,0
17377,6900,24,2,0.1
17378,6901,4,3,0.1
17379,6902,4,1,0.2
17380,6902,6,2,0
17381,6903,9,3,0
17382,6903,1,2,0
17383,6903,3,1,0.2
17384,6904,15,3,0.2
17385,6904,12,2,0
17386,6904,4,1,0.15
17387,6904,7,3,0
17388,6905,7,1,0.15
17389,6905,11,3,0.1
17390,6905,12,2,0.1
17391,6905,17,3,0.1
17392,6906,6,2,0.1
17393,6907,10,3,0
17394,6907,1,1,0.15
17395,6908,17,1,0.2
17396,6909,13,2,0
17397,6909,1,1,0
17398,6909,3,1,0.2
17399,6909,15,2,0
17400,6910,9,2,0.1
17401,6910,8,1,0
17402,6911,8,1,0.2
17403,6912,2,2,0
17404,6912,6,2,0
17405,6912,12,2,0
17406,6912,19,2,0
17407,6913,21,1,0.1
17408,6913,14,2,0
17409,6914,21,3,0
17410,6915,9,2,0.1
17411,6916,9,3,0
17412,6917,23,1,0
17413,6917,17,1,0.2
17414,6917,18,2,0
17415,6918,24,3,0.1
17416,6918,20,2,0.2
17417,6918,9,2,0
17418,6919,3,2,0.2
17419,6920,3,1,0
17420,6920,12,2,0
17421,6920,9,3,0
17422,6921,18,1,0
17423,6921,10,1,0
17424,6921,23,1,0
17425,6921,10,3,0.1
17426,6922,18,3,0
17427,6923,21,2,0.2
17428,6923,18,2,0.1
17429,6923,14,2,0
17430,6924,21,2,0
17431,6924,3,1,0.15
17432,6924,14,2,0.15
17433,6925,24,3,0.15
17434,6925,9,3,0
17435,6925,21,1,0.1
17436,6925,22,2,0
17437,6926,15,2,0.1
17438,6927,14,1,0
17439,6927,17,1,0
17440,6928,22,1,0.2
17441,6928,10,3,0
17442,6928,7,2,0
17443,6928,16,3,0
17444,6929,5,3,0
17445,6929,5,2,0.1
17446,6929,9,3,0
17447,6930,14,3,0
17448,6930,16,2,0.15
17449,6931,21,1,0
17450,6931,4,2,0
17451,6931,3,3,0
17452,6931,10,3,0
17453,6932,18,1,0.1
17454,6933,23,3,0
17455,6933,19,3,0.1
17456,6933,12,3,0
17457,6934,2,3,0.2
17458,6935,17,3,0.1
17459,6935,8,2,0
17460,6936,17,3,0.1
17461,6936,6,2,0.15
17462,6936,12,1,0
17463,6937,9,3,0.1
17464,6937,21,1,0
17465,6937,2,1,0.1
17466,6938,10,3,0
17467,6939,20,2,0.2
17468,6939,24,1,0.1
17469,6940,3,2,0
17470,6940,2,2,0
17471,6940,4,2,0
17472,6940,5,2,0.15
17473,6941,21,2,0.2
17474,6941,5,1,0.1
17475,6942,5,1,0
17476,6942,6,3,0.2
17477,6943,21,1,0.1
17478,6943,16,2,0
17479,6943,24,3,0
17480,6944,8,1,0
17481,6944,6,2,0
17482,6944,23,2,0
17483,6945,20,3,0.15
17484,6945,14,3,0
17485,6946,17,1,0.1
17486,6946,2,1,0.1
17487,6947,10,3,0
17488,6947,3,2,0.1
17489,6948,23,3,0.1
17490,6948,3,3,0
17491,6948,17,2,0
17492,6949,20,1,0.15
17493,6949,10,1,0.2
17494,6949,14,2,0.15
17495,6950,11,2,0.2
17496,6950,5,3,0.1
17497,6950,11,2,0.15
17498,6951,6,1,0.15
17499,6951,17,2,0.2
17500,6951,22,3,0.2
17501,6951,4,2,0
17502,6952,14,3,0.2
17503,6952,15,2,0.2
17504,6952,8,3,0
17505,6953,16,3,0.1
17506,6953,14,1,0
17507,6954,4,2,0.2
17508,6954,21,3,0.15
17509,6954,24,2,0
17510,6954,24,3,0
17511,6955,2,3,0.1
17512,6955,6,3,0.2
17513,6955,10,1,0
17514,6955,1,2,0.1
17515,6956,22,2,0
17516,6956,12,2,0
17517,6956,6,1,0.2
17518,6957,18,2,0.2
17519,6957,13,2,0.15
17520,6958,12,3,0
17521,6959,11,1,0
17522,6959,5,2,0.2
17523,6959,1,1,0
17524,6959,16,1,0.2
17525,6960,21,2,0.2
17526,6960,21,1,0
17527,6960,21,2,0.15
17528,6961,8,3,0.15
17529,6961,11,3,0.1
17530,6961,2,3,0.15
17531,6961,16,3,0.2
17532,6962,16,2,0
17533,6962,14,3,0
17534,6962,3,3,0
17535,6963,3,2,0.2
17536,6964,9,2,0
17537,6965,1,3,0
17538,6966,8,3,0.2
17539,6967,24,3,0
17540,6968,15,2,0
17541,6969,9,2,0.15
17542,6969,23,1,0
17543,6969,8,3,0
17544,6970,7,2,0
17545,6971,1,1,0.15
17546,6971,20,3,0
17547,6971,18,3,0.1
17548,6972,18,1,0.1
17549,6972,22,2,0.1
17550,6972,9,1,0
17551,6972,14,2,0
17552,6973,21,1,0.1
17553,6973,6,1,0.15
17554,6973,10,3,0
17555,6973,15,2,0
17556,6974,3,2,0.1
17557,6975,10,1,0
17558,6975,3,3,0.15
17559,6975,3,2,0
17560,6975,4,2,0
17561,6976,4,3,0.2
17562,6976,2,1,0.2
17563,6976,2,1,0.2
17564,6976,7,2,0.15
17565,6977,3,3,0
17566,6977,1,1,0.15
17567,6977,14,1,0.15
17568,6977,19,3,0
17569,6978,6,3,0
17570,6978,2,1,0.1
17571,6979,3,3,0
17572,6979,6,2,0
17573,6980,22,1,0
17574,6981,7,3,0
17575,6981,11,1,0.2
17576,6982,12,3,0.2
17577,6982,20,1,0
17578,6982,20,3,0
17579,6983,2,3,0.2
17580,6983,12,1,0.1
17581,6984,10,1,0.2
17582,6984,10,1,0.15
17583,6984,23,1,0.1
17584,6985,24,1,0
17585,6985,21,3,0
17586,6985,22,3,0
17587,6986,13,2,0.1
17588,6986,12,1,0.1
17589,6987,9,1,0.15
17590,6987,4,3,0.1
17591,6988,12,2,0
17592,6988,8,3,0
17593,6989,17,1,0
17594,6990,7,1,0.15
17595,6990,14,1,0.15
17596,6991,15,3,0
17597,6992,23,3,0
17598,6992,1,3,0.15
17599,6992,24,3,0
17600,6993,24,1,0.1
17601,6994,23,3,0.15
17602,6995,19,3,0.1
17603,6996,7,2,0.2
17604,6996,3,2,0.1
17605,6996,11,1,0
17606,6997,1,2,0.2
17607,6997,4,1,0.1
17608,6998,9,2,0
17609,6998,5,2,0.2
17610,6998,17,3,0
17611,6999,10,1,0.1
17612,7000,19,2,0.1
17613,7000,19,1,0
17614,7001,12,2,0
17615,7002,23,3,0
17616,7003,17,1,0.15
17617,7004,7,2,0.1
17618,7004,1,1,0.1
17619,7004,12,2,0
17620,7004,17,1,0.2
17621,7005,21,2,0
17622,7005,4,2,0.2
17623,7006,7,1,0
17624,7006,10,3,0
17625,7006,4,1,0
17626,7006,20,2,0.2
17627,7007,14,2,0.15
17628,7007,24,3,0
17629,7007,17,2,0
17630,7008,4,3,0
17631,7008,24,1,0
17632,7008,6,3,0
17633,7008,3,2,0.2
17634,7009,13,1,0
17635,7009,4,1,0.15
17636,7009,7,1,0.1
17637,7009,7,2,0
17638,7010,12,3,0.1
17639,7010,10,3,0
17640,7011,3,2,0.2
17641,7011,12,3,0
17642,7011,22,2,0
17643,7012,21,1,0
17644,7012,14,3,0
17645,7012,24,1,0
17646,7012,4,3,0
17647,7013,2,3,0.2
17648,7013,9,2,0
17649,7013,13,1,0
17650,7013,13,1,0
17651,7014,15,2,0
17652,7014,12,2,0.2
17653,7014,4,1,0.1
17654,7015,13,3,0.2
17655,7016,15,3,0
17656,7016,10,3,0
17657,7016,10,3,0.1
17658,7016,2,1,0
17659,7017,6,3,0.1
17660,7018,17,3,0
17661,7018,13,2,0.15
17662,7019,10,1,0
17663,7019,9,2,0.2
17664,7019,20,2,0.15
17665,7019,14,3,0.15
17666,7020,11,2,0.1
17667,7021,24,1,0
17668,7022,7,1,0.15
17669,7022,3,1,0
17670,7022,20,3,0
17671,7023,7,2,0
17672,7023,13,2,0.15
17673,7024,21,2,0
17674,7025,14,2,0.2
17675,7025,20,3,0.1
17676,7025,3,2,0.2
17677,7026,17,3,0
17678,7026,15,2,0.15
17679,7026,10,2,0
17680,7026,17,3,0.2
17681,7027,7,3,0.2
17682,7027,13,2,0.15
17683,7028,7,2,0
17684,7028,18,2,0.15
17685,7028,16,2,0
17686,7028,20,3,0.15
17687,7029,22,3,0.1
17688,7029,10,2,0.15
17689,7030,21,1,0
17690,7030,11,1,0.1
17691,7030,6,3,0
17692,7031,10,1,0
17693,7031,23,2,0
17694,7032,11,1,0.1
17695,7033,9,3,0
17696,7033,2,1,0.15
17697,7033,17,3,0
17698,7033,16,1,0
17699,7034,10,1,0
17700,7035,4,1,0
17701,7035,14,2,0
17702,7035,18,3,0
17703,7035,20,1,0
17704,7036,9,2,0
17705,7036,18,1,0
17706,7036,21,3,0.1
17707,7036,9,1,0
17708,7037,19,1,0
17709,7037,11,1,0
17710,7038,13,3,0.1
17711,7038,17,2,0.2
17712,7038,4,1,0.15
17713,7039,9,1,0
17714,7039,14,2,0
17715,7039,17,3,0.2
17716,7040,20,2,0.1
17717,7041,6,2,0.2
17718,7041,14,3,0
17719,7041,15,3,0.15
17720,7041,9,1,0
17721,7042,17,3,0.1
17722,7043,21,3,0
17723,7043,5,3,0.2
17724,7043,24,2,0.1
17725,7043,23,1,0
17726,7044,24,1,0
17727,7045,21,2,0
17728,7045,17,3,0
17729,7045,6,2,0
17730,7045,12,3,0.15
17731,7046,7,1,0
17732,7046,20,3,0.15
17733,7047,6,1,0
17734,7047,22,1,0
17735,7047,3,2,0.1
17736,7048,8,1,0.15
17737,7048,9,2,0
17738,7048,24,2,0
17739,7049,14,2,0.2
17740,7050,9,3,0
17741,7050,23,1,0
17742,7051,3,1,0
17743,7051,14,1,0
17744,7051,19,2,0
17745,7052,20,1,0
17746,7052,11,3,0
17747,7052,7,2,0
17748,7053,17,1,0
17749,7053,4,1,0
17750,7053,11,2,0
17751,7054,12,3,0.1
17752,7055,17,1,0.15
17753,7055,7,1,0
17754,7055,9,2,0.2
17755,7055,12,1,0.2
17756,7056,19,3,0
17757,7056,11,1,0
17758,7057,4,2,0.15
17759,7057,18,3,0.1
17760,7058,17,2,0
17761,7058,7,3,0.15
17762,7058,23,1,0.15
17763,7058,18,3,0.1
17764,7059,18,3,0
17765,7060,2,1,0.15
17766,7060,21,1,0
17767,7061,11,2,0.1
17768,7061,16,1,0.2
17769,7061,4,2,0.2
17770,7061,18,3,0
17771,7062,20,2,0.15
17772,7062,11,1,0.15
17773,7062,24,3,0.15
17774,7062,1,2,0.1
17775,7063,1,1,0
17776,7063,2,3,0
17777,7064,17,2,0
17778,7064,19,2,0
17779,7064,3,1,0
17780,7064,12,3,0.15
17781,7065,22,1,0
17782,7065,21,2,0.15
17783,7065,18,1,0
17784,7065,20,1,0.15
17785,7066,15,2,0
17786,7067,12,3,0.2
17787,7068,9,1,0
17788,7068,2,1,0
17789,7068,20,2,0
17790,7068,6,1,0.1
17791,7069,6,1,0
17792,7069,17,2,0
17793,7070,4,1,0.15
17794,7070,24,2,0.1
17795,7071,9,2,0.15
17796,7072,8,3,0
17797,7073,3,2,0
17798,7073,9,3,0
17799,7073,8,3,0.15
17800,7073,20,1,0.2
17801,7074,10,3,0.2
17802,7074,18,1,0.2
17803,7074,17,3,0.15
17804,7075,7,3,0.2
17805,7075,17,3,0.2
17806,7076,20,2,0
17807,7076,1,3,0.1
17808,7076,24,1,0.2
17809,7076,16,3,0
17810,7077,6,3,0.2
17811,7077,22,2,0
17812,7078,21,1,0.2
17813,7078,15,2,0.1
17814,7078,20,3,0
17815,7079,19,1,0.15
17816,7079,18,2,0.2
17817,7080,4,1,0.15
17818,7081,3,1,0
17819,7081,17,3,0.1
17820,7082,6,3,0
17821,7083,10,3,0
17822,7084,21,2,0.2
17823,7085,3,2,0.15
17824,7085,12,1,0
17825,7085,5,3,0
17826,7086,15,1,0
17827,7086,17,3,0
17828,7087,21,2,0.2
17829,7087,9,3,0
17830,7087,14,1,0.2
17831,7088,6,1,0
17832,7089,24,1,0.2
17833,7089,14,1,0
17834,7089,17,3,0
17835,7089,8,3,0
17836,7090,1,2,0.2
17837,7090,17,1,0
17838,7090,24,3,0.2
17839,7090,3,2,0.15
17840,7091,19,2,0
17841,7091,21,3,0
17842,7091,21,3,0.15
17843,7092,23,2,0.15
17844,7092,13,2,0
17845,7092,12,3,0
17846,7092,2,1,0.2
17847,7093,2,1,0
17848,7093,21,1,0
17849,7093,17,2,0
17850,7094,10,3,0.15
17851,7095,19,1,0.1
17852,7096,24,3,0.15
17853,7096,2,3,0
17854,7097,20,1,0
17855,7098,15,2,0
17856,7098,12,2,0.2
17857,7099,11,2,0.15
17858,7099,6,1,0.2
17859,7099,24,1,0.1
17860,7100,7,3,0.1
17861,7101,13,1,0
17862,7101,22,2,0
17863,7101,13,2,0.15
17864,7101,12,1,0.15
17865,7102,16,2,0
17866,7102,11,2,0.15
17867,7102,7,2,0.1
17868,7103,12,3,0
17869,7103,19,3,0.15
17870,7103,1,1,0
17871,7104,10,1,0
17872,7105,22,3,0
17873,7105,19,2,0.2
17874,7105,4,1,0
17875,7106,23,3,0.1
17876,7106,18,2,0
17877,7107,22,3,0.15
17878,7107,13,3,0
17879,7107,6,3,0
17880,7107,13,1,0
17881,7108,6,2,0
17882,7108,9,3,0
17883,7108,17,1,0.1
17884,7108,15,2,0
17885,7109,10,3,0.1
17886,7110,22,2,0
17887,7110,10,3,0
17888,7110,12,1,0.2
17889,7110,16,3,0.2
17890,7111,14,2,0
17891,7111,12,1,0.15
17892,7112,9,2,0
17893,7112,21,3,0
17894,7112,20,3,0.1
17895,7113,17,2,0.1
17896,7113,3,1,0
17897,7113,17,2,0
17898,7113,3,3,0
17899,7114,20,3,0.15
17900,7114,19,1,0
17901,7115,5,1,0.15
17902,7115,12,2,0
17903,7115,12,1,0
17904,7115,16,2,0.2
17905,7116,5,1,0
17906,7116,14,3,0.1
17907,7116,9,2,0.1
17908,7117,13,1,0.1
17909,7117,23,3,0
17910,7117,5,1,0.2
17911,7117,5,1,0.2
17912,7118,5,3,0
17913,7118,18,2,0
17914,7118,13,3,0
17915,7119,16,3,0
17916,7119,1,1,0.15
17917,7119,2,2,0.1
17918,7120,1,1,0
17919,7121,24,3,0
17920,7121,7,2,0
17921,7121,4,3,0.1
17922,7122,7,1,0
17923,7122,21,1,0
17924,7122,23,1,0
17925,7122,16,1,0
17926,7123,11,3,0
17927,7123,19,2,0
17928,7124,3,2,0.2
17929,7124,16,2,0
17930,7124,6,2,0.15
17931,7124,7,3,0.15
17932,7125,22,2,0
17933,7126,15,3,0.1
17934,7126,12,1,0.2
17935,7127,12,2,0
17936,7127,24,2,0
17937,7127,19,1,0.1
17938,7127,21,2,0.2
17939,7128,17,2,0.15
17940,7128,17,1,0
17941,7128,13,1,0
17942,7129,3,1,0.1
17943,7130,6,2,0.15
17944,7131,10,2,0
17945,7131,14,3,0
17946,7132,18,3,0
17947,7132,17,1,0
17948,7132,19,2,0.2
17949,7133,2,2,0.1
17950,7133,14,2,0
17951,7134,14,3,0.2
17952,7134,19,1,0
17953,7135,1,1,0
17954,7135,18,1,0
17955,7135,18,3,0
17956,7136,11,1,0.1
17957,7137,19,3,0.1
17958,7138,9,3,0.15
17959,7138,14,2,0.2
17960,7138,14,2,0
17961,7138,19,1,0
17962,7139,6,1,0.2
17963,7140,4,1,0.15
17964,7141,8,2,0.2
17965,7141,23,3,0
17966,7141,20,1,0
17967,7141,12,3,0
17968,7142,22,1,0.15
17969,7142,14,3,0.1
17970,7142,21,3,0
17971,7142,8,1,0
17972,7143,19,3,0
17973,7144,22,1,0.1
17974,7144,22,2,0
17975,7145,24,3,0
17976,7145,8,1,0
17977,7145,12,3,0.2
17978,7145,5,1,0.1
17979,7146,24,1,0.2
17980,7146,15,3,0
17981,7146,6,1,0.1
17982,7147,12,2,0
17983,7148,13,2,0.15
17984,7148,22,1,0.15
17985,7149,1,2,0.2
17986,7150,4,3,0
17987,7150,13,3,0
17988,7151,18,1,0
17989,7151,17,1,0
17990,7152,5,3,0
17991,7152,22,1,0
17992,7152,3,2,0.1
17993,7153,19,2,0
17994,7153,1,3,0.1
17995,7153,24,2,0.15
17996,7154,21,3,0.15
17997,7154,16,3,0.1
17998,7154,1,3,0.1
17999,7154,2,3,0.15
18000,7155,15,2,0
18001,7155,20,1,0
18002,7156,15,1,0
18003,7156,22,1,0.2
18004,7156,20,3,0.1
18005,7156,14,3,0
18006,7157,12,3,0
18007,7158,1,2,0.15
18008,7158,13,1,0.1
18009,7159,8,2,0
18010,7160,2,2,0.2
18011,7160,1,1,0.15
18012,7160,4,3,0.15
18013,7160,5,1,0.2
18014,7161,1,2,0
18015,7162,20,2,0
18016,7163,10,1,0.2
18017,7163,5,3,0.2
18018,7164,13,2,0
18019,7164,12,1,0.15
18020,7165,10,3,0.2
18021,7165,1,3,0
18022,7166,6,1,0.1
18023,7166,3,2,0
18024,7167,20,3,0
18025,7167,24,2,0.2
18026,7168,24,2,0.2
18027,7169,10,2,0
18028,7169,13,2,0
18029,7169,3,3,0
18030,7170,8,2,0
18031,7171,8,3,0.2
18032,7171,4,1,0
18033,7171,6,2,0.2
18034,7172,2,1,0
18035,7173,14,2,0
18036,7173,15,2,0.15
18037,7174,7,1,0.15
18038,7174,22,3,0.1
18039,7175,17,3,0.1
18040,7176,5,2,0.1
18041,7177,9,1,0
18042,7177,21,1,0
18043,7178,3,2,0
18044,7178,15,1,0
18045,7179,10,1,0
18046,7179,5,2,0.15
18047,7179,24,1,0.1
18048,7180,7,1,0.2
18049,7180,6,1,0.2
18050,7180,2,3,0
18051,7180,14,3,0
18052,7181,9,3,0
18053,7181,7,3,0.2
18054,7182,3,1,0.2
18055,7182,12,1,0.2
18056,7182,13,2,0.1
18057,7182,12,2,0.2
18058,7183,3,1,0
18059,7183,16,2,0.2
18060,7183,9,2,0
18061,7183,10,1,0.2
18062,7184,2,2,0
18063,7184,9,3,0.2
18064,7184,23,3,0.2
18065,7185,2,3,0
18066,7186,11,1,0
18067,7186,5,1,0.1
18068,7186,16,3,0
18069,7186,13,3,0
18070,7187,22,1,0
18071,7187,21,2,0.1
18072,7188,18,3,0
18073,7188,10,3,0.1
18074,7189,17,3,0
18075,7190,23,1,0
18076,7191,19,2,0
18077,7191,8,1,0
18078,7192,6,3,0
18079,7192,15,1,0.2
18080,7192,7,3,0
18081,7193,17,3,0
18082,7193,11,1,0
18083,7194,8,3,0
18084,7194,21,1,0
18085,7195,4,2,0.1
18086,7195,24,3,0.1
18087,7196,12,1,0
18088,7196,1,2,0.15
18089,7196,23,2,0.15
18090,7197,11,2,0
18091,7197,23,2,0.2
18092,7197,8,1,0
18093,7198,17,1,0.2
18094,7199,12,3,0
18095,7200,19,3,0.1
18096,7200,13,1,0
18097,7200,20,1,0.2
18098,7200,5,3,0.1
18099,7201,9,2,0
18100,7201,12,3,0.2
18101,7202,2,3,0.15
18102,7203,13,3,0
18103,7203,4,2,0.15
18104,7203,5,3,0.2
18105,7203,6,2,0.15
18106,7204,3,2,0
18107,7204,21,1,0.15
18108,7204,13,2,0.1
18109,7205,15,1,0
18110,7206,8,2,0
18111,7206,17,1,0
18112,7206,16,1,0
18113,7207,2,1,0
18114,7207,18,1,0
18115,7208,3,3,0
18116,7208,10,2,0.15
18117,7208,22,2,0.2
18118,7209,3,2,0.15
18119,7209,2,3,0
18120,7209,14,2,0.1
18121,7210,17,3,0.15
18122,7210,9,1,0
18123,7211,7,2,0.1
18124,7212,1,2,0.1
18125,7212,21,3,0.2
18126,7212,10,1,0
18127,7212,4,3,0
18128,7213,6,2,0.2
18129,7213,1,3,0.2
18130,7214,15,1,0.1
18131,7214,19,2,0.1
18132,7214,18,1,0.2
18133,7214,10,3,0
18134,7215,11,3,0.1
18135,7215,14,3,0
18136,7216,2,1,0
18137,7216,5,2,0
18138,7216,3,1,0
18139,7217,16,1,0
18140,7217,1,1,0
18141,7218,2,2,0
18142,7218,24,3,0
18143,7219,11,3,0.1
18144,7220,12,1,0
18145,7220,6,3,0
18146,7220,4,1,0
18147,7221,18,3,0
18148,7221,2,3,0.1
18149,7221,24,1,0.1
18150,7222,16,3,0.2
18151,7222,16,1,0.1
18152,7222,20,2,0
18153,7222,9,1,0.15
18154,7223,9,3,0.1
18155,7223,18,1,0.2
18156,7223,22,3,0
18157,7224,22,2,0.15
18158,7225,21,2,0
18159,7226,19,2,0.2
18160,7226,16,2,0
18161,7226,3,1,0.15
18162,7226,14,1,0
18163,7227,21,1,0.2
18164,7227,8,1,0
18165,7227,15,1,0.1
18166,7227,23,1,0
18167,7228,19,2,0.15
18168,7228,9,1,0.15
18169,7229,11,1,0
18170,7229,18,3,0
18171,7230,15,1,0
18172,7230,7,3,0.1
18173,7230,23,3,0.1
18174,7230,22,2,0.1
18175,7231,21,1,0
18176,7231,16,2,0
18177,7231,24,3,0
18178,7231,3,1,0.1
18179,7232,11,1,0.2
18180,7232,24,2,0.1
18181,7233,15,2,0.1
18182,7233,12,3,0.1
18183,7233,22,3,0.2
18184,7233,11,3,0.2
18185,7234,6,3,0
18186,7234,4,3,0.1
18187,7234,14,2,0
18188,7235,3,3,0
18189,7235,14,2,0
18190,7235,15,3,0
18191,7235,2,1,0
18192,7236,13,3,0
18193,7236,12,1,0
18194,7236,21,3,0
18195,7236,15,1,0
18196,7237,16,3,0.1
18197,7237,4,1,0.1
18198,7237,22,3,0
18199,7237,8,1,0
18200,7238,2,1,0
18201,7239,14,1,0
18202,7239,3,2,0
18203,7240,8,2,0
18204,7240,19,3,0.1
18205,7241,13,1,0.2
18206,7241,6,3,0
18207,7241,12,3,0
18208,7242,3,3,0
18209,7242,4,3,0.2
18210,7243,13,1,0
18211,7243,12,1,0.2
18212,7243,18,1,0.1
18213,7244,21,3,0.15
18214,7244,14,1,0.1
18215,7244,3,3,0
18216,7245,10,1,0.15
18217,7245,2,1,0.2
18218,7245,6,3,0
18219,7245,17,3,0.15
18220,7246,13,2,0
18221,7246,6,2,0.15
18222,7246,10,1,0.15
18223,7247,23,1,0
18224,7247,15,3,0
18225,7247,10,3,0
18226,7248,15,2,0.15
18227,7248,19,3,0.1
18228,7248,24,2,0.1
18229,7249,3,3,0
18230,7249,15,2,0
18231,7249,9,2,0
18232,7249,6,2,0.15
18233,7250,9,3,0.15
18234,7251,6,2,0.1
18235,7251,22,3,0.2
18236,7251,18,3,0
18237,7251,9,3,0.1
18238,7252,20,3,0
18239,7253,2,1,0.15
18240,7253,17,3,0.2
18241,7254,15,1,0.1
18242,7255,22,1,0.15
18243,7256,3,2,0
18244,7257,5,3,0.1
18245,7258,5,1,0.2
18246,7258,20,2,0.2
18247,7258,7,1,0.1
18248,7258,22,3,0.1
18249,7259,8,3,0.1
18250,7259,14,3,0.2
18251,7259,21,1,0.2
18252,7260,15,3,0
18253,7260,22,1,0
18254,7260,3,1,0
18255,7260,2,1,0
18256,7261,3,1,0.2
18257,7261,18,3,0.2
18258,7261,3,3,0.2
18259,7262,4,3,0
18260,7263,6,2,0.15
18261,7263,22,2,0.15
18262,7263,12,1,0.15
18263,7263,16,2,0
18264,7264,15,2,0.15
18265,7264,21,1,0.15
18266,7264,9,1,0
18267,7265,19,1,0
18268,7265,11,2,0.2
18269,7265,19,1,0.1
18270,7266,8,3,0.2
18271,7267,24,3,0.1
18272,7267,5,2,0.1
18273,7268,2,1,0
18274,7268,1,3,0.1
18275,7268,21,3,0
18276,7269,13,2,0.1
18277,7269,13,2,0.1
18278,7270,3,1,0
18279,7270,22,1,0
18280,7270,23,1,0
18281,7270,23,2,0
18282,7271,7,1,0.1
18283,7271,23,3,0.2
18284,7272,15,3,0.2
18285,7272,17,3,0
18286,7272,10,2,0.15
18287,7273,5,2,0
18288,7273,7,3,0.2
18289,7273,14,3,0
18290,7274,13,1,0
18291,7275,23,1,0.2
18292,7275,19,2,0
18293,7275,4,2,0.1
18294,7275,6,1,0
18295,7276,16,1,0.15
18296,7276,20,1,0
18297,7277,24,2,0.15
18298,7277,12,1,0
18299,7278,2,1,0.2
18300,7278,9,3,0
18301,7278,13,2,0.2
18302,7279,6,2,0.2
18303,7280,21,2,0
18304,7280,5,3,0.15
18305,7280,15,1,0.2
18306,7281,15,3,0
18307,7281,8,2,0
18308,7281,24,2,0.15
18309,7282,8,1,0
18310,7282,5,3,0
18311,7282,17,2,0
18312,7282,13,3,0.1
18313,7283,10,1,0.15
18314,7283,2,3,0.15
18315,7284,5,2,0.15
18316,7284,22,3,0.2
18317,7285,19,2,0
18318,7285,19,2,0.15
18319,7285,20,2,0
18320,7286,6,3,0.1
18321,7286,1,2,0
18322,7286,17,2,0.2
18323,7286,1,3,0.1
18324,7287,3,3,0
18325,7287,5,3,0
18326,7287,19,3,0.2
18327,7288,18,3,0
18328,7288,20,2,0.15
18329,7289,11,3,0
18330,7289,20,2,0.2
18331,7290,19,1,0
18332,7290,10,2,0
18333,7290,19,2,0.15
18334,7290,8,1,0.1
18335,7291,18,2,0.15
18336,7291,10,2,0.15
18337,7291,12,2,0.1
18338,7291,15,3,0.15
18339,7292,12,3,0
18340,7293,2,3,0
18341,7293,21,2,0.15
18342,7293,7,1,0
18343,7293,15,1,0.2
18344,7294,10,3,0
18345,7295,22,1,0
18346,7295,2,3,0.15
18347,7295,18,3,0.1
18348,7296,15,3,0.15
18349,7296,22,3,0
18350,7296,15,3,0
18351,7297,7,2,0.15
18352,7297,15,2,0.2
18353,7297,2,1,0.2
18354,7298,11,2,0.15
18355,7298,2,2,0
18356,7298,24,1,0.2
18357,7298,13,3,0
18358,7299,16,1,0
18359,7299,17,3,0.1
18360,7299,20,1,0.2
18361,7299,17,3,0
18362,7300,20,3,0
18363,7300,20,3,0.2
18364,7300,5,1,0.1
18365,7300,3,1,0.15
18366,7301,9,1,0.2
18367,7301,22,2,0.2
18368,7302,18,1,0
18369,7303,16,1,0
18370,7303,6,1,0.1
18371,7304,6,2,0
18372,7304,9,1,0
18373,7304,5,2,0.15
18374,7304,17,2,0
18375,7305,5,2,0.1
18376,7305,24,2,0
18377,7305,1,3,0
18378,7305,7,2,0
18379,7306,12,2,0
18380,7306,16,1,0.15
18381,7306,20,3,0
18382,7306,21,1,0
18383,7307,3,3,0.15
18384,7307,18,2,0
18385,7307,20,2,0
18386,7307,23,1,0
18387,7308,2,3,0.2
18388,7308,16,1,0
18389,7308,20,1,0.2
18390,7309,12,2,0.2
18391,7309,17,1,0
18392,7309,13,2,0
18393,7309,9,2,0.2
18394,7310,14,1,0
18395,7310,17,2,0
18396,7310,9,2,0.2
18397,7310,5,1,0
18398,7311,20,1,0.15
18399,7311,18,2,0
18400,7311,12,2,0.1
18401,7312,9,2,0.2
18402,7312,6,1,0
18403,7313,17,1,0
18404,7314,7,2,0
18405,7315,16,1,0.15
18406,7315,23,1,0
18407,7315,12,1,0.1
18408,7315,11,1,0
18409,7316,22,3,0.2
18410,7316,7,3,0.15
18411,7316,1,2,0
18412,7316,11,1,0.1
18413,7317,12,2,0
18414,7317,1,2,0
18415,7317,1,3,0
18416,7317,1,1,0.1
18417,7318,21,3,0.1
18418,7319,18,3,0
18419,7319,2,1,0
18420,7319,8,3,0
18421,7320,9,1,0.15
18422,7320,9,1,0.15
18423,7320,11,1,0.1
18424,7320,21,2,0
18425,7321,14,3,0.2
18426,7321,4,3,0
18427,7321,13,2,0
18428,7322,17,3,0
18429,7322,12,1,0
18430,7322,11,2,0.15
18431,7322,11,1,0.1
18432,7323,21,2,0.1
18433,7323,3,2,0
18434,7324,21,3,0.1
18435,7324,14,2,0
18436,7325,14,1,0
18437,7325,23,3,0
18438,7325,13,2,0
18439,7325,11,1,0
18440,7326,24,3,0.1
18441,7327,10,1,0.15
18442,7327,8,1,0
18443,7328,12,2,0
18444,7328,16,3,0.2
18445,7329,1,3,0.1
18446,7329,1,2,0
18447,7330,7,3,0.2
18448,7330,2,1,0
18449,7331,24,2,0
18450,7331,5,3,0.2
18451,7331,15,3,0
18452,7332,16,1,0
18453,7332,23,2,0
18454,7332,20,2,0
18455,7333,24,1,0.2
18456,7333,19,2,0
18457,7333,20,2,0
18458,7334,7,3,0.2
18459,7334,7,1,0.15
18460,7335,4,1,0
18461,7336,23,3,0.15
18462,7336,9,1,0.1
18463,7336,17,1,0.15
18464,7337,8,2,0.1
18465,7337,14,1,0
18466,7337,4,3,0.2
18467,7338,12,3,0.1
18468,7338,3,1,0.1
18469,7339,24,2,0
18470,7339,10,1,0
18471,7340,17,2,0.2
18472,7340,10,1,0
18473,7340,14,2,0.1
18474,7340,4,1,0
18475,7341,9,1,0
18476,7341,23,3,0.15
18477,7341,18,3,0.2
18478,7342,23,3,0.15
18479,7342,7,3,0.15
18480,7342,7,3,0
18481,7343,3,1,0.2
18482,7344,18,1,0.15
18483,7344,17,2,0.1
18484,7345,4,1,0
18485,7345,1,1,0
18486,7346,1,3,0
18487,7346,19,2,0.15
18488,7346,17,2,0
18489,7347,4,3,0.15
18490,7347,17,3,0.15
18491,7347,13,2,0
18492,7348,10,2,0.2
18493,7348,7,1,0.2
18494,7348,22,1,0
18495,7348,10,3,0
18496,7349,22,2,0.1
18497,7349,18,1,0.2
18498,7350,18,1,0
18499,7350,23,1,0.2
18500,7351,11,3,0
18501,7351,13,2,0.2
18502,7352,14,3,0
18503,7353,7,3,0
18504,7354,17,3,0
18505,7354,18,3,0.1
18506,7355,6,3,0
18507,7355,7,1,0.15
18508,7355,4,3,0
18509,7355,6,2,0.1
18510,7356,16,3,0
18511,7356,24,2,0.1
18512,7357,22,3,0
18513,7357,10,2,0.15
18514,7357,23,3,0
18515,7357,20,1,0.15
18516,7358,23,2,0.1
18517,7359,19,1,0.15
18518,7359,7,3,0
18519,7359,8,3,0
18520,7359,24,2,0.1
18521,7360,5,1,0
18522,7360,9,3,0
18523,7360,17,2,0.1
18524,7361,10,3,0.2
18525,7362,5,3,0
18526,7363,9,1,0.1
18527,7364,3,3,0
18528,7364,1,1,0.1
18529,7365,8,2,0.1
18530,7365,8,1,0.15
18531,7365,21,3,0.1
18532,7365,4,2,0
18533,7366,8,3,0.2
18534,7366,6,1,0
18535,7366,7,1,0
18536,7367,8,2,0
18537,7368,4,1,0.2
18538,7368,11,1,0
18539,7369,1,2,0.1
18540,7369,20,1,0
18541,7370,24,2,0
18542,7370,22,1,0.15
18543,7370,24,2,0.1
18544,7371,22,1,0.15
18545,7371,22,1,0.1
18546,7371,17,3,0
18547,7371,22,2,0
18548,7372,19,1,0
18549,7372,2,3,0
18550,7372,18,3,0
18551,7372,4,3,0.2
18552,7373,18,3,0
18553,7373,16,1,0
18554,7373,13,3,0.15
18555,7374,5,3,0
18556,7375,11,1,0.2
18557,7376,18,3,0
18558,7376,3,1,0
18559,7376,9,1,0.15
18560,7376,22,3,0.15
18561,7377,11,1,0
18562,7377,1,1,0.15
18563,7377,11,1,0.1
18564,7377,21,2,0
18565,7378,15,3,0
18566,7378,9,1,0.2
18567,7378,21,3,0.1
18568,7378,19,3,0
18569,7379,5,1,0
18570,7380,16,2,0
18571,7380,7,3,0.15
18572,7381,10,3,0.1
18573,7381,10,3,0
18574,7382,15,1,0
18575,7383,8,2,0
18576,7384,1,3,0
18577,7384,14,1,0.1
18578,7385,24,1,0
18579,7385,14,3,0
18580,7385,1,3,0.1
18581,7386,6,1,0.2
18582,7386,3,1,0
18583,7386,2,2,0
18584,7386,13,2,0
18585,7387,2,3,0.15
18586,7387,14,2,0.1
18587,7387,16,1,0.1
18588,7387,11,1,0
18589,7388,23,3,0
18590,7388,11,2,0
18591,7388,17,1,0.15
18592,7389,2,3,0.1
18593,7389,13,1,0
18594,7389,20,3,0
18595,7389,7,2,0
18596,7390,5,3,0
18597,7390,24,3,0.2
18598,7390,11,2,0
18599,7391,8,1,0.15
18600,7391,7,1,0.1
18601,7391,18,1,0.2
18602,7391,13,3,0.15
18603,7392,17,2,0.2
18604,7393,3,3,0.2
18605,7393,8,2,0
18606,7394,21,1,0.2
18607,7394,23,2,0
18608,7395,17,3,0.15
18609,7395,18,3,0
18610,7395,13,3,0.2
18611,7396,6,2,0
18612,7396,24,2,0.2
18613,7396,1,2,0
18614,7397,13,2,0.1
18615,7397,14,1,0
18616,7397,18,1,0.15
18617,7398,20,1,0.1
18618,7399,24,1,0
18619,7399,11,1,0
18620,7399,6,2,0
18621,7399,11,3,0.15
18622,7400,11,3,0.1
18623,7401,7,3,0.1
18624,7402,8,2,0.2
18625,7402,7,2,0
18626,7402,22,1,0
18627,7402,10,1,0.15
18628,7403,16,2,0.1
18629,7403,20,3,0
18630,7403,11,3,0
18631,7404,8,1,0.2
18632,7404,19,1,0.15
18633,7404,21,2,0
18634,7404,7,1,0.1
18635,7405,3,2,0
18636,7405,6,3,0
18637,7405,12,2,0
18638,7405,19,3,0.1
18639,7406,9,3,0.15
18640,7406,2,2,0
18641,7406,21,1,0
18642,7406,1,3,0
18643,7407,7,2,0.15
18644,7407,14,1,0.1
18645,7408,3,3,0
18646,7408,23,3,0.15
18647,7409,14,2,0.1
18648,7409,9,2,0.1
18649,7410,23,2,0.2
18650,7410,20,1,0
18651,7411,12,2,0
18652,7412,2,3,0.2
18653,7412,12,2,0.2
18654,7412,7,2,0
18655,7413,14,1,0
18656,7413,13,1,0
18657,7413,17,3,0
18658,7413,22,3,0.1
18659,7414,20,3,0.1
18660,7414,14,3,0.2
18661,7414,20,2,0
18662,7414,11,2,0.15
18663,7415,8,3,0
18664,7416,20,2,0.1
18665,7416,15,3,0.1
18666,7416,21,1,0.1
18667,7417,7,1,0
18668,7417,21,3,0
18669,7417,14,1,0.1
18670,7417,15,1,0.2
18671,7418,19,2,0.1
18672,7418,23,3,0
18673,7418,6,2,0.1
18674,7418,8,2,0
18675,7419,22,2,0
18676,7420,1,2,0.15
18677,7421,22,1,0.2
18678,7421,6,1,0
18679,7422,1,3,0.15
18680,7422,11,3,0
18681,7423,8,3,0
18682,7423,7,2,0.15
18683,7424,22,2,0
18684,7424,23,3,0.15
18685,7425,14,2,0
18686,7425,7,1,0.2
18687,7426,19,3,0.1
18688,7427,23,3,0.15
18689,7427,1,2,0.1
18690,7427,13,3,0.1
18691,7428,12,1,0.15
18692,7428,11,1,0.1
18693,7428,7,2,0.15
18694,7428,2,2,0
18695,7429,15,2,0.1
18696,7429,13,1,0
18697,7429,1,1,0
18698,7430,13,2,0.1
18699,7430,7,1,0.15
18700,7430,18,2,0
18701,7431,2,2,0.15
18702,7431,22,1,0.15
18703,7432,22,1,0.15
18704,7432,3,1,0.15
18705,7432,24,2,0.2
18706,7433,1,1,0
18707,7434,7,2,0
18708,7435,22,3,0
18709,7435,17,1,0
18710,7435,7,1,0.1
18711,7436,16,1,0.15
18712,7436,16,3,0
18713,7436,17,3,0.1
18714,7437,6,3,0.2
18715,7438,20,3,0
18716,7438,13,2,0
18717,7438,12,2,0.15
18718,7438,21,3,0.2
18719,7439,15,3,0
18720,7440,3,3,0.2
18721,7440,15,3,0.1
18722,7440,18,2,0
18723,7441,13,2,0.15
18724,7442,10,3,0
18725,7443,7,3,0.2
18726,7443,7,2,0.2
18727,7443,3,1,0
18728,7443,12,1,0
18729,7444,21,2,0.15
18730,7444,21,3,0
18731,7445,6,2,0.1
18732,7445,12,3,0.15
18733,7446,9,2,0.15
18734,7447,15,3,0
18735,7447,17,3,0
18736,7447,11,1,0.2
18737,7448,21,1,0
18738,7448,5,1,0.2
18739,7448,19,2,0.2
18740,7449,14,1,0
18741,7449,12,2,0
18742,7449,10,1,0
18743,7450,17,3,0.1
18744,7450,11,2,0
18745,7450,22,2,0.1
18746,7450,17,2,0.2
18747,7451,1,3,0
18748,7451,5,3,0.2
18749,7452,21,3,0.1
18750,7452,4,1,0.2
18751,7453,16,1,0
18752,7453,21,1,0
18753,7454,17,2,0
18754,7455,22,3,0.1
18755,7456,19,3,0.15
18756,7456,11,1,0
18757,7456,21,3,0.1
18758,7456,3,3,0
18759,7457,18,3,0
18760,7457,17,1,0.1
18761,7457,15,3,0.1
18762,7457,23,3,0
18763,7458,19,2,0.15
18764,7458,16,1,0.15
18765,7458,7,1,0
18766,7458,9,1,0.15
18767,7459,23,3,0
18768,7459,4,2,0.2
18769,7459,10,1,0
18770,7459,20,2,0
18771,7460,22,3,0
18772,7460,11,2,0
18773,7461,7,2,0
18774,7461,23,2,0.15
18775,7462,14,3,0
18776,7462,20,1,0
18777,7462,14,1,0
18778,7463,24,1,0
18779,7463,9,3,0.1
18780,7463,4,1,0.1
18781,7464,11,1,0.1
18782,7465,22,1,0
18783,7466,19,2,0.2
18784,7467,20,2,0
18785,7467,19,1,0
18786,7467,1,2,0.15
18787,7467,22,1,0.2
18788,7468,13,1,0
18789,7468,17,3,0.1
18790,7468,24,2,0
18791,7469,4,2,0
18792,7470,7,2,0
18793,7470,8,2,0.2
18794,7470,1,3,0.1
18795,7470,2,3,0
18796,7471,1,3,0
18797,7471,2,3,0.1
18798,7471,13,1,0
18799,7472,2,2,0.2
18800,7472,21,3,0
18801,7472,19,3,0.2
18802,7473,6,1,0.15
18803,7473,11,1,0
18804,7473,2,1,0.2
18805,7474,7,2,0
18806,7474,14,2,0
18807,7475,12,2,0
18808,7475,11,2,0
18809,7475,8,2,0.2
18810,7475,23,3,0
18811,7476,11,3,0.1
18812,7477,5,3,0
18813,7477,14,1,0
18814,7477,16,1,0.15
18815,7477,18,3,0
18816,7478,22,2,0
18817,7479,19,1,0
18818,7480,3,3,0
18819,7481,17,2,0.1
18820,7481,23,2,0
18821,7481,6,3,0.15
18822,7482,20,3,0
18823,7483,21,3,0.2
18824,7483,13,1,0
18825,7483,11,3,0.15
18826,7484,13,2,0
18827,7484,18,3,0
18828,7484,2,3,0.2
18829,7484,22,2,0
18830,7485,11,1,0
18831,7485,5,1,0
18832,7485,11,2,0.1
18833,7486,22,1,0
18834,7486,11,3,0.1
18835,7486,17,2,0.1
18836,7487,13,3,0
18837,7487,10,1,0.2
18838,7488,1,2,0.15
18839,7489,21,3,0
18840,7489,4,1,0
18841,7489,18,1,0
18842,7490,7,2,0
18843,7490,21,2,0
18844,7491,20,3,0.2
18845,7491,3,2,0.2
18846,7491,14,1,0.15
18847,7492,14,3,0
18848,7492,8,1,0
18849,7492,1,3,0
18850,7492,12,2,0
18851,7493,1,2,0
18852,7493,16,1,0.2
18853,7493,1,3,0.2
18854,7494,22,1,0.2
18855,7495,8,3,0
18856,7496,4,3,0
18857,7496,20,1,0
18858,7496,16,1,0
18859,7497,19,3,0.1
18860,7497,12,2,0.1
18861,7498,7,1,0
18862,7498,12,2,0
18863,7498,8,2,0
18864,7498,11,1,0
18865,7499,14,2,0.15
18866,7499,5,2,0.1
18867,7500,7,1,0
18868,7500,4,2,0
18869,7500,18,3,0
18870,7500,16,2,0
18871,7501,1,3,0.2
18872,7502,3,1,0
18873,7502,1,1,0.15
18874,7503,14,3,0
18875,7503,14,3,0.15
18876,7503,21,2,0.1
18877,7504,5,1,0.1
18878,7504,4,1,0
18879,7504,17,1,0
18880,7504,19,2,0.2
18881,7505,13,3,0
18882,7506,2,2,0.15
18883,7506,3,1,0
18884,7507,21,3,0
18885,7508,2,2,0.2
18886,7508,4,1,0
18887,7508,13,1,0.2
18888,7508,14,3,0
18889,7509,9,1,0
18890,7509,11,3,0.15
18891,7509,6,1,0
18892,7509,7,3,0.15
18893,7510,8,1,0
18894,7510,15,2,0
18895,7511,15,2,0.1
18896,7511,10,1,0
18897,7511,7,1,0
18898,7512,5,1,0
18899,7513,21,3,0.2
18900,7513,9,2,0
18901,7513,2,3,0.1
18902,7514,2,1,0
18903,7514,13,2,0.1
18904,7514,19,3,0
18905,7515,1,1,0.2
18906,7516,23,3,0.15
18907,7516,1,2,0
18908,7516,2,2,0
18909,7517,22,3,0
18910,7517,3,2,0
18911,7517,23,1,0.1
18912,7517,12,3,0.15
18913,7518,22,2,0
18914,7518,10,2,0.15
18915,7518,4,3,0.2
18916,7518,13,1,0.2
18917,7519,12,2,0.1
18918,7520,9,3,0.15
18919,7520,7,1,0
18920,7520,2,3,0.1
18921,7521,3,1,0
18922,7521,16,3,0
18923,7521,9,3,0
18924,7521,22,3,0.15
18925,7522,4,2,0.1
18926,7523,8,2,0
18927,7524,4,1,0
18928,7525,21,2,0
18929,7525,5,2,0.2
18930,7526,12,2,0
18931,7526,21,1,0
18932,7527,2,2,0
18933,7528,4,1,0
18934,7528,12,1,0
18935,7528,5,1,0.2
18936,7528,7,1,0.1
18937,7529,10,2,0.1
18938,7530,8,1,0
18939,7530,12,2,0.15
18940,7530,16,1,0.2
18941,7530,16,3,0
18942,7531,3,2,0
18943,7531,21,2,0.1
18944,7532,6,2,0
18945,7533,3,3,0
18946,7533,10,2,0
18947,7533,16,2,0.2
18948,7533,3,3,0
18949,7534,15,2,0
18950,7534,19,2,0.15
18951,7534,16,1,0.1
18952,7534,18,2,0.2
18953,7535,16,3,0.15
18954,7536,21,1,0.2
18955,7536,18,3,0.15
18956,7537,17,2,0
18957,7537,14,1,0.15
18958,7537,1,3,0.1
18959,7538,1,3,0.15
18960,7539,21,2,0
18961,7539,8,2,0.1
18962,7540,2,2,0
18963,7540,15,3,0
18964,7540,2,2,0.1
18965,7541,18,3,0.1
18966,7541,7,1,0
18967,7542,9,2,0
18968,7542,18,2,0
18969,7542,6,1,0
18970,7542,24,3,0
18971,7543,1,3,0
18972,7544,20,1,0
18973,7544,1,2,0.15
18974,7544,12,1,0.1
18975,7544,21,2,0
18976,7545,22,3,0
18977,7545,1,1,0.1
18978,7546,8,2,0
18979,7547,23,1,0
18980,7547,18,1,0
18981,7547,2,1,0.15
18982,7548,5,2,0
18983,7548,6,3,0.15
18984,7548,23,3,0
18985,7549,2,3,0.15
18986,7550,15,3,0
18987,7550,4,1,0
18988,7550,2,1,0
18989,7551,24,2,0.2
18990,7552,5,1,0.15
18991,7552,11,2,0
18992,7553,15,2,0.1
18993,7553,11,1,0.2
18994,7553,21,2,0
18995,7554,10,1,0.1
18996,7554,9,1,0.1
18997,7554,13,2,0
18998,7555,19,1,0
18999,7556,23,1,0
19000,7557,22,2,0.1
19001,7557,7,3,0.15
19002,7557,24,2,0
19003,7557,19,3,0
19004,7558,5,1,0.15
19005,7558,4,3,0
19006,7559,24,2,0.2
19007,7560,8,2,0
19008,7560,6,3,0
19009,7560,13,2,0.1
19010,7561,1,2,0
19011,7561,16,2,0
19012,7561,8,1,0.2
19013,7562,19,2,0
19014,7562,17,1,0
19015,7563,24,1,0.15
19016,7563,9,2,0
19017,7563,22,1,0
19018,7564,22,3,0
19019,7565,20,3,0
19020,7565,19,3,0
19021,7566,10,2,0.2
19022,7567,17,2,0
19023,7567,19,3,0
19024,7568,9,3,0
19025,7568,7,1,0.2
19026,7568,15,1,0.2
19027,7568,11,3,0.1
19028,7569,10,1,0
19029,7569,3,1,0.2
19030,7570,21,1,0
19031,7570,18,2,0.2
19032,7570,23,2,0
19033,7571,2,3,0
19034,7571,21,1,0
19035,7572,10,3,0
19036,7572,21,3,0
19037,7572,7,3,0
19038,7572,18,2,0
19039,7573,3,3,0.15
19040,7573,2,3,0.1
19041,7573,4,3,0.1
19042,7574,12,3,0.15
19043,7574,12,2,0
19044,7574,16,1,0
19045,7574,7,2,0.2
19046,7575,4,2,0
19047,7575,21,2,0.1
19048,7575,11,1,0.1
19049,7575,7,3,0.2
19050,7576,24,1,0.2
19051,7576,21,3,0.1
19052,7577,24,1,0
19053,7577,17,2,0
19054,7577,1,2,0.15
19055,7578,18,2,0
19056,7579,23,2,0.1
19057,7579,17,3,0
19058,7579,7,1,0
19059,7580,23,1,0.1
19060,7580,21,1,0
19061,7580,7,2,0
19062,7581,19,3,0.2
19063,7581,11,3,0.1
19064,7582,5,3,0.1
19065,7583,21,1,0
19066,7583,13,1,0
19067,7584,11,1,0.1
19068,7584,13,3,0.1
19069,7584,8,1,0
19070,7584,3,2,0.2
19071,7585,24,3,0
19072,7585,6,1,0.1
19073,7585,24,3,0.15
19074,7586,1,1,0.2
19075,7587,19,1,0.1
19076,7587,22,2,0.2
19077,7588,17,3,0
19078,7589,21,2,0
19079,7589,2,1,0
19080,7590,16,3,0.15
19081,7590,16,1,0
19082,7590,4,2,0
19083,7590,1,2,0.1
19084,7591,5,3,0
19085,7592,1,2,0
19086,7592,5,1,0.15
19087,7592,1,3,0
19088,7592,14,3,0.2
19089,7593,11,2,0.1
19090,7593,7,1,0.2
19091,7593,9,3,0
19092,7593,19,3,0.2
19093,7594,11,3,0
19094,7594,10,2,0.2
19095,7594,14,3,0
19096,7594,18,3,0
19097,7595,6,3,0
19098,7595,13,2,0
19099,7595,13,3,0
19100,7596,7,2,0.1
19101,7597,4,1,0.15
19102,7598,4,3,0.2
19103,7598,6,2,0
19104,7598,7,3,0.15
19105,7599,6,2,0
19106,7599,8,3,0
19107,7600,6,1,0
19108,7600,1,1,0
19109,7601,8,2,0
19110,7601,23,2,0.15
19111,7602,9,3,0
19112,7602,15,3,0.2
19113,7603,9,1,0.15
19114,7603,1,3,0
19115,7604,24,1,0
19116,7604,5,1,0
19117,7604,17,3,0
19118,7605,3,1,0.2
19119,7605,9,1,0.15
19120,7606,4,2,0
19121,7606,5,2,0.15
19122,7607,19,1,0
19123,7607,16,1,0.15
19124,7608,12,1,0.2
19125,7608,21,2,0
19126,7608,19,2,0
19127,7609,14,1,0
19128,7609,1,1,0
19129,7609,6,1,0
19130,7609,4,2,0
19131,7610,5,2,0.1
19132,7610,18,3,0
19133,7610,15,1,0
19134,7611,18,2,0
19135,7611,11,1,0.1
19136,7611,16,3,0.15
19137,7611,12,3,0
19138,7612,2,1,0
19139,7612,21,1,0
19140,7612,1,3,0.15
19141,7612,24,1,0.1
19142,7613,10,1,0
19143,7613,16,3,0.15
19144,7613,5,1,0
19145,7613,7,2,0
19146,7614,19,3,0.1
19147,7615,13,3,0
19148,7615,4,1,0
19149,7616,14,3,0
19150,7616,5,1,0.15
19151,7617,14,1,0.15
19152,7617,9,1,0.15
19153,7617,16,3,0
19154,7617,9,1,0
19155,7618,6,3,0.15
19156,7618,2,2,0
19157,7618,5,1,0.1
19158,7618,16,2,0.15
19159,7619,23,2,0
19160,7619,8,3,0.15
19161,7620,5,3,0.15
19162,7620,10,3,0
19163,7621,11,3,0.2
19164,7621,10,3,0.2
19165,7621,8,2,0.2
19166,7621,16,3,0
19167,7622,12,2,0
19168,7622,23,1,0.2
19169,7622,4,1,0.1
19170,7623,14,2,0.2
19171,7623,4,2,0
19172,7624,8,1,0
19173,7624,9,3,0.1
19174,7624,12,3,0
19175,7625,18,1,0.1
19176,7625,11,1,0
19177,7626,17,1,0.1
19178,7626,3,3,0.1
19179,7626,18,1,0
19180,7627,14,1,0
19181,7627,17,2,0.15
19182,7627,18,1,0
19183,7627,4,1,0
19184,7628,18,1,0.1
19185,7629,8,2,0
19186,7629,16,3,0.2
19187,7630,12,1,0
19188,7630,19,2,0
19189,7630,21,2,0.1
19190,7631,23,2,0.1
19191,7632,18,1,0.15
19192,7632,24,3,0
19193,7633,12,2,0
19194,7633,1,2,0
19195,7633,11,3,0.1
19196,7634,17,1,0.1
19197,7634,2,2,0.1
19198,7634,22,3,0.2
19199,7635,20,1,0
19200,7635,3,3,0
19201,7636,13,3,0.2
19202,7636,10,1,0.15
19203,7636,23,3,0
19204,7637,9,2,0
19205,7637,16,3,0.2
19206,7638,5,2,0
19207,7638,17,1,0
19208,7638,22,2,0
19209,7638,19,1,0.2
19210,7639,2,1,0.15
19211,7639,7,3,0
19212,7639,9,3,0.15
19213,7639,24,3,0.2
19214,7640,5,3,0.1
19215,7640,16,2,0
19216,7641,21,3,0.15
19217,7641,7,1,0.2
19218,7641,21,2,0
19219,7641,9,3,0
19220,7642,12,3,0.2
19221,7642,24,2,0
19222,7642,7,3,0
19223,7643,9,3,0.2
19224,7643,4,3,0
19225,7644,3,2,0
19226,7645,12,1,0.2
19227,7645,20,1,0
19228,7646,19,2,0.1
19229,7646,10,2,0.15
19230,7646,10,2,0
19231,7646,2,1,0
19232,7647,15,2,0
19233,7647,2,1,0
19234,7647,10,3,0.15
19235,7647,24,2,0.2
19236,7648,13,2,0
19237,7648,2,3,0.2
19238,7649,16,1,0
19239,7649,1,3,0
19240,7649,1,2,0.2
19241,7649,22,3,0
19242,7650,10,3,0.2
19243,7650,15,2,0.15
19244,7650,11,1,0.15
19245,7650,8,3,0
19246,7651,15,1,0
19247,7651,4,3,0
19248,7652,17,1,0.2
19249,7652,9,1,0.1
19250,7653,1,3,0.1
19251,7653,8,1,0.15
19252,7653,12,2,0.2
19253,7653,16,2,0.15
19254,7654,23,2,0
19255,7654,13,1,0.1
19256,7654,4,2,0
19257,7654,21,3,0.1
19258,7655,1,2,0.15
19259,7655,14,2,0.15
19260,7656,21,3,0
19261,7656,17,3,0
19262,7656,10,3,0.2
19263,7656,13,1,0
19264,7657,3,2,0
19265,7657,23,2,0.1
19266,7658,22,1,0.15
19267,7658,18,2,0
19268,7658,10,3,0
19269,7659,8,1,0
19270,7659,23,2,0
19271,7659,3,2,0
19272,7660,10,3,0
19273,7661,23,2,0
19274,7661,11,3,0
19275,7661,16,3,0.15
19276,7662,24,3,0.2
19277,7663,17,1,0
19278,7663,1,1,0
19279,7664,14,2,0
19280,7664,13,1,0.1
19281,7665,8,2,0.2
19282,7665,12,3,0
19283,7666,19,2,0.2
19284,7667,15,2,0.2
19285,7667,10,3,0.1
19286,7668,20,1,0
19287,7668,16,2,0.1
19288,7669,2,2,0
19289,7670,17,3,0.1
19290,7670,16,2,0.1
19291,7670,7,1,0.1
19292,7671,21,1,0
19293,7671,8,2,0.1
19294,7671,15,1,0.2
19295,7672,6,3,0.2
19296,7673,11,2,0.15
19297,7674,3,3,0
19298,7674,17,3,0.15
19299,7675,13,1,0
19300,7675,14,1,0.1
19301,7675,8,2,0.1
19302,7676,21,2,0
19303,7676,1,2,0
19304,7677,13,3,0
19305,7678,8,2,0.2
19306,7678,4,2,0.2
19307,7678,9,3,0
19308,7678,4,2,0
19309,7679,24,1,0.2
19310,7680,7,3,0.2
19311,7680,12,2,0.1
19312,7680,22,3,0.1
19313,7680,24,2,0
19314,7681,20,3,0
19315,7681,10,1,0.2
19316,7682,4,3,0
19317,7682,24,1,0.2
19318,7683,23,1,0.1
19319,7683,13,2,0
19320,7683,1,3,0.2
19321,7683,21,3,0
19322,7684,11,1,0.1
19323,7684,17,2,0
19324,7684,18,3,0.2
19325,7684,14,3,0
19326,7685,20,1,0
19327,7686,8,2,0.2
19328,7687,14,2,0.1
19329,7687,13,2,0
19330,7687,7,1,0.2
19331,7688,7,2,0
19332,7688,4,2,0.1
19333,7688,14,3,0.15
19334,7689,24,2,0
19335,7689,13,1,0.2
19336,7689,13,1,0
19337,7690,17,1,0
19338,7690,22,2,0.2
19339,7691,6,2,0
19340,7691,18,3,0.2
19341,7691,16,1,0.2
19342,7691,1,1,0
19343,7692,21,2,0.1
19344,7692,6,2,0.15
19345,7692,16,3,0
19346,7693,14,2,0.15
19347,7694,14,2,0.2
19348,7694,17,3,0.1
19349,7694,22,1,0.2
19350,7694,18,1,0.2
19351,7695,7,1,0.15
19352,7696,2,3,0
19353,7696,3,2,0.15
19354,7696,10,1,0.1
19355,7696,22,1,0
19356,7697,14,1,0.15
19357,7697,22,1,0.1
19358,7697,5,3,0.15
19359,7698,4,1,0.1
19360,7698,17,1,0.2
19361,7698,8,1,0
19362,7699,21,2,0
19363,7699,21,3,0
19364,7700,9,1,0
19365,7700,2,2,0.15
19366,7700,18,1,0.2
19367,7700,1,3,0.1
19368,7701,14,3,0.1
19369,7702,22,2,0
19370,7703,4,1,0.1
19371,7703,1,3,0
19372,7703,19,2,0.2
19373,7703,4,3,0.2
19374,7704,17,2,0
19375,7704,7,2,0.2
19376,7704,2,3,0.15
19377,7705,21,1,0
19378,7705,23,2,0.15
19379,7705,12,2,0
19380,7705,5,2,0.1
19381,7706,2,3,0.1
19382,7707,8,3,0
19383,7707,15,1,0.15
19384,7708,4,2,0.15
19385,7708,7,3,0
19386,7708,3,3,0
19387,7709,9,1,0.15
19388,7709,5,2,0
19389,7709,20,3,0.15
19390,7709,20,1,0
19391,7710,10,3,0.15
19392,7711,23,2,0
19393,7711,11,1,0
19394,7711,13,2,0.15
19395,7712,8,1,0.1
19396,7712,16,2,0.2
19397,7712,4,3,0
19398,7712,8,1,0.2
19399,7713,9,1,0
19400,7713,23,1,0.15
19401,7714,12,3,0.15
19402,7715,12,1,0
19403,7715,4,1,0
19404,7715,19,1,0
19405,7716,10,1,0.15
19406,7716,24,3,0.2
19407,7716,18,1,0.15
19408,7716,15,2,0
19409,7717,18,1,0
19410,7717,4,1,0
19411,7717,15,3,0.2
19412,7717,12,3,0.15
19413,7718,14,1,0
19414,7718,13,1,0
19415,7719,1,1,0.2
19416,7719,13,3,0.2
19417,7719,6,2,0.15
19418,7719,21,3,0.1
19419,7720,14,3,0
19420,7721,3,3,0
19421,7721,10,1,0
19422,7722,15,3,0.1
19423,7722,1,1,0
19424,7723,23,2,0
19425,7723,4,2,0.2
19426,7723,1,2,0
19427,7724,2,3,0
19428,7724,14,2,0.1
19429,7724,8,1,0
19430,7724,13,2,0
19431,7725,5,2,0
19432,7726,5,2,0.15
19433,7726,15,3,0.2
19434,7727,15,1,0
19435,7728,15,2,0
19436,7729,21,3,0
19437,7730,1,1,0
19438,7730,9,2,0
19439,7730,16,2,0
19440,7730,3,2,0.2
19441,7731,3,1,0
19442,7731,13,2,0.15
19443,7731,7,3,0
19444,7731,5,2,0.1
19445,7732,11,3,0.2
19446,7732,12,2,0
19447,7732,24,1,0.2
19448,7732,24,1,0.2
19449,7733,2,3,0.2
19450,7733,19,1,0
19451,7733,13,2,0
19452,7733,21,3,0
19453,7734,20,1,0.2
19454,7735,6,1,0
19455,7735,15,3,0.2
19456,7735,1,2,0
19457,7735,15,3,0.1
19458,7736,15,3,0
19459,7736,13,1,0
19460,7737,7,3,0.15
19461,7738,11,2,0.1
19462,7738,11,2,0
19463,7738,2,1,0.1
19464,7739,2,3,0
19465,7739,8,1,0.2
19466,7740,19,2,0
19467,7740,4,3,0
19468,7740,8,2,0.15
19469,7741,19,1,0.15
19470,7742,10,3,0.1
19471,7742,15,1,0.15
19472,7742,23,3,0
19473,7742,16,1,0
19474,7743,16,1,0
19475,7743,20,1,0
19476,7744,16,2,0
19477,7744,14,1,0.15
19478,7744,10,1,0.1
19479,7744,4,2,0.2
19480,7745,19,2,0.1
19481,7745,15,2,0.2
19482,7746,9,1,0.1
19483,7746,22,1,0
19484,7746,19,3,0.15
19485,7747,6,1,0
19486,7747,5,3,0
19487,7747,17,3,0
19488,7747,8,3,0
19489,7748,21,2,0.15
19490,7748,15,1,0
19491,7748,14,1,0
19492,7749,3,2,0
19493,7749,22,2,0.1
19494,7749,11,1,0
19495,7749,22,2,0.1
19496,7750,2,2,0.2
19497,7750,15,1,0
19498,7750,13,3,0
19499,7750,16,2,0.15
19500,7751,14,2,0
19501,7751,23,2,0.2
19502,7751,23,2,0
19503,7751,7,2,0
19504,7752,21,3,0
19505,7752,6,2,0.15
19506,7753,22,1,0.1
19507,7753,15,1,0
19508,7753,8,1,0
19509,7754,8,2,0
19510,7754,3,1,0
19511,7755,12,1,0.2
19512,7755,20,3,0
19513,7756,18,2,0.15
19514,7756,11,1,0.2
19515,7756,10,3,0
19516,7756,8,3,0.15
19517,7757,17,2,0.1
19518,7757,9,3,0.1
19519,7758,14,2,0.15
19520,7758,9,1,0
19521,7759,9,1,0
19522,7759,8,1,0
19523,7759,10,3,0
19524,7759,18,1,0.1
19525,7760,7,3,0.15
19526,7761,6,1,0.2
19527,7761,14,2,0.15
19528,7761,11,2,0.15
19529,7761,24,1,0.1
19530,7762,3,1,0.2
19531,7763,23,3,0
19532,7763,7,2,0
19533,7763,13,2,0
19534,7763,6,2,0
19535,7764,9,1,0
19536,7764,8,3,0
19537,7764,21,3,0.1
19538,7765,2,3,0.15
19539,7765,22,3,0
19540,7766,5,1,0
19541,7766,15,2,0
19542,7766,11,3,0.2
19543,7766,20,3,0
19544,7767,6,1,0.1
19545,7767,7,3,0.1
19546,7768,3,3,0
19547,7768,13,3,0.1
19548,7769,21,2,0
19549,7769,13,2,0
19550,7769,12,2,0
19551,7770,13,1,0
19552,7770,14,3,0
19553,7770,17,3,0.15
19554,7770,22,2,0.15
19555,7771,8,3,0.1
19556,7772,12,2,0.2
19557,7772,20,1,0
19558,7772,2,1,0
19559,7773,23,1,0.1
19560,7774,10,3,0.1
19561,7775,23,1,0.1
19562,7776,15,3,0.1
19563,7776,17,2,0.1
19564,7777,2,2,0.15
19565,7777,15,2,0.2
19566,7777,2,1,0
19567,7777,5,2,0.2
19568,7778,8,3,0
19569,7778,21,3,0
19570,7778,2,2,0
19571,7779,1,3,0
19572,7779,24,2,0
19573,7780,23,2,0
19574,7780,5,1,0
19575,7780,19,2,0
19576,7780,12,1,0.2
19577,7781,23,1,0
19578,7781,17,3,0.1
19579,7781,11,2,0.15
19580,7781,6,3,0
19581,7782,10,1,0.1
19582,7782,15,1,0
19583,7783,18,3,0.1
19584,7783,13,1,0.2
19585,7784,19,1,0
19586,7784,11,2,0
19587,7785,4,2,0
19588,7786,7,1,0.2
19589,7787,13,2,0.2
19590,7787,4,2,0
19591,7787,4,3,0
19592,7788,23,3,0
19593,7788,23,2,0.1
19594,7788,21,1,0.2
19595,7789,10,1,0
19596,7790,14,2,0.2
19597,7791,3,2,0.2
19598,7792,18,2,0
19599,7792,20,1,0
19600,7792,7,3,0.15
19601,7793,21,3,0.2
19602,7793,10,1,0.1
19603,7793,11,2,0
19604,7793,5,1,0
19605,7794,17,1,0
19606,7795,14,2,0
19607,7795,5,3,0.2
19608,7796,8,3,0
19609,7797,19,3,0.2
19610,7797,13,3,0
19611,7797,14,3,0
19612,7798,5,1,0.2
19613,7798,2,2,0
19614,7799,12,3,0.15
19615,7799,5,3,0
19616,7799,17,3,0.2
19617,7799,4,2,0.15
19618,7800,19,3,0
19619,7800,6,1,0
19620,7801,23,2,0
19621,7801,3,2,0
19622,7801,3,2,0
19623,7801,2,3,0.2
19624,7802,13,1,0.15
19625,7802,17,2,0
19626,7802,6,2,0
19627,7803,8,2,0.15
19628,7803,1,1,0.1
19629,7803,2,3,0
19630,7804,2,2,0.2
19631,7805,24,2,0
19632,7806,20,2,0
19633,7806,13,1,0.1
19634,7806,13,3,0.2
19635,7806,18,1,0
19636,7807,14,1,0
19637,7807,2,1,0
19638,7807,12,1,0
19639,7807,10,2,0
19640,7808,14,3,0.1
19641,7808,21,1,0.1
19642,7809,6,3,0
19643,7809,17,2,0
19644,7810,15,1,0
19645,7810,13,3,0
19646,7810,20,2,0
19647,7811,5,3,0
19648,7812,10,1,0.1
19649,7812,5,1,0
19650,7812,5,3,0.1
19651,7812,8,3,0.15
19652,7813,10,2,0.1
19653,7813,24,1,0.1
19654,7813,12,1,0.1
19655,7814,2,2,0.15
19656,7814,17,1,0.1
19657,7815,23,1,0.1
19658,7815,1,2,0
19659,7816,14,1,0
19660,7816,21,3,0.1
19661,7817,4,3,0
19662,7817,21,1,0
19663,7817,3,1,0
19664,7818,13,1,0
19665,7819,2,1,0
19666,7819,7,2,0.2
19667,7820,20,3,0.2
19668,7820,3,1,0
19669,7821,8,3,0.1
19670,7821,4,2,0
19671,7822,19,3,0.15
19672,7823,16,2,0
19673,7824,24,3,0
19674,7824,17,2,0.2
19675,7824,6,3,0.1
19676,7825,23,3,0.1
19677,7825,1,2,0
19678,7826,2,1,0
19679,7826,7,1,0
19680,7827,6,3,0.15
19681,7828,7,2,0.15
19682,7828,16,1,0.15
19683,7828,7,3,0
19684,7828,6,3,0
19685,7829,20,2,0.2
19686,7829,11,2,0.15
19687,7830,24,1,0.2
19688,7830,10,3,0.15
19689,7830,9,3,0.1
19690,7830,9,2,0.15
19691,7831,1,1,0.1
19692,7831,20,2,0
19693,7831,9,1,0
19694,7831,16,3,0.2
19695,7832,20,3,0
19696,7832,4,3,0
19697,7833,11,1,0
19698,7833,1,3,0
19699,7834,14,1,0
19700,7834,10,1,0
19701,7834,6,1,0.2
19702,7835,15,3,0
19703,7836,13,3,0.2
19704,7837,1,3,0.1
19705,7838,6,1,0
19706,7838,20,1,0.1
19707,7838,3,3,0
19708,7838,6,2,0
19709,7839,11,2,0.2
19710,7839,22,3,0
19711,7839,13,1,0
19712,7839,8,1,0.15
19713,7840,22,2,0.1
19714,7840,13,1,0.15
19715,7841,18,1,0
19716,7841,22,1,0
19717,7842,21,1,0
19718,7842,4,3,0.15
19719,7842,14,1,0
19720,7843,11,2,0
19721,7843,20,3,0.15
19722,7843,23,2,0.15
19723,7843,2,3,0.1
19724,7844,8,3,0.2
19725,7844,3,2,0
19726,7844,5,1,0
19727,7845,9,3,0
19728,7845,16,3,0.1
19729,7845,5,1,0
19730,7846,9,2,0.15
19731,7847,7,1,0
19732,7847,18,3,0.15
19733,7848,18,2,0.15
19734,7848,15,1,0.15
19735,7849,3,1,0.1
19736,7850,20,3,0.15
19737,7851,12,2,0.15
19738,7852,16,1,0
19739,7852,23,2,0.15
19740,7852,20,2,0
19741,7853,22,2,0
19742,7853,9,1,0.15
19743,7853,17,2,0
19744,7853,17,1,0
19745,7854,11,3,0.15
19746,7854,18,1,0.1
19747,7854,14,3,0.15
19748,7854,4,2,0
19749,7855,2,1,0.15
19750,7856,14,2,0.15
19751,7856,5,3,0
19752,7856,21,2,0.2
19753,7856,5,2,0
19754,7857,24,2,0.15
19755,7858,1,3,0
19756,7858,21,1,0.1
19757,7859,20,1,0
19758,7859,1,1,0.1
19759,7859,7,3,0.1
19760,7859,8,2,0.2
19761,7860,9,3,0
19762,7860,9,1,0.1
19763,7860,5,2,0.15
19764,7861,19,1,0
19765,7862,24,1,0
19766,7862,16,2,0.2
19767,7862,23,3,0
19768,7863,17,1,0.1
19769,7863,2,1,0.15
19770,7863,7,3,0.1
19771,7863,23,3,0.1
19772,7864,4,1,0
19773,7864,7,2,0
19774,7864,19,1,0
19775,7864,2,1,0.2
19776,7865,24,2,0
19777,7865,5,2,0.1
19778,7865,2,2,0.15
19779,7866,18,1,0
19780,7866,24,3,0
19781,7866,13,1,0
19782,7866,23,3,0
19783,7867,14,2,0
19784,7867,2,1,0.15
19785,7868,10,1,0
19786,7868,15,1,0.2
19787,7869,23,3,0
19788,7869,16,3,0
19789,7869,13,3,0
19790,7870,15,1,0
19791,7870,16,1,0
19792,7871,16,1,0
19793,7871,5,1,0
19794,7871,4,2,0
19795,7872,10,3,0
19796,7872,15,2,0.2
19797,7872,7,1,0.2
19798,7873,14,1,0
19799,7873,19,3,0
19800,7873,16,2,0
19801,7874,16,2,0
19802,7874,18,1,0
19803,7874,4,2,0
19804,7874,18,2,0
19805,7875,3,2,0.15
19806,7876,14,3,0.2
19807,7876,10,3,0.1
19808,7877,8,2,0.2
19809,7877,9,1,0
19810,7877,8,1,0
19811,7877,7,3,0.15
19812,7878,7,3,0.15
19813,7878,21,1,0.2
19814,7878,19,1,0.2
19815,7879,3,1,0.1
19816,7879,16,1,0.15
19817,7879,1,3,0.15
19818,7880,22,1,0.2
19819,7880,17,1,0.1
19820,7880,9,1,0.2
19821,7881,23,1,0.2
19822,7881,2,1,0.2
19823,7881,12,1,0
19824,7882,7,2,0
19825,7882,13,2,0
19826,7883,7,2,0.15
19827,7883,18,2,0.2
19828,7883,23,3,0.2
19829,7883,13,2,0
19830,7884,24,1,0
19831,7885,23,2,0.1
19832,7885,16,1,0
19833,7886,6,1,0
19834,7886,19,3,0
19835,7887,18,3,0
19836,7888,9,2,0.1
19837,7888,23,3,0.1
19838,7888,4,3,0.15
19839,7889,1,3,0.2
19840,7890,10,2,0
19841,7890,1,2,0.15
19842,7891,17,3,0
19843,7892,6,1,0.1
19844,7892,21,1,0
19845,7893,7,2,0
19846,7893,6,3,0
19847,7893,2,3,0.1
19848,7894,12,2,0
19849,7895,11,3,0
19850,7895,2,3,0.15
19851,7895,8,2,0.1
19852,7895,21,2,0.2
19853,7896,23,2,0
19854,7896,13,2,0
19855,7896,18,2,0.1
19856,7896,12,1,0.1
19857,7897,3,2,0.2
19858,7897,22,3,0
19859,7897,21,3,0
19860,7898,19,1,0
19861,7898,2,1,0
19862,7899,15,2,0.15
19863,7900,21,1,0
19864,7900,13,2,0.15
19865,7900,14,3,0.15
19866,7900,22,3,0.15
19867,7901,16,3,0
19868,7901,1,2,0
19869,7902,20,2,0
19870,7902,20,1,0
19871,7902,13,2,0
19872,7902,22,3,0.15
19873,7903,8,3,0.1
19874,7903,8,3,0
19875,7904,1,2,0
19876,7904,16,2,0.15
19877,7904,7,2,0.2
19878,7904,8,2,0
19879,7905,13,3,0
19880,7905,10,1,0
19881,7905,11,2,0
19882,7905,11,3,0
19883,7906,22,1,0
19884,7906,22,3,0.1
19885,7906,13,2,0.2
19886,7907,18,1,0
19887,7908,19,1,0.1
19888,7908,13,1,0
19889,7909,19,1,0
19890,7909,19,2,0
19891,7910,17,2,0
19892,7910,16,2,0
19893,7910,19,1,0
19894,7910,16,3,0.15
19895,7911,5,3,0
19896,7911,6,2,0.15
19897,7911,14,2,0
19898,7912,6,1,0.15
19899,7913,8,2,0
19900,7913,10,1,0
19901,7914,21,3,0.15
19902,7914,24,2,0.15
19903,7915,24,1,0.2
19904,7916,23,2,0.1
19905,7916,8,3,0.15
19906,7916,12,2,0.15
19907,7916,12,1,0.2
19908,7917,12,2,0.2
19909,7917,14,3,0
19910,7918,18,1,0
19911,7918,13,3,0
19912,7918,8,1,0
19913,7918,8,2,0
19914,7919,24,3,0.1
19915,7919,14,3,0
19916,7920,20,1,0
19917,7920,1,2,0.2
19918,7920,2,3,0
19919,7921,19,3,0.15
19920,7921,7,1,0.2
19921,7921,24,2,0
19922,7921,13,3,0.1
19923,7922,4,3,0.1
19924,7922,10,3,0.1
19925,7922,24,2,0
19926,7923,22,2,0
19927,7923,10,2,0.2
19928,7923,24,2,0.2
19929,7924,14,2,0
19930,7924,18,3,0
19931,7924,5,2,0
19932,7925,7,3,0
19933,7925,10,2,0.1
19934,7925,15,3,0.1
19935,7925,18,3,0
19936,7926,24,2,0
19937,7926,8,3,0.15
19938,7926,2,1,0
19939,7927,11,2,0.15
19940,7927,2,3,0.1
19941,7928,5,1,0
19942,7928,21,3,0
19943,7928,21,1,0.2
19944,7928,2,1,0
19945,7929,13,2,0
19946,7930,4,3,0.2
19947,7931,24,1,0.15
19948,7931,24,3,0
19949,7932,10,2,0
19950,7932,21,2,0.15
19951,7932,8,2,0.15
19952,7933,6,3,0.1
19953,7933,15,3,0.15
19954,7934,4,1,0
19955,7934,1,1,0
19956,7934,10,2,0
19957,7934,4,1,0
19958,7935,14,1,0.1
19959,7936,9,3,0.15
19960,7936,19,1,0.1
19961,7936,11,3,0
19962,7937,7,3,0.2
19963,7938,14,3,0.2
19964,7939,13,3,0.1
19965,7939,16,2,0.2
19966,7939,18,3,0
19967,7940,24,1,0
19968,7940,17,2,0
19969,7940,10,3,0
19970,7940,21,2,0
19971,7941,11,3,0
19972,7941,5,2,0.1
19973,7941,4,1,0
19974,7942,4,3,0.2
19975,7942,24,1,0
19976,7942,12,3,0
19977,7942,4,1,0
19978,7943,12,1,0.2
19979,7944,16,3,0.2
19980,7944,9,3,0.1
19981,7944,10,2,0.1
19982,7944,8,3,0.15
19983,7945,5,1,0.1
19984,7945,13,1,0
19985,7946,22,2,0
19986,7946,22,1,0
19987,7946,18,1,0
19988,7946,23,2,0
19989,7947,16,1,0.15
19990,7948,11,1,0
19991,7948,11,2,0
19992,7948,13,3,0
19993,7949,16,3,0.15
19994,7949,7,2,0.15
19995,7949,9,3,0
19996,7949,7,1,0
19997,7950,1,1,0
19998,7951,21,2,0.2
19999,7951,22,3,0
20000,7951,21,3,0
20001,7951,15,1,0
20002,7952,24,3,0
20003,7952,21,1,0.15
20004,7952,20,2,0.2
20005,7952,8,2,0
20006,7953,24,2,0
20007,7953,23,3,0
20008,7953,2,1,0
20009,7954,22,3,0.2
20010,7954,7,1,0
20011,7954,6,1,0.15
20012,7954,1,1,0.2
20013,7955,11,2,0
20014,7955,2,2,0
20015,7955,24,2,0
20016,7955,6,1,0.2
20017,7956,16,3,0
20018,7956,8,3,0
20019,7956,21,1,0.15
20020,7957,21,1,0
20021,7957,17,1,0
20022,7958,3,3,0
20023,7959,15,3,0.2
20024,7959,22,1,0.2
20025,7960,11,2,0
20026,7960,15,3,0.1
20027,7960,4,3,0
20028,7961,1,3,0
20029,7961,4,3,0.1
20030,7961,14,3,0.15
20031,7962,15,1,0.1
20032,7963,21,3,0
20033,7964,14,1,0
20034,7964,24,3,0.15
20035,7964,14,2,0.1
20036,7965,9,1,0
20037,7965,9,3,0.15
20038,7966,19,2,0.15
20039,7966,12,1,0.15
20040,7966,20,1,0
20041,7967,10,1,0
20042,7967,18,2,0.15
20043,7968,21,2,0
20044,7968,20,3,0
20045,7969,18,3,0.1
20046,7969,16,2,0.2
20047,7969,3,1,0.1
20048,7969,3,2,0
20049,7970,9,1,0.2
20050,7970,7,2,0.1
20051,7970,17,2,0
20052,7971,1,2,0
20053,7971,3,1,0.2
20054,7972,3,2,0
20055,7972,2,1,0
20056,7973,11,3,0.1
20057,7973,14,3,0
20058,7974,5,3,0
20059,7974,23,3,0.15
20060,7974,2,2,0
20061,7975,13,3,0
20062,7976,23,3,0.15
20063,7976,9,1,0
20064,7976,21,3,0
20065,7976,20,2,0.15
20066,7977,5,2,0.1
20067,7977,3,1,0
20068,7978,5,1,0.15
20069,7978,22,1,0.1
20070,7978,21,3,0
20071,7978,18,1,0
20072,7979,13,2,0.1
20073,7980,9,1,0
20074,7980,6,3,0
20075,7980,19,3,0.2
20076,7980,13,1,0.2
20077,7981,19,1,0
20078,7981,5,3,0
20079,7981,20,1,0.1
20080,7981,1,1,0.15
20081,7982,12,3,0
20082,7983,10,1,0.15
20083,7983,6,1,0.15
20084,7983,3,2,0
20085,7983,9,3,0.1
20086,7984,17,2,0
20087,7984,18,1,0.1
20088,7984,7,2,0.2
20089,7984,14,1,0
20090,7985,2,1,0
20091,7985,23,2,0
20092,7985,24,1,0
20093,7985,23,1,0
20094,7986,20,1,0
20095,7987,22,3,0.15
20096,7988,16,1,0.2
20097,7989,5,1,0.2
20098,7989,19,3,0
20099,7990,1,2,0
20100,7990,15,1,0
20101,7991,13,1,0.15
20102,7991,7,2,0.15
20103,7991,13,2,0
20104,7991,13,2,0
20105,7992,7,1,0
20106,7992,9,2,0
20107,7992,24,2,0
20108,7992,3,3,0.15
20109,7993,18,3,0
20110,7994,4,2,0
20111,7994,12,1,0
20112,7994,3,3,0
20113,7994,11,3,0.2
20114,7995,14,2,0.15
20115,7995,17,3,0.15
20116,7995,20,3,0.1
20117,7995,17,2,0
20118,7996,22,3,0.1
20119,7996,13,3,0
20120,7996,7,2,0
20121,7997,15,3,0.1
20122,7997,13,1,0.15
20123,7998,2,3,0
20124,7999,19,2,0.1
20125,7999,10,1,0
20126,8000,17,1,0
20127,8001,1,1,0.15
20128,8002,20,2,0
20129,8002,18,1,0.15
20130,8002,20,2,0.1
20131,8002,17,3,0
20132,8003,8,2,0
20133,8004,19,2,0.2
20134,8004,7,3,0.1
20135,8004,4,2,0
20136,8004,16,3,0.2
20137,8005,8,2,0
20138,8005,6,3,0
20139,8006,6,1,0.15
20140,8007,15,1,0
20141,8007,3,1,0.1
20142,8007,1,1,0.15
20143,8007,13,1,0
20144,8008,11,3,0.1
20145,8009,21,3,0
20146,8010,21,3,0.2
20147,8010,14,2,0
20148,8011,19,1,0
20149,8011,20,1,0.1
20150,8011,11,3,0.15
20151,8011,6,3,0
20152,8012,21,2,0
20153,8013,11,3,0
20154,8014,20,3,0
20155,8014,15,3,0
20156,8015,20,3,0
20157,8015,7,3,0.1
20158,8016,6,2,0.1
20159,8016,21,3,0.2
20160,8016,22,3,0.2
20161,8016,16,1,0.1
20162,8017,14,3,0
20163,8017,16,3,0
20164,8017,13,2,0.1
20165,8017,10,2,0.15
20166,8018,2,3,0.2
20167,8018,5,3,0.2
20168,8018,4,1,0
20169,8019,2,1,0.1
20170,8019,13,3,0.2
20171,8019,4,3,0
20172,8019,12,2,0
20173,8020,23,1,0.1
20174,8021,7,3,0
20175,8021,7,2,0.1
20176,8021,21,3,0.2
20177,8022,23,3,0.1
20178,8022,3,2,0.15
20179,8022,9,1,0
20180,8023,22,3,0.15
20181,8024,12,3,0.2
20182,8024,18,1,0
20183,8024,13,2,0
20184,8024,6,2,0.1
20185,8025,21,2,0
20186,8026,11,2,0.15
20187,8027,4,2,0
20188,8027,12,2,0
20189,8027,4,1,0.2
20190,8027,6,2,0
20191,8028,3,3,0.1
20192,8028,12,1,0.2
20193,8028,6,1,0.1
20194,8029,19,2,0
20195,8029,8,2,0.2
20196,8029,23,3,0.2
20197,8029,23,1,0.15
20198,8030,6,2,0
20199,8030,24,1,0.1
20200,8031,4,3,0.1
20201,8031,18,3,0.2
20202,8032,1,1,0
20203,8032,19,2,0
20204,8032,11,2,0
20205,8032,23,2,0
20206,8033,8,3,0
20207,8033,4,3,0.1
20208,8033,18,1,0
20209,8034,11,1,0
20210,8034,24,1,0.1
20211,8034,21,1,0
20212,8034,10,1,0.15
20213,8035,22,2,0
20214,8035,2,1,0
20215,8035,10,2,0
20216,8035,4,1,0
20217,8036,23,3,0.1
20218,8036,10,1,0.15
20219,8036,4,1,0
20220,8036,13,1,0
20221,8037,1,3,0
20222,8037,10,2,0
20223,8037,5,3,0
20224,8038,2,3,0
20225,8038,6,2,0
20226,8038,13,3,0
20227,8038,15,2,0
20228,8039,8,2,0
20229,8039,5,3,0.15
20230,8039,17,1,0.2
20231,8039,22,2,0
20232,8040,9,2,0.1
20233,8040,11,1,0.15
20234,8040,13,3,0
20235,8040,22,3,0
20236,8041,3,1,0
20237,8041,8,2,0
20238,8041,17,1,0
20239,8041,12,1,0.1
20240,8042,22,2,0.1
20241,8042,18,3,0.1
20242,8042,4,2,0
20243,8043,6,3,0.15
20244,8043,1,2,0
20245,8043,16,3,0.1
20246,8044,19,1,0
20247,8045,24,3,0
20248,8045,20,3,0.2
20249,8045,13,2,0.2
20250,8045,13,3,0
20251,8046,20,1,0
20252,8046,22,2,0.1
20253,8046,12,3,0
20254,8047,1,3,0.15
20255,8047,22,3,0.2
20256,8047,6,2,0
20257,8048,5,3,0
20258,8049,12,1,0.1
20259,8049,4,1,0.15
20260,8050,15,3,0.2
20261,8051,9,1,0.1
20262,8051,2,1,0
20263,8052,12,3,0.1
20264,8052,24,1,0
20265,8053,9,1,0.1
20266,8053,6,2,0
20267,8053,9,2,0.1
20268,8053,18,1,0.15
20269,8054,3,2,0.15
20270,8055,2,2,0.1
20271,8055,19,3,0.2
20272,8055,7,1,0
20273,8055,23,1,0
20274,8056,13,1,0
20275,8056,13,1,0.15
20276,8057,13,3,0.2
20277,8058,4,3,0
20278,8058,11,3,0.2
20279,8059,4,1,0.1
20280,8059,24,1,0.15
20281,8060,23,2,0.15
20282,8061,16,2,0
20283,8061,22,1,0.1
20284,8062,1,3,0
20285,8063,13,3,0
20286,8063,14,2,0
20287,8064,18,2,0
20288,8064,7,3,0.15
20289,8065,3,2,0.1
20290,8065,11,1,0
20291,8065,16,1,0.15
20292,8065,8,2,0
20293,8066,17,3,0
20294,8067,4,3,0.15
20295,8067,8,1,0
20296,8067,23,3,0
20297,8067,2,1,0
20298,8068,2,3,0
20299,8068,10,1,0.2
20300,8068,20,3,0
20301,8068,21,3,0.1
20302,8069,9,2,0.1
20303,8069,24,2,0.1
20304,8069,20,2,0.1
20305,8070,17,2,0.1
20306,8070,5,2,0
20307,8071,3,3,0.2
20308,8071,3,3,0
20309,8071,8,3,0
20310,8072,3,1,0
20311,8072,4,1,0
20312,8073,24,3,0
20313,8073,23,3,0.15
20314,8073,20,2,0.1
20315,8074,17,1,0.1
20316,8074,23,1,0
20317,8074,11,2,0
20318,8075,4,1,0.1
20319,8076,9,1,0.1
20320,8076,24,2,0.15
20321,8076,5,3,0
20322,8076,2,2,0
20323,8077,2,1,0.2
20324,8077,21,1,0.15
20325,8078,7,3,0
20326,8079,22,3,0.2
20327,8079,17,2,0.1
20328,8079,21,3,0.2
20329,8080,23,2,0
20330,8081,24,1,0
20331,8081,7,3,0.15
20332,8081,19,2,0.2
20333,8081,16,2,0
20334,8082,3,3,0.2
20335,8082,2,3,0
20336,8083,23,2,0.15
20337,8084,8,3,0.2
20338,8084,21,2,0
20339,8084,11,2,0
20340,8084,23,1,0
20341,8085,15,3,0
20342,8085,9,2,0.2
20343,8085,5,3,0.15
20344,8085,2,1,0
20345,8086,21,1,0.15
20346,8087,18,2,0.1
20347,8088,2,3,0.2
20348,8089,2,3,0
20349,8089,1,2,0.15
20350,8089,22,2,0.15
20351,8090,9,3,0
20352,8091,3,2,0
20353,8091,12,2,0.1
20354,8091,22,1,0
20355,8091,2,2,0
20356,8092,14,3,0.1
20357,8092,13,1,0.2
20358,8092,10,2,0.15
20359,8093,22,2,0.1
20360,8093,21,3,0.2
20361,8094,24,1,0
20362,8094,8,3,0
20363,8095,19,2,0
20364,8095,11,2,0
20365,8096,21,1,0.15
20366,8097,19,3,0.2
20367,8097,24,3,0
20368,8098,22,3,0.1
20369,8098,4,3,0
20370,8099,18,3,0.15
20371,8099,18,1,0
20372,8099,21,2,0
20373,8099,6,1,0
20374,8100,11,3,0
20375,8100,1,1,0.2
20376,8100,15,3,0.1
20377,8100,11,3,0.1
20378,8101,21,1,0
20379,8102,3,3,0.15
20380,8102,11,2,0
20381,8102,17,3,0
20382,8103,11,3,0
20383,8103,21,1,0.2
20384,8103,19,2,0.1
20385,8103,21,1,0
20386,8104,19,1,0.15
20387,8105,3,1,0
20388,8105,10,1,0.15
20389,8105,4,2,0.2
20390,8105,20,1,0.2
20391,8106,14,2,0
20392,8106,16,2,0
20393,8106,23,2,0.2
20394,8107,7,3,0.2
20395,8107,16,3,0.1
20396,8108,21,3,0
20397,8108,2,1,0.2
20398,8108,20,1,0.2
20399,8109,8,1,0
20400,8109,3,3,0
20401,8109,18,1,0.2
20402,8109,8,3,0
20403,8110,21,2,0.15
20404,8111,22,3,0.15
20405,8111,1,3,0
20406,8111,21,3,0
20407,8112,2,3,0
20408,8113,3,1,0
20409,8113,19,3,0
20410,8114,24,1,0
20411,8114,8,3,0.2
20412,8114,4,3,0
20413,8114,3,1,0
20414,8115,1,1,0
20415,8115,13,2,0.15
20416,8116,10,1,0.2
20417,8116,14,1,0
20418,8117,2,3,0.1
20419,8117,2,1,0
20420,8117,21,2,0
20421,8118,20,2,0.15
20422,8118,23,2,0
20423,8118,22,1,0.1
20424,8119,12,3,0
20425,8119,10,2,0
20426,8120,9,3,0.15
20427,8121,4,2,0.1
20428,8121,24,3,0
20429,8121,20,1,0.15
20430,8122,13,3,0.1
20431,8123,3,3,0
20432,8123,21,1,0.15
20433,8123,2,2,0
20434,8124,4,2,0.1
20435,8124,19,1,0
20436,8124,7,1,0.1
20437,8124,12,1,0
20438,8125,14,3,0
20439,8125,6,2,0.15
20440,8126,16,1,0
20441,8126,24,2,0
20442,8126,8,1,0.2
20443,8127,10,1,0.15
20444,8127,15,2,0
20445,8128,2,3,0
20446,8128,20,3,0
20447,8128,5,1,0
20448,8129,14,2,0
20449,8129,18,1,0.1
20450,8129,5,1,0
20451,8130,18,3,0
20452,8130,2,3,0
20453,8130,18,2,0
20454,8130,20,1,0
20455,8131,13,1,0.2
20456,8132,8,3,0
20457,8132,21,1,0.2
20458,8132,6,3,0
20459,8132,4,1,0
20460,8133,15,3,0
20461,8134,2,2,0
20462,8135,11,3,0
20463,8135,20,3,0.1
20464,8135,10,1,0.1
20465,8136,11,2,0.15
20466,8137,14,1,0.2
20467,8137,5,1,0.15
20468,8138,17,2,0.15
20469,8138,20,1,0
20470,8138,22,1,0.1
20471,8138,15,3,0
20472,8139,21,1,0
20473,8139,18,1,0
20474,8139,16,3,0.1
20475,8139,18,2,0
20476,8140,5,3,0.1
20477,8140,10,3,0
20478,8140,13,1,0
20479,8140,13,2,0
20480,8141,18,2,0.1
20481,8141,5,1,0.15
20482,8141,22,3,0
20483,8142,16,3,0
20484,8143,13,3,0
20485,8143,5,2,0
20486,8144,12,3,0.15
20487,8145,24,2,0
20488,8145,2,2,0
20489,8146,22,2,0.15
20490,8146,13,1,0.2
20491,8147,23,3,0
20492,8148,17,2,0.1
20493,8148,21,3,0.15
20494,8148,24,3,0
20495,8148,19,2,0.15
20496,8149,17,3,0
20497,8149,10,1,0
20498,8149,2,3,0.15
20499,8149,6,3,0
20500,8150,14,1,0
20501,8150,12,3,0
20502,8150,2,1,0
20503,8150,16,1,0
20504,8151,13,2,0.2
20505,8152,18,2,0
20506,8152,10,2,0.1
20507,8152,24,1,0.15
20508,8153,8,2,0
20509,8153,16,1,0.2
20510,8153,5,2,0.1
20511,8154,4,1,0.2
20512,8155,8,1,0.15
20513,8155,5,2,0.2
20514,8155,14,3,0.1
20515,8156,12,3,0
20516,8156,7,1,0
20517,8157,10,1,0
20518,8157,2,2,0.15
20519,8157,11,2,0.1
20520,8157,12,3,0.2
20521,8158,2,1,0
20522,8158,11,3,0
20523,8159,13,3,0.15
20524,8159,14,1,0.15
20525,8160,9,2,0.15
20526,8160,15,1,0.15
20527,8160,4,1,0.1
20528,8161,19,1,0.1
20529,8161,23,3,0
20530,8161,22,2,0
20531,8161,3,1,0
20532,8162,5,1,0.15
20533,8162,8,3,0.1
20534,8162,21,1,0.1
20535,8162,19,1,0
20536,8163,5,1,0
20537,8164,9,2,0.2
20538,8164,21,2,0
20539,8165,7,3,0
20540,8166,21,3,0
20541,8166,4,1,0
20542,8166,7,1,0.1
20543,8166,9,2,0.15
20544,8167,17,1,0
20545,8167,24,3,0.15
20546,8167,2,3,0.15
20547,8168,8,2,0
20548,8168,24,2,0.1
20549,8168,9,1,0
20550,8169,8,1,0.2
20551,8169,2,1,0
20552,8169,20,3,0
20553,8169,19,3,0.2
20554,8170,18,3,0.2
20555,8170,5,1,0
20556,8171,20,1,0.15
20557,8171,15,3,0.2
20558,8171,12,3,0.2
20559,8171,9,2,0
20560,8172,17,1,0.15
20561,8172,1,3,0.15
20562,8172,3,2,0
20563,8172,4,2,0
20564,8173,10,2,0
20565,8173,24,2,0
20566,8174,5,3,0
20567,8174,9,1,0
20568,8174,6,2,0.15
20569,8175,13,3,0.15
20570,8175,12,1,0
20571,8175,18,2,0
20572,8175,23,1,0
20573,8176,16,3,0.2
20574,8177,3,1,0.2
20575,8177,5,1,0.15
20576,8178,10,3,0
20577,8178,12,3,0
20578,8178,14,1,0
20579,8178,9,3,0.15
20580,8179,16,3,0
20581,8179,11,2,0
20582,8179,4,1,0
20583,8179,4,3,0
20584,8180,23,3,0.2
20585,8180,5,1,0
20586,8180,6,2,0
20587,8180,19,1,0.2
20588,8181,13,1,0.1
20589,8181,3,3,0
20590,8181,19,2,0.2
20591,8182,15,1,0
20592,8182,3,1,0
20593,8182,13,1,0
20594,8182,17,2,0.15
20595,8183,12,2,0
20596,8183,12,2,0.2
20597,8184,11,1,0
20598,8184,7,3,0
20599,8185,24,1,0.2
20600,8185,8,2,0
20601,8185,24,1,0.2
20602,8185,17,2,0.1
20603,8186,7,2,0
20604,8186,21,2,0.2
20605,8187,13,2,0.1
20606,8188,15,1,0.15
20607,8188,5,2,0
20608,8188,15,3,0.2
20609,8189,21,2,0
20610,8189,12,3,0
20611,8189,22,1,0.1
20612,8190,21,2,0.15
20613,8190,4,1,0
20614,8190,5,3,0
20615,8190,11,2,0.15
20616,8191,4,3,0.1
20617,8191,5,3,0
20618,8192,23,1,0
20619,8193,6,1,0.15
20620,8193,6,1,0.2
20621,8193,14,2,0.1
20622,8194,11,1,0
20623,8194,18,2,0.2
20624,8194,24,1,0
20625,8195,15,3,0
20626,8195,12,3,0
20627,8195,4,2,0.15
20628,8196,3,1,0
20629,8196,12,1,0
20630,8196,10,3,0
20631,8197,14,2,0.2
20632,8197,12,2,0
20633,8197,14,3,0
20634,8198,12,3,0
20635,8198,19,2,0
20636,8198,22,2,0.1
20637,8198,22,1,0.15
20638,8199,1,2,0
20639,8200,9,1,0.15
20640,8200,20,2,0
20641,8201,5,3,0
20642,8201,16,2,0
20643,8202,15,3,0
20644,8202,19,3,0
20645,8202,9,3,0.15
20646,8202,12,1,0.1
20647,8203,10,2,0
20648,8203,22,3,0
20649,8203,21,2,0.15
20650,8204,2,2,0
20651,8205,8,2,0.1
20652,8205,16,1,0.2
20653,8206,2,3,0.1
20654,8207,17,1,0
20655,8207,4,2,0.15
20656,8207,10,2,0.2
20657,8208,12,2,0.1
20658,8208,6,3,0
20659,8209,8,1,0
20660,8209,3,1,0
20661,8209,16,1,0.15
20662,8210,13,2,0
20663,8210,6,1,0
20664,8210,18,3,0.1
20665,8211,11,1,0.1
20666,8211,3,1,0
20667,8212,11,1,0
20668,8212,12,2,0.15
20669,8212,13,2,0.15
20670,8212,7,1,0
20671,8213,16,2,0.2
20672,8213,15,3,0
20673,8213,2,3,0
20674,8213,13,3,0
20675,8214,22,1,0
20676,8214,11,2,0
20677,8214,7,2,0
20678,8214,2,2,0.2
20679,8215,1,2,0.1
20680,8215,10,2,0
20681,8215,15,2,0.1
20682,8215,2,1,0
20683,8216,22,1,0.1
20684,8217,15,1,0.15
20685,8217,8,3,0.15
20686,8217,21,3,0
20687,8217,22,3,0
20688,8218,5,3,0
20689,8219,11,2,0
20690,8220,23,2,0.1
20691,8221,1,3,0.1
20692,8222,10,1,0.2
20693,8222,3,2,0
20694,8222,8,3,0
20695,8222,18,2,0
20696,8223,17,1,0.2
20697,8223,12,3,0
20698,8223,20,3,0
20699,8224,14,3,0
20700,8225,6,3,0
20701,8225,22,1,0.15
20702,8226,16,3,0.2
20703,8227,11,3,0.1
20704,8228,4,3,0
20705,8229,13,3,0
20706,8229,5,3,0
20707,8230,22,1,0.15
20708,8230,7,2,0
20709,8230,4,3,0.1
20710,8230,17,2,0.15
20711,8231,21,1,0.15
20712,8231,2,3,0
20713,8232,10,1,0.2
20714,8232,6,3,0
20715,8233,13,1,0.1
20716,8233,14,1,0.15
20717,8233,10,3,0
20718,8233,24,3,0.1
20719,8234,22,1,0.1
20720,8234,3,1,0.1
20721,8234,3,2,0
20722,8234,4,1,0
20723,8235,17,2,0.15
20724,8236,22,3,0.1
20725,8237,9,2,0
20726,8237,10,3,0
20727,8238,9,2,0.1
20728,8239,2,1,0.1
20729,8239,1,2,0
20730,8239,6,1,0.15
20731,8239,20,2,0
20732,8240,5,3,0
20733,8240,21,3,0.15
20734,8240,23,3,0
20735,8241,21,1,0
20736,8242,2,3,0
20737,8243,3,3,0
20738,8243,18,1,0.15
20739,8243,23,3,0
20740,8243,22,1,0
20741,8244,1,3,0
20742,8245,3,2,0.2
20743,8245,16,2,0
20744,8246,18,2,0.2
20745,8246,21,1,0.15
20746,8247,3,2,0
20747,8247,1,3,0.15
20748,8248,2,3,0.2
20749,8248,22,3,0.2
20750,8249,14,3,0
20751,8249,9,2,0
20752,8249,15,3,0.15
20753,8250,4,3,0
20754,8250,19,1,0
20755,8251,2,1,0
20756,8251,20,3,0
20757,8252,8,2,0
20758,8252,14,2,0
20759,8253,23,2,0.2
20760,8254,14,3,0.2
20761,8254,11,1,0.2
20762,8254,4,1,0
20763,8255,24,1,0
20764,8255,9,3,0.2
20765,8255,21,3,0
20766,8256,2,2,0.1
20767,8256,23,1,0
20768,8257,19,3,0
20769,8258,21,3,0.2
20770,8258,7,2,0
20771,8258,5,2,0.1
20772,8258,21,1,0.2
20773,8259,2,3,0
20774,8260,2,3,0.2
20775,8260,18,1,0.1
20776,8261,23,3,0
20777,8261,23,3,0
20778,8262,4,2,0.1
20779,8262,5,3,0.15
20780,8262,14,3,0
20781,8262,8,2,0
20782,8263,20,1,0
20783,8263,1,2,0.1
20784,8263,20,2,0.1
20785,8264,3,3,0.15
20786,8264,18,3,0
20787,8264,13,2,0
20788,8264,8,1,0.2
20789,8265,23,3,0.15
20790,8266,6,2,0
20791,8266,20,1,0.2
20792,8266,23,3,0
20793,8267,5,2,0
20794,8267,13,1,0.1
20795,8267,13,1,0.15
20796,8268,16,3,0
20797,8269,8,1,0.2
20798,8270,7,2,0
20799,8270,4,2,0.15
20800,8271,13,2,0
20801,8271,20,2,0
20802,8272,6,1,0.2
20803,8272,7,1,0
20804,8273,8,3,0.2
20805,8273,8,2,0
20806,8273,19,1,0
20807,8273,10,3,0
20808,8274,23,2,0
20809,8275,12,2,0
20810,8275,4,1,0.15
20811,8276,16,2,0.2
20812,8276,8,3,0
20813,8276,11,1,0
20814,8276,16,2,0.2
20815,8277,14,3,0.15
20816,8277,9,1,0
20817,8278,14,1,0
20818,8279,7,2,0.1
20819,8279,1,2,0
20820,8280,11,1,0.2
20821,8281,9,3,0
20822,8281,15,3,0
20823,8282,10,2,0.2
20824,8283,11,3,0
20825,8284,4,1,0
20826,8284,4,2,0
20827,8284,11,1,0
20828,8284,20,2,0.2
20829,8285,23,1,0.2
20830,8285,7,1,0
20831,8286,1,1,0.1
20832,8286,2,1,0
20833,8286,1,3,0.1
20834,8286,8,3,0.1
20835,8287,16,3,0
20836,8287,9,1,0.2
20837,8288,17,2,0.2
20838,8289,22,3,0.15
20839,8290,21,3,0
20840,8290,13,2,0
20841,8291,16,3,0
20842,8291,4,2,0.2
20843,8291,15,1,0.1
20844,8291,22,2,0.15
20845,8292,1,3,0.1
20846,8292,13,3,0.15
20847,8293,7,1,0
20848,8294,7,3,0
20849,8295,9,2,0
20850,8295,13,2,0
20851,8295,8,3,0.2
20852,8295,21,3,0.15
20853,8296,21,3,0
20854,8296,23,1,0
20855,8296,6,2,0.2
20856,8296,4,1,0.2
20857,8297,16,2,0.2
20858,8297,3,1,0
20859,8297,20,1,0
20860,8297,23,3,0
20861,8298,1,2,0
20862,8298,18,1,0
20863,8298,22,3,0.1
20864,8299,23,1,0.15
20865,8299,17,3,0
20866,8299,16,3,0
20867,8299,5,1,0.15
20868,8300,15,1,0.15
20869,8300,22,3,0
20870,8301,4,1,0
20871,8301,16,3,0
20872,8301,7,3,0.2
20873,8301,8,1,0
20874,8302,10,3,0
20875,8303,10,3,0
20876,8304,22,3,0.15
20877,8305,13,2,0.2
20878,8306,19,2,0.1
20879,8306,6,1,0
20880,8306,4,1,0.1
20881,8307,19,3,0
20882,8307,22,3,0.1
20883,8308,11,2,0.15
20884,8308,1,1,0.1
20885,8308,23,2,0.1
20886,8308,4,3,0.2
20887,8309,23,3,0.15
20888,8309,4,2,0
20889,8309,17,2,0
20890,8310,10,3,0
20891,8311,20,1,0.2
20892,8311,24,3,0
20893,8312,11,2,0.2
20894,8313,19,3,0
20895,8313,16,1,0
20896,8314,20,2,0
20897,8314,5,2,0
20898,8315,15,3,0.2
20899,8315,2,3,0.2
20900,8316,6,2,0.2
20901,8316,5,1,0
20902,8317,13,3,0.1
20903,8317,6,2,0
20904,8317,22,3,0
20905,8317,19,1,0.1
20906,8318,12,3,0
20907,8318,9,2,0.15
20908,8319,9,1,0.15
20909,8319,14,1,0.1
20910,8319,17,2,0
20911,8319,23,2,0.2
20912,8320,9,2,0.15
20913,8320,5,1,0.1
20914,8321,9,3,0.1
20915,8321,18,2,0
20916,8322,22,3,0
20917,8323,3,1,0.2
20918,8323,8,2,0
20919,8323,17,3,0.2
20920,8323,1,2,0.2
20921,8324,13,3,0.1
20922,8325,23,1,0
20923,8325,7,2,0.1
20924,8325,15,1,0
20925,8326,21,2,0.1
20926,8326,14,1,0.15
20927,8326,23,2,0.1
20928,8326,24,2,0.1
20929,8327,22,1,0
20930,8328,12,3,0.1
20931,8328,3,3,0
20932,8328,21,1,0.15
20933,8328,22,3,0.2
20934,8329,15,3,0
20935,8329,22,3,0.1
20936,8330,16,2,0.2
20937,8330,18,1,0
20938,8331,1,1,0
20939,8331,11,3,0
20940,8332,14,2,0
20941,8332,18,2,0
20942,8332,14,2,0.2
20943,8333,9,1,0.15
20944,8333,22,2,0
20945,8333,16,1,0
20946,8334,3,2,0.2
20947,8335,22,3,0
20948,8335,1,3,0
20949,8336,5,3,0
20950,8337,5,3,0
20951,8337,8,3,0
20952,8338,20,1,0
20953,8339,10,1,0
20954,8339,10,2,0.1
20955,8339,14,1,0.1
20956,8340,8,3,0
20957,8340,18,3,0
20958,8340,6,2,0
20959,8341,15,2,0
20960,8342,13,3,0
20961,8342,13,1,0.2
20962,8342,17,3,0
20963,8343,6,1,0
20964,8343,23,3,0.2
20965,8343,2,3,0.15
20966,8343,21,2,0.1
20967,8344,22,2,0.1
20968,8344,23,1,0
20969,8345,6,2,0.2
20970,8345,16,2,0
20971,8345,6,2,0
20972,8346,3,1,0
20973,8346,20,3,0.2
20974,8346,16,2,0.2
20975,8346,8,3,0.2
20976,8347,2,2,0
20977,8348,13,3,0
20978,8349,22,3,0
20979,8349,22,3,0
20980,8349,18,2,0
20981,8349,6,3,0.15
20982,8350,11,3,0.15
20983,8351,14,3,0
20984,8351,20,2,0.1
20985,8351,6,2,0.15
20986,8351,17,1,0.2
20987,8352,13,2,0.1
20988,8352,7,2,0
20989,8352,10,1,0.15
20990,8353,21,1,0.1
20991,8354,17,1,0.2
20992,8354,10,1,0
20993,8354,18,1,0.15
20994,8354,24,1,0
20995,8355,15,1,0
20996,8355,11,3,0.15
20997,8356,24,1,0
20998,8356,23,1,0.1
20999,8356,9,1,0
21000,8357,17,1,0.2
21001,8357,24,1,0.15
21002,8358,8,3,0
21003,8358,6,3,0.2
21004,8358,21,1,0.2
21005,8359,19,1,0
21006,8360,18,3,0.1
21007,8360,5,3,0.15
21008,8360,10,2,0.15
21009,8360,22,1,0.2
21010,8361,18,2,0.15
21011,8361,9,1,0
21012,8361,16,3,0.2
21013,8361,6,2,0.2
21014,8362,20,1,0
21015,8362,19,3,0.2
21016,8362,6,3,0
21017,8363,14,2,0.2
21018,8363,20,3,0
21019,8363,13,3,0
21020,8364,7,1,0.1
21021,8364,7,3,0.15
21022,8365,24,2,0
21023,8365,8,3,0.2
21024,8365,22,2,0
21025,8365,3,3,0.1
21026,8366,4,2,0.15
21027,8366,22,1,0
21028,8366,22,3,0
21029,8366,18,2,0
21030,8367,9,1,0
21031,8367,9,1,0
21032,8367,14,1,0.2
21033,8368,20,1,0.15
21034,8369,24,2,0.2
21035,8370,18,3,0.2
21036,8370,24,2,0.2
21037,8371,15,3,0
21038,8371,18,1,0
21039,8371,22,2,0
21040,8372,15,3,0.15
21041,8372,8,3,0
21042,8373,23,2,0.2
21043,8373,7,1,0
21044,8374,22,1,0.1
21045,8374,7,1,0.15
21046,8375,8,2,0.1
21047,8376,14,3,0
21048,8376,12,2,0
21049,8377,16,2,0.2
21050,8377,22,1,0
21051,8377,3,3,0.2
21052,8377,3,3,0
21053,8378,15,2,0.1
21054,8378,11,3,0
21055,8378,7,1,0.1
21056,8379,3,2,0.15
21057,8379,18,1,0.15
21058,8379,5,2,0.15
21059,8379,20,3,0
21060,8380,10,3,0.15
21061,8380,18,3,0
21062,8380,15,3,0
21063,8380,18,3,0
21064,8381,1,3,0.1
21065,8381,20,3,0
21066,8381,20,2,0.1
21067,8382,22,2,0.1
21068,8382,16,2,0.15
21069,8382,9,1,0
21070,8383,20,2,0.15
21071,8384,12,2,0
21072,8385,4,2,0
21073,8385,18,1,0
21074,8385,24,1,0
21075,8385,22,1,0
21076,8386,23,1,0.1
21077,8386,15,3,0.15
21078,8386,16,1,0
21079,8387,9,1,0
21080,8387,16,2,0
21081,8387,8,2,0.15
21082,8388,22,1,0
21083,8388,18,1,0.15
21084,8388,18,3,0
21085,8388,10,1,0.2
21086,8389,18,2,0.2
21087,8389,8,2,0
21088,8390,20,3,0.2
21089,8390,14,2,0
21090,8390,13,1,0.15
21091,8391,10,3,0
21092,8391,5,3,0.2
21093,8392,11,1,0.2
21094,8392,19,1,0
21095,8392,7,1,0.1
21096,8393,9,3,0.15
21097,8394,2,2,0
21098,8394,18,3,0.15
21099,8394,24,3,0.2
21100,8394,15,2,0
21101,8395,10,3,0
21102,8395,6,1,0
21103,8395,19,1,0
21104,8395,15,3,0
21105,8396,2,2,0
21106,8396,17,1,0.1
21107,8396,8,3,0
21108,8396,22,3,0
21109,8397,9,2,0
21110,8397,3,1,0.15
21111,8397,19,3,0.15
21112,8397,10,2,0
21113,8398,22,3,0
21114,8398,5,3,0.15
21115,8398,13,2,0.15
21116,8399,4,2,0
21117,8399,2,1,0
21118,8400,13,3,0.1
21119,8401,17,1,0
21120,8401,15,2,0
21121,8402,9,1,0
21122,8402,4,1,0.1
21123,8403,22,2,0
21124,8404,24,1,0.15
21125,8404,23,3,0.2
21126,8404,3,2,0.1
21127,8404,10,2,0.2
21128,8405,23,2,0
21129,8405,10,2,0.2
21130,8405,4,1,0.2
21131,8406,12,3,0
21132,8406,17,2,0.15
21133,8406,5,1,0.1
21134,8406,21,3,0
21135,8407,22,2,0
21136,8407,5,2,0.15
21137,8408,7,1,0.15
21138,8408,16,2,0.15
21139,8408,24,3,0
21140,8409,23,1,0.1
21141,8410,10,2,0
21142,8410,16,3,0.2
21143,8411,23,1,0.15
21144,8411,3,3,0.2
21145,8411,17,2,0
21146,8411,7,2,0.1
21147,8412,10,3,0
21148,8412,21,3,0
21149,8412,5,1,0
21150,8412,10,3,0
21151,8413,5,1,0
21152,8413,3,1,0.15
21153,8414,10,2,0
21154,8414,21,2,0
21155,8415,14,3,0
21156,8415,16,2,0.15
21157,8415,10,2,0
21158,8415,20,2,0.15
21159,8416,18,3,0.15
21160,8416,24,2,0
21161,8416,7,3,0
21162,8417,7,1,0.1
21163,8417,11,2,0.2
21164,8418,9,1,0
21165,8418,2,3,0
21166,8419,8,3,0.15
21167,8419,7,1,0.2
21168,8419,17,1,0.1
21169,8419,11,1,0.2
21170,8420,17,2,0
21171,8420,23,2,0.2
21172,8421,6,3,0
21173,8421,23,3,0.2
21174,8422,12,1,0
21175,8422,21,3,0.15
21176,8422,11,1,0
21177,8422,8,2,0
21178,8423,6,3,0.2
21179,8423,6,3,0
21180,8423,19,1,0.1
21181,8423,12,1,0
21182,8424,6,2,0
21183,8424,6,3,0
21184,8424,15,2,0
21185,8424,8,3,0.2
21186,8425,13,2,0.2
21187,8425,13,1,0
21188,8426,3,2,0.2
21189,8427,23,1,0
21190,8427,1,2,0.15
21191,8428,10,3,0.2
21192,8429,23,3,0.2
21193,8429,6,1,0.1
21194,8429,14,3,0.2
21195,8430,14,2,0
21196,8430,11,3,0.2
21197,8431,24,1,0.2
21198,8431,19,1,0
21199,8431,17,3,0
21200,8432,2,2,0.2
21201,8432,5,2,0
21202,8432,20,3,0.1
21203,8432,10,3,0
21204,8433,14,1,0
21205,8434,18,3,0.2
21206,8434,17,3,0.2
21207,8434,23,2,0
21208,8435,5,3,0
21209,8435,3,3,0
21210,8435,8,2,0
21211,8436,17,3,0
21212,8437,6,3,0
21213,8437,12,1,0.1
21214,8437,24,2,0
21215,8437,1,2,0.2
21216,8438,5,3,0
21217,8438,1,3,0.15
21218,8438,23,1,0.15
21219,8438,24,3,0
21220,8439,23,2,0.2
21221,8439,6,3,0.2
21222,8439,19,3,0
21223,8440,9,1,0.15
21224,8440,14,1,0
21225,8440,23,1,0
21226,8440,6,2,0.1
21227,8441,17,2,0
21228,8441,16,1,0.2
21229,8441,14,2,0
21230,8441,13,3,0
21231,8442,12,2,0
21232,8443,16,2,0
21233,8443,24,2,0
21234,8443,11,2,0
21235,8444,22,3,0
21236,8444,1,2,0
21237,8445,20,1,0
21238,8445,6,3,0
21239,8446,4,1,0
21240,8447,23,2,0.15
21241,8448,24,3,0.2
21242,8448,23,1,0.2
21243,8448,14,3,0.1
21244,8449,15,2,0.15
21245,8449,16,3,0.1
21246,8449,16,2,0
21247,8449,23,2,0.1
21248,8450,5,2,0
21249,8450,11,1,0
21250,8450,13,1,0.2
21251,8451,11,2,0
21252,8451,4,2,0
21253,8451,16,3,0
21254,8452,9,3,0
21255,8452,6,3,0
21256,8452,19,1,0
21257,8453,4,1,0
21258,8453,15,1,0.15
21259,8454,5,2,0.1
21260,8454,2,1,0.15
21261,8454,1,3,0
21262,8454,7,3,0
21263,8455,17,1,0.1
21264,8455,15,3,0
21265,8456,9,2,0
21266,8457,16,3,0.15
21267,8457,13,2,0
21268,8457,24,1,0
21269,8457,23,2,0.1
21270,8458,8,3,0.1
21271,8458,3,3,0
21272,8459,20,1,0
21273,8459,18,1,0.15
21274,8459,4,3,0
21275,8460,21,3,0.1
21276,8461,24,3,0.1
21277,8461,14,1,0.1
21278,8461,3,1,0
21279,8462,1,3,0
21280,8462,16,2,0
21281,8462,7,3,0
21282,8462,13,2,0
21283,8463,1,3,0.15
21284,8463,16,3,0
21285,8463,5,3,0
21286,8463,12,1,0
21287,8464,4,1,0
21288,8464,20,1,0
21289,8464,24,2,0
21290,8465,3,2,0
21291,8465,13,1,0.15
21292,8465,2,2,0
21293,8466,7,3,0
21294,8466,2,2,0.1
21295,8466,21,1,0.1
21296,8467,4,2,0.1
21297,8467,23,2,0
21298,8467,9,1,0.15
21299,8467,21,1,0
21300,8468,16,2,0
21301,8468,17,1,0.1
21302,8468,19,3,0
21303,8468,17,3,0.15
21304,8469,23,3,0
21305,8469,24,2,0
21306,8469,3,2,0
21307,8469,22,1,0
21308,8470,19,2,0.15
21309,8470,13,2,0
21310,8470,21,1,0.1
21311,8471,3,2,0
21312,8472,11,3,0
21313,8472,21,3,0.1
21314,8473,17,3,0.1
21315,8473,17,3,0
21316,8473,8,3,0
21317,8473,11,2,0.1
21318,8474,7,3,0
21319,8474,1,3,0
21320,8475,14,3,0
21321,8475,20,2,0
21322,8476,10,2,0.2
21323,8476,20,1,0.1
21324,8477,22,1,0
21325,8477,21,1,0.15
21326,8478,12,1,0.1
21327,8478,8,1,0.2
21328,8478,14,1,0.15
21329,8479,14,1,0
21330,8479,17,3,0
21331,8480,24,3,0.1
21332,8481,22,1,0.1
21333,8481,23,2,0
21334,8482,20,2,0
21335,8482,22,1,0
21336,8483,13,1,0
21337,8483,14,3,0
21338,8484,24,1,0.2
21339,8485,11,1,0
21340,8485,1,1,0
21341,8485,16,1,0.2
21342,8486,5,2,0
21343,8486,15,3,0
21344,8486,3,2,0
21345,8487,21,1,0.15
21346,8487,1,2,0.1
21347,8488,16,3,0
21348,8488,15,2,0
21349,8488,4,3,0.15
21350,8488,14,3,0.1
21351,8489,3,2,0
21352,8489,21,2,0.15
21353,8489,20,1,0
21354,8490,4,1,0
21355,8490,15,2,0.1
21356,8490,21,2,0.15
21357,8490,10,2,0
21358,8491,23,1,0
21359,8491,9,2,0
21360,8492,16,2,0.2
21361,8492,21,1,0.1
21362,8492,6,2,0
21363,8493,5,3,0.15
21364,8493,19,3,0.15
21365,8494,20,1,0
21366,8494,16,1,0.15
21367,8495,15,2,0.15
21368,8496,1,1,0.1
21369,8497,12,1,0.15
21370,8497,10,2,0
21371,8497,1,1,0.2
21372,8498,3,2,0.1
21373,8498,11,2,0.15
21374,8499,11,3,0
21375,8499,21,2,0.15
21376,8499,13,2,0.15
21377,8499,10,3,0
21378,8500,13,1,0
21379,8500,11,2,0.1
21380,8500,2,2,0.2
21381,8501,11,1,0
21382,8501,15,3,0.15
21383,8502,19,3,0
21384,8502,17,1,0.2
21385,8502,3,2,0
21386,8503,10,1,0.1
21387,8503,9,3,0
21388,8504,4,3,0.15
21389,8504,22,2,0.2
21390,8504,6,2,0.15
21391,8505,18,1,0
21392,8505,16,2,0
21393,8505,15,1,0.1
21394,8506,7,1,0
21395,8507,2,1,0.1
21396,8508,3,1,0
21397,8508,12,2,0.1
21398,8509,8,3,0
21399,8509,2,2,0
21400,8510,8,1,0
21401,8510,13,2,0
21402,8510,1,2,0
21403,8510,12,2,0
21404,8511,11,1,0
21405,8511,8,3,0.15
21406,8511,16,1,0.15
21407,8511,2,2,0.2
21408,8512,18,2,0.1
21409,8512,4,3,0
21410,8512,18,2,0.2
21411,8512,12,3,0.2
21412,8513,21,3,0.15
21413,8513,22,3,0
21414,8514,5,2,0.2
21415,8514,4,2,0.15
21416,8514,16,2,0.1
21417,8515,11,1,0.1
21418,8515,10,3,0
21419,8516,14,1,0.15
21420,8516,17,2,0.1
21421,8516,22,3,0
21422,8517,7,1,0.1
21423,8517,24,2,0
21424,8517,18,3,0.2
21425,8517,3,2,0
21426,8518,3,1,0.15
21427,8518,11,3,0
21428,8518,11,3,0
21429,8519,7,2,0.1
21430,8519,1,1,0
21431,8519,17,3,0
21432,8519,12,2,0
21433,8520,20,3,0
21434,8520,17,1,0
21435,8520,6,3,0.15
21436,8521,12,2,0.1
21437,8521,4,2,0
21438,8521,18,2,0.2
21439,8522,3,1,0.15
21440,8523,7,1,0.1
21441,8523,2,2,0
21442,8523,20,2,0.15
21443,8524,15,2,0.1
21444,8525,13,2,0.1
21445,8525,3,1,0.2
21446,8526,14,2,0.1
21447,8526,23,1,0
21448,8526,16,1,0.15
21449,8526,15,1,0.15
21450,8527,16,2,0.15
21451,8527,16,2,0
21452,8528,6,1,0.1
21453,8529,10,3,0.2
21454,8529,17,2,0
21455,8529,18,3,0
21456,8529,3,1,0.1
21457,8530,16,3,0.1
21458,8530,20,1,0
21459,8531,11,2,0.1
21460,8531,8,2,0.15
21461,8531,7,2,0.1
21462,8532,2,3,0
21463,8532,7,1,0.1
21464,8532,15,1,0
21465,8533,13,1,0
21466,8533,8,2,0
21467,8533,7,3,0
21468,8533,3,3,0
21469,8534,4,1,0
21470,8535,18,1,0
21471,8535,16,1,0.1
21472,8535,3,1,0
21473,8536,5,2,0
21474,8536,22,3,0.15
21475,8537,4,3,0.1
21476,8537,15,2,0.1
21477,8537,16,2,0.15
21478,8538,20,3,0
21479,8538,15,3,0
21480,8538,5,1,0.1
21481,8539,6,3,0.1
21482,8539,18,3,0.1
21483,8540,13,1,0.2
21484,8540,3,1,0.1
21485,8540,24,2,0
21486,8541,23,2,0
21487,8541,22,2,0.15
21488,8541,14,2,0.1
21489,8542,1,1,0.2
21490,8542,21,1,0
21491,8542,14,1,0
21492,8542,18,1,0.1
21493,8543,8,1,0.1
21494,8543,19,3,0.15
21495,8544,12,1,0
21496,8544,8,2,0.1
21497,8544,23,1,0.1
21498,8545,20,1,0.1
21499,8545,10,2,0
21500,8545,6,1,0
21501,8545,21,2,0
21502,8546,21,1,0.1
21503,8547,23,1,0.2
21504,8548,4,1,0
21505,8549,16,3,0.2
21506,8550,5,1,0
21507,8550,20,3,0
21508,8550,24,1,0.2
21509,8551,5,2,0
21510,8552,14,2,0.15
21511,8552,21,1,0.15
21512,8552,13,3,0.15
21513,8553,7,2,0.2
21514,8553,19,3,0.1
21515,8553,8,3,0.15
21516,8553,1,2,0
21517,8554,12,2,0.15
21518,8554,13,2,0
21519,8554,18,3,0
21520,8554,5,3,0.2
21521,8555,8,3,0.15
21522,8555,15,2,0.1
21523,8556,13,3,0
21524,8557,3,2,0
21525,8557,19,1,0
21526,8557,19,3,0
21527,8558,24,2,0.15
21528,8558,2,3,0
21529,8559,17,3,0.15
21530,8560,5,1,0.15
21531,8560,14,3,0
21532,8561,4,1,0
21533,8561,12,1,0.15
21534,8562,16,3,0
21535,8562,18,2,0.15
21536,8563,16,1,0
21537,8563,21,2,0.2
21538,8564,2,2,0
21539,8564,8,1,0
21540,8564,22,3,0.15
21541,8565,7,2,0
21542,8565,4,3,0
21543,8565,24,1,0
21544,8565,15,2,0.2
21545,8566,6,3,0
21546,8566,23,2,0.2
21547,8566,8,3,0
21548,8567,10,2,0
21549,8568,2,2,0.15
21550,8568,20,2,0
21551,8569,3,1,0.15
21552,8569,13,3,0.15
21553,8570,12,2,0
21554,8570,2,1,0
21555,8571,3,2,0.1
21556,8572,7,1,0.2
21557,8573,5,3,0
21558,8573,4,3,0
21559,8574,2,3,0
21560,8575,11,1,0.1
21561,8575,18,1,0.2
21562,8576,12,2,0.2
21563,8576,9,3,0.2
21564,8576,6,1,0
21565,8576,10,3,0
21566,8577,23,3,0
21567,8578,6,1,0.1
21568,8578,5,2,0
21569,8578,18,1,0
21570,8579,12,3,0.15
21571,8579,21,3,0
21572,8580,4,2,0.1
21573,8581,20,1,0.1
21574,8581,6,3,0.2
21575,8581,4,3,0.2
21576,8581,16,3,0.1
21577,8582,17,2,0.2
21578,8583,10,2,0.1
21579,8583,20,2,0
21580,8583,4,2,0
21581,8583,1,3,0.1
21582,8584,14,1,0.15
21583,8584,24,3,0.1
21584,8584,20,1,0
21585,8585,16,3,0.2
21586,8586,23,1,0
21587,8586,20,1,0.15
21588,8586,3,3,0.1
21589,8586,4,2,0.15
21590,8587,23,2,0.15
21591,8587,12,2,0
21592,8587,3,2,0.15
21593,8587,6,1,0.2
21594,8588,9,1,0.2
21595,8589,4,2,0
21596,8590,14,1,0
21597,8590,23,3,0
21598,8591,16,1,0.2
21599,8592,16,2,0.1
21600,8592,12,1,0
21601,8593,1,2,0
21602,8593,2,1,0
21603,8593,1,1,0
21604,8593,8,3,0
21605,8594,17,3,0
21606,8594,4,3,0
21607,8595,18,1,0.1
21608,8595,10,2,0
21609,8595,12,3,0.15
21610,8595,18,2,0.2
21611,8596,15,3,0.15
21612,8597,15,2,0
21613,8597,4,1,0
21614,8597,18,2,0.1
21615,8598,14,2,0
21616,8599,23,2,0
21617,8600,3,1,0
21618,8600,8,2,0.15
21619,8601,21,2,0.2
21620,8601,16,2,0.1
21621,8602,7,3,0
21622,8603,3,2,0.15
21623,8603,11,2,0
21624,8604,8,3,0
21625,8604,12,1,0
21626,8605,9,2,0.2
21627,8605,22,1,0
21628,8605,4,3,0
21629,8605,19,3,0
21630,8606,17,2,0
21631,8607,23,1,0.1
21632,8607,10,1,0.15
21633,8607,2,3,0
21634,8607,5,2,0
21635,8608,1,1,0
21636,8609,24,1,0.15
21637,8609,18,3,0.2
21638,8609,11,2,0
21639,8610,10,3,0
21640,8610,11,1,0
21641,8610,20,1,0
21642,8611,17,3,0
21643,8612,18,2,0.15
21644,8612,1,1,0.1
21645,8612,5,2,0.2
21646,8613,14,3,0.1
21647,8614,4,2,0
21648,8615,11,1,0
21649,8616,24,1,0
21650,8617,22,3,0.1
21651,8617,11,1,0.2
21652,8618,17,1,0.1
21653,8618,11,1,0
21654,8618,14,1,0
21655,8619,15,3,0
21656,8619,4,3,0.2
21657,8620,20,2,0.15
21658,8620,23,2,0
21659,8620,14,1,0
21660,8620,19,2,0.1
21661,8621,12,1,0
21662,8622,18,2,0.15
21663,8622,8,1,0.1
21664,8622,9,3,0
21665,8623,2,1,0
21666,8624,15,1,0
21667,8625,17,3,0.15
21668,8626,16,1,0.15
21669,8626,6,2,0.2
21670,8626,15,2,0
21671,8626,10,2,0
21672,8627,4,3,0.15
21673,8627,16,1,0
21674,8627,21,2,0
21675,8627,17,1,0
21676,8628,14,3,0
21677,8628,15,2,0.15
21678,8628,15,1,0.1
21679,8628,12,1,0.1
21680,8629,5,3,0
21681,8629,7,3,0.15
21682,8630,3,2,0.15
21683,8630,3,1,0.1
21684,8630,13,3,0
21685,8630,11,3,0
21686,8631,12,1,0
21687,8631,10,1,0
21688,8631,3,2,0
21689,8631,12,3,0
21690,8632,5,3,0
21691,8632,23,1,0
21692,8633,21,1,0
21693,8633,23,1,0
21694,8634,8,3,0.15
21695,8635,12,1,0
21696,8635,15,3,0
21697,8635,10,1,0.1
21698,8635,24,1,0
21699,8636,4,1,0.15
21700,8636,15,1,0.1
21701,8636,7,1,0.1
21702,8637,13,2,0.2
21703,8638,19,2,0
21704,8638,17,2,0
21705,8638,14,1,0.2
21706,8639,16,3,0.2
21707,8639,5,2,0
21708,8639,22,3,0
21709,8639,4,3,0.15
21710,8640,12,1,0.2
21711,8640,7,2,0.2
21712,8640,10,1,0
21713,8641,15,2,0.2
21714,8641,20,3,0
21715,8641,23,3,0
21716,8642,12,1,0
21717,8642,18,1,0.2
21718,8642,1,2,0
21719,8642,16,1,0
21720,8643,23,2,0
21721,8643,14,3,0.2
21722,8643,24,2,0.2
21723,8643,24,3,0.2
21724,8644,4,3,0
21725,8644,22,1,0
21726,8644,13,3,0.2
21727,8645,19,1,0
21728,8645,16,3,0
21729,8645,23,1,0
21730,8646,16,2,0
21731,8646,18,3,0
21732,8646,1,3,0.1
21733,8646,12,3,0
21734,8647,19,1,0.2
21735,8647,7,1,0
21736,8647,18,2,0
21737,8648,24,2,0.15
21738,8649,5,3,0
21739,8649,7,2,0.15
21740,8649,19,1,0
21741,8649,22,1,0.15
21742,8650,3,1,0.2
21743,8650,20,1,0
21744,8650,10,2,0
21745,8651,21,1,0
21746,8651,8,3,0.2
21747,8651,1,1,0
21748,8651,13,3,0
21749,8652,12,2,0.1
21750,8652,10,1,0
21751,8652,22,1,0
21752,8652,15,3,0
21753,8653,11,3,0.15
21754,8653,18,2,0
21755,8653,6,3,0.2
21756,8653,2,2,0.15
21757,8654,1,2,0.15
21758,8654,21,2,0.1
21759,8654,7,2,0
21760,8655,2,3,0
21761,8655,3,1,0.15
21762,8656,23,3,0.15
21763,8656,16,2,0.2
21764,8656,24,2,0
21765,8656,24,3,0.15
21766,8657,9,1,0.1
21767,8657,18,3,0.1
21768,8657,9,2,0.1
21769,8658,16,1,0.15
21770,8658,3,2,0
21771,8658,9,3,0.1
21772,8658,5,3,0.15
21773,8659,16,1,0.2
21774,8659,15,2,0.2
21775,8659,14,2,0.15
21776,8659,18,2,0.1
21777,8660,9,2,0
21778,8660,4,2,0
21779,8661,4,1,0.15
21780,8661,24,1,0
21781,8662,11,2,0.2
21782,8662,23,1,0
21783,8662,10,3,0
21784,8662,16,2,0.2
21785,8663,3,2,0
21786,8663,16,1,0.15
21787,8663,14,1,0.15
21788,8664,22,3,0.15
21789,8664,8,2,0.1
21790,8665,20,2,0
21791,8666,18,2,0
21792,8667,22,3,0.1
21793,8667,3,2,0.15
21794,8667,6,1,0.1
21795,8667,24,2,0
21796,8668,18,1,0.2
21797,8669,20,2,0.2
21798,8670,24,1,0.15
21799,8671,23,1,0.1
21800,8671,19,1,0.15
21801,8671,23,1,0
21802,8671,22,2,0
21803,8672,20,3,0.1
21804,8672,2,1,0
21805,8673,10,1,0
21806,8673,24,3,0
21807,8674,4,3,0.2
21808,8674,4,1,0
21809,8675,17,3,0.1
21810,8676,8,1,0.2
21811,8677,6,1,0.15
21812,8677,6,2,0.1
21813,8678,14,1,0.2
21814,8678,8,1,0
21815,8679,13,1,0
21816,8679,17,3,0.1
21817,8680,6,3,0.1
21818,8681,2,2,0.1
21819,8681,7,2,0
21820,8681,9,1,0
21821,8681,4,1,0.1
21822,8682,3,2,0.1
21823,8682,4,1,0.15
21824,8683,7,2,0
21825,8684,7,1,0.1
21826,8684,4,1,0.15
21827,8684,9,3,0.2
21828,8685,22,1,0
21829,8686,12,2,0
21830,8686,13,1,0
21831,8687,1,1,0.2
21832,8687,11,1,0.1
21833,8687,21,1,0
21834,8688,12,1,0
21835,8688,9,1,0.15
21836,8689,10,3,0.2
21837,8690,14,2,0
21838,8690,14,3,0
21839,8690,15,3,0.15
21840,8690,20,1,0.1
21841,8691,10,2,0.15
21842,8692,17,2,0.2
21843,8693,3,3,0
21844,8694,14,1,0.2
21845,8694,19,2,0.1
21846,8695,21,2,0.15
21847,8695,11,1,0.15
21848,8695,5,2,0
21849,8696,9,2,0.2
21850,8696,21,3,0
21851,8696,22,2,0
21852,8696,12,1,0
21853,8697,10,1,0
21854,8697,10,1,0
21855,8697,6,1,0
21856,8697,22,1,0.15
21857,8698,12,1,0
21858,8699,12,2,0.2
21859,8699,17,2,0
21860,8699,13,3,0.15
21861,8699,7,2,0
21862,8700,4,1,0.1
21863,8700,15,3,0.1
21864,8700,15,1,0.1
21865,8700,3,3,0
21866,8701,7,2,0.1
21867,8701,18,1,0.1
21868,8701,3,2,0.15
21869,8702,2,2,0.2
21870,8702,14,3,0
21871,8703,10,3,0
21872,8703,24,1,0.15
21873,8703,19,3,0.1
21874,8704,17,2,0.15
21875,8704,9,2,0.1
21876,8704,18,2,0.2
21877,8705,5,2,0
21878,8705,1,3,0
21879,8706,2,2,0.2
21880,8707,2,1,0.1
21881,8707,10,3,0
21882,8707,19,3,0
21883,8708,13,3,0.2
21884,8708,12,3,0
21885,8708,18,3,0.2
21886,8708,18,1,0
21887,8709,10,2,0.1
21888,8709,18,3,0
21889,8709,13,3,0
21890,8709,7,3,0.1
21891,8710,15,2,0
21892,8711,17,3,0
21893,8711,10,1,0
21894,8711,15,2,0
21895,8712,6,1,0.1
21896,8713,13,1,0
21897,8713,24,3,0
21898,8713,5,3,0
21899,8713,16,2,0.15
21900,8714,7,1,0
21901,8714,4,1,0
21902,8714,10,1,0
21903,8714,10,1,0
21904,8715,13,3,0.2
21905,8715,19,2,0.1
21906,8716,24,1,0
21907,8716,4,1,0.1
21908,8716,20,1,0
21909,8716,11,3,0.15
21910,8717,17,2,0.1
21911,8718,17,2,0
21912,8719,9,1,0
21913,8719,18,2,0.1
21914,8719,20,1,0.15
21915,8719,7,3,0.1
21916,8720,13,1,0.1
21917,8721,4,3,0.1
21918,8722,22,1,0
21919,8722,15,3,0
21920,8723,7,3,0
21921,8723,14,1,0.15
21922,8724,1,3,0
21923,8724,4,3,0.2
21924,8724,2,3,0
21925,8724,13,3,0
21926,8725,12,1,0
21927,8726,12,1,0.15
21928,8726,1,1,0.15
21929,8727,6,3,0
21930,8727,4,1,0
21931,8727,8,1,0
21932,8727,22,3,0
21933,8728,16,3,0
21934,8728,23,3,0.1
21935,8729,24,3,0.15
21936,8729,5,1,0
21937,8729,7,2,0
21938,8730,2,3,0.15
21939,8730,1,3,0.1
21940,8730,4,3,0
21941,8731,20,1,0.15
21942,8731,18,2,0.15
21943,8731,16,1,0.2
21944,8732,1,3,0
21945,8732,20,2,0.2
21946,8732,20,2,0.1
21947,8733,19,3,0.2
21948,8734,24,2,0
21949,8734,6,1,0
21950,8734,12,1,0.2
21951,8734,6,2,0.1
21952,8735,3,3,0.15
21953,8735,9,3,0
21954,8735,3,1,0
21955,8735,3,1,0
21956,8736,21,3,0
21957,8736,19,3,0.1
21958,8737,9,3,0.1
21959,8737,3,2,0
21960,8737,21,2,0
21961,8738,6,2,0
21962,8739,14,1,0.15
21963,8739,9,2,0
21964,8739,13,1,0.2
21965,8739,6,2,0
21966,8740,2,3,0
21967,8740,13,1,0
21968,8740,7,1,0
21969,8740,16,2,0
21970,8741,21,2,0.2
21971,8742,5,2,0.1
21972,8742,9,1,0
21973,8743,19,1,0.2
21974,8743,9,1,0
21975,8744,13,1,0.1
21976,8744,10,3,0.1
21977,8744,24,3,0.2
21978,8745,1,1,0.2
21979,8745,11,2,0.15
21980,8745,14,2,0
21981,8745,24,2,0
21982,8746,10,1,0
21983,8747,13,2,0.1
21984,8747,4,1,0.15
21985,8747,20,2,0.15
21986,8748,7,3,0
21987,8748,21,1,0.1
21988,8749,7,2,0.15
21989,8749,3,1,0.2
21990,8750,3,2,0
21991,8750,15,3,0.1
21992,8750,8,1,0.1
21993,8750,3,2,0.1
21994,8751,9,2,0
21995,8751,22,1,0.1
21996,8752,7,3,0
21997,8753,13,1,0
21998,8754,7,2,0
21999,8754,6,3,0.2
22000,8755,14,2,0
22001,8756,15,2,0
22002,8757,17,3,0.2
22003,8757,19,2,0
22004,8758,19,3,0
22005,8758,24,1,0.2
22006,8759,21,1,0.1
22007,8759,23,1,0
22008,8760,13,2,0
22009,8761,20,2,0.15
22010,8761,13,1,0.2
22011,8761,8,3,0
22012,8762,11,3,0.2
22013,8762,20,3,0.2
22014,8762,8,3,0
22015,8763,12,2,0
22016,8763,13,2,0
22017,8763,18,2,0
22018,8764,20,1,0.2
22019,8764,8,3,0.15
22020,8764,22,3,0.15
22021,8765,23,1,0
22022,8766,22,2,0
22023,8767,8,1,0
22024,8767,14,2,0.1
22025,8767,4,2,0
22026,8767,9,1,0.1
22027,8768,6,3,0
22028,8768,11,1,0.15
22029,8769,1,1,0.1
22030,8769,21,2,0.2
22031,8769,23,3,0.1
22032,8770,6,3,0
22033,8770,15,1,0.1
22034,8770,11,2,0.15
22035,8770,23,2,0.1
22036,8771,3,3,0.2
22037,8771,2,1,0
22038,8772,22,2,0
22039,8772,5,2,0
22040,8773,19,1,0
22041,8774,24,3,0.15
22042,8774,23,3,0.1
22043,8775,19,3,0
22044,8775,4,3,0.1
22045,8775,16,2,0.2
22046,8776,5,1,0
22047,8777,4,3,0
22048,8777,8,2,0.15
22049,8778,18,3,0
22050,8779,1,2,0
22051,8779,18,1,0.15
22052,8779,12,3,0.2
22053,8780,23,2,0.2
22054,8780,10,3,0
22055,8781,8,3,0.2
22056,8782,12,2,0
22057,8782,5,2,0.1
22058,8783,12,3,0.2
22059,8783,17,3,0
22060,8783,12,2,0
22061,8783,2,3,0.2
22062,8784,19,2,0.15
22063,8785,4,1,0.2
22064,8786,18,1,0.15
22065,8786,24,2,0.1
22066,8787,24,1,0.2
22067,8787,13,1,0
22068,8788,19,1,0
22069,8789,20,2,0
22070,8789,22,1,0.1
22071,8789,14,1,0.1
22072,8790,4,2,0.1
22073,8790,17,1,0.2
22074,8791,10,2,0.15
22075,8791,2,1,0
22076,8791,18,3,0
22077,8791,2,2,0.15
22078,8792,23,3,0.1
22079,8792,3,2,0.1
22080,8792,21,2,0.15
22081,8793,24,3,0.2
22082,8793,1,1,0
22083,8793,8,1,0
22084,8793,6,1,0.1
22085,8794,24,1,0
22086,8794,1,2,0.2
22087,8795,3,3,0
22088,8795,12,2,0.2
22089,8796,22,3,0
22090,8797,17,2,0
22091,8797,20,3,0.2
22092,8797,2,2,0.1
22093,8797,19,1,0
22094,8798,23,1,0.15
22095,8798,5,1,0.15
22096,8798,3,1,0
22097,8799,20,2,0
22098,8800,13,1,0.15
22099,8801,8,1,0.15
22100,8801,3,1,0.15
22101,8801,17,3,0.2
22102,8801,7,1,0
22103,8802,8,2,0.15
22104,8802,17,1,0
22105,8803,22,1,0
22106,8803,9,2,0
22107,8804,10,2,0
22108,8804,9,3,0.1
22109,8804,18,3,0.2
22110,8805,19,1,0.1
22111,8805,23,2,0
22112,8806,24,2,0.15
22113,8807,9,3,0
22114,8807,5,3,0
22115,8808,1,1,0.1
22116,8809,2,2,0
22117,8809,12,2,0
22118,8809,11,1,0.1
22119,8809,17,2,0
22120,8810,14,3,0
22121,8810,12,2,0.2
22122,8810,2,2,0
22123,8811,10,2,0
22124,8811,2,3,0.15
22125,8811,21,1,0
22126,8811,16,3,0
22127,8812,19,1,0.2
22128,8812,2,3,0
22129,8813,6,2,0
22130,8813,5,1,0
22131,8813,5,3,0.2
22132,8813,8,2,0.2
22133,8814,2,1,0
22134,8814,7,1,0
22135,8814,24,1,0
22136,8814,11,3,0.1
22137,8815,22,1,0.15
22138,8815,19,1,0.15
22139,8815,1,1,0
22140,8816,22,3,0.1
22141,8816,18,3,0
22142,8816,14,1,0
22143,8816,6,3,0
22144,8817,5,1,0
22145,8817,16,2,0
22146,8818,23,2,0.2
22147,8819,12,3,0
22148,8819,16,2,0
22149,8819,10,3,0.2
22150,8819,8,1,0
22151,8820,15,1,0.2
22152,8820,20,1,0
22153,8821,21,3,0
22154,8821,16,1,0.1
22155,8821,7,1,0
22156,8821,21,2,0.15
22157,8822,22,2,0.2
22158,8822,9,3,0
22159,8822,22,2,0.2
22160,8823,15,3,0.1
22161,8823,10,2,0.15
22162,8824,12,1,0.1
22163,8824,12,2,0
22164,8825,19,1,0
22165,8826,23,3,0.2
22166,8826,16,1,0.15
22167,8827,15,1,0
22168,8828,13,1,0.1
22169,8828,15,1,0.2
22170,8828,9,2,0.15
22171,8828,14,2,0.15
22172,8829,2,1,0.1
22173,8829,1,3,0
22174,8829,1,2,0.15
22175,8829,6,1,0
22176,8830,9,3,0
22177,8830,10,3,0
22178,8830,17,3,0.1
22179,8830,9,3,0.1
22180,8831,14,3,0.1
22181,8831,4,3,0
22182,8832,4,2,0.1
22183,8832,3,3,0.15
22184,8832,8,2,0
22185,8833,18,3,0.15
22186,8833,18,1,0.15
22187,8833,18,2,0
22188,8834,13,3,0.1
22189,8834,16,2,0.15
22190,8834,10,3,0
22191,8835,14,2,0
22192,8835,24,1,0.2
22193,8836,20,1,0
22194,8837,5,1,0.15
22195,8838,4,1,0.1
22196,8838,2,1,0
22197,8839,24,3,0.1
22198,8840,6,1,0
22199,8840,6,2,0
22200,8840,2,2,0
22201,8840,9,2,0
22202,8841,24,3,0
22203,8841,18,1,0
22204,8842,9,1,0.1
22205,8842,5,1,0.2
22206,8842,11,1,0
22207,8842,18,2,0
22208,8843,3,3,0
22209,8843,10,2,0.15
22210,8843,18,1,0
22211,8844,2,3,0.1
22212,8844,18,3,0.2
22213,8845,1,1,0.2
22214,8845,14,1,0.1
22215,8845,5,1,0
22216,8845,11,3,0
22217,8846,19,3,0.2
22218,8846,21,3,0.1
22219,8847,5,3,0
22220,8848,10,2,0.1
22221,8848,17,2,0.1
22222,8848,20,3,0
22223,8849,6,3,0.1
22224,8850,12,2,0
22225,8850,5,2,0.1
22226,8850,16,1,0
22227,8850,5,1,0
22228,8851,4,1,0.2
22229,8851,1,2,0.1
22230,8851,15,1,0
22231,8851,24,3,0.2
22232,8852,8,1,0
22233,8852,12,3,0.15
22234,8852,3,3,0.1
22235,8853,12,3,0.1
22236,8853,12,1,0
22237,8853,16,2,0.1
22238,8853,5,2,0.15
22239,8854,5,1,0.15
22240,8854,5,1,0.2
22241,8854,3,1,0.1
22242,8855,16,1,0
22243,8855,8,2,0.2
22244,8856,23,1,0
22245,8856,24,1,0
22246,8857,12,2,0
22247,8857,18,1,0.1
22248,8857,4,3,0.1
22249,8858,5,2,0.15
22250,8858,19,3,0
22251,8858,20,3,0.1
22252,8858,1,1,0.1
22253,8859,14,1,0
22254,8859,24,1,0.2
22255,8859,15,1,0
22256,8860,11,1,0
22257,8861,9,2,0
22258,8862,16,3,0
22259,8863,8,2,0.15
22260,8863,22,1,0.1
22261,8863,13,2,0.2
22262,8863,19,3,0
22263,8864,5,3,0.2
22264,8864,16,1,0
22265,8865,18,3,0.1
22266,8866,10,2,0
22267,8866,14,3,0
22268,8866,15,2,0
22269,8867,8,3,0.1
22270,8868,20,3,0.1
22271,8868,2,2,0
22272,8868,10,2,0.2
22273,8869,11,3,0
22274,8869,22,3,0.1
22275,8870,12,1,0.15
22276,8870,10,3,0.1
22277,8871,11,2,0.2
22278,8871,20,1,0
22279,8871,3,3,0
22280,8872,18,2,0.15
22281,8872,23,1,0
22282,8873,21,3,0
22283,8873,7,2,0
22284,8874,5,1,0.2
22285,8874,11,3,0
22286,8875,2,2,0
22287,8876,1,2,0
22288,8876,3,1,0
22289,8877,16,3,0
22290,8877,20,3,0
22291,8877,15,3,0.1
22292,8878,22,1,0
22293,8879,8,1,0
22294,8879,10,2,0.15
22295,8879,15,1,0.1
22296,8880,15,3,0.2
22297,8880,2,2,0
22298,8880,19,1,0.2
22299,8880,21,2,0
22300,8881,14,1,0.15
22301,8881,10,2,0.1
22302,8881,16,2,0.15
22303,8882,22,1,0
22304,8882,7,1,0.15
22305,8883,10,3,0.2
22306,8883,3,1,0.15
22307,8883,7,1,0
22308,8884,14,2,0
22309,8884,13,1,0
22310,8884,20,3,0.2
22311,8885,20,1,0.2
22312,8886,10,2,0
22313,8886,7,2,0.2
22314,8887,16,1,0
22315,8887,22,2,0.2
22316,8887,24,3,0
22317,8887,21,1,0
22318,8888,4,2,0.2
22319,8889,23,1,0.15
22320,8889,4,3,0
22321,8889,17,2,0.15
22322,8889,8,1,0
22323,8890,15,2,0
22324,8890,2,2,0
22325,8891,19,1,0.15
22326,8891,14,1,0.2
22327,8891,10,2,0.1
22328,8891,8,1,0.1
22329,8892,1,3,0
22330,8892,2,3,0.1
22331,8893,11,3,0
22332,8894,20,1,0.15
22333,8894,3,3,0
22334,8894,24,3,0.15
22335,8894,7,2,0
22336,8895,23,2,0
22337,8895,5,1,0
22338,8895,17,1,0
22339,8895,19,1,0
22340,8896,1,3,0.15
22341,8896,14,2,0
22342,8897,14,1,0.15
22343,8898,11,1,0.15
22344,8898,24,3,0
22345,8898,7,1,0
22346,8898,16,1,0.2
22347,8899,3,3,0
22348,8899,23,1,0.1
22349,8899,16,2,0.15
22350,8899,12,1,0.15
22351,8900,23,2,0.2
22352,8900,17,1,0.15
22353,8900,4,3,0
22354,8900,20,2,0.1
22355,8901,12,3,0.15
22356,8901,15,1,0.1
22357,8901,12,1,0.1
22358,8901,1,1,0.1
22359,8902,11,3,0.15
22360,8902,5,3,0
22361,8902,24,1,0
22362,8902,14,2,0.2
22363,8903,3,1,0
22364,8903,18,2,0.2
22365,8904,2,2,0.15
22366,8904,18,3,0
22367,8905,7,1,0.2
22368,8905,6,2,0
22369,8905,16,1,0.15
22370,8906,18,1,0
22371,8907,15,3,0
22372,8908,4,3,0
22373,8908,3,2,0.2
22374,8908,11,1,0.1
22375,8909,10,1,0.1
22376,8909,20,3,0.2
22377,8910,3,2,0
22378,8911,19,1,0.1
22379,8911,11,2,0
22380,8912,9,2,0
22381,8913,13,3,0.1
22382,8913,4,1,0.2
22383,8913,11,3,0.15
22384,8914,16,1,0.1
22385,8914,23,1,0
22386,8914,15,3,0.2
22387,8914,14,2,0
22388,8915,18,1,0.1
22389,8915,10,2,0.15
22390,8915,23,3,0
22391,8916,2,2,0.15
22392,8916,1,3,0.2
22393,8916,10,2,0
22394,8917,19,1,0
22395,8917,11,3,0
22396,8917,14,1,0.2
22397,8917,13,2,0
22398,8918,9,2,0.15
22399,8918,21,2,0
22400,8919,9,2,0.1
22401,8919,24,1,0.2
22402,8919,13,1,0
22403,8920,11,3,0.15
22404,8920,9,2,0
22405,8921,22,2,0.1
22406,8922,17,3,0
22407,8923,7,2,0
22408,8924,1,3,0.2
22409,8925,23,1,0
22410,8926,17,2,0.2
22411,8926,10,3,0.2
22412,8927,16,2,0.2
22413,8927,22,3,0.1
22414,8927,21,1,0
22415,8928,10,2,0
22416,8928,19,2,0
22417,8929,20,2,0
22418,8929,10,2,0
22419,8929,19,1,0
22420,8929,8,1,0
22421,8930,18,2,0
22422,8930,24,3,0
22423,8931,13,1,0.2
22424,8931,13,2,0.15
22425,8931,16,1,0.15
22426,8931,18,3,0
22427,8932,16,1,0
22428,8932,15,2,0.15
22429,8932,12,1,0.1
22430,8933,17,1,0
22431,8933,13,3,0.1
22432,8933,2,1,0.1
22433,8933,15,2,0.2
22434,8934,18,3,0
22435,8934,20,1,0.1
22436,8935,11,3,0
22437,8935,2,3,0
22438,8935,7,3,0.2
22439,8936,10,2,0
22440,8937,22,3,0
22441,8937,3,3,0
22442,8938,20,2,0
22443,8938,21,3,0
22444,8939,17,2,0
22445,8940,8,3,0
22446,8941,6,1,0
22447,8941,13,3,0
22448,8941,12,2,0.15
22449,8942,19,1,0.15
22450,8942,2,1,0
22451,8942,17,3,0.2
22452,8942,16,2,0
22453,8943,16,2,0.1
22454,8943,8,3,0
22455,8943,17,2,0.15
22456,8944,20,3,0
22457,8944,24,1,0.1
22458,8944,4,1,0.1
22459,8944,5,3,0.1
22460,8945,4,1,0
22461,8945,3,1,0.1
22462,8946,5,2,0
22463,8946,9,2,0
22464,8946,17,2,0.15
22465,8946,5,2,0.2
22466,8947,12,3,0.15
22467,8947,6,1,0.2
22468,8947,13,1,0
22469,8947,14,1,0.1
22470,8948,18,1,0.15
22471,8948,18,1,0
22472,8949,4,3,0
22473,8949,13,2,0.1
22474,8950,16,3,0.1
22475,8950,21,3,0.15
22476,8950,19,1,0.1
22477,8950,19,1,0.1
22478,8951,18,2,0
22479,8951,3,1,0
22480,8951,13,2,0
22481,8952,7,2,0.1
22482,8952,14,2,0.15
22483,8952,8,3,0.2
22484,8953,11,3,0
22485,8953,24,2,0.15
22486,8954,13,2,0.15
22487,8954,3,3,0
22488,8955,13,2,0.15
22489,8955,6,3,0.2
22490,8955,21,1,0.15
22491,8955,6,1,0.1
22492,8956,16,1,0
22493,8956,20,3,0
22494,8956,2,2,0
22495,8957,11,2,0
22496,8957,4,1,0.1
22497,8957,4,1,0.1
22498,8957,8,3,0.15
22499,8958,4,1,0.2
22500,8958,1,1,0
22501,8958,20,1,0.1
22502,8959,4,1,0.2
22503,8959,18,3,0.2
22504,8959,17,1,0
22505,8959,16,2,0
22506,8960,13,1,0
22507,8960,2,2,0.1
22508,8961,15,2,0.2
22509,8961,15,1,0.2
22510,8961,6,2,0
22511,8962,18,2,0.15
22512,8963,3,2,0
22513,8963,22,1,0
22514,8964,12,1,0
22515,8964,23,1,0.15
22516,8964,1,1,0
22517,8964,9,2,0
22518,8965,9,3,0
22519,8965,16,2,0.15
22520,8966,1,3,0.1
22521,8966,7,3,0.2
22522,8966,5,3,0.15
22523,8966,18,2,0
22524,8967,15,3,0
22525,8967,3,1,0
22526,8967,7,1,0
22527,8967,18,1,0
22528,8968,1,1,0.15
22529,8969,8,2,0
22530,8969,14,1,0.1
22531,8969,18,1,0
22532,8969,23,1,0.2
22533,8970,9,1,0
22534,8970,23,2,0
22535,8970,12,3,0.2
22536,8970,5,2,0
22537,8971,20,1,0.1
22538,8972,18,1,0.1
22539,8972,16,2,0
22540,8972,1,3,0
22541,8972,6,2,0
22542,8973,5,2,0
22543,8973,23,1,0.2
22544,8974,10,2,0
22545,8975,14,1,0.2
22546,8975,3,2,0
22547,8975,18,2,0
22548,8976,7,1,0
22549,8976,11,3,0.15
22550,8976,7,1,0
22551,8976,3,3,0.1
22552,8977,15,1,0.15
22553,8977,2,3,0.2
22554,8977,11,1,0
22555,8977,18,1,0.1
22556,8978,8,1,0
22557,8978,21,2,0.15
22558,8978,3,2,0
22559,8978,19,2,0
22560,8979,3,1,0.15
22561,8979,21,3,0
22562,8979,22,2,0
22563,8980,11,2,0.1
22564,8980,6,2,0.2
22565,8980,14,2,0.1
22566,8981,2,3,0
22567,8981,10,1,0
22568,8982,20,2,0
22569,8982,4,2,0
22570,8982,1,2,0.1
22571,8983,5,1,0
22572,8983,4,3,0
22573,8984,5,1,0
22574,8984,3,1,0
22575,8984,6,1,0
22576,8985,9,3,0
22577,8986,8,3,0.15
22578,8986,23,1,0.15
22579,8987,18,1,0.1
22580,8987,4,3,0
22581,8987,1,1,0.1
22582,8988,15,2,0
22583,8989,21,2,0
22584,8990,5,1,0.2
22585,8990,7,1,0.2
22586,8991,22,1,0.1
22587,8992,16,2,0.2
22588,8992,11,1,0.1
22589,8993,19,2,0
22590,8993,10,2,0
22591,8993,12,2,0
22592,8993,7,1,0.2
22593,8994,22,2,0
22594,8994,1,3,0.1
22595,8995,18,3,0.2
22596,8995,21,1,0
22597,8995,16,1,0.2
22598,8995,20,1,0
22599,8996,24,3,0
22600,8997,24,2,0
22601,8998,1,2,0.15
22602,8999,20,2,0
22603,8999,13,1,0.1
22604,9000,9,1,0
22605,9000,11,2,0.1
22606,9000,22,3,0
22607,9000,7,3,0
22608,9001,2,2,0.1
22609,9002,24,2,0.1
22610,9002,21,2,0
22611,9003,3,3,0
22612,9003,9,2,0.1
22613,9004,6,2,0.2
22614,9004,8,1,0
22615,9004,10,3,0
22616,9004,16,1,0
22617,9005,2,3,0
22618,9005,13,3,0
22619,9006,3,2,0.2
22620,9007,17,2,0
22621,9007,4,3,0.15
22622,9008,23,2,0.2
22623,9008,13,3,0.15
22624,9008,13,3,0
22625,9009,4,3,0
22626,9009,11,3,0.1
22627,9010,1,3,0.1
22628,9011,4,3,0.1
22629,9011,23,2,0
22630,9011,14,3,0
22631,9012,3,1,0.1
22632,9012,4,2,0
22633,9013,6,2,0.15
22634,9013,17,2,0.15
22635,9014,6,1,0.2
22636,9015,2,3,0.15
22637,9016,14,3,0.1
22638,9016,23,2,0.15
22639,9016,13,2,0
22640,9016,3,3,0.1
22641,9017,13,3,0
22642,9017,11,2,0.2
22643,9017,10,1,0.2
22644,9018,5,3,0.2
22645,9018,7,3,0
22646,9018,14,2,0.2
22647,9019,14,2,0
22648,9019,2,3,0
22649,9019,9,1,0.1
22650,9019,13,1,0
22651,9020,19,1,0
22652,9021,20,2,0.1
22653,9021,13,2,0.15
22654,9021,5,3,0.1
22655,9022,7,3,0.1
22656,9022,14,3,0
22657,9022,11,2,0
22658,9022,19,2,0
22659,9023,1,2,0.2
22660,9023,3,2,0.15
22661,9024,8,1,0
22662,9024,20,3,0.2
22663,9024,21,1,0
22664,9024,6,2,0.2
22665,9025,20,3,0.15
22666,9026,20,3,0.1
22667,9026,8,3,0
22668,9026,12,1,0.15
22669,9027,1,1,0.2
22670,9027,17,1,0.15
22671,9027,24,2,0
22672,9027,19,1,0
22673,9028,9,2,0
22674,9028,14,3,0
22675,9028,3,1,0
22676,9028,16,3,0.15
22677,9029,2,1,0.1
22678,9029,16,1,0
22679,9030,12,3,0.1
22680,9030,9,2,0
22681,9030,6,3,0
22682,9031,6,3,0
22683,9032,12,2,0.1
22684,9032,3,1,0
22685,9032,1,3,0.2
22686,9032,11,3,0.1
22687,9033,19,3,0
22688,9033,7,2,0
22689,9034,9,1,0
22690,9034,11,3,0
22691,9034,11,2,0.2
22692,9034,10,1,0.1
22693,9035,3,3,0
22694,9035,8,2,0
22695,9035,17,1,0
22696,9035,5,3,0
22697,9036,1,2,0.15
22698,9037,10,1,0
22699,9038,13,3,0.15
22700,9038,5,3,0.1
22701,9038,12,3,0.15
22702,9038,11,1,0.1
22703,9039,5,3,0
22704,9039,6,1,0.1
22705,9039,14,1,0.15
22706,9040,14,3,0.15
22707,9040,18,1,0.1
22708,9040,9,1,0.2
22709,9040,22,1,0.2
22710,9041,16,3,0.2
22711,9042,9,2,0
22712,9042,5,1,0
22713,9042,7,1,0.2
22714,9042,24,3,0
22715,9043,17,3,0.15
22716,9043,7,2,0.15
22717,9044,8,1,0.15
22718,9045,5,3,0
22719,9046,6,3,0.15
22720,9046,13,2,0.15
22721,9046,19,3,0
22722,9047,5,2,0
22723,9047,8,3,0.1
22724,9048,7,1,0.2
22725,9048,8,1,0.1
22726,9048,8,1,0
22727,9048,15,3,0.2
22728,9049,13,1,0
22729,9049,21,3,0
22730,9050,4,1,0
22731,9050,7,3,0.15
22732,9051,12,3,0.15
22733,9051,15,2,0.1
22734,9051,20,1,0
22735,9052,14,2,0.1
22736,9052,2,1,0.15
22737,9053,22,2,0.1
22738,9053,9,2,0.15
22739,9054,17,3,0.15
22740,9054,14,1,0
22741,9054,19,3,0.2
22742,9055,22,2,0.2
22743,9055,24,2,0.1
22744,9055,13,1,0.15
22745,9056,16,2,0
22746,9056,4,2,0.1
22747,9056,14,3,0
22748,9057,11,3,0
22749,9057,15,3,0
22750,9057,18,3,0
22751,9057,12,3,0
22752,9058,22,2,0.15
22753,9058,4,1,0.1
22754,9058,7,2,0.2
22755,9058,18,2,0
22756,9059,2,2,0.1
22757,9060,24,2,0
22758,9060,4,2,0
22759,9060,8,2,0.1
22760,9061,14,2,0
22761,9062,6,3,0
22762,9062,20,2,0.15
22763,9062,8,1,0.2
22764,9062,3,1,0
22765,9063,17,2,0
22766,9064,8,1,0
22767,9064,2,2,0
22768,9064,2,1,0
22769,9065,19,1,0
22770,9065,15,2,0
22771,9065,21,2,0.2
22772,9065,19,1,0.2
22773,9066,10,1,0
22774,9067,4,2,0
22775,9068,9,2,0
22776,9068,10,3,0.15
22777,9068,11,1,0.2
22778,9069,9,2,0.15
22779,9069,18,1,0.2
22780,9070,16,2,0.1
22781,9070,14,2,0.15
22782,9071,7,3,0
22783,9072,12,2,0
22784,9073,20,2,0
22785,9073,4,1,0
22786,9073,6,3,0
22787,9074,4,2,0
22788,9075,18,2,0.1
22789,9075,16,2,0.2
22790,9076,9,2,0
22791,9076,20,2,0
22792,9077,5,3,0.2
22793,9077,6,1,0.2
22794,9078,6,1,0.1
22795,9079,14,3,0
22796,9079,20,1,0
22797,9079,15,2,0
22798,9080,6,3,0.2
22799,9080,21,2,0
22800,9080,6,3,0
22801,9080,1,2,0
22802,9081,6,3,0.1
22803,9081,1,1,0.1
22804,9081,18,2,0
22805,9081,19,1,0
22806,9082,3,3,0
22807,9082,12,1,0.2
22808,9082,24,3,0.2
22809,9082,15,2,0.1
22810,9083,12,2,0
22811,9083,6,2,0
22812,9084,9,1,0
22813,9084,12,1,0.1
22814,9084,7,1,0.1
22815,9084,17,2,0
22816,9085,12,1,0
22817,9085,9,2,0.1
22818,9086,4,3,0.15
22819,9086,4,3,0
22820,9086,4,1,0
22821,9086,24,1,0
22822,9087,11,1,0.1
22823,9088,2,3,0.1
22824,9088,4,2,0
22825,9088,20,2,0.2
22826,9088,17,1,0
22827,9089,9,3,0
22828,9089,2,3,0.15
22829,9089,8,2,0.15
22830,9090,13,2,0.1
22831,9091,3,1,0.2
22832,9091,17,1,0.2
22833,9092,3,2,0
22834,9092,3,1,0
22835,9092,1,1,0
22836,9092,7,1,0.2
22837,9093,1,1,0
22838,9093,4,2,0
22839,9093,16,3,0
22840,9093,8,3,0.1
22841,9094,22,2,0.15
22842,9094,3,1,0.2
22843,9095,3,2,0
22844,9095,18,2,0
22845,9095,15,2,0.1
22846,9095,20,2,0.15
22847,9096,17,1,0.1
22848,9096,10,2,0.2
22849,9096,10,1,0.15
22850,9096,24,3,0.2
22851,9097,21,1,0
22852,9097,2,1,0.1
22853,9097,20,1,0
22854,9097,9,2,0.2
22855,9098,10,3,0.15
22856,9098,6,2,0
22857,9098,6,1,0
22858,9099,17,2,0.15
22859,9099,19,3,0.2
22860,9099,20,1,0
22861,9099,22,3,0.15
22862,9100,12,1,0.15
22863,9100,2,2,0
22864,9100,10,1,0
22865,9100,4,3,0
22866,9101,15,3,0.15
22867,9101,23,1,0.15
22868,9101,22,1,0
22869,9102,20,1,0
22870,9102,1,2,0
22871,9103,20,3,0
22872,9103,2,1,0.15
22873,9103,20,3,0.2
22874,9104,17,3,0.2
22875,9104,17,1,0.15
22876,9105,15,3,0.1
22877,9105,16,3,0
22878,9105,4,1,0.2
22879,9106,7,1,0.2
22880,9106,19,3,0
22881,9106,4,3,0
22882,9107,6,2,0.2
22883,9107,12,1,0.2
22884,9108,9,2,0
22885,9108,8,3,0
22886,9108,4,2,0.15
22887,9108,15,1,0
22888,9109,21,3,0.2
22889,9109,2,1,0
22890,9109,1,3,0.2
22891,9110,15,2,0
22892,9111,19,1,0.2
22893,9111,12,2,0
22894,9111,6,3,0
22895,9112,8,1,0
22896,9113,18,1,0
22897,9113,22,3,0.1
22898,9113,13,3,0
22899,9114,20,1,0.15
22900,9114,14,1,0.1
22901,9115,16,1,0.2
22902,9115,23,2,0.2
22903,9115,11,3,0.15
22904,9116,17,3,0
22905,9117,21,1,0
22906,9118,8,1,0.1
22907,9118,10,1,0.15
22908,9118,16,2,0
22909,9118,13,1,0
22910,9119,10,1,0.15
22911,9119,9,3,0.15
22912,9120,21,2,0
22913,9120,3,3,0.1
22914,9120,17,3,0.1
22915,9121,14,3,0
22916,9121,8,2,0
22917,9121,3,3,0.2
22918,9122,8,3,0.15
22919,9122,12,1,0.2
22920,9122,5,3,0
22921,9122,4,2,0.2
22922,9123,16,2,0.2
22923,9123,14,2,0
22924,9124,14,1,0.15
22925,9124,15,2,0
22926,9124,9,1,0
22927,9125,20,1,0.2
22928,9126,20,3,0.15
22929,9126,11,2,0
22930,9127,23,2,0.2
22931,9127,1,3,0.2
22932,9128,16,1,0
22933,9128,8,1,0.2
22934,9128,5,3,0
22935,9129,10,3,0
22936,9130,22,1,0
22937,9130,14,1,0.2
22938,9131,2,3,0
22939,9132,3,1,0
22940,9132,3,1,0
22941,9132,21,1,0.15
22942,9132,7,3,0.2
22943,9133,5,1,0.1
22944,9133,11,2,0.15
22945,9133,5,1,0
22946,9133,9,1,0
22947,9134,10,1,0.15
22948,9134,2,3,0.2
22949,9135,23,2,0
22950,9135,9,2,0.15
22951,9136,5,2,0.2
22952,9136,18,2,0.15
22953,9137,9,2,0
22954,9137,22,1,0.15
22955,9137,9,2,0
22956,9137,9,1,0.2
22957,9138,16,3,0.2
22958,9138,11,3,0.1
22959,9139,3,2,0
22960,9139,12,1,0
22961,9140,3,2,0.1
22962,9141,20,1,0.1
22963,9141,2,3,0
22964,9141,1,2,0
22965,9141,8,3,0
22966,9142,14,2,0.2
22967,9142,6,1,0.1
22968,9143,11,2,0
22969,9143,21,2,0
22970,9143,12,3,0.15
22971,9144,13,3,0
22972,9145,13,3,0
22973,9145,3,3,0.2
22974,9146,4,1,0.2
22975,9146,18,3,0
22976,9146,12,1,0
22977,9147,3,3,0
22978,9147,10,2,0
22979,9147,17,3,0.2
22980,9148,12,3,0.2
22981,9148,2,2,0
22982,9149,21,2,0
22983,9150,22,3,0
22984,9151,22,3,0
22985,9151,5,1,0
22986,9152,6,2,0
22987,9152,15,1,0
22988,9152,5,1,0
22989,9153,7,1,0
22990,9153,16,1,0
22991,9154,19,1,0.2
22992,9155,16,1,0.15
22993,9155,20,1,0
22994,9156,10,1,0
22995,9157,13,3,0
22996,9157,7,3,0.2
22997,9157,5,1,0
22998,9157,13,3,0.2
22999,9158,2,3,0
23000,9159,9,3,0
23001,9159,19,3,0.1
23002,9159,21,2,0.1
23003,9160,15,2,0
23004,9160,2,1,0
23005,9161,22,1,0
23006,9162,15,3,0
23007,9162,12,3,0
23008,9163,24,2,0
23009,9163,22,3,0
23010,9164,23,1,0
23011,9164,1,1,0.1
23012,9164,3,3,0
23013,9164,8,1,0
23014,9165,12,1,0
23015,9165,23,2,0.15
23016,9165,3,1,0.15
23017,9166,10,2,0
23018,9166,9,3,0
23019,9166,4,3,0.15
23020,9167,4,3,0.2
23021,9167,6,2,0
23022,9167,10,1,0
23023,9167,18,1,0.15
23024,9168,6,2,0
23025,9168,11,3,0.15
23026,9168,5,3,0.15
23027,9168,22,2,0
23028,9169,4,2,0.1
23029,9169,2,3,0
23030,9170,21,3,0
23031,9170,1,2,0
23032,9170,12,1,0
23033,9171,9,1,0
23034,9171,2,1,0
23035,9171,1,3,0
23036,9172,20,3,0.1
23037,9172,13,1,0
23038,9172,9,2,0.2
23039,9173,22,3,0
23040,9174,15,3,0.15
23041,9174,10,3,0
23042,9174,19,1,0.15
23043,9175,21,1,0.15
23044,9175,16,1,0
23045,9175,16,2,0
23046,9176,16,3,0.15
23047,9176,1,3,0.15
23048,9177,13,1,0.2
23049,9177,13,3,0
23050,9177,24,2,0.15
23051,9177,20,1,0.2
23052,9178,19,2,0
23053,9179,17,2,0
23054,9179,8,2,0.15
23055,9179,18,1,0.1
23056,9179,7,2,0.15
23057,9180,22,2,0.2
23058,9180,7,3,0.15
23059,9180,20,2,0
23060,9180,20,3,0.2
23061,9181,10,3,0
23062,9182,14,2,0
23063,9182,13,1,0.1
23064,9182,9,1,0.15
23065,9183,12,2,0.2
23066,9183,9,3,0
23067,9183,14,3,0.1
23068,9184,16,2,0
23069,9185,22,2,0.2
23070,9185,14,2,0
23071,9185,18,3,0
23072,9186,19,2,0
23073,9187,17,2,0
23074,9187,22,1,0
23075,9187,4,2,0.1
23076,9187,4,1,0.15
23077,9188,13,1,0.1
23078,9188,2,3,0
23079,9188,9,3,0
23080,9189,19,3,0.2
23081,9190,13,2,0
23082,9190,19,3,0
23083,9190,4,1,0.15
23084,9191,20,3,0
23085,9192,7,3,0
23086,9193,3,1,0.15
23087,9194,24,1,0.1
23088,9194,5,2,0.1
23089,9194,10,3,0
23090,9195,14,3,0
23091,9195,11,3,0
23092,9195,15,2,0.15
23093,9196,14,3,0.1
23094,9196,7,3,0
23095,9196,9,3,0.15
23096,9196,14,3,0.1
23097,9197,8,1,0
23098,9198,19,1,0.15
23099,9198,11,3,0.2
23100,9198,24,2,0.15
23101,9199,1,3,0
23102,9200,14,2,0.1
23103,9200,3,1,0
23104,9200,6,3,0.15
23105,9200,18,1,0
23106,9201,15,3,0.15
23107,9201,2,1,0.1
23108,9201,21,3,0
23109,9201,3,3,0.1
23110,9202,24,1,0.15
23111,9202,17,1,0
23112,9203,18,1,0.1
23113,9203,19,2,0
23114,9204,16,2,0.15
23115,9205,4,3,0
23116,9205,1,1,0.1
23117,9206,2,1,0.2
23118,9206,22,2,0.1
23119,9206,23,1,0
23120,9206,22,3,0.1
23121,9207,24,2,0
23122,9208,20,1,0.2
23123,9208,13,1,0.15
23124,9209,11,3,0.1
23125,9210,18,3,0.1
23126,9211,18,1,0
23127,9211,9,1,0.15
23128,9211,1,3,0.15
23129,9212,1,1,0.1
23130,9212,11,2,0
23131,9212,2,2,0.15
23132,9213,22,2,0
23133,9213,21,1,0
23134,9213,20,1,0.2
23135,9214,16,2,0.1
23136,9214,9,2,0
23137,9214,16,2,0
23138,9215,21,2,0.1
23139,9216,3,2,0
23140,9216,4,1,0
23141,9217,16,3,0
23142,9218,21,3,0
23143,9218,11,1,0
23144,9219,7,3,0.1
23145,9219,16,1,0
23146,9220,24,1,0.15
23147,9220,3,3,0
23148,9221,7,3,0
23149,9222,3,2,0.2
23150,9223,11,2,0.1
23151,9223,16,3,0.1
23152,9223,10,2,0.1
23153,9223,6,3,0
23154,9224,1,1,0.15
23155,9225,19,1,0.2
23156,9226,16,2,0.2
23157,9226,22,3,0
23158,9227,1,2,0.1
23159,9228,16,1,0
23160,9228,21,2,0.1
23161,9228,15,1,0.15
23162,9229,2,3,0
23163,9230,16,3,0.1
23164,9231,7,3,0.2
23165,9231,13,1,0
23166,9231,13,3,0
23167,9232,10,1,0
23168,9233,17,3,0.1
23169,9233,10,3,0
23170,9233,20,2,0.2
23171,9234,20,2,0
23172,9234,13,2,0
23173,9235,22,1,0
23174,9235,12,3,0
23175,9236,15,1,0.1
23176,9236,12,3,0.2
23177,9237,3,3,0
23178,9237,10,2,0.15
23179,9237,7,2,0
23180,9237,6,3,0
23181,9238,6,1,0
23182,9238,8,2,0
23183,9238,21,3,0.1
23184,9239,9,1,0.15
23185,9240,10,2,0
23186,9240,7,3,0.1
23187,9240,1,3,0.1
23188,9240,12,1,0
23189,9241,1,2,0
23190,9241,13,2,0
23191,9242,13,1,0
23192,9242,20,3,0.15
23193,9242,21,1,0
23194,9242,19,1,0.1
23195,9243,22,3,0.15
23196,9244,23,2,0.2
23197,9244,21,2,0.1
23198,9244,6,2,0
23199,9244,14,1,0
23200,9245,3,1,0
23201,9245,2,1,0
23202,9245,23,2,0.2
23203,9245,22,1,0
23204,9246,5,3,0.15
23205,9246,19,3,0
23206,9247,22,1,0
23207,9247,7,1,0.2
23208,9247,15,2,0.1
23209,9248,17,3,0
23210,9249,1,2,0.1
23211,9249,12,3,0
23212,9249,15,2,0
23213,9250,6,3,0.15
23214,9251,14,1,0.1
23215,9251,6,2,0
23216,9251,23,2,0.1
23217,9252,24,2,0.2
23218,9253,11,3,0.15
23219,9253,5,1,0
23220,9253,8,3,0
23221,9254,19,1,0
23222,9255,13,2,0.1
23223,9255,9,1,0.1
23224,9255,7,2,0
23225,9255,7,1,0.2
23226,9256,12,2,0.2
23227,9256,9,3,0.15
23228,9256,2,3,0.2
23229,9257,4,1,0.2
23230,9257,13,1,0.15
23231,9257,17,1,0
23232,9257,12,1,0
23233,9258,15,2,0
23234,9258,24,3,0.15
23235,9258,11,2,0
23236,9258,14,1,0.1
23237,9259,8,2,0
23238,9259,21,3,0
23239,9260,19,3,0.2
23240,9260,19,1,0.15
23241,9261,17,2,0.1
23242,9262,20,3,0
23243,9263,18,1,0.1
23244,9263,20,3,0
23245,9264,23,1,0.2
23246,9265,19,3,0
23247,9266,19,2,0.2
23248,9266,23,2,0.2
23249,9266,14,3,0
23250,9266,15,3,0.15
23251,9267,19,1,0.2
23252,9268,22,3,0.2
23253,9268,2,2,0.1
23254,9268,13,3,0
23255,9269,1,1,0.15
23256,9269,21,3,0.1
23257,9270,24,2,0
23258,9270,22,2,0.15
23259,9270,17,2,0
23260,9270,24,1,0.1
23261,9271,17,1,0
23262,9271,5,3,0
23263,9271,8,3,0
23264,9272,12,1,0.15
23265,9272,9,1,0
23266,9272,3,2,0
23267,9272,11,3,0.1
23268,9273,1,3,0
23269,9273,20,3,0.1
23270,9273,4,3,0
23271,9274,11,2,0
23272,9274,11,2,0.1
23273,9275,11,2,0
23274,9276,19,3,0.15
23275,9276,22,1,0.1
23276,9276,2,2,0.15
23277,9277,7,2,0.2
23278,9277,14,2,0.2
23279,9278,16,2,0
23280,9278,12,3,0
23281,9278,4,1,0.2
23282,9279,20,2,0
23283,9279,11,1,0.15
23284,9279,5,1,0
23285,9280,12,1,0.1
23286,9281,1,1,0.2
23287,9281,13,2,0
23288,9282,24,2,0.15
23289,9282,2,1,0.15
23290,9282,17,2,0.2
23291,9283,2,1,0
23292,9284,3,2,0
23293,9284,5,1,0
23294,9284,7,2,0
23295,9285,24,1,0.2
23296,9285,1,1,0
23297,9285,18,1,0
23298,9286,13,1,0.15
23299,9286,23,1,0.2
23300,9286,14,3,0.2
23301,9287,11,3,0.1
23302,9287,14,3,0
23303,9287,3,2,0.15
23304,9288,4,1,0.2
23305,9288,3,3,0.1
23306,9288,3,1,0.15
23307,9289,3,2,0.15
23308,9289,9,2,0
23309,9289,12,3,0
23310,9289,18,1,0
23311,9290,23,3,0.2
23312,9290,1,3,0.2
23313,9291,10,2,0.2
23314,9291,23,1,0.15
23315,9291,13,3,0
23316,9292,1,3,0
23317,9292,5,1,0
23318,9292,12,1,0
23319,9293,11,1,0
23320,9293,2,1,0.1
23321,9294,1,1,0
23322,9294,16,3,0
23323,9294,3,1,0
23324,9294,20,3,0
23325,9295,5,1,0
23326,9295,23,3,0.1
23327,9295,4,3,0.1
23328,9296,4,3,0.2
23329,9296,12,2,0.1
23330,9296,10,2,0.15
23331,9297,16,2,0
23332,9297,20,3,0.1
23333,9298,5,3,0.2
23334,9298,17,1,0
23335,9298,6,1,0.2
23336,9299,23,1,0
23337,9299,24,1,0
23338,9299,10,3,0.2
23339,9299,6,3,0.15
23340,9300,16,2,0.15
23341,9300,15,1,0
23342,9301,22,3,0
23343,9302,23,1,0.15
23344,9302,10,2,0
23345,9302,5,2,0
23346,9302,14,1,0.2
23347,9303,6,3,0
23348,9303,24,3,0.15
23349,9303,18,1,0
23350,9304,10,2,0
23351,9304,11,1,0
23352,9305,16,3,0.1
23353,9305,8,1,0
23354,9306,22,1,0.2
23355,9307,19,3,0
23356,9307,9,1,0.2
23357,9308,11,1,0.1
23358,9308,10,3,0
23359,9308,10,2,0.15
23360,9309,4,3,0
23361,9309,24,1,0
23362,9309,17,2,0.2
23363,9309,24,1,0
23364,9310,6,2,0.15
23365,9311,1,2,0.1
23366,9311,12,2,0.2
23367,9311,1,2,0.1
23368,9312,10,1,0
23369,9312,13,2,0
23370,9312,18,3,0.2
23371,9313,21,1,0
23372,9313,13,1,0
23373,9313,16,2,0.2
23374,9313,17,2,0.2
23375,9314,14,2,0.1
23376,9314,12,1,0.15
23377,9315,22,2,0
23378,9315,13,2,0.1
23379,9316,5,2,0.2
23380,9316,14,2,0.1
23381,9316,21,2,0
23382,9317,13,1,0.15
23383,9318,22,2,0.2
23384,9319,17,2,0
23385,9320,21,1,0
23386,9320,21,1,0.2
23387,9321,18,3,0
23388,9321,24,1,0.1
23389,9322,1,2,0.2
23390,9323,19,1,0
23391,9323,16,1,0
23392,9323,10,2,0.15
23393,9323,22,2,0
23394,9324,1,3,0
23395,9325,4,1,0.1
23396,9326,19,1,0.2
23397,9327,6,1,0.1
23398,9328,21,3,0.1
23399,9329,19,2,0.15
23400,9329,10,1,0.2
23401,9329,21,1,0.15
23402,9329,24,1,0
23403,9330,10,1,0
23404,9330,1,2,0.2
23405,9330,7,2,0.15
23406,9331,6,3,0.15
23407,9332,2,1,0.1
23408,9332,11,3,0.1
23409,9333,3,1,0
23410,9333,23,3,0
23411,9334,6,3,0
23412,9334,23,2,0.1
23413,9335,12,3,0
23414,9335,9,2,0.15
23415,9335,8,3,0
23416,9335,17,3,0.15
23417,9336,8,3,0.1
23418,9336,11,1,0.15
23419,9337,10,3,0
23420,9337,3,2,0
23421,9337,13,1,0.1
23422,9338,24,1,0.2
23423,9338,23,1,0
23424,9339,22,1,0
23425,9339,8,1,0.2
23426,9339,24,3,0
23427,9339,10,3,0.15
23428,9340,15,3,0.2
23429,9340,14,1,0.2
23430,9340,14,1,0
23431,9340,2,1,0
23432,9341,19,2,0
23433,9342,21,1,0
23434,9342,13,3,0.15
23435,9342,4,2,0
23436,9342,17,3,0
23437,9343,15,1,0.2
23438,9344,13,1,0
23439,9345,9,2,0
23440,9345,1,3,0
23441,9345,17,3,0
23442,9345,17,3,0
23443,9346,24,2,0.15
23444,9346,19,1,0.15
23445,9346,12,1,0.2
23446,9346,8,3,0.2
23447,9347,6,3,0
23448,9348,2,2,0.1
23449,9348,21,1,0
23450,9349,20,1,0.2
23451,9349,13,1,0.1
23452,9350,15,1,0.1
23453,9350,2,2,0.2
23454,9351,1,2,0.1
23455,9351,3,2,0.1
23456,9352,8,3,0
23457,9352,9,2,0
23458,9353,19,2,0
23459,9353,23,3,0
23460,9354,5,3,0.15
23461,9354,15,3,0
23462,9354,14,1,0.15
23463,9355,1,2,0.2
23464,9355,20,2,0.1
23465,9356,17,2,0.2
23466,9356,14,2,0.2
23467,9356,22,3,0.15
23468,9356,24,3,0
23469,9357,15,2,0
23470,9357,3,3,0.2
23471,9358,18,2,0.15
23472,9359,13,1,0.15
23473,9360,3,2,0.15
23474,9361,14,3,0
23475,9361,18,2,0.15
23476,9362,4,2,0
23477,9362,5,2,0
23478,9363,9,3,0
23479,9364,23,2,0
23480,9365,8,3,0
23481,9365,21,1,0.2
23482,9365,20,2,0.1
23483,9365,1,1,0
23484,9366,16,3,0
23485,9366,4,2,0.15
23486,9366,16,1,0
23487,9366,12,3,0
23488,9367,12,2,0.1
23489,9367,15,2,0.15
23490,9367,9,2,0
23491,9368,14,2,0
23492,9368,4,1,0
23493,9368,4,3,0.1
23494,9368,5,1,0.2
23495,9369,4,1,0.2
23496,9369,17,3,0.2
23497,9369,24,2,0.15
23498,9369,13,2,0
23499,9370,13,3,0.15
23500,9371,16,2,0
23501,9372,5,2,0
23502,9372,22,1,0
23503,9372,20,1,0.2
23504,9372,5,1,0
23505,9373,14,2,0
23506,9373,21,1,0
23507,9374,9,3,0
23508,9374,18,3,0.15
23509,9374,4,1,0
23510,9375,1,3,0.2
23511,9375,5,2,0
23512,9376,1,2,0.1
23513,9377,24,1,0
23514,9377,1,2,0.15
23515,9378,9,3,0.15
23516,9379,20,1,0.2
23517,9379,13,2,0
23518,9380,15,3,0.1
23519,9381,9,2,0
23520,9381,12,2,0.15
23521,9381,1,2,0.1
23522,9381,9,3,0
23523,9382,10,1,0
23524,9382,14,2,0.2
23525,9382,12,2,0.1
23526,9382,5,2,0
23527,9383,14,1,0
23528,9384,21,1,0.15
23529,9384,10,3,0
23530,9384,11,1,0
23531,9384,21,1,0.2
23532,9385,8,2,0.15
23533,9386,17,3,0.2
23534,9386,15,2,0
23535,9387,22,1,0.1
23536,9387,6,3,0.15
23537,9387,11,3,0.15
23538,9388,12,3,0.2
23539,9388,1,1,0.15
23540,9388,21,1,0
23541,9388,13,3,0.1
23542,9389,15,2,0
23543,9389,3,2,0.15
23544,9389,14,3,0
23545,9389,5,2,0
23546,9390,4,2,0
23547,9390,12,1,0.15
23548,9391,17,3,0
23549,9391,2,3,0
23550,9392,2,1,0
23551,9392,21,2,0.1
23552,9393,8,3,0
23553,9393,12,2,0
23554,9393,20,2,0
23555,9394,13,1,0.2
23556,9394,24,2,0
23557,9395,8,1,0
23558,9396,11,2,0.2
23559,9396,8,1,0.1
23560,9397,22,2,0.1
23561,9397,15,2,0
23562,9398,1,1,0
23563,9399,5,1,0
23564,9399,1,2,0
23565,9399,5,2,0
23566,9399,8,3,0
23567,9400,20,2,0.2
23568,9401,22,1,0.1
23569,9402,6,2,0.15
23570,9402,20,3,0.15
23571,9402,9,2,0
23572,9403,21,3,0.2
23573,9403,15,2,0.15
23574,9404,1,3,0
23575,9404,10,2,0
23576,9404,2,1,0
23577,9404,2,2,0
23578,9405,8,2,0
23579,9405,9,2,0
23580,9405,11,3,0
23581,9406,24,2,0
23582,9406,5,1,0.2
23583,9406,8,2,0
23584,9406,22,2,0
23585,9407,22,1,0
23586,9407,24,3,0.2
23587,9407,10,1,0
23588,9407,23,3,0
23589,9408,10,1,0.15
23590,9408,22,3,0
23591,9409,5,2,0
23592,9409,2,1,0
23593,9409,15,2,0.15
23594,9410,11,3,0.15
23595,9411,8,3,0.1
23596,9412,13,3,0
23597,9412,18,2,0
23598,9412,5,3,0
23599,9412,13,1,0.2
23600,9413,19,1,0.15
23601,9413,1,2,0.2
23602,9413,3,3,0
23603,9413,4,3,0
23604,9414,20,3,0.2
23605,9414,16,2,0.1
23606,9414,10,3,0.15
23607,9415,3,2,0
23608,9415,12,3,0.15
23609,9416,12,2,0.1
23610,9416,13,3,0
23611,9416,8,1,0
23612,9417,2,1,0.2
23613,9418,11,1,0
23614,9418,12,3,0
23615,9419,4,2,0.1
23616,9419,14,1,0
23617,9420,22,2,0.1
23618,9421,19,1,0
23619,9422,2,2,0
23620,9422,23,1,0.1
23621,9423,8,1,0.1
23622,9423,12,1,0.1
23623,9424,3,2,0
23624,9425,18,2,0.2
23625,9425,17,1,0.1
23626,9425,9,2,0.15
23627,9426,6,2,0
23628,9426,2,3,0
23629,9426,4,3,0
23630,9427,12,3,0
23631,9427,18,3,0.2
23632,9428,15,2,0
23633,9429,20,3,0.2
23634,9429,10,2,0
23635,9429,11,3,0.2
23636,9429,3,2,0.2
23637,9430,7,2,0.2
23638,9430,11,2,0
23639,9430,5,3,0
23640,9430,6,2,0
23641,9431,21,1,0
23642,9431,5,1,0.1
23643,9432,2,3,0.2
23644,9433,22,1,0
23645,9433,18,2,0.2
23646,9434,18,2,0
23647,9435,5,2,0.15
23648,9435,20,1,0.1
23649,9435,13,3,0.1
23650,9435,6,2,0
23651,9436,13,3,0
23652,9436,13,1,0
23653,9437,3,3,0.15
23654,9438,12,3,0
23655,9438,1,3,0
23656,9438,12,1,0.2
23657,9438,23,1,0
23658,9439,8,3,0
23659,9439,9,3,0
23660,9439,9,1,0.1
23661,9439,16,2,0
23662,9440,9,1,0.15
23663,9440,15,2,0.1
23664,9440,15,2,0
23665,9440,16,1,0.2
23666,9441,22,1,0
23667,9441,9,3,0
23668,9441,3,3,0.15
23669,9441,6,2,0
23670,9442,13,2,0.15
23671,9442,10,2,0.2
23672,9443,22,2,0
23673,9443,19,3,0
23674,9443,16,1,0
23675,9444,14,3,0.2
23676,9445,20,3,0
23677,9445,13,3,0
23678,9445,16,1,0.2
23679,9446,11,3,0.15
23680,9446,19,2,0.1
23681,9446,18,3,0
23682,9447,18,2,0
23683,9447,17,2,0.2
23684,9447,8,1,0.2
23685,9448,13,2,0.2
23686,9449,19,3,0
23687,9449,20,1,0
23688,9449,2,2,0
23689,9449,21,2,0
23690,9450,17,2,0
23691,9450,7,1,0.15
23692,9451,9,3,0
23693,9451,24,1,0
23694,9452,20,3,0.15
23695,9452,16,3,0.15
23696,9453,21,1,0.2
23697,9453,6,2,0
23698,9453,17,3,0.1
23699,9453,23,1,0
23700,9454,1,3,0.2
23701,9454,22,3,0.15
23702,9454,10,1,0
23703,9455,19,2,0.15
23704,9455,17,3,0
23705,9456,5,2,0.2
23706,9456,2,3,0.2
23707,9457,14,1,0.2
23708,9457,2,2,0.2
23709,9457,9,1,0.1
23710,9457,12,2,0.1
23711,9458,4,1,0.15
23712,9459,16,2,0
23713,9460,24,3,0.1
23714,9460,14,3,0.1
23715,9461,2,2,0.15
23716,9461,3,2,0
23717,9461,1,2,0
23718,9462,5,2,0
23719,9462,6,2,0
23720,9462,9,1,0.2
23721,9463,11,3,0
23722,9464,13,3,0
23723,9464,1,1,0.15
23724,9464,14,1,0
23725,9465,16,1,0.1
23726,9465,23,1,0.1
23727,9465,12,3,0.1
23728,9465,4,2,0
23729,9466,3,2,0
23730,9466,5,1,0
23731,9467,9,3,0.1
23732,9468,15,3,0
23733,9468,7,3,0
23734,9468,11,3,0.1
23735,9469,8,1,0.15
23736,9469,8,2,0.15
23737,9470,14,1,0.15
23738,9470,10,3,0
23739,9471,14,2,0
23740,9471,12,1,0
23741,9471,6,2,0
23742,9472,24,1,0.2
23743,9473,9,2,0.1
23744,9473,13,3,0
23745,9474,21,1,0
23746,9474,22,1,0.1
23747,9475,16,2,0
23748,9475,22,2,0.15
23749,9476,10,1,0
23750,9476,7,1,0.2
23751,9477,14,3,0.1
23752,9477,19,1,0
23753,9478,20,1,0
23754,9478,2,1,0
23755,9478,6,3,0.2
23756,9479,1,2,0
23757,9479,24,1,0.15
23758,9479,3,1,0
23759,9479,17,1,0.2
23760,9480,23,2,0
23761,9480,24,1,0
23762,9481,8,2,0
23763,9481,16,3,0
23764,9481,14,1,0.1
23765,9481,21,1,0
23766,9482,5,3,0
23767,9482,3,2,0.15
23768,9482,14,2,0.2
23769,9482,7,2,0
23770,9483,22,3,0.15
23771,9483,23,2,0.2
23772,9483,5,3,0
23773,9483,18,2,0
23774,9484,19,1,0.2
23775,9484,8,1,0.2
23776,9484,4,1,0.1
23777,9484,14,3,0.15
23778,9485,12,1,0
23779,9485,5,1,0.1
23780,9486,21,3,0.2
23781,9487,11,1,0
23782,9487,3,1,0
23783,9488,20,3,0.2
23784,9488,2,1,0.1
23785,9488,21,1,0.2
23786,9489,18,3,0.1
23787,9490,13,3,0.2
23788,9491,3,1,0
23789,9491,8,1,0
23790,9491,24,1,0.1
23791,9491,11,1,0.15
23792,9492,3,2,0.2
23793,9492,19,1,0
23794,9493,7,1,0
23795,9493,17,3,0.15
23796,9493,9,2,0.1
23797,9494,1,2,0
23798,9494,1,2,0.15
23799,9494,13,3,0
23800,9494,15,1,0.1
23801,9495,14,2,0
23802,9496,11,2,0
23803,9496,12,1,0
23804,9496,20,2,0
23805,9496,20,2,0.1
23806,9497,19,1,0.1
23807,9497,17,3,0
23808,9497,9,3,0
23809,9498,6,1,0.2
23810,9499,22,3,0
23811,9500,23,1,0
23812,9500,16,3,0
23813,9500,9,1,0.15
23814,9500,22,2,0
23815,9501,8,3,0
23816,9501,19,1,0
23817,9501,17,3,0.15
23818,9501,13,1,0.15
23819,9502,2,2,0.15
23820,9502,7,1,0
23821,9503,8,2,0.1
23822,9503,22,2,0
23823,9504,20,3,0.15
23824,9504,19,1,0
23825,9505,1,3,0
23826,9505,10,2,0
23827,9505,1,3,0.15
23828,9505,13,2,0
23829,9506,11,3,0.1
23830,9507,24,3,0
23831,9508,1,2,0
23832,9509,13,2,0
23833,9509,19,1,0.1
23834,9509,11,3,0
23835,9509,2,2,0
23836,9510,17,3,0
23837,9510,13,2,0
23838,9510,19,3,0
23839,9510,10,1,0.1
23840,9511,13,1,0.1
23841,9512,17,2,0.2
23842,9512,7,2,0.1
23843,9512,2,2,0
23844,9512,10,1,0
23845,9513,7,2,0.1
23846,9513,2,2,0.1
23847,9513,11,2,0.1
23848,9514,16,2,0.2
23849,9514,6,2,0.1
23850,9515,17,3,0.1
23851,9515,1,2,0
23852,9515,10,3,0
23853,9516,24,1,0.1
23854,9516,23,3,0
23855,9517,13,1,0
23856,9517,15,1,0.2
23857,9517,23,3,0
23858,9517,20,3,0
23859,9518,5,1,0.1
23860,9518,11,3,0.1
23861,9518,14,3,0.2
23862,9518,17,3,0.15
23863,9519,15,2,0.1
23864,9519,24,2,0.2
23865,9520,22,2,0.15
23866,9521,17,3,0.2
23867,9521,6,2,0
23868,9522,21,2,0.15
23869,9523,6,2,0
23870,9524,15,3,0
23871,9524,21,3,0
23872,9524,13,1,0.1
23873,9525,3,2,0.15
23874,9525,9,2,0.2
23875,9525,9,3,0
23876,9525,20,3,0.2
23877,9526,5,2,0
23878,9526,7,2,0
23879,9526,9,3,0
23880,9526,9,1,0
23881,9527,19,3,0
23882,9527,5,2,0.2
23883,9527,16,1,0.1
23884,9527,19,3,0
23885,9528,3,1,0
23886,9528,2,1,0
23887,9528,12,3,0.1
23888,9528,22,3,0.15
23889,9529,6,2,0
23890,9529,12,2,0
23891,9529,17,2,0.15
23892,9530,11,3,0.15
23893,9530,8,2,0.1
23894,9531,3,3,0
23895,9531,19,1,0
23896,9531,22,3,0.2
23897,9532,5,2,0.1
23898,9533,20,3,0.15
23899,9533,18,3,0
23900,9534,12,3,0
23901,9535,9,1,0
23902,9535,3,1,0
23903,9535,8,1,0.15
23904,9535,23,3,0.2
23905,9536,24,3,0.2
23906,9537,1,1,0.2
23907,9537,13,1,0
23908,9537,21,1,0.1
23909,9537,3,2,0.1
23910,9538,7,3,0.1
23911,9538,24,2,0
23912,9538,9,3,0.1
23913,9538,11,1,0.2
23914,9539,1,2,0
23915,9539,11,1,0
23916,9539,21,1,0.2
23917,9540,19,3,0
23918,9540,4,2,0
23919,9540,12,1,0
23920,9540,23,3,0
23921,9541,8,3,0.15
23922,9542,9,1,0
23923,9542,18,2,0
23924,9542,22,3,0.1
23925,9542,16,1,0.15
23926,9543,7,1,0
23927,9543,20,1,0
23928,9543,15,1,0.15
23929,9544,4,3,0.15
23930,9544,21,2,0
23931,9544,16,2,0
23932,9544,10,3,0
23933,9545,16,3,0.2
23934,9545,7,2,0
23935,9546,10,3,0
23936,9546,12,2,0
23937,9546,15,1,0
23938,9547,3,1,0.15
23939,9547,18,3,0.2
23940,9547,16,3,0.1
23941,9548,10,2,0
23942,9548,17,3,0
23943,9548,23,2,0.2
23944,9549,22,3,0.1
23945,9550,21,1,0
23946,9550,17,1,0.2
23947,9550,3,3,0
23948,9550,6,2,0.1
23949,9551,15,3,0
23950,9551,10,2,0
23951,9551,17,1,0.2
23952,9552,22,3,0.15
23953,9552,13,3,0
23954,9552,20,3,0
23955,9552,1,3,0.2
23956,9553,22,2,0
23957,9553,20,1,0
23958,9553,14,3,0
23959,9553,2,3,0.1
23960,9554,10,3,0.15
23961,9554,11,2,0
23962,9554,1,1,0.1
23963,9554,2,2,0.2
23964,9555,21,2,0.2
23965,9555,17,1,0.1
23966,9555,15,2,0
23967,9556,2,2,0.15
23968,9556,8,2,0
23969,9557,17,2,0.2
23970,9557,10,2,0.1
23971,9557,22,1,0.2
23972,9558,12,2,0
23973,9558,12,3,0
23974,9559,20,3,0.1
23975,9560,8,1,0.15
23976,9560,17,2,0
23977,9560,3,1,0
23978,9560,11,2,0.1
23979,9561,9,2,0
23980,9561,15,1,0.2
23981,9561,8,1,0.2
23982,9562,5,2,0
23983,9562,8,2,0.15
23984,9563,14,3,0.2
23985,9563,18,1,0.1
23986,9563,21,1,0
23987,9564,1,2,0.1
23988,9564,6,1,0.2
23989,9564,2,1,0.1
23990,9564,18,1,0.1
23991,9565,24,3,0.2
23992,9566,19,2,0
23993,9566,4,1,0
23994,9567,9,2,0
23995,9568,20,3,0
23996,9568,15,1,0
23997,9569,21,1,0.15
23998,9569,5,2,0
23999,9570,9,1,0
24000,9571,23,2,0
24001,9571,1,2,0.15
24002,9572,19,3,0.15
24003,9572,14,2,0.1
24004,9572,14,1,0
24005,9572,9,2,0
24006,9573,9,1,0.2
24007,9573,6,2,0.1
24008,9573,13,3,0.1
24009,9573,3,3,0
24010,9574,23,3,0.2
24011,9575,13,1,0.1
24012,9575,15,2,0
24013,9575,15,1,0
24014,9576,17,1,0
24015,9576,21,3,0.15
24016,9576,12,3,0
24017,9576,13,2,0
24018,9577,7,3,0
24019,9578,24,2,0.15
24020,9578,8,1,0
24021,9579,1,2,0
24022,9579,23,3,0.2
24023,9579,12,2,0.15
24024,9579,23,2,0.2
24025,9580,9,2,0.15
24026,9580,20,1,0.2
24027,9580,19,1,0
24028,9580,7,1,0
24029,9581,3,2,0
24030,9581,20,1,0.15
24031,9581,8,1,0
24032,9581,11,3,0.2
24033,9582,11,3,0.15
24034,9583,17,2,0.2
24035,9583,22,2,0.1
24036,9584,20,2,0.1
24037,9585,8,1,0.2
24038,9586,15,3,0.15
24039,9586,18,3,0
24040,9586,6,2,0.1
24041,9586,12,3,0.15
24042,9587,20,2,0.2
24043,9587,3,2,0.2
24044,9588,11,3,0.2
24045,9588,10,3,0.1
24046,9588,14,1,0.15
24047,9588,20,3,0
24048,9589,13,3,0
24049,9589,10,1,0.15
24050,9590,2,3,0.2
24051,9591,16,2,0
24052,9591,11,2,0.15
24053,9591,20,3,0
24054,9591,22,3,0.2
24055,9592,1,3,0.2
24056,9592,19,1,0
24057,9593,2,3,0
24058,9594,22,1,0
24059,9594,16,1,0.2
24060,9594,17,3,0.15
24061,9595,21,3,0
24062,9596,6,2,0.1
24063,9597,23,2,0.15
24064,9597,6,1,0.15
24065,9597,17,2,0.2
24066,9597,6,1,0
24067,9598,4,1,0
24068,9598,3,1,0
24069,9598,3,2,0.1
24070,9598,1,3,0.1
24071,9599,21,3,0.1
24072,9599,15,1,0.15
24073,9599,21,3,0
24074,9599,18,3,0.1
24075,9600,12,2,0
24076,9600,11,3,0
24077,9600,11,1,0
24078,9601,21,3,0.1
24079,9601,22,3,0.15
24080,9601,15,3,0.2
24081,9602,17,2,0.15
24082,9602,21,3,0.1
24083,9603,16,1,0.2
24084,9604,14,2,0.1
24085,9604,15,1,0.15
24086,9604,14,1,0
24087,9604,3,1,0
24088,9605,12,2,0.2
24089,9605,6,2,0
24090,9605,5,3,0.2
24091,9605,16,2,0
24092,9606,17,2,0
24093,9606,16,1,0
24094,9606,13,2,0
24095,9606,12,1,0
24096,9607,22,3,0
24097,9607,21,2,0
24098,9607,22,1,0
24099,9607,10,2,0
24100,9608,2,3,0
24101,9608,6,3,0
24102,9608,19,3,0
24103,9608,3,2,0.15
24104,9609,12,3,0
24105,9610,10,3,0.15
24106,9610,3,1,0.1
24107,9610,20,1,0.1
24108,9611,16,3,0.2
24109,9611,12,3,0.1
24110,9612,8,3,0.15
24111,9613,24,3,0
24112,9613,5,2,0.2
24113,9613,9,1,0
24114,9613,12,2,0
24115,9614,19,1,0
24116,9614,4,3,0.15
24117,9614,8,2,0.2
24118,9614,6,3,0
24119,9615,22,1,0.1
24120,9616,23,3,0
24121,9616,24,3,0.2
24122,9616,8,3,0.2
24123,9617,8,1,0
24124,9617,10,1,0.2
24125,9617,3,3,0
24126,9617,16,2,0.2
24127,9618,24,3,0
24128,9618,9,1,0.15
24129,9618,17,1,0.1
24130,9619,2,2,0.1
24131,9619,21,2,0
24132,9619,21,1,0
24133,9620,1,2,0.15
24134,9620,13,1,0.1
24135,9621,5,1,0
24136,9621,19,1,0
24137,9621,8,2,0.1
24138,9621,18,3,0
24139,9622,9,2,0.15
24140,9622,3,3,0.1
24141,9622,14,1,0.1
24142,9622,12,2,0
24143,9623,17,2,0
24144,9623,24,2,0
24145,9624,7,3,0
24146,9624,3,1,0
24147,9624,9,3,0.2
24148,9624,10,2,0.1
24149,9625,24,2,0
24150,9625,8,1,0
24151,9625,5,2,0
24152,9626,22,3,0.2
24153,9626,13,2,0.1
24154,9626,14,3,0
24155,9626,13,1,0.1
24156,9627,3,1,0
24157,9627,14,2,0.1
24158,9627,22,2,0
24159,9628,23,1,0
24160,9629,9,1,0.1
24161,9630,15,2,0
24162,9631,5,2,0.1
24163,9631,9,3,0
24164,9631,24,2,0.2
24165,9631,7,2,0
24166,9632,12,3,0.2
24167,9632,2,3,0
24168,9633,7,3,0
24169,9633,20,2,0
24170,9633,11,2,0
24171,9634,20,2,0.2
24172,9634,21,3,0
24173,9634,11,3,0
24174,9634,15,1,0
24175,9635,12,1,0
24176,9635,2,3,0
24177,9635,7,1,0.15
24178,9636,11,2,0.1
24179,9637,15,2,0.1
24180,9637,22,3,0
24181,9637,16,2,0.15
24182,9638,3,3,0
24183,9639,7,2,0.1
24184,9639,7,2,0.15
24185,9639,16,2,0.15
24186,9639,15,1,0.2
24187,9640,21,1,0.15
24188,9640,1,3,0
24189,9640,13,1,0.1
24190,9640,12,2,0
24191,9641,6,2,0.1
24192,9641,20,3,0.15
24193,9641,12,3,0.15
24194,9641,8,1,0.2
24195,9642,3,3,0
24196,9642,13,3,0.1
24197,9642,18,1,0
24198,9642,13,1,0.1
24199,9643,12,1,0.1
24200,9644,18,3,0
24201,9645,18,3,0
24202,9645,4,2,0
24203,9645,23,2,0
24204,9645,23,3,0.2
24205,9646,17,1,0.15
24206,9647,11,3,0.2
24207,9648,13,2,0
24208,9648,15,3,0.1
24209,9648,9,3,0
24210,9648,3,2,0.2
24211,9649,6,1,0.1
24212,9649,2,1,0.15
24213,9649,2,1,0
24214,9649,4,3,0.2
24215,9650,21,1,0.2
24216,9650,14,3,0
24217,9651,9,1,0
24218,9651,20,3,0
24219,9651,20,2,0
24220,9651,16,2,0
24221,9652,2,2,0.15
24222,9652,5,2,0.1
24223,9652,8,2,0
24224,9653,10,2,0.15
24225,9654,23,1,0
24226,9654,24,2,0
24227,9654,24,3,0
24228,9655,19,3,0.15
24229,9656,9,3,0
24230,9656,6,3,0
24231,9656,19,2,0.1
24232,9656,2,2,0
24233,9657,22,3,0
24234,9657,3,3,0
24235,9657,9,3,0
24236,9658,23,3,0
24237,9658,7,3,0
24238,9659,3,2,0
24239,9660,6,2,0
24240,9660,8,3,0.2
24241,9660,3,3,0
24242,9660,13,2,0.1
24243,9661,6,2,0
24244,9662,17,2,0
24245,9662,20,1,0.1
24246,9662,22,2,0
24247,9663,20,3,0.15
24248,9663,13,2,0
24249,9663,6,1,0
24250,9664,14,2,0
24251,9664,14,3,0.15
24252,9665,15,3,0
24253,9665,9,1,0
24254,9666,4,1,0.2
24255,9666,10,2,0.1
24256,9666,21,3,0.15
24257,9667,3,1,0
24258,9667,3,3,0
24259,9668,2,3,0.1
24260,9668,21,1,0
24261,9669,13,2,0.1
24262,9669,16,1,0.2
24263,9669,4,1,0.1
24264,9669,3,1,0
24265,9670,20,3,0.15
24266,9671,18,2,0
24267,9672,6,1,0.1
24268,9672,16,2,0
24269,9672,11,3,0
24270,9672,23,1,0.15
24271,9673,19,1,0.2
24272,9674,7,3,0.15
24273,9674,20,2,0.1
24274,9675,10,2,0
24275,9675,21,3,0.1
24276,9675,15,2,0
24277,9676,4,3,0
24278,9677,24,3,0.15
24279,9677,13,2,0.15
24280,9677,3,1,0
24281,9677,11,3,0.15
24282,9678,17,2,0
24283,9678,18,2,0.15
24284,9679,20,1,0.15
24285,9679,19,1,0
24286,9680,10,3,0
24287,9681,3,3,0.2
24288,9682,15,1,0
24289,9682,14,1,0
24290,9682,10,3,0
24291,9683,9,3,0.1
24292,9683,8,2,0.15
24293,9683,21,3,0
24294,9684,17,3,0.15
24295,9684,12,2,0
24296,9684,23,3,0
24297,9684,8,2,0
24298,9685,3,2,0.15
24299,9685,17,1,0
24300,9685,12,3,0
24301,9686,16,3,0.15
24302,9686,18,1,0.15
24303,9686,18,2,0.15
24304,9687,9,1,0.2
24305,9687,19,3,0.15
24306,9687,1,1,0.2
24307,9687,9,3,0
24308,9688,19,1,0
24309,9688,21,2,0
24310,9689,2,3,0
24311,9689,4,1,0.15
24312,9689,24,3,0.15
24313,9689,4,2,0.1
24314,9690,23,3,0.2
24315,9690,3,3,0
24316,9690,24,2,0.2
24317,9691,22,2,0
24318,9691,2,3,0.2
24319,9691,7,2,0.15
24320,9691,24,1,0.2
24321,9692,17,2,0.15
24322,9693,13,3,0.1
24323,9694,8,1,0.2
24324,9694,11,3,0.1
24325,9695,10,1,0.15
24326,9696,13,2,0.1
24327,9696,13,3,0.1
24328,9696,9,1,0
24329,9696,14,2,0.1
24330,9697,19,1,0.2
24331,9697,8,2,0
24332,9698,11,3,0.2
24333,9698,12,3,0.1
24334,9698,24,2,0
24335,9698,15,2,0.15
24336,9699,9,1,0.15
24337,9699,2,3,0.15
24338,9699,17,1,0.1
24339,9700,22,2,0
24340,9700,20,1,0
24341,9700,7,1,0.2
24342,9701,23,2,0
24343,9702,2,2,0
24344,9703,8,3,0.1
24345,9703,21,3,0
24346,9703,19,1,0
24347,9704,8,2,0.15
24348,9704,23,2,0.15
24349,9704,9,1,0
24350,9705,10,2,0.1
24351,9706,22,2,0.1
24352,9707,10,3,0
24353,9707,21,3,0
24354,9708,5,3,0
24355,9708,11,2,0.1
24356,9708,14,3,0
24357,9708,2,1,0.2
24358,9709,23,3,0.2
24359,9710,16,1,0
24360,9711,2,2,0
24361,9711,14,1,0
24362,9711,23,1,0.15
24363,9711,24,3,0
24364,9712,20,2,0.1
24365,9712,9,3,0
24366,9712,23,2,0.2
24367,9712,20,1,0.15
24368,9713,24,3,0.1
24369,9713,2,2,0.2
24370,9713,9,1,0
24371,9713,4,2,0
24372,9714,10,3,0
24373,9715,11,3,0
24374,9715,17,3,0.15
24375,9716,23,3,0.1
24376,9716,19,1,0.15
24377,9716,20,2,0
24378,9716,8,1,0
24379,9717,2,2,0
24380,9718,12,1,0
24381,9718,10,3,0.15
24382,9718,16,1,0
24383,9718,1,3,0
24384,9719,20,1,0
24385,9719,14,2,0.2
24386,9719,22,2,0
24387,9719,3,1,0
24388,9720,2,3,0
24389,9720,16,3,0
24390,9721,2,1,0
24391,9721,11,3,0
24392,9721,21,1,0
24393,9721,18,3,0.2
24394,9722,1,2,0.15
24395,9723,18,3,0.15
24396,9723,22,1,0
24397,9723,11,2,0.2
24398,9724,1,3,0.1
24399,9724,7,1,0
24400,9725,1,2,0
24401,9725,15,2,0.1
24402,9725,4,2,0.1
24403,9726,24,1,0.2
24404,9726,11,2,0.15
24405,9726,10,1,0
24406,9726,7,3,0.2
24407,9727,19,3,0
24408,9727,22,2,0.15
24409,9727,22,3,0.2
24410,9728,20,1,0
24411,9729,16,1,0
24412,9730,12,3,0
24413,9730,15,1,0
24414,9731,2,3,0
24415,9732,20,1,0
24416,9732,17,1,0.15
24417,9732,20,2,0.1
24418,9733,4,2,0
24419,9733,21,3,0
24420,9733,3,3,0
24421,9733,4,2,0.2
24422,9734,7,2,0.1
24423,9734,20,3,0.2
24424,9735,12,1,0
24425,9735,8,3,0.2
24426,9736,9,2,0
24427,9736,9,1,0.2
24428,9737,15,1,0.1
24429,9737,21,1,0
24430,9738,1,3,0
24431,9739,18,3,0
24432,9740,14,2,0.1
24433,9741,23,1,0.2
24434,9742,5,3,0
24435,9743,4,2,0.15
24436,9743,20,1,0.15
24437,9743,9,2,0.1
24438,9744,16,3,0.15
24439,9744,19,2,0.2
24440,9745,6,1,0
24441,9745,13,3,0
24442,9745,9,1,0.1
24443,9745,6,2,0.1
24444,9746,2,1,0
24445,9747,7,2,0
24446,9747,22,3,0
24447,9748,23,1,0
24448,9748,11,3,0
24449,9748,11,2,0
24450,9749,15,1,0
24451,9749,9,2,0.15
24452,9749,15,3,0.15
24453,9749,11,3,0.2
24454,9750,12,1,0
24455,9750,19,1,0.15
24456,9750,22,3,0.2
24457,9751,4,1,0
24458,9752,21,2,0
24459,9752,15,2,0.1
24460,9752,11,2,0.2
24461,9753,17,2,0.15
24462,9753,12,3,0
24463,9753,9,3,0.2
24464,9753,6,1,0.15
24465,9754,10,3,0
24466,9755,6,3,0
24467,9755,19,2,0
24468,9756,7,2,0.1
24469,9756,19,1,0
24470,9756,10,3,0.15
24471,9756,8,1,0.1
24472,9757,10,3,0
24473,9758,9,3,0.2
24474,9759,4,2,0.15
24475,9759,15,3,0.2
24476,9760,5,2,0
24477,9760,17,1,0.2
24478,9760,5,3,0.15
24479,9761,1,2,0
24480,9761,8,2,0
24481,9762,2,2,0.15
24482,9762,18,3,0
24483,9762,12,1,0
24484,9763,17,2,0
24485,9763,2,1,0
24486,9763,4,2,0
24487,9763,22,2,0.2
24488,9764,5,1,0.2
24489,9764,21,2,0.1
24490,9765,11,1,0
24491,9765,6,2,0
24492,9766,19,3,0
24493,9767,20,1,0.15
24494,9767,18,1,0.15
24495,9767,23,1,0
24496,9767,11,2,0
24497,9768,13,1,0.15
24498,9768,22,2,0
24499,9768,11,3,0
24500,9768,16,2,0.2
24501,9769,4,2,0
24502,9769,17,2,0
24503,9769,24,2,0
24504,9770,13,3,0
24505,9770,9,3,0.15
24506,9771,10,1,0.15
24507,9772,10,2,0.1
24508,9772,10,1,0.15
24509,9772,1,2,0.1
24510,9772,10,3,0.2
24511,9773,7,3,0
24512,9773,8,2,0.2
24513,9774,20,1,0.1
24514,9775,22,1,0.1
24515,9776,4,2,0.15
24516,9776,15,3,0.2
24517,9776,4,2,0.15
24518,9777,15,1,0
24519,9778,17,2,0
24520,9778,5,1,0
24521,9778,18,1,0
24522,9778,17,1,0
24523,9779,19,2,0
24524,9779,12,3,0
24525,9779,5,3,0.1
24526,9779,10,3,0.1
24527,9780,22,2,0
24528,9781,12,1,0
24529,9782,17,2,0.1
24530,9783,7,2,0
24531,9784,8,1,0.1
24532,9784,11,3,0.15
24533,9784,18,3,0.2
24534,9785,4,3,0
24535,9785,3,1,0
24536,9786,8,3,0.1
24537,9786,13,3,0
24538,9786,22,3,0
24539,9786,10,3,0
24540,9787,17,3,0.15
24541,9787,2,3,0
24542,9788,19,1,0
24543,9788,24,2,0
24544,9788,17,2,0
24545,9789,9,2,0
24546,9790,6,2,0
24547,9790,15,3,0
24548,9790,18,1,0.15
24549,9791,11,1,0.2
24550,9791,9,3,0.2
24551,9791,20,3,0.1
24552,9792,10,1,0
24553,9792,5,2,0.15
24554,9792,9,3,0
24555,9793,12,1,0.2
24556,9793,19,2,0
24557,9793,7,1,0
24558,9794,24,1,0
24559,9794,21,3,0.2
24560,9794,14,1,0
24561,9795,11,1,0
24562,9795,3,1,0.2
24563,9796,13,2,0.1
24564,9796,9,2,0.15
24565,9796,3,3,0.1
24566,9796,13,1,0.2
24567,9797,5,2,0.15
24568,9797,10,1,0.2
24569,9797,1,1,0
24570,9797,9,1,0
24571,9798,15,1,0
24572,9799,5,3,0
24573,9799,5,1,0.2
24574,9799,10,3,0
24575,9799,21,1,0
24576,9800,18,1,0
24577,9801,22,3,0
24578,9801,8,2,0.1
24579,9801,21,1,0.15
24580,9801,11,2,0
24581,9802,20,3,0
24582,9802,15,3,0.2
24583,9803,3,2,0
24584,9804,2,2,0
24585,9805,22,2,0
24586,9805,18,3,0.1
24587,9805,16,2,0.15
24588,9805,20,3,0
24589,9806,15,1,0.1
24590,9806,9,2,0.2
24591,9806,1,1,0
24592,9807,19,3,0.2
24593,9807,23,1,0.2
24594,9807,20,2,0.1
24595,9807,4,3,0.1
24596,9808,19,2,0.15
24597,9808,7,1,0.2
24598,9808,19,1,0.15
24599,9809,11,1,0
24600,9809,16,1,0
24601,9809,6,2,0.1
24602,9809,17,1,0
24603,9810,15,2,0.1
24604,9810,4,2,0.15
24605,9810,11,2,0.2
24606,9810,18,2,0
24607,9811,16,2,0
24608,9811,4,2,0.1
24609,9811,15,1,0.15
24610,9811,18,2,0
24611,9812,7,1,0.2
24612,9812,2,2,0
24613,9813,9,1,0.2
24614,9813,13,1,0
24615,9813,5,2,0
24616,9813,4,2,0.1
24617,9814,24,1,0.2
24618,9814,6,1,0.1
24619,9815,1,2,0.2
24620,9815,19,3,0
24621,9815,5,1,0
24622,9815,9,1,0.1
24623,9816,1,3,0
24624,9816,7,3,0
24625,9816,8,3,0.1
24626,9817,3,3,0
24627,9817,7,1,0.15
24628,9818,14,3,0
24629,9819,22,2,0
24630,9820,12,3,0
24631,9821,1,2,0
24632,9822,17,1,0.1
24633,9822,11,1,0.1
24634,9822,15,2,0.15
24635,9823,4,3,0.1
24636,9823,14,3,0.1
24637,9823,5,1,0
24638,9824,23,1,0.2
24639,9824,4,3,0.1
24640,9824,5,2,0
24641,9824,2,1,0.2
24642,9825,8,2,0.1
24643,9826,21,1,0.15
24644,9827,15,2,0
24645,9827,2,2,0.2
24646,9827,19,1,0.15
24647,9827,1,1,0
24648,9828,4,1,0.1
24649,9828,13,2,0
24650,9828,14,1,0
24651,9828,9,2,0.15
24652,9829,16,1,0
24653,9829,4,3,0.2
24654,9829,11,2,0.15
24655,9830,11,2,0.1
24656,9831,5,3,0
24657,9831,10,2,0
24658,9831,23,3,0.1
24659,9832,2,2,0
24660,9832,6,3,0
24661,9832,10,2,0.2
24662,9833,11,1,0.1
24663,9833,16,2,0
24664,9834,24,3,0.1
24665,9835,18,2,0
24666,9835,3,1,0.15
24667,9836,15,1,0.15
24668,9837,18,2,0
24669,9838,23,1,0.2
24670,9838,6,3,0.2
24671,9838,17,1,0.15
24672,9838,15,2,0
24673,9839,19,3,0.15
24674,9839,4,1,0.2
24675,9840,7,1,0
24676,9840,3,1,0
24677,9840,18,3,0
24678,9840,6,2,0.1
24679,9841,7,3,0
24680,9842,3,1,0
24681,9842,22,3,0.1
24682,9842,9,1,0
24683,9843,17,2,0
24684,9843,22,3,0.15
24685,9844,19,2,0
24686,9845,19,1,0.1
24687,9845,11,1,0
24688,9845,18,1,0
24689,9845,24,2,0.2
24690,9846,24,2,0
24691,9846,24,1,0.2
24692,9846,6,2,0.2
24693,9847,4,2,0.1
24694,9848,19,1,0
24695,9848,24,3,0.15
24696,9848,24,1,0
24697,9848,22,1,0
24698,9849,21,2,0.2
24699,9849,19,2,0
24700,9849,2,2,0
24701,9849,12,2,0
24702,9850,18,1,0
24703,9851,6,2,0.15
24704,9851,18,3,0.2
24705,9852,10,2,0
24706,9853,17,3,0
24707,9854,24,2,0
24708,9854,19,3,0
24709,9854,20,3,0
24710,9854,4,1,0.1
24711,9855,17,1,0.1
24712,9855,24,2,0.2
24713,9855,14,2,0.2
24714,9855,8,1,0
24715,9856,20,1,0.1
24716,9856,12,3,0
24717,9856,16,2,0
24718,9856,17,1,0.1
24719,9857,13,3,0.1
24720,9858,21,3,0
24721,9858,13,3,0
24722,9858,24,1,0
24723,9858,3,2,0
24724,9859,16,1,0.15
24725,9860,10,3,0.15
24726,9860,8,3,0.2
24727,9860,1,2,0
24728,9861,23,1,0.2
24729,9861,11,1,0.2
24730,9861,24,2,0
24731,9862,20,1,0
24732,9863,16,2,0.2
24733,9864,16,2,0.2
24734,9864,21,1,0
24735,9865,18,3,0
24736,9866,2,3,0
24737,9867,7,1,0
24738,9868,24,2,0
24739,9869,22,1,0.15
24740,9869,10,3,0.15
24741,9869,20,2,0
24742,9870,10,2,0.2
24743,9870,17,3,0
24744,9870,18,1,0
24745,9870,7,1,0.1
24746,9871,12,1,0.15
24747,9871,4,2,0
24748,9872,14,1,0.15
24749,9873,10,1,0
24750,9873,24,3,0
24751,9874,10,2,0
24752,9874,19,1,0.2
24753,9875,20,1,0
24754,9875,24,3,0.15
24755,9875,15,3,0.2
24756,9876,8,3,0.2
24757,9876,15,3,0.2
24758,9876,1,3,0.2
24759,9876,15,1,0
24760,9877,16,3,0.15
24761,9877,3,2,0.15
24762,9877,13,3,0.15
24763,9878,14,1,0.1
24764,9878,7,1,0.1
24765,9878,20,3,0.1
24766,9879,22,3,0.2
24767,9879,9,3,0
24768,9879,22,1,0.1
24769,9879,21,1,0.2
24770,9880,14,3,0.2
24771,9880,9,2,0.1
24772,9880,1,1,0.15
24773,9881,2,1,0
24774,9882,6,3,0
24775,9882,8,3,0
24776,9882,19,1,0.1
24777,9882,20,2,0
24778,9883,3,3,0.15
24779,9884,20,3,0
24780,9885,10,1,0.1
24781,9885,16,3,0
24782,9885,13,3,0
24783,9886,6,2,0
24784,9886,21,2,0
24785,9886,8,2,0.1
24786,9887,24,1,0
24787,9888,5,3,0
24788,9889,10,2,0
24789,9889,20,1,0
24790,9889,22,3,0
24791,9890,24,1,0.15
24792,9890,17,1,0
24793,9890,15,1,0.1
24794,9890,21,3,0.1
24795,9891,9,1,0.2
24796,9891,11,3,0
24797,9891,1,2,0
24798,9892,23,1,0
24799,9892,15,3,0
24800,9893,2,2,0.15
24801,9893,1,2,0.1
24802,9894,11,3,0.2
24803,9894,13,2,0.1
24804,9895,20,3,0
24805,9896,23,3,0
24806,9896,13,3,0.15
24807,9896,23,2,0.1
24808,9897,15,2,0.15
24809,9897,23,3,0.15
24810,9897,15,2,0.1
24811,9897,22,3,0.1
24812,9898,13,3,0.1
24813,9898,8,2,0
24814,9899,1,3,0
24815,9899,10,3,0
24816,9900,4,1,0.15
24817,9900,10,1,0
24818,9900,1,1,0.1
24819,9900,11,2,0
24820,9901,7,1,0.15
24821,9901,11,2,0.2
24822,9901,21,3,0
24823,9901,22,2,0.2
24824,9902,4,2,0.15
24825,9902,10,1,0.2
24826,9902,19,2,0
24827,9903,15,1,0
24828,9904,18,1,0.2
24829,9905,19,2,0.1
24830,9906,6,1,0
24831,9906,5,1,0
24832,9906,18,1,0
24833,9906,1,1,0
24834,9907,19,2,0
24835,9907,16,2,0
24836,9907,1,2,0.1
24837,9907,23,1,0
24838,9908,6,3,0.1
24839,9909,23,1,0
24840,9909,12,2,0.15
24841,9909,10,3,0.2
24842,9910,17,1,0
24843,9910,12,2,0
24844,9911,19,3,0.1
24845,9911,16,1,0
24846,9911,6,3,0.1
24847,9911,10,1,0.15
24848,9912,21,2,0.2
24849,9912,2,1,0
24850,9912,11,1,0.15
24851,9913,21,3,0.1
24852,9913,2,3,0.2
24853,9913,18,3,0
24854,9914,5,2,0
24855,9914,18,3,0.2
24856,9915,4,2,0
24857,9916,2,2,0
24858,9916,12,3,0.15
24859,9916,16,2,0
24860,9917,19,3,0.1
24861,9917,18,2,0.2
24862,9918,8,1,0.15
24863,9919,3,2,0.2
24864,9919,7,1,0.2
24865,9919,19,1,0
24866,9920,17,2,0.1
24867,9920,22,1,0
24868,9921,21,3,0
24869,9921,22,1,0
24870,9921,5,2,0.2
24871,9922,13,3,0.2
24872,9922,20,2,0
24873,9923,14,3,0.2
24874,9923,13,2,0
24875,9924,24,3,0
24876,9924,22,1,0
24877,9924,16,1,0.1
24878,9924,16,1,0
24879,9925,6,1,0.2
24880,9926,18,3,0
24881,9926,21,3,0
24882,9926,19,1,0.2
24883,9927,17,3,0
24884,9928,23,2,0.2
24885,9928,21,1,0
24886,9929,1,1,0.2
24887,9929,21,2,0
24888,9930,23,1,0.2
24889,9930,11,1,0.2
24890,9931,10,1,0
24891,9931,13,2,0
24892,9931,2,1,0.15
24893,9932,18,2,0.15
24894,9933,5,2,0
24895,9934,23,3,0.15
24896,9934,8,2,0.2
24897,9934,16,1,0.1
24898,9934,22,2,0.1
24899,9935,24,3,0.15
24900,9935,20,2,0
24901,9935,7,3,0
24902,9935,9,2,0.15
24903,9936,11,3,0.1
24904,9936,20,2,0
24905,9936,21,1,0
24906,9937,18,1,0
24907,9937,1,2,0.1
24908,9937,15,2,0
24909,9937,15,2,0
24910,9938,17,1,0
24911,9938,22,3,0
24912,9939,13,1,0.2
24913,9939,23,3,0.15
24914,9939,18,3,0
24915,9939,11,1,0
24916,9940,16,1,0.15
24917,9940,9,2,0
24918,9940,7,1,0
24919,9941,10,1,0
24920,9941,15,2,0
24921,9942,18,1,0.15
24922,9943,16,3,0
24923,9943,10,1,0
24924,9943,5,2,0
24925,9944,10,3,0.15
24926,9944,16,2,0.2
24927,9945,5,1,0
24928,9945,4,1,0.2
24929,9945,18,2,0.1
24930,9946,11,3,0.2
24931,9947,22,3,0.1
24932,9947,15,1,0
24933,9947,10,3,0
24934,9948,20,1,0.15
24935,9948,22,1,0
24936,9949,11,3,0
24937,9949,1,1,0.1
24938,9949,9,3,0.2
24939,9950,7,2,0
24940,9950,13,3,0.1
24941,9950,14,1,0.15
24942,9951,17,1,0
24943,9951,8,1,0.2
24944,9951,19,3,0.15
24945,9951,15,3,0.1
24946,9952,6,1,0
24947,9952,1,1,0.1
24948,9953,8,2,0.2
24949,9953,6,1,0.2
24950,9953,6,1,0.1
24951,9954,6,3,0
24952,9954,4,3,0
24953,9954,5,2,0
24954,9955,24,2,0.2
24955,9955,9,2,0.2
24956,9955,19,1,0
24957,9956,15,2,0
24958,9956,15,3,0
24959,9957,2,1,0
24960,9957,9,3,0.15
24961,9958,12,2,0.1
24962,9958,22,1,0
24963,9958,12,2,0
24964,9958,17,1,0
24965,9959,20,1,0
24966,9959,11,3,0.2
24967,9960,22,3,0.2
24968,9960,18,1,0
24969,9961,24,2,0.15
24970,9961,16,2,0
24971,9961,3,1,0.1
24972,9962,6,3,0
24973,9962,7,3,0
24974,9962,13,2,0
24975,9963,15,2,0
24976,9963,3,1,0
24977,9963,6,3,0.1
24978,9963,6,3,0
24979,9964,5,1,0.15
24980,9965,3,1,0.2
24981,9966,7,2,0
24982,9966,23,3,0.2
24983,9966,8,3,0
24984,9967,16,1,0.2
24985,9967,9,2,0
24986,9967,19,1,0.15
24987,9967,12,1,0.1
24988,9968,18,1,0
24989,9968,11,1,0
24990,9969,16,2,0
24991,9969,16,3,0.2
24992,9969,14,2,0.15
24993,9969,15,1,0
24994,9970,17,3,0
24995,9970,3,3,0.15
24996,9971,23,2,0.15
24997,9971,13,3,0.2
24998,9972,16,2,0.2
24999,9973,9,2,0
25000,9974,12,2,0.15
25001,9974,17,3,0
25002,9974,23,1,0.1
25003,9974,4,1,0.2
25004,9975,10,1,0.1
25005,9975,3,2,0.15
25006,9975,10,2,0.1
25007,9975,10,2,0
25008,9976,5,2,0.2
25009,9976,15,3,0.15
25010,9976,16,1,0.1
25011,9976,15,1,0.1
25012,9977,14,3,0.1
25013,9978,14,3,0
25014,9978,16,2,0
25015,9978,21,1,0.2
25016,9978,1,3,0
25017,9979,7,1,0.15
25018,9979,11,2,0.2
25019,9980,7,3,0.2
25020,9981,18,3,0
25021,9981,1,3,0
25022,9981,5,2,0
25023,9981,18,3,0
25024,9982,2,3,0
25025,9982,16,3,0.2
25026,9982,17,1,0.15
25027,9982,21,1,0.2
25028,9983,3,2,0
25029,9983,9,1,0.15
25030,9984,9,2,0.15
25031,9984,24,1,0.15
25032,9984,12,2,0.2
25033,9984,9,3,0
25034,9985,16,2,0.2
25035,9985,24,3,0
25036,9985,3,1,0
25037,9986,6,1,0
25038,9986,1,3,0.2
25039,9986,20,1,0.2
25040,9986,9,1,0
25041,9987,14,2,0
25042,9987,11,1,0
25043,9988,6,1,0
25044,9988,11,1,0.2
25045,9989,10,3,0
25046,9989,2,2,0
25047,9989,8,3,0.2
25048,9989,1,3,0
25049,9990,9,1,0
25050,9990,17,2,0.2
25051,9990,5,2,0
25052,9991,16,3,0
25053,9992,9,2,0.1
25054,9992,8,2,0.2
25055,9992,13,1,0
25056,9992,18,2,0
25057,9993,18,2,0.2
25058,9994,24,1,0
25059,9995,3,2,0
25060,9995,12,1,0
25061,9996,12,3,0
25062,9997,6,1,0
25063,9997,19,2,0.15
25064,9998,13,1,0
25065,9999,15,2,0
25066,9999,2,3,0.2
25067,9999,3,2,0
25068,10000,19,3,0.2
25069,10000,6,2,0.15
25070,10001,10,1,0.2
25071,10001,2,1,0.15
25072,10002,3,3,0
25073,10002,17,1,0.1
25074,10003,18,1,0
25075,10003,2,1,0.15
25076,10003,19,2,0
25077,10003,14,2,0
25078,10004,21,3,0.2
25079,10004,12,1,0.2
25080,10004,12,2,0
25081,10005,9,1,0.1
25082,10005,17,3,0
25083,10005,17,3,0.1
25084,10005,15,1,0
25085,10006,12,2,0
25086,10006,4,1,0
25087,10007,15,3,0.2
25088,10007,17,2,0
25089,10007,5,1,0
25090,10007,6,2,0
25091,10008,24,3,0.2
25092,10008,15,3,0
25093,10008,4,3,0.1
25094,10008,12,1,0.15
25095,10009,4,1,0
25096,10009,6,2,0
25097,10009,7,3,0.2
25098,10010,3,1,0.15
25099,10010,24,1,0.2
25100,10011,8,3,0
25101,10012,14,3,0.2
25102,10013,3,2,0
25103,10013,8,1,0
25104,10013,13,3,0
25105,10013,4,3,0
25106,10014,1,1,0
25107,10014,9,3,0.2
25108,10015,9,2,0.1
25109,10016,23,3,0
25110,10016,11,3,0
25111,10016,19,3,0
25112,10017,3,1,0
25113,10017,2,3,0
25114,10017,18,3,0.1
25115,10017,4,2,0
25116,10018,16,2,0
25117,10018,6,2,0.2
25118,10019,5,2,0
25119,10019,24,1,0
25120,10020,21,1,0
25121,10021,6,2,0
25122,10022,18,2,0
25123,10023,22,2,0
25124,10024,9,1,0.2
25125,10025,23,3,0.1
25126,10025,8,1,0.2
25127,10025,10,2,0.1
25128,10025,8,3,0
25129,10026,1,2,0
25130,10026,13,2,0
25131,10026,8,3,0
25132,10027,6,2,0
25133,10027,2,1,0
25134,10028,9,3,0
25135,10029,12,1,0.15
25136,10029,18,3,0.1
25137,10029,19,2,0
25138,10029,24,3,0.15
25139,10030,6,3,0.15
25140,10031,7,2,0
25141,10031,14,2,0
25142,10031,23,3,0
25143,10031,20,2,0.1
25144,10032,4,2,0
25145,10032,20,3,0.2
25146,10033,8,2,0.2
25147,10034,8,2,0
25148,10034,18,2,0.1
25149,10035,24,2,0
25150,10036,16,2,0.1
25151,10036,14,2,0.15
25152,10037,13,2,0
25153,10037,18,2,0
25154,10037,6,3,0.1
25155,10037,21,3,0.2
25156,10038,18,2,0
25157,10038,2,2,0
25158,10039,22,2,0.2
25159,10040,19,3,0
25160,10040,3,3,0
25161,10041,16,2,0
25162,10042,18,3,0
25163,10042,20,3,0.1
25164,10043,12,3,0
25165,10043,17,1,0.15
25166,10043,5,2,0
25167,10043,6,2,0
25168,10044,15,2,0
25169,10044,20,1,0.15
25170,10045,10,3,0.15
25171,10045,11,1,0
25172,10046,16,1,0
25173,10046,1,1,0.1
25174,10046,8,1,0
25175,10046,6,2,0
25176,10047,1,3,0
25177,10048,11,1,0.15
25178,10048,9,2,0.15
25179,10049,15,3,0
25180,10049,24,3,0.15
25181,10049,8,3,0.1
25182,10050,14,1,0.1
25183,10050,12,3,0
25184,10050,16,2,0
25185,10050,20,1,0.15
25186,10051,19,1,0
25187,10051,16,1,0.15
25188,10052,10,3,0.2
25189,10052,12,3,0
25190,10052,4,2,0.15
25191,10053,14,3,0.2
25192,10053,7,1,0
25193,10053,1,2,0.2
25194,10053,20,2,0.2
25195,10054,19,1,0.1
25196,10054,7,1,0
25197,10055,20,1,0
25198,10055,23,3,0
25199,10055,6,1,0.2
25200,10056,20,3,0
25201,10056,2,1,0.2
25202,10057,22,3,0.2
25203,10058,4,3,0.15
25204,10058,23,2,0
25205,10058,14,3,0
25206,10058,19,2,0
25207,10059,11,3,0
25208,10059,7,3,0.15
25209,10059,2,1,0
25210,10059,18,2,0.2
25211,10060,24,1,0.2
25212,10060,22,2,0
25213,10060,21,1,0.1
25214,10061,8,1,0
25215,10061,11,2,0
25216,10061,9,1,0.1
25217,10062,10,3,0
25218,10062,16,1,0.1
25219,10062,19,2,0.2
25220,10063,20,2,0.2
25221,10063,3,1,0
25222,10063,10,3,0.2
25223,10064,24,1,0
25224,10065,9,2,0
25225,10065,7,1,0.15
25226,10065,15,2,0
25227,10065,11,3,0.1
25228,10066,22,2,0.2
25229,10066,17,1,0
25230,10066,20,3,0
25231,10066,22,1,0
25232,10067,5,3,0
25233,10067,15,2,0
25234,10067,10,2,0.2
25235,10068,5,2,0
25236,10068,17,1,0
25237,10068,20,1,0.2
25238,10068,20,3,0
25239,10069,16,3,0
25240,10069,14,3,0.2
25241,10070,2,1,0
25242,10070,1,2,0.15
25243,10071,12,3,0
25244,10071,5,1,0.1
25245,10072,13,3,0
25246,10072,13,3,0
25247,10072,3,3,0.1
25248,10072,5,3,0.15
25249,10073,4,1,0.2
25250,10073,11,2,0.2
25251,10073,20,3,0.15
25252,10073,13,2,0
25253,10074,12,2,0.1
25254,10074,18,2,0
25255,10075,24,3,0.2
25256,10075,19,1,0
25257,10075,14,1,0
25258,10076,15,2,0
25259,10076,5,2,0
25260,10076,18,2,0
25261,10077,21,3,0.1
25262,10077,4,3,0
25263,10077,4,2,0.1
25264,10078,4,1,0
25265,10078,1,1,0
25266,10079,12,1,0
25267,10079,12,3,0
25268,10079,21,2,0.1
25269,10079,18,1,0
25270,10080,11,3,0.2
25271,10081,6,3,0.15
25272,10081,24,3,0
25273,10081,17,2,0.15
25274,10082,18,2,0.1
25275,10082,4,1,0
25276,10082,13,1,0
25277,10083,3,2,0
25278,10084,11,2,0
25279,10084,7,1,0.2
25280,10084,22,2,0
25281,10084,19,3,0.15
25282,10085,13,3,0
25283,10085,6,2,0.15
25284,10085,23,1,0.15
25285,10085,1,2,0
25286,10086,23,2,0.2
25287,10086,23,3,0.15
25288,10087,11,1,0.2
25289,10087,14,1,0
25290,10088,14,2,0
25291,10088,20,2,0
25292,10088,18,2,0
25293,10089,9,1,0
25294,10089,7,1,0.15
25295,10089,24,2,0
25296,10090,21,2,0
25297,10090,15,3,0.2
25298,10090,9,1,0
25299,10090,15,1,0.2
25300,10091,10,1,0
25301,10091,11,2,0.2
25302,10091,22,1,0
25303,10091,21,2,0.1
25304,10092,15,2,0
25305,10092,6,3,0
25306,10092,7,3,0.1
25307,10093,14,1,0
25308,10094,21,1,0
25309,10094,4,3,0.15
25310,10095,19,1,0
25311,10095,22,2,0
25312,10095,17,3,0.15
25313,10095,23,1,0
25314,10096,23,1,0
25315,10096,18,1,0
25316,10096,22,1,0
25317,10096,21,2,0
25318,10097,5,3,0.15
25319,10097,19,2,0.2
25320,10098,5,3,0.1
25321,10098,15,3,0
25322,10098,6,3,0.2
25323,10098,16,3,0.1
25324,10099,5,3,0
25325,10099,6,1,0.1
25326,10100,13,3,0.15
25327,10100,22,1,0
25328,10100,3,3,0
25329,10100,16,2,0
25330,10101,24,1,0.2
25331,10101,15,3,0
25332,10101,14,1,0.2
25333,10102,22,3,0
25334,10102,21,1,0.1
25335,10103,3,3,0.2
25336,10103,1,2,0.2
25337,10103,22,2,0.1
25338,10103,5,3,0
25339,10104,15,3,0
25340,10104,17,2,0.2
25341,10104,22,1,0.1
25342,10105,22,3,0
25343,10105,11,1,0.15
25344,10106,23,1,0
25345,10106,9,2,0
25346,10107,4,2,0.15
25347,10107,9,1,0.1
25348,10108,24,2,0
25349,10108,14,2,0
25350,10109,19,1,0
25351,10109,16,1,0
25352,10109,7,3,0
25353,10109,20,2,0
25354,10110,24,3,0
25355,10110,22,3,0
25356,10110,5,1,0
25357,10111,19,3,0
25358,10112,12,1,0
25359,10112,22,2,0.2
25360,10112,7,2,0
25361,10113,24,1,0.15
25362,10113,20,1,0
25363,10113,16,1,0
25364,10114,4,3,0
25365,10115,5,3,0.1
25366,10115,12,1,0
25367,10115,11,1,0.15
25368,10116,3,2,0.15
25369,10116,24,2,0
25370,10116,2,1,0
25371,10117,6,3,0.2
25372,10117,12,3,0.1
25373,10118,4,2,0.15
25374,10118,15,3,0
25375,10119,7,2,0.1
25376,10119,15,3,0.1
25377,10119,20,3,0
25378,10119,3,1,0
25379,10120,17,1,0.2
25380,10120,7,3,0
25381,10121,19,1,0
25382,10121,2,1,0
25383,10121,8,3,0
25384,10122,18,3,0
25385,10122,4,3,0.15
25386,10123,16,3,0
25387,10124,8,2,0
25388,10124,14,1,0
25389,10124,22,2,0.1
25390,10124,19,1,0.2
25391,10125,9,1,0
25392,10125,21,1,0
25393,10125,23,2,0
25394,10125,23,1,0.1
25395,10126,19,2,0.2
25396,10126,10,3,0.1
25397,10126,17,3,0.2
25398,10126,9,2,0
25399,10127,2,1,0
25400,10127,12,3,0
25401,10127,14,2,0
25402,10127,23,2,0
25403,10128,15,1,0
25404,10128,5,1,0.2
25405,10129,14,3,0
25406,10129,10,2,0
25407,10130,7,2,0
25408,10130,8,2,0.2
25409,10131,6,2,0.2
25410,10131,12,1,0
25411,10132,21,1,0
25412,10132,17,1,0
25413,10132,13,1,0.2
25414,10133,13,3,0
25415,10133,6,3,0.2
25416,10133,18,2,0
25417,10133,16,1,0
25418,10134,5,1,0.1
25419,10134,19,3,0.2
25420,10134,17,1,0
25421,10134,22,2,0
25422,10135,4,2,0.2
25423,10135,2,1,0
25424,10136,6,3,0.1
25425,10137,7,2,0
25426,10137,23,3,0
25427,10137,23,1,0.15
25428,10137,4,3,0
25429,10138,6,3,0.15
25430,10138,4,3,0.15
25431,10139,15,2,0
25432,10139,11,3,0.2
25433,10140,23,1,0.1
25434,10140,24,2,0
25435,10141,24,1,0.2
25436,10141,23,2,0
25437,10141,3,3,0
25438,10141,14,3,0.2
25439,10142,13,3,0
25440,10142,21,2,0
25441,10143,10,1,0.1
25442,10144,5,2,0.1
25443,10144,2,1,0
25444,10145,7,3,0
25445,10145,19,3,0
25446,10146,15,3,0
25447,10146,13,1,0.15
25448,10146,5,2,0
25449,10147,17,3,0
25450,10147,9,3,0
25451,10147,13,1,0
25452,10148,4,1,0
25453,10148,9,3,0
25454,10149,21,3,0
25455,10150,22,3,0.15
25456,10151,6,1,0
25457,10152,22,1,0
25458,10152,13,1,0.15
25459,10153,8,1,0
25460,10153,2,3,0
25461,10154,10,2,0.2
25462,10155,24,3,0.1
25463,10156,24,3,0
25464,10156,14,1,0.15
25465,10156,13,1,0
25466,10157,23,3,0
25467,10157,12,1,0
25468,10158,17,2,0.15
25469,10158,8,1,0
25470,10158,6,3,0
25471,10159,12,1,0
25472,10159,24,3,0.2
25473,10159,23,3,0.1
25474,10159,7,3,0
25475,10160,20,3,0
25476,10160,14,2,0.15
25477,10161,16,3,0.15
25478,10162,17,1,0
25479,10163,13,2,0
25480,10163,18,3,0
25481,10164,7,1,0.15
25482,10164,24,3,0
25483,10164,14,1,0
25484,10164,23,1,0
25485,10165,10,3,0.2
25486,10165,7,3,0.15
25487,10165,8,3,0
25488,10166,12,2,0
25489,10166,14,1,0
25490,10167,2,3,0
25491,10168,11,3,0
25492,10169,2,2,0.2
25493,10170,24,3,0
25494,10170,9,2,0.2
25495,10170,1,1,0.1
25496,10171,6,1,0
25497,10172,19,3,0.1
25498,10173,5,2,0.1
25499,10173,21,3,0
25500,10173,18,2,0
25501,10173,12,1,0.2
25502,10174,21,1,0.2
25503,10175,17,1,0.2
25504,10175,14,2,0.15
25505,10175,7,1,0.15
25506,10175,19,1,0.2
25507,10176,13,3,0
25508,10177,23,2,0.15
25509,10177,12,3,0.2
25510,10177,13,1,0
25511,10177,22,1,0.15
25512,10178,12,2,0.15
25513,10178,10,2,0.15
25514,10178,19,3,0.15
25515,10179,6,3,0
25516,10179,20,1,0
25517,10179,24,3,0.1
25518,10179,17,3,0.15
25519,10180,2,1,0.2
25520,10181,6,3,0
25521,10182,2,2,0.1
25522,10183,22,1,0
25523,10183,10,2,0.2
25524,10184,18,1,0.1
25525,10184,11,3,0
25526,10185,5,1,0.2
25527,10186,17,1,0
25528,10186,4,2,0
25529,10186,17,2,0.2
25530,10187,12,2,0.2
25531,10187,20,2,0.2
25532,10187,12,1,0.2
25533,10188,8,3,0
25534,10188,22,3,0
25535,10188,12,3,0.15
25536,10188,13,1,0.2
25537,10189,5,2,0.2
25538,10190,16,2,0
25539,10191,20,1,0.2
25540,10192,23,2,0
25541,10192,9,3,0
25542,10192,6,1,0.1
25543,10193,17,2,0
25544,10194,1,1,0
25545,10194,24,3,0
25546,10195,22,1,0.2
25547,10195,10,2,0
25548,10196,3,2,0
25549,10196,17,2,0
25550,10196,16,1,0
25551,10197,13,2,0.1
25552,10197,14,1,0
25553,10197,12,3,0
25554,10197,13,3,0.15
25555,10198,17,1,0
25556,10198,14,2,0.1
25557,10198,24,2,0
25558,10198,20,2,0
25559,10199,23,2,0
25560,10199,24,1,0
25561,10199,1,2,0.2
25562,10199,21,1,0
25563,10200,22,1,0.2
25564,10200,3,3,0.2
25565,10200,18,2,0
25566,10201,4,1,0.15
25567,10201,18,3,0
25568,10202,3,2,0
25569,10202,24,1,0.1
25570,10203,7,3,0
25571,10203,1,2,0
25572,10203,2,1,0.15
25573,10204,24,3,0
25574,10204,4,2,0.1
25575,10204,19,1,0
25576,10205,7,3,0
25577,10206,24,2,0
25578,10206,21,1,0
25579,10206,21,3,0.1
25580,10207,24,2,0.2
25581,10208,9,1,0.15
25582,10208,17,3,0
25583,10209,12,1,0.1
25584,10210,3,2,0
25585,10210,12,3,0
25586,10210,2,2,0.2
25587,10211,19,1,0.15
25588,10211,1,3,0
25589,10212,2,3,0
25590,10212,3,2,0
25591,10212,23,2,0.15
25592,10213,24,2,0.1
25593,10213,20,2,0.1
25594,10213,5,3,0
25595,10214,1,1,0.15
25596,10215,13,3,0
25597,10215,18,3,0
25598,10216,2,3,0.2
25599,10216,9,3,0.15
25600,10216,24,2,0.1
25601,10217,22,3,0
25602,10217,15,2,0
25603,10217,16,2,0.2
25604,10217,17,1,0.1
25605,10218,19,1,0
25606,10219,1,3,0
25607,10219,18,2,0.15
25608,10220,1,1,0
25609,10220,20,2,0.15
25610,10220,20,3,0.1
25611,10221,20,3,0.1
25612,10221,7,2,0.1
25613,10221,8,3,0
25614,10222,7,2,0.2
25615,10222,22,1,0
25616,10222,12,2,0
25617,10222,3,1,0
25618,10223,24,1,0
25619,10223,14,2,0
25620,10223,2,3,0.15
25621,10224,6,1,0
25622,10225,11,3,0.1
25623,10225,17,2,0.2
25624,10225,11,1,0
25625,10226,23,3,0.2
25626,10226,14,2,0
25627,10226,14,3,0.1
25628,10227,5,2,0
25629,10227,12,2,0
25630,10227,18,2,0.15
25631,10227,6,2,0.1
25632,10228,6,3,0.2
25633,10229,8,2,0
25634,10230,20,1,0
25635,10230,3,2,0
25636,10230,14,3,0
25637,10231,7,1,0
25638,10231,9,1,0.1
25639,10231,1,2,0
25640,10232,24,1,0.1
25641,10232,19,2,0
25642,10232,3,1,0
25643,10233,18,3,0.2
25644,10234,13,1,0.1
25645,10234,7,2,0.2
25646,10234,24,1,0
25647,10234,22,1,0.2
25648,10235,14,2,0
25649,10236,5,1,0.1
25650,10236,6,3,0.1
25651,10237,13,3,0
25652,10237,6,3,0
25653,10237,1,3,0
25654,10237,4,3,0
25655,10238,21,2,0.1
25656,10238,16,2,0.1
25657,10238,6,3,0.15
25658,10239,16,1,0
25659,10239,9,3,0
25660,10239,18,1,0.2
25661,10240,18,3,0
25662,10240,4,2,0
25663,10241,6,1,0
25664,10241,21,1,0.15
25665,10241,24,1,0
25666,10241,7,2,0
25667,10242,13,3,0.2
25668,10242,23,2,0
25669,10242,8,1,0.15
25670,10243,3,2,0.2
25671,10243,6,3,0
25672,10244,7,3,0.2
25673,10244,3,1,0.2
25674,10245,24,1,0.2
25675,10245,24,3,0.2
25676,10245,24,1,0
25677,10245,7,3,0.2
25678,10246,6,2,0.15
25679,10246,19,2,0.2
25680,10247,15,1,0
25681,10247,23,1,0.1
25682,10247,11,3,0
25683,10247,8,3,0.15
25684,10248,22,3,0
25685,10249,23,1,0
25686,10250,17,2,0
25687,10250,1,2,0.1
25688,10250,6,2,0.1
25689,10251,23,3,0.1
25690,10251,5,3,0
25691,10251,10,1,0
25692,10251,24,3,0.2
25693,10252,14,1,0.2
25694,10252,11,2,0
25695,10252,17,3,0
25696,10252,16,3,0.1
25697,10253,16,1,0
25698,10253,5,3,0.1
25699,10253,2,3,0.15
25700,10254,17,2,0
25701,10255,16,1,0.1
25702,10256,11,2,0
25703,10257,3,3,0.2
25704,10258,5,1,0.15
25705,10259,23,1,0.2
25706,10259,1,3,0
25707,10259,15,1,0
25708,10260,3,1,0
25709,10261,16,3,0.15
25710,10261,3,2,0
25711,10262,8,3,0
25712,10262,24,2,0
25713,10262,19,2,0.2
25714,10263,8,3,0
25715,10263,10,1,0.1
25716,10263,16,1,0
25717,10263,6,2,0
25718,10264,18,3,0
25719,10264,4,2,0.1
25720,10264,20,2,0.1
25721,10265,13,3,0
25722,10265,18,3,0.2
25723,10266,8,1,0.2
25724,10267,8,2,0.15
25725,10267,4,2,0
25726,10267,6,1,0.15
25727,10268,8,3,0.15
25728,10268,13,2,0
25729,10269,10,1,0
25730,10270,10,2,0
25731,10270,20,3,0
25732,10270,16,1,0
25733,10270,15,2,0.15
25734,10271,22,3,0.1
25735,10272,4,1,0.1
25736,10272,12,1,0.1
25737,10272,23,1,0
25738,10272,1,2,0
25739,10273,14,2,0
25740,10273,24,1,0.1
25741,10274,14,2,0.15
25742,10274,16,3,0.15
25743,10274,9,3,0.15
25744,10275,11,3,0
25745,10276,20,3,0.1
25746,10276,20,2,0.15
25747,10276,14,1,0.2
25748,10277,4,2,0.1
25749,10277,14,2,0
25750,10277,11,2,0
25751,10278,21,1,0.2
25752,10279,22,1,0
25753,10279,12,3,0
25754,10280,3,2,0
25755,10281,21,3,0
25756,10282,5,1,0.1
25757,10283,7,3,0.1
25758,10283,21,2,0
25759,10283,14,1,0
25760,10284,1,1,0.15
25761,10285,20,2,0.1
25762,10286,23,1,0.2
25763,10286,2,1,0
25764,10287,6,3,0.1
25765,10287,9,2,0.1
25766,10287,9,1,0.15
25767,10288,20,1,0
25768,10288,10,3,0.15
25769,10289,2,2,0
25770,10289,5,2,0.1
25771,10289,18,3,0
25772,10289,12,1,0
25773,10290,24,1,0
25774,10290,22,1,0.1
25775,10290,19,2,0.2
25776,10290,15,2,0
25777,10291,13,1,0.15
25778,10291,11,1,0.2
25779,10291,3,2,0
25780,10292,9,2,0
25781,10293,22,1,0.15
25782,10294,9,1,0
25783,10295,17,3,0
25784,10295,1,1,0
25785,10296,12,3,0.1
25786,10296,12,1,0.1
25787,10296,14,1,0.2
25788,10296,10,3,0.1
25789,10297,16,2,0.1
25790,10297,9,2,0
25791,10298,22,3,0
25792,10299,24,2,0
25793,10299,20,1,0
25794,10299,11,3,0.15
25795,10300,3,2,0
25796,10301,22,1,0
25797,10301,3,2,0
25798,10301,8,2,0.1
25799,10301,1,1,0
25800,10302,12,2,0
25801,10303,8,3,0.15
25802,10303,10,3,0.15
25803,10304,3,1,0.2
25804,10304,21,1,0.2
25805,10305,4,3,0.15
25806,10305,13,2,0.1
25807,10305,21,1,0
25808,10306,22,2,0
25809,10306,8,1,0
25810,10306,14,2,0
25811,10307,17,2,0
25812,10307,16,2,0.2
25813,10307,21,2,0.15
25814,10308,23,1,0
25815,10308,11,3,0
25816,10309,4,3,0.1
25817,10309,22,3,0
25818,10309,14,3,0.2
25819,10310,1,2,0.2
25820,10311,21,3,0.15
25821,10312,1,3,0.2
25822,10313,6,1,0.2
25823,10313,10,1,0.2
25824,10314,9,2,0
25825,10315,16,1,0.2
25826,10315,3,1,0.1
25827,10315,14,1,0
25828,10315,4,2,0
25829,10316,10,1,0.15
25830,10316,11,3,0.15
25831,10316,10,1,0.15
25832,10316,12,2,0.15
25833,10317,13,2,0.1
25834,10318,6,2,0.2
25835,10318,3,2,0.15
25836,10318,10,2,0
25837,10319,9,1,0.15
25838,10320,5,2,0
25839,10320,10,1,0.15
25840,10321,14,1,0.1
25841,10321,20,3,0
25842,10321,18,2,0.1
25843,10321,15,1,0
25844,10322,1,2,0
25845,10323,20,3,0
25846,10323,4,1,0.2
25847,10323,10,2,0.15
25848,10323,10,2,0
25849,10324,16,1,0
25850,10325,24,3,0
25851,10326,3,1,0
25852,10327,7,3,0.15
25853,10327,4,1,0
25854,10327,20,3,0
25855,10327,2,1,0.2
25856,10328,15,3,0
25857,10328,6,1,0
25858,10328,11,3,0.2
25859,10328,13,1,0.2
25860,10329,12,1,0.15
25861,10330,2,1,0.1
25862,10330,21,3,0.2
25863,10330,7,1,0.2
25864,10330,23,3,0
25865,10331,15,1,0.1
25866,10332,17,3,0.15
25867,10332,7,3,0.1
25868,10332,9,2,0
25869,10332,12,3,0
25870,10333,20,1,0
25871,10334,2,2,0.2
25872,10335,11,2,0
25873,10335,1,3,0.1
25874,10335,15,1,0
25875,10336,19,2,0.1
25876,10336,24,3,0
25877,10336,18,3,0
25878,10336,6,2,0.1
25879,10337,14,3,0.15
25880,10337,19,2,0.2
25881,10337,11,3,0.15
25882,10337,19,3,0.1
25883,10338,5,3,0
25884,10338,2,1,0.15
25885,10338,8,2,0
25886,10339,16,3,0.2
25887,10340,11,3,0.2
25888,10340,1,1,0
25889,10340,17,1,0
25890,10341,13,3,0
25891,10341,17,3,0
25892,10342,9,3,0.2
25893,10342,10,2,0
25894,10343,17,3,0.1
25895,10343,4,3,0.15
25896,10343,4,2,0.2
25897,10344,9,1,0
25898,10344,7,2,0.2
25899,10344,22,1,0
25900,10344,8,1,0
25901,10345,11,2,0.15
25902,10345,3,3,0.15
25903,10345,23,2,0.1
25904,10346,13,3,0.15
25905,10346,9,3,0
25906,10346,16,1,0.15
25907,10346,16,1,0.1
25908,10347,16,1,0
25909,10347,1,3,0
25910,10348,13,1,0.15
25911,10348,21,2,0
25912,10348,19,1,0.2
25913,10348,13,3,0
25914,10349,24,1,0
25915,10349,14,3,0.15
25916,10350,12,2,0.2
25917,10350,12,1,0
25918,10351,22,3,0.2
25919,10351,23,3,0.1
25920,10351,23,3,0
25921,10352,20,2,0
25922,10352,17,1,0.2
25923,10352,14,3,0.1
25924,10352,16,2,0.15
25925,10353,12,2,0.1
25926,10353,8,2,0
25927,10354,10,2,0
25928,10354,21,1,0
25929,10355,16,1,0.2
25930,10355,12,2,0.1
25931,10355,18,1,0.1
25932,10355,18,1,0
25933,10356,17,2,0
25934,10356,11,2,0
25935,10356,24,3,0.2
25936,10356,1,2,0
25937,10357,21,2,0.15
25938,10358,4,3,0.15
25939,10358,22,2,0.15
25940,10359,23,2,0.1
25941,10360,23,2,0
25942,10360,15,1,0.1
25943,10360,19,2,0
25944,10360,15,1,0
25945,10361,5,1,0
25946,10362,22,2,0
25947,10362,24,2,0.1
25948,10362,16,1,0
25949,10362,24,3,0.15
25950,10363,17,3,0
25951,10363,10,1,0.2
25952,10363,9,1,0.1
25953,10364,9,2,0.1
25954,10364,22,2,0
25955,10365,18,3,0.2
25956,10366,9,2,0
25957,10366,21,2,0
25958,10366,2,1,0.2
25959,10367,18,1,0
25960,10368,11,2,0
25961,10368,2,3,0
25962,10369,16,3,0.15
25963,10369,5,3,0.2
25964,10370,10,3,0.1
25965,10370,12,3,0
25966,10370,14,1,0
25967,10371,18,2,0.15
25968,10371,10,1,0
25969,10372,5,1,0
25970,10372,17,1,0.2
25971,10373,17,2,0.2
25972,10373,2,1,0
25973,10374,7,1,0.1
25974,10375,12,2,0
25975,10376,17,2,0.15
25976,10376,15,3,0
25977,10377,5,3,0
25978,10377,10,2,0.15
25979,10378,20,3,0
25980,10378,20,1,0.15
25981,10378,9,3,0
25982,10378,13,1,0.2
25983,10379,4,1,0
25984,10379,23,2,0
25985,10379,6,1,0.2
25986,10379,20,3,0.2
25987,10380,7,1,0
25988,10381,3,3,0
25989,10381,11,3,0
25990,10382,4,3,0
25991,10382,23,1,0
25992,10382,22,3,0
25993,10383,17,1,0
25994,10383,24,1,0
25995,10383,12,1,0.1
25996,10383,20,3,0.15
25997,10384,20,2,0.2
25998,10384,6,1,0.1
25999,10384,15,1,0
26000,10385,12,2,0
26001,10385,7,1,0
26002,10386,15,1,0
26003,10386,12,3,0.15
26004,10387,19,1,0
26005,10388,13,2,0.1
26006,10388,17,1,0.15
26007,10388,9,2,0
26008,10389,11,3,0.1
26009,10389,5,1,0.15
26010,10390,1,3,0.2
26011,10390,10,3,0.2
26012,10390,5,3,0
26013,10391,3,1,0
26014,10392,7,3,0
26015,10393,4,1,0.15
26016,10393,22,3,0
26017,10393,17,1,0
26018,10394,18,2,0
26019,10394,12,3,0
26020,10394,20,2,0
26021,10395,20,2,0
26022,10395,3,2,0.1
26023,10396,23,2,0.2
26024,10396,16,1,0.1
26025,10396,19,2,0
26026,10397,16,1,0.15
26027,10397,8,3,0.1
26028,10397,18,3,0
26029,10398,20,3,0.2
26030,10398,8,3,0.2
26031,10398,7,2,0.15
26032,10398,11,2,0.1
26033,10399,2,2,0
26034,10399,8,2,0
26035,10400,19,1,0.2
26036,10400,18,1,0.15
26037,10401,22,2,0.2
26038,10402,7,3,0
26039,10403,8,3,0.15
26040,10403,9,3,0.1
26041,10403,18,2,0
26042,10403,23,2,0
26043,10404,2,3,0
26044,10404,23,2,0
26045,10405,8,1,0
26046,10405,7,3,0.2
26047,10405,12,2,0
26048,10406,7,2,0
26049,10406,5,2,0
26050,10406,6,3,0.2
26051,10406,4,1,0.1
26052,10407,22,2,0
26053,10407,17,2,0.1
26054,10407,5,2,0
26055,10408,17,3,0.1
26056,10408,10,2,0
26057,10408,13,2,0
26058,10408,24,2,0.15
26059,10409,9,1,0
26060,10410,19,3,0.2
26061,10410,15,1,0.1
26062,10410,18,1,0
26063,10411,7,1,0.2
26064,10412,10,2,0.1
26065,10412,9,3,0.1
26066,10412,19,1,0
26067,10413,10,3,0.1
26068,10413,4,2,0.2
26069,10413,22,1,0
26070,10413,13,3,0.1
26071,10414,4,2,0.15
26072,10414,4,2,0
26073,10414,20,2,0
26074,10415,20,2,0.1
26075,10415,23,2,0.15
26076,10415,5,2,0.15
26077,10415,19,3,0.2
26078,10416,7,1,0.2
26079,10416,21,3,0
26080,10416,17,2,0
26081,10417,8,2,0
26082,10417,17,2,0.1
26083,10417,9,3,0
26084,10418,7,2,0
26085,10418,16,3,0
26086,10418,20,2,0.15
26087,10418,7,3,0
26088,10419,12,1,0
26089,10419,2,2,0.15
26090,10419,19,1,0.2
26091,10420,11,2,0
26092,10420,1,2,0
26093,10420,5,3,0.15
26094,10420,17,3,0
26095,10421,3,1,0.15
26096,10421,2,1,0
26097,10422,17,2,0
26098,10422,22,2,0.1
26099,10423,1,1,0
26100,10423,15,1,0
26101,10423,12,3,0
26102,10423,18,3,0.1
26103,10424,1,3,0.1
26104,10424,10,3,0.15
26105,10424,12,3,0.2
26106,10425,20,2,0
26107,10425,2,3,0.2
26108,10425,7,2,0
26109,10426,12,1,0.15
26110,10426,6,2,0
26111,10426,13,3,0
26112,10427,17,3,0
26113,10427,20,2,0.2
26114,10427,21,1,0.2
26115,10427,19,1,0.1
26116,10428,6,2,0.2
26117,10428,2,2,0.1
26118,10429,11,2,0
26119,10430,5,2,0
26120,10430,2,1,0.15
26121,10430,6,3,0
26122,10431,1,3,0.1
26123,10431,11,1,0.2
26124,10432,4,3,0.1
26125,10433,12,3,0.15
26126,10434,22,3,0
26127,10435,7,3,0.15
26128,10435,11,2,0.15
26129,10435,22,1,0
26130,10435,22,3,0
26131,10436,6,2,0.1
26132,10437,18,2,0.2
26133,10437,7,2,0.15
26134,10437,6,1,0.1
26135,10438,4,3,0
26136,10438,14,1,0.2
26137,10438,23,1,0
26138,10438,4,2,0.2
26139,10439,11,2,0.15
26140,10440,9,2,0
26141,10441,13,2,0.2
26142,10442,8,2,0
26143,10443,1,1,0.1
26144,10443,24,3,0.1
26145,10443,17,1,0
26146,10443,7,1,0.2
26147,10444,17,2,0
26148,10444,14,2,0
26149,10444,2,2,0
26150,10444,6,2,0.2
26151,10445,4,2,0
26152,10445,19,1,0
26153,10446,12,3,0.1
26154,10446,13,3,0
26155,10446,3,1,0
26156,10447,11,3,0.1
26157,10447,7,1,0
26158,10447,7,2,0
26159,10447,4,2,0.1
26160,10448,20,2,0
26161,10448,21,2,0
26162,10448,24,1,0.2
26163,10448,2,3,0
26164,10449,24,3,0
26165,10449,24,2,0.15
26166,10450,18,2,0.1
26167,10451,10,1,0.1
26168,10451,5,3,0.15
26169,10451,20,2,0.15
26170,10452,9,2,0
26171,10453,9,2,0
26172,10453,6,1,0
26173,10454,8,1,0.15
26174,10455,12,3,0
26175,10455,10,2,0
26176,10455,3,2,0.2
26177,10455,7,3,0
26178,10456,10,3,0.15
26179,10456,21,3,0.1
26180,10457,1,1,0.1
26181,10458,14,2,0
26182,10458,21,2,0.15
26183,10458,2,2,0
26184,10459,17,1,0.1
26185,10459,8,3,0
26186,10460,5,2,0
26187,10460,24,3,0
26188,10461,8,3,0
26189,10461,13,3,0.2
26190,10461,7,3,0.15
26191,10461,17,3,0.2
26192,10462,19,1,0
26193,10463,3,2,0
26194,10463,13,2,0.2
26195,10464,23,3,0.2
26196,10464,13,3,0.15
26197,10464,6,3,0
26198,10465,12,3,0.2
26199,10465,1,2,0
26200,10465,16,2,0
26201,10466,18,1,0.2
26202,10466,1,2,0
26203,10467,7,1,0
26204,10467,3,3,0.15
26205,10467,3,1,0.15
26206,10468,2,3,0
26207,10468,5,1,0
26208,10469,11,1,0.15
26209,10469,18,3,0.15
26210,10469,19,1,0
26211,10469,12,1,0
26212,10470,3,2,0.1
26213,10470,20,1,0.15
26214,10470,23,3,0
26215,10471,12,3,0.1
26216,10472,6,1,0
26217,10473,24,3,0.2
26218,10473,13,1,0.1
26219,10474,24,2,0
26220,10474,13,2,0.1
26221,10475,8,3,0
26222,10475,24,1,0
26223,10475,23,2,0
26224,10475,18,2,0.1
26225,10476,12,1,0.15
26226,10477,6,1,0.15
26227,10477,12,1,0.15
26228,10478,10,1,0.15
26229,10478,1,3,0.2
26230,10478,12,1,0
26231,10478,13,3,0.1
26232,10479,8,1,0.15
26233,10479,3,2,0.15
26234,10480,23,3,0.1
26235,10480,24,3,0
26236,10480,7,1,0
26237,10481,1,1,0.15
26238,10481,7,2,0
26239,10482,1,1,0.1
26240,10482,18,3,0
26241,10483,8,3,0.15
26242,10483,15,3,0.15
26243,10484,8,2,0
26244,10484,23,3,0
26245,10485,13,2,0
26246,10485,17,3,0.1
26247,10485,1,1,0.1
26248,10486,2,3,0.15
26249,10486,8,2,0
26250,10487,1,3,0
26251,10488,17,2,0.15
26252,10488,21,2,0.15
26253,10488,12,3,0
26254,10489,4,1,0.2
26255,10489,7,1,0
26256,10489,8,2,0.2
26257,10490,22,2,0
26258,10490,1,1,0
26259,10490,19,3,0
26260,10491,13,2,0
26261,10491,1,1,0
26262,10491,4,3,0.2
26263,10492,15,1,0.2
26264,10492,24,3,0
26265,10492,4,1,0
26266,10493,15,2,0
26267,10493,5,1,0.2
26268,10494,23,2,0.1
26269,10494,7,1,0
26270,10495,16,2,0.2
26271,10495,7,1,0
26272,10495,17,1,0.2
26273,10496,13,3,0.1
26274,10496,2,1,0
26275,10496,19,1,0.2
26276,10497,12,1,0.15
26277,10497,11,1,0.1
26278,10498,20,1,0
26279,10498,18,3,0.2
26280,10499,2,1,0
26281,10499,5,1,0.15
26282,10499,24,2,0
26283,10499,7,3,0
26284,10500,6,3,0
26285,10500,6,2,0.15
26286,10500,15,3,0
26287,10500,24,2,0.1
26288,10501,10,2,0
26289,10502,10,1,0.2
26290,10502,12,3,0
26291,10502,3,3,0.2
26292,10503,5,2,0
26293,10503,6,3,0
26294,10503,9,1,0.2
26295,10503,12,3,0
26296,10504,19,2,0.1
26297,10504,16,3,0
26298,10504,14,1,0.2
26299,10505,1,1,0.2
26300,10505,8,2,0
26301,10505,3,3,0.1
26302,10505,24,1,0.1
26303,10506,8,2,0
26304,10507,19,2,0.15
26305,10507,12,2,0
26306,10508,23,2,0.15
26307,10508,17,1,0.1
26308,10508,13,1,0
26309,10508,18,2,0.2
26310,10509,20,3,0
26311,10509,9,1,0
26312,10509,9,2,0
26313,10509,19,2,0
26314,10510,3,1,0
26315,10510,15,3,0
26316,10510,18,3,0.2
26317,10510,11,3,0.1
26318,10511,14,1,0.1
26319,10511,15,3,0
26320,10511,8,3,0.1
26321,10511,20,2,0
26322,10512,6,3,0
26323,10512,1,2,0.1
26324,10512,18,3,0
26325,10513,19,3,0
26326,10514,7,2,0.2
26327,10514,9,1,0
26328,10514,21,2,0.1
26329,10515,4,1,0.2
26330,10515,14,3,0.2
26331,10515,7,2,0.2
26332,10516,19,3,0.1
26333,10517,11,3,0
26334,10517,4,2,0
26335,10518,10,1,0
26336,10519,10,3,0
26337,10519,18,3,0.1
26338,10519,18,2,0
26339,10520,3,3,0
26340,10520,1,1,0
26341,10521,3,2,0
26342,10521,18,2,0.1
26343,10521,10,3,0.15
26344,10521,3,2,0
26345,10522,19,3,0
26346,10522,12,3,0.15
26347,10523,2,1,0.1
26348,10524,24,2,0.2
26349,10524,9,1,0.1
26350,10524,8,3,0
26351,10524,17,2,0.15
26352,10525,15,3,0.15
26353,10525,24,3,0.15
26354,10525,11,3,0
26355,10526,1,2,0
26356,10526,5,2,0.2
26357,10526,11,3,0.15
26358,10526,6,3,0.1
26359,10527,9,3,0
26360,10527,12,3,0.2
26361,10527,3,2,0
26362,10528,6,2,0.2
26363,10528,20,1,0.15
26364,10529,6,3,0
26365,10529,24,1,0
26366,10529,16,3,0
26367,10529,6,2,0.15
26368,10530,14,3,0
26369,10531,2,2,0
26370,10531,7,3,0
26371,10531,11,2,0
26372,10531,13,1,0.1
26373,10532,8,3,0.15
26374,10532,4,1,0.1
26375,10533,11,3,0.2
26376,10533,16,3,0.15
26377,10533,20,2,0
26378,10534,18,1,0.2
26379,10535,22,3,0.15
26380,10535,17,2,0
26381,10535,10,2,0
26382,10535,15,1,0.1
26383,10536,21,1,0
26384,10536,4,1,0.1
26385,10537,18,3,0
26386,10537,14,1,0
26387,10537,6,2,0
26388,10537,15,1,0
26389,10538,20,3,0
26390,10538,23,3,0
26391,10538,23,1,0.1
26392,10538,15,3,0
26393,10539,13,1,0.2
26394,10539,17,2,0.1
26395,10539,12,1,0.1
26396,10540,1,2,0.1
26397,10540,3,2,0
26398,10540,21,2,0.15
26399,10540,4,2,0
26400,10541,5,1,0.15
26401,10541,24,2,0.2
26402,10541,19,3,0
26403,10541,20,3,0
26404,10542,11,1,0.2
26405,10543,10,3,0.1
26406,10543,21,2,0.1
26407,10544,3,2,0
26408,10544,18,3,0.1
26409,10544,5,3,0.2
26410,10544,14,3,0.1
26411,10545,10,1,0
26412,10545,1,2,0
26413,10545,5,1,0
26414,10545,7,2,0.1
26415,10546,4,2,0
26416,10546,14,3,0.2
26417,10546,6,3,0.15
26418,10546,2,2,0.1
26419,10547,3,2,0.15
26420,10547,22,3,0.2
26421,10548,15,3,0
26422,10548,13,1,0
26423,10548,9,2,0.1
26424,10548,9,1,0
26425,10549,20,1,0
26426,10549,22,2,0.1
26427,10549,9,3,0
26428,10549,19,1,0
26429,10550,10,2,0.2
26430,10551,8,3,0.1
26431,10552,3,2,0
26432,10552,16,3,0
26433,10553,22,1,0
26434,10553,21,1,0.15
26435,10553,6,3,0.15
26436,10553,16,3,0.1
26437,10554,19,1,0
26438,10554,15,1,0.2
26439,10555,13,1,0
26440,10555,14,2,0
26441,10556,4,2,0
26442,10556,1,3,0
26443,10556,18,1,0
26444,10556,13,1,0
26445,10557,5,1,0.2
26446,10558,21,2,0.1
26447,10559,10,2,0.2
26448,10559,13,3,0.1
26449,10559,15,3,0.1
26450,10560,24,1,0
26451,10561,12,1,0
26452,10561,12,3,0.15
26453,10562,18,3,0
26454,10562,14,1,0.15
26455,10562,6,2,0.1
26456,10562,1,1,0.2
26457,10563,3,1,0
26458,10564,22,2,0.2
26459,10565,4,2,0
26460,10565,13,3,0
26461,10565,3,1,0
26462,10566,3,2,0
26463,10567,22,2,0.15
26464,10567,6,1,0
26465,10567,6,2,0
26466,10567,5,1,0.1
26467,10568,17,3,0.1
26468,10568,11,3,0.2
26469,10568,17,2,0.2
26470,10568,5,1,0
26471,10569,15,3,0.2
26472,10569,2,3,0
26473,10570,17,3,0.15
26474,10571,21,1,0.15
26475,10571,15,1,0.1
26476,10571,9,2,0
26477,10572,14,2,0
26478,10573,23,2,0.15
26479,10573,18,1,0.15
26480,10573,2,3,0
26481,10574,6,3,0.1
26482,10575,3,3,0.15
26483,10576,3,2,0.2
26484,10576,11,2,0.1
26485,10576,8,2,0
26486,10576,2,1,0.15
26487,10577,12,1,0.2
26488,10577,13,1,0.1
26489,10577,18,3,0
26490,10577,8,1,0.15
26491,10578,14,3,0
26492,10578,4,2,0.1
26493,10578,14,1,0
26494,10578,11,1,0.15
26495,10579,7,3,0.2
26496,10579,22,2,0.2
26497,10579,21,3,0.1
26498,10579,12,1,0.15
26499,10580,8,3,0
26500,10580,4,1,0.15
26501,10580,13,1,0
26502,10580,16,3,0.2
26503,10581,14,1,0.1
26504,10581,20,3,0.15
26505,10581,14,2,0.2
26506,10581,6,1,0.15
26507,10582,18,2,0.15
26508,10582,23,2,0.1
26509,10582,5,2,0.2
26510,10583,9,2,0
26511,10584,23,3,0
26512,10584,17,3,0
26513,10584,14,3,0
26514,10585,18,3,0
26515,10585,3,2,0
26516,10586,6,2,0
26517,10587,3,3,0
26518,10587,22,3,0
26519,10587,14,3,0.15
26520,10588,20,3,0
26521,10588,1,3,0.1
26522,10588,5,2,0.2
26523,10589,2,1,0.2
26524,10590,11,1,0
26525,10590,17,3,0.2
26526,10590,20,2,0.15
26527,10590,19,2,0.1
26528,10591,19,3,0.2
26529,10592,23,3,0.15
26530,10593,11,1,0
26531,10593,7,1,0
26532,10594,22,3,0.2
26533,10594,5,2,0.1
26534,10594,20,1,0.1
26535,10594,20,3,0.15
26536,10595,10,3,0
26537,10596,21,3,0
26538,10596,10,1,0
26539,10597,12,1,0.1
26540,10597,15,2,0.15
26541,10597,5,3,0
26542,10597,20,2,0.15
26543,10598,4,3,0
26544,10598,2,3,0
26545,10598,15,3,0
26546,10598,11,1,0
26547,10599,8,2,0.2
26548,10600,23,2,0
26549,10600,17,1,0
26550,10600,17,3,0
26551,10600,3,3,0
26552,10601,21,1,0.15
26553,10602,22,1,0.1
26554,10602,11,2,0.15
26555,10603,3,3,0.2
26556,10603,4,2,0.15
26557,10603,10,1,0.1
26558,10604,13,1,0.2
26559,10604,17,2,0
26560,10604,4,3,0.15
26561,10605,5,1,0
26562,10605,19,1,0
26563,10605,23,3,0.1
26564,10606,3,3,0.15
26565,10606,9,2,0.1
26566,10607,4,3,0
26567,10608,9,1,0
26568,10609,23,1,0
26569,10609,6,1,0.2
26570,10609,4,3,0
26571,10610,16,1,0
26572,10611,12,1,0
26573,10612,2,1,0
26574,10612,4,2,0.1
26575,10613,7,3,0.1
26576,10614,13,2,0
26577,10614,10,3,0
26578,10615,14,1,0
26579,10615,15,3,0
26580,10615,8,3,0
26581,10616,4,2,0.2
26582,10617,15,2,0.15
26583,10618,1,2,0.1
26584,10618,13,1,0
26585,10618,10,2,0.15
26586,10619,7,1,0.2
26587,10619,3,2,0
26588,10620,10,1,0.1
26589,10620,2,1,0.2
26590,10621,9,3,0
26591,10621,2,2,0
26592,10621,23,2,0.15
26593,10622,1,3,0
26594,10622,9,2,0
26595,10622,11,2,0
26596,10623,22,3,0
26597,10624,5,1,0
26598,10624,19,2,0.15
26599,10624,21,1,0
26600,10624,4,1,0.15
26601,10625,2,2,0.15
26602,10626,1,1,0
26603,10626,24,3,0.1
26604,10627,21,1,0
26605,10627,2,1,0
26606,10627,4,3,0.15
26607,10627,23,1,0
26608,10628,20,3,0
26609,10629,20,3,0
26610,10629,7,3,0
26611,10629,3,1,0
26612,10629,17,3,0
26613,10630,21,1,0
26614,10630,16,3,0
26615,10630,24,2,0
26616,10630,22,2,0.2
26617,10631,16,3,0
26618,10632,12,2,0.15
26619,10632,15,3,0
26620,10633,23,3,0.1
26621,10634,1,2,0.1
26622,10634,22,2,0
26623,10635,17,1,0
26624,10635,22,3,0.2
26625,10635,7,1,0
26626,10636,12,1,0
26627,10636,11,2,0
26628,10636,1,3,0
26629,10637,1,3,0.2
26630,10637,18,1,0
26631,10637,12,3,0
26632,10638,3,1,0
26633,10638,2,3,0
26634,10639,2,1,0
26635,10639,2,1,0.15
26636,10640,11,1,0.2
26637,10640,17,3,0
26638,10641,5,1,0.15
26639,10642,15,2,0
26640,10642,6,3,0
26641,10642,1,2,0
26642,10642,24,2,0.2
26643,10643,5,1,0
26644,10643,5,3,0.2
26645,10643,10,2,0.1
26646,10643,13,2,0.2
26647,10644,12,2,0
26648,10645,16,2,0.15
26649,10645,12,1,0
26650,10646,21,1,0
26651,10647,17,3,0.2
26652,10647,20,1,0
26653,10648,15,3,0
26654,10648,20,3,0
26655,10649,6,3,0
26656,10649,17,3,0
26657,10650,15,1,0.1
26658,10650,2,1,0
26659,10651,9,1,0.2
26660,10651,19,1,0.15
26661,10651,8,2,0
26662,10651,13,2,0
26663,10652,10,3,0
26664,10653,12,3,0.15
26665,10654,5,3,0.2
26666,10654,10,2,0.1
26667,10654,6,3,0.2
26668,10655,18,3,0
26669,10656,22,2,0
26670,10656,9,2,0.15
26671,10657,24,1,0
26672,10657,6,3,0.1
26673,10657,17,3,0
26674,10657,13,2,0
26675,10658,19,1,0.15
26676,10658,24,1,0
26677,10658,17,1,0.15
26678,10659,1,1,0
26679,10660,20,3,0
26680,10660,21,3,0.2
26681,10660,1,1,0
26682,10661,18,3,0
26683,10661,7,3,0.2
26684,10661,6,1,0.1
26685,10662,11,3,0
26686,10662,7,3,0
26687,10662,1,1,0
26688,10662,6,1,0.15
26689,10663,16,2,0.2
26690,10663,17,2,0.2
26691,10664,14,1,0.2
26692,10664,13,3,0
26693,10664,13,2,0.1
26694,10665,5,2,0.2
26695,10666,12,1,0
26696,10666,12,1,0
26697,10666,10,2,0
26698,10667,11,2,0
26699,10667,15,2,0
26700,10667,8,1,0.15
26701,10667,24,1,0.1
26702,10668,17,1,0.1
26703,10668,4,1,0.2
26704,10669,2,2,0
26705,10669,22,3,0
26706,10669,8,3,0
26707,10669,7,3,0.1
26708,10670,16,2,0
26709,10670,4,2,0
26710,10671,4,2,0.15
26711,10671,16,2,0
26712,10671,16,1,0.2
26713,10671,13,2,0
26714,10672,10,2,0.2
26715,10672,3,2,0
26716,10672,21,3,0.15
26717,10673,24,1,0
26718,10673,13,2,0
26719,10674,20,3,0.15
26720,10674,5,2,0.1
26721,10674,10,2,0
26722,10675,14,1,0
26723,10675,3,2,0.15
26724,10675,4,3,0
26725,10675,20,1,0.15
26726,10676,13,3,0.15
26727,10677,3,3,0.15
26728,10677,8,1,0
26729,10678,17,2,0
26730,10678,1,2,0.1
26731,10678,4,3,0.2
26732,10678,6,2,0.15
26733,10679,7,2,0.1
26734,10680,23,1,0
26735,10680,24,3,0.15
26736,10681,15,2,0.15
26737,10681,11,3,0.15
26738,10681,1,1,0
26739,10682,14,2,0
26740,10683,14,3,0.2
26741,10683,16,3,0.1
26742,10684,10,1,0
26743,10685,6,1,0.1
26744,10685,20,1,0.1
26745,10686,1,2,0.15
26746,10686,14,1,0.15
26747,10686,11,3,0
26748,10687,10,1,0.2
26749,10687,18,2,0
26750,10688,4,2,0
26751,10688,4,2,0
26752,10688,4,1,0.1
26753,10688,7,1,0
26754,10689,23,3,0.15
26755,10689,5,2,0
26756,10690,9,1,0
26757,10690,5,2,0.2
26758,10690,18,2,0
26759,10690,1,3,0
26760,10691,8,1,0
26761,10691,10,2,0.1
26762,10691,7,2,0
26763,10692,10,1,0.2
26764,10692,4,2,0
26765,10692,2,1,0
26766,10692,22,2,0.15
26767,10693,5,3,0.2
26768,10693,23,2,0.15
26769,10693,18,1,0.1
26770,10693,7,3,0
26771,10694,13,3,0
26772,10694,3,1,0
26773,10694,6,1,0.15
26774,10695,1,1,0
26775,10695,10,3,0.2
26776,10695,7,2,0
26777,10695,4,3,0.1
26778,10696,7,3,0
26779,10697,20,1,0
26780,10698,16,3,0.2
26781,10698,19,2,0.2
26782,10698,11,3,0
26783,10699,24,1,0.15
26784,10699,3,1,0.1
26785,10699,1,3,0
26786,10700,16,1,0
26787,10701,3,1,0
26788,10701,13,3,0.1
26789,10702,20,1,0.15
26790,10702,3,2,0.15
26791,10702,24,1,0.1
26792,10703,15,2,0
26793,10703,23,3,0
26794,10703,18,1,0.2
26795,10703,6,1,0.2
26796,10704,1,2,0
26797,10704,9,3,0.2
26798,10704,10,2,0
26799,10704,18,2,0.15
26800,10705,24,2,0
26801,10705,11,1,0
26802,10706,8,3,0
26803,10706,13,1,0.1
26804,10706,23,2,0.15
26805,10706,16,1,0.15
26806,10707,8,3,0.1
26807,10707,17,1,0
26808,10707,12,3,0
26809,10707,17,1,0.1
26810,10708,15,1,0
26811,10708,8,3,0.15
26812,10708,2,1,0
26813,10708,23,2,0.2
26814,10709,11,1,0
26815,10709,7,2,0
26816,10710,19,2,0.2
26817,10710,5,2,0
26818,10710,6,2,0.15
26819,10711,11,2,0
26820,10711,18,2,0
26821,10711,18,2,0.15
26822,10711,6,2,0
26823,10712,5,1,0.15
26824,10712,10,3,0
26825,10712,4,1,0
26826,10712,3,2,0
26827,10713,7,2,0
26828,10714,15,2,0.15
26829,10715,4,1,0.2
26830,10716,9,1,0.15
26831,10716,5,1,0.15
26832,10716,11,1,0
26833,10716,24,1,0.1
26834,10717,6,3,0.2
26835,10718,3,2,0.15
26836,10719,6,3,0.15
26837,10719,20,3,0.2
26838,10719,16,1,0
26839,10719,22,1,0.15
26840,10720,19,1,0
26841,10720,19,1,0
26842,10720,22,1,0.1
26843,10720,8,1,0
26844,10721,19,2,0.1
26845,10721,21,1,0.2
26846,10722,17,3,0.1
26847,10722,3,2,0.2
26848,10723,24,2,0
26849,10724,12,2,0
26850,10724,11,1,0
26851,10724,6,2,0
26852,10725,18,1,0.1
26853,10725,11,3,0.1
26854,10725,10,2,0
26855,10726,18,3,0.1
26856,10727,4,2,0
26857,10727,6,2,0.15
26858,10728,10,1,0.2
26859,10728,24,1,0.1
26860,10728,16,3,0
26861,10728,18,3,0.1
26862,10729,8,3,0
26863,10729,17,2,0.2
26864,10729,19,3,0
26865,10730,3,2,0
26866,10730,11,1,0
26867,10730,17,1,0
26868,10731,20,3,0.2
26869,10731,17,2,0.2
26870,10731,22,1,0
26871,10731,3,1,0
26872,10732,20,1,0
26873,10732,10,2,0
26874,10733,22,2,0
26875,10734,23,3,0
26876,10734,11,1,0.15
26877,10735,7,2,0
26878,10735,10,3,0
26879,10736,16,1,0.2
26880,10736,16,2,0.1
26881,10737,17,2,0.15
26882,10737,16,1,0
26883,10737,18,2,0
26884,10737,8,2,0.15
26885,10738,9,1,0
26886,10738,2,3,0
26887,10739,24,3,0.15
26888,10739,17,3,0.15
26889,10740,24,3,0
26890,10740,21,1,0.1
26891,10740,15,2,0.1
26892,10740,9,3,0.1
26893,10741,4,1,0.1
26894,10741,3,3,0.15
26895,10741,9,1,0.2
26896,10742,21,1,0
26897,10743,23,2,0.2
26898,10744,6,1,0.15
26899,10745,21,2,0
26900,10745,5,2,0.2
26901,10745,5,2,0.15
26902,10746,8,1,0.1
26903,10746,11,2,0.2
26904,10746,21,1,0.1
26905,10746,18,3,0
26906,10747,4,2,0
26907,10747,8,2,0
26908,10748,14,2,0.2
26909,10748,23,3,0
26910,10748,21,2,0
26911,10748,12,2,0
26912,10749,9,2,0
26913,10749,4,2,0.15
26914,10749,17,3,0.15
26915,10749,11,1,0
26916,10750,4,2,0
26917,10750,9,2,0
26918,10750,18,3,0.1
26919,10751,24,1,0
26920,10751,3,3,0
26921,10751,4,1,0.2
26922,10751,9,2,0.1
26923,10752,1,3,0
26924,10752,19,1,0.1
26925,10752,21,3,0.15
26926,10753,11,2,0
26927,10754,1,2,0
26928,10755,12,1,0.15
26929,10755,17,1,0.2
26930,10755,3,1,0.1
26931,10756,13,1,0
26932,10756,19,3,0.1
26933,10757,20,1,0.2
26934,10757,20,1,0.2
26935,10757,14,1,0
26936,10758,20,2,0
26937,10758,5,1,0.2
26938,10759,17,1,0
26939,10760,18,1,0
26940,10760,21,1,0.1
26941,10760,20,1,0.2
26942,10761,14,2,0.15
26943,10762,10,2,0
26944,10763,21,2,0.1
26945,10763,15,3,0
26946,10763,5,1,0
26947,10763,4,1,0
26948,10764,10,1,0.1
26949,10764,14,1,0
26950,10764,14,2,0.15
26951,10765,11,2,0
26952,10766,9,3,0
26953,10766,17,1,0
26954,10766,20,3,0
26955,10766,4,3,0.2
26956,10767,22,2,0
26957,10767,5,2,0
26958,10767,18,2,0.2
26959,10767,19,1,0.2
26960,10768,11,2,0.1
26961,10768,4,3,0
26962,10768,1,2,0
26963,10769,17,2,0.2
26964,10769,20,2,0
26965,10769,5,3,0.1
26966,10770,2,3,0
26967,10770,15,3,0
26968,10770,2,3,0
26969,10770,12,2,0.15
26970,10771,23,1,0.2
26971,10771,14,2,0.2
26972,10771,12,3,0.1
26973,10772,13,2,0.2
26974,10772,2,3,0
26975,10773,24,3,0
26976,10773,23,3,0
26977,10774,7,2,0.1
26978,10774,18,1,0.2
26979,10774,5,3,0.1
26980,10774,13,2,0
26981,10775,22,2,0.15
26982,10775,6,1,0
26983,10775,18,2,0
26984,10775,5,2,0.15
26985,10776,4,1,0.1
26986,10777,15,2,0
26987,10778,15,3,0.2
26988,10778,11,1,0.15
26989,10779,18,1,0
26990,10779,20,2,0
26991,10779,6,1,0
26992,10779,2,1,0.2
26993,10780,24,3,0
26994,10780,24,2,0.1
26995,10780,16,2,0.15
26996,10781,7,1,0
26997,10781,15,3,0.1
26998,10782,22,3,0
26999,10782,6,3,0
27000,10782,9,1,0.1
27001,10782,18,1,0.15
27002,10783,3,2,0
27003,10783,9,2,0.15
27004,10783,8,3,0
27005,10784,3,2,0
27006,10784,1,2,0.1
27007,10785,6,1,0
27008,10785,12,1,0.15
27009,10785,2,3,0.2
27010,10786,5,3,0
27011,10786,16,2,0
27012,10786,2,2,0
27013,10786,3,2,0.2
27014,10787,14,3,0
27015,10787,6,2,0
27016,10787,9,1,0.15
27017,10787,2,1,0.15
27018,10788,2,1,0
27019,10788,14,3,0
27020,10788,14,3,0
27021,10788,10,3,0.15
27022,10789,16,3,0
27023,10789,16,3,0
27024,10789,10,1,0.15
27025,10789,16,1,0.1
27026,10790,15,1,0
27027,10790,2,1,0
27028,10790,24,3,0.15
27029,10791,20,3,0.15
27030,10792,16,1,0.1
27031,10792,15,2,0.15
27032,10792,2,1,0.1
27033,10792,17,2,0.15
27034,10793,3,3,0.1
27035,10793,7,3,0
27036,10793,5,2,0.15
27037,10794,18,2,0.15
27038,10794,20,3,0.15
27039,10795,4,3,0
27040,10796,11,1,0
27041,10796,7,2,0
27042,10796,9,2,0.1
27043,10797,8,3,0.15
27044,10797,11,2,0.15
27045,10797,5,3,0
27046,10798,16,1,0
27047,10799,6,3,0
27048,10799,4,3,0
27049,10800,11,1,0
27050,10800,7,3,0
27051,10800,1,2,0
27052,10801,7,1,0.15
27053,10802,6,1,0.2
27054,10802,15,2,0.2
27055,10803,3,2,0
27056,10803,19,1,0.1
27057,10804,21,1,0
27058,10805,14,2,0.1
27059,10806,17,1,0.1
27060,10807,7,1,0.15
27061,10807,10,3,0.15
27062,10807,12,3,0.15
27063,10807,9,2,0.2
27064,10808,23,3,0
27065,10808,11,3,0.15
27066,10809,10,1,0
27067,10809,5,3,0
27068,10809,19,2,0
27069,10809,7,1,0
27070,10810,8,3,0
27071,10810,11,3,0.2
27072,10810,2,2,0
27073,10810,23,1,0
27074,10811,12,2,0.2
27075,10811,23,3,0
27076,10811,10,2,0
27077,10812,10,2,0.15
27078,10812,6,1,0.2
27079,10812,8,2,0
27080,10813,21,3,0
27081,10813,3,1,0.15
27082,10813,4,2,0
27083,10814,9,3,0.1
27084,10815,3,3,0.2
27085,10815,3,3,0
27086,10815,1,2,0.1
27087,10816,13,2,0.2
27088,10816,8,2,0
27089,10816,15,3,0
27090,10816,13,1,0.15
27091,10817,15,2,0.15
27092,10817,15,1,0.15
27093,10818,13,2,0.1
27094,10819,4,2,0.15
27095,10820,24,2,0.1
27096,10820,8,3,0.2
27097,10820,12,2,0
27098,10821,4,1,0.1
27099,10822,18,1,0.1
27100,10823,2,3,0
27101,10823,19,3,0.1
27102,10824,14,2,0
27103,10824,23,1,0.1
27104,10825,7,1,0
27105,10825,6,1,0.1
27106,10825,19,3,0
27107,10826,16,2,0
27108,10826,8,3,0.1
27109,10826,24,3,0.2
27110,10826,13,1,0.2
27111,10827,19,3,0.2
27112,10827,16,1,0
27113,10828,11,3,0.15
27114,10828,18,3,0
27115,10828,18,2,0
27116,10829,6,1,0
27117,10829,22,2,0.15
27118,10829,19,2,0
27119,10829,17,3,0.15
27120,10830,11,1,0.1
27121,10830,18,1,0
27122,10831,21,3,0
27123,10831,24,3,0.1
27124,10831,14,1,0.15
27125,10831,21,3,0
27126,10832,5,1,0
27127,10833,15,1,0.1
27128,10833,8,3,0.1
27129,10833,8,2,0
27130,10833,23,3,0
27131,10834,10,2,0
27132,10834,2,2,0
27133,10834,5,3,0.2
27134,10835,15,3,0
27135,10835,20,1,0
27136,10835,5,2,0
27137,10835,7,3,0.15
27138,10836,4,2,0
27139,10836,3,2,0
27140,10836,10,1,0
27141,10837,21,2,0
27142,10837,1,1,0
27143,10838,17,2,0
27144,10838,17,3,0.2
27145,10838,12,1,0.15
27146,10838,14,3,0
27147,10839,12,3,0
27148,10839,10,1,0
27149,10840,3,2,0.1
27150,10840,23,1,0
27151,10840,20,1,0
27152,10840,12,3,0.2
27153,10841,24,1,0.2
27154,10841,16,3,0
27155,10842,12,1,0
27156,10842,15,3,0
27157,10842,18,1,0.1
27158,10842,5,1,0.15
27159,10843,5,2,0
27160,10843,8,1,0
27161,10843,7,1,0.15
27162,10844,9,3,0.1
27163,10845,23,3,0
27164,10846,21,1,0.2
27165,10846,9,1,0
27166,10847,3,2,0.15
27167,10847,20,2,0
27168,10847,15,1,0.1
27169,10847,14,1,0
27170,10848,1,2,0
27171,10849,2,2,0.1
27172,10850,4,1,0
27173,10850,5,2,0.1
27174,10850,2,3,0
27175,10851,22,1,0.1
27176,10851,16,3,0.2
27177,10851,4,2,0.15
27178,10851,16,3,0
27179,10852,9,3,0.1
27180,10853,14,3,0.1
27181,10853,7,1,0.15
27182,10854,20,1,0.2
27183,10854,6,3,0
27184,10854,11,2,0
27185,10854,13,3,0
27186,10855,19,3,0.15
27187,10855,2,3,0.1
27188,10855,19,3,0.2
27189,10856,1,2,0.15
27190,10856,1,3,0.15
27191,10856,21,1,0
27192,10856,12,1,0
27193,10857,16,2,0.2
27194,10857,19,2,0.1
27195,10858,4,2,0
27196,10859,2,2,0
27197,10859,19,1,0.1
27198,10859,23,1,0.15
27199,10859,15,3,0
27200,10860,1,2,0.1
27201,10860,12,3,0
27202,10860,14,2,0
27203,10861,8,1,0
27204,10862,21,1,0
27205,10862,11,3,0.1
27206,10862,7,1,0.1
27207,10862,24,1,0.1
27208,10863,10,3,0.15
27209,10863,10,2,0
27210,10864,2,1,0.15
27211,10864,6,1,0.1
27212,10864,23,1,0
27213,10865,21,3,0.2
27214,10865,1,3,0
27215,10865,22,2,0
27216,10865,8,3,0.2
27217,10866,13,3,0.15
27218,10866,12,2,0.2
27219,10867,5,2,0.15
27220,10867,1,3,0
27221,10867,2,3,0
27222,10868,9,2,0.2
27223,10868,24,1,0
27224,10868,9,1,0
27225,10869,11,2,0.1
27226,10870,12,3,0
27227,10870,4,3,0
27228,10870,7,3,0
27229,10871,14,2,0
27230,10871,22,3,0
27231,10871,3,1,0
27232,10872,17,1,0.2
27233,10872,23,3,0
27234,10873,16,3,0
27235,10873,7,1,0
27236,10874,5,2,0.1
27237,10874,6,1,0
27238,10874,12,1,0.1
27239,10874,24,3,0
27240,10875,7,1,0.15
27241,10875,18,1,0.15
27242,10875,17,3,0.2
27243,10876,14,1,0
27244,10876,21,2,0.15
27245,10876,24,3,0.15
27246,10876,6,3,0.1
27247,10877,17,3,0.2
27248,10877,7,3,0.1
27249,10877,18,1,0.15
27250,10878,6,1,0
27251,10878,1,3,0
27252,10879,14,1,0.1
27253,10879,16,2,0
27254,10879,23,2,0
27255,10879,22,1,0
27256,10880,7,1,0
27257,10880,10,2,0
27258,10881,20,3,0
27259,10881,11,2,0
27260,10881,22,2,0.1
27261,10882,19,2,0.2
27262,10882,23,3,0
27263,10882,23,1,0
27264,10882,10,1,0.1
27265,10883,20,1,0.15
27266,10883,24,2,0
27267,10883,14,1,0.15
27268,10884,9,1,0
27269,10884,23,1,0.15
27270,10884,6,2,0
27271,10885,13,3,0
27272,10886,1,2,0.2
27273,10886,17,1,0
27274,10886,2,3,0
27275,10887,11,2,0
27276,10887,23,3,0
27277,10888,22,2,0.15
27278,10888,21,2,0.1
27279,10888,15,3,0.1
27280,10888,12,1,0.15
27281,10889,13,3,0
27282,10890,2,2,0
27283,10890,7,3,0.15
27284,10890,17,2,0.1
27285,10891,13,1,0
27286,10891,7,2,0
27287,10891,2,1,0.1
27288,10892,6,1,0.1
27289,10893,3,1,0.15
27290,10893,7,1,0
27291,10893,9,2,0
27292,10893,15,2,0
27293,10894,12,1,0
27294,10895,13,3,0
27295,10895,24,1,0.15
27296,10895,4,1,0
27297,10896,4,1,0.1
27298,10897,15,2,0.15
27299,10897,17,2,0.1
27300,10897,22,3,0
27301,10897,17,3,0
27302,10898,5,3,0
27303,10898,19,2,0
27304,10898,6,2,0
27305,10898,17,2,0
27306,10899,9,3,0.15
27307,10900,18,1,0
27308,10901,7,1,0
27309,10901,12,3,0.15
27310,10901,13,3,0
27311,10901,8,1,0.2
27312,10902,23,3,0.15
27313,10902,1,3,0.2
27314,10902,22,2,0
27315,10903,23,2,0
27316,10903,5,2,0
27317,10903,19,2,0.2
27318,10904,6,1,0.1
27319,10904,7,1,0
27320,10905,14,1,0.15
27321,10905,7,2,0.15
27322,10905,8,1,0.2
27323,10905,19,1,0.1
27324,10906,14,1,0.1
27325,10906,12,1,0
27326,10907,5,3,0.1
27327,10907,7,2,0.15
27328,10908,13,3,0
27329,10908,13,1,0.15
27330,10908,10,2,0.15
27331,10908,22,1,0.2
27332,10909,2,2,0.1
27333,10909,5,2,0.2
27334,10909,1,2,0
27335,10910,18,3,0.2
27336,10910,7,1,0.2
27337,10910,8,2,0
27338,10910,22,1,0
27339,10911,8,1,0.2
27340,10912,4,1,0.1
27341,10913,15,3,0
27342,10913,17,2,0.15
27343,10913,22,2,0.2
27344,10914,20,2,0.1
27345,10914,23,2,0
27346,10914,4,2,0
27347,10914,15,2,0.15
27348,10915,12,1,0
27349,10915,21,1,0
27350,10915,23,2,0.15
27351,10916,19,3,0.15
27352,10916,10,3,0
27353,10916,1,3,0
27354,10917,12,1,0
27355,10917,12,1,0
27356,10917,1,1,0.2
27357,10917,5,2,0.2
27358,10918,11,2,0.1
27359,10918,8,2,0
27360,10918,2,1,0.2
27361,10918,23,3,0.15
27362,10919,17,1,0.2
27363,10919,22,3,0.2
27364,10919,16,1,0
27365,10920,15,1,0.2
27366,10920,11,1,0.15
27367,10920,21,3,0.1
27368,10921,10,2,0.2
27369,10921,7,2,0
27370,10921,6,2,0
27371,10921,12,1,0
27372,10922,21,1,0.1
27373,10922,10,1,0
27374,10922,7,2,0.1
27375,10923,19,3,0
27376,10923,13,2,0
27377,10924,6,2,0.1
27378,10924,5,1,0.15
27379,10924,16,1,0
27380,10925,17,1,0
27381,10925,4,2,0.2
27382,10925,8,2,0.2
27383,10926,1,1,0.15
27384,10926,17,1,0.1
27385,10926,1,3,0
27386,10927,11,2,0
27387,10927,23,2,0.15
27388,10928,16,2,0.1
27389,10928,12,3,0
27390,10929,3,1,0.2
27391,10930,12,2,0.15
27392,10930,18,2,0
27393,10931,10,2,0.15
27394,10931,7,3,0.1
27395,10932,1,1,0.1
27396,10932,20,3,0.15
27397,10932,23,1,0.2
27398,10932,12,1,0.1
27399,10933,22,1,0
27400,10933,3,3,0
27401,10933,23,3,0.2
27402,10933,11,3,0
27403,10934,9,2,0
27404,10935,11,2,0.2
27405,10936,6,3,0.1
27406,10936,11,3,0.15
27407,10936,15,3,0.1
27408,10936,3,3,0
27409,10937,19,2,0
27410,10937,16,2,0.15
27411,10937,20,1,0
27412,10938,11,1,0
27413,10938,24,1,0
27414,10938,18,3,0
27415,10938,21,3,0.1
27416,10939,6,2,0.1
27417,10939,10,1,0
27418,10939,24,2,0.1
27419,10940,12,3,0
27420,10940,10,3,0
27421,10940,23,1,0
27422,10940,18,3,0
27423,10941,5,1,0.1
27424,10942,8,3,0
27425,10943,19,3,0
27426,10943,6,1,0.15
27427,10943,2,2,0
27428,10944,19,2,0.2
27429,10944,9,2,0.2
27430,10944,23,1,0.15
27431,10945,14,1,0
27432,10945,19,3,0.15
27433,10946,4,2,0.15
27434,10946,19,3,0
27435,10946,16,2,0.2
27436,10947,7,2,0.1
27437,10947,3,1,0.1
27438,10948,6,1,0
27439,10948,7,3,0
27440,10949,16,3,0.2
27441,10949,15,2,0.15
27442,10949,15,2,0
27443,10950,24,3,0.15
27444,10950,21,1,0
27445,10950,21,2,0.1
27446,10951,7,3,0
27447,10952,10,1,0
27448,10952,14,3,0
27449,10953,18,1,0.2
27450,10953,2,3,0.2
27451,10954,5,2,0
27452,10954,21,1,0
27453,10954,8,2,0.1
27454,10955,21,1,0
27455,10955,4,1,0
27456,10956,21,3,0.2
27457,10956,10,1,0.1
27458,10956,16,3,0.1
27459,10957,12,1,0.1
27460,10957,10,2,0.15
27461,10957,21,3,0
27462,10957,16,2,0
27463,10958,12,1,0.2
27464,10958,5,2,0
27465,10959,7,1,0.2
27466,10960,24,2,0
27467,10961,9,2,0.15
27468,10961,18,1,0
27469,10962,19,1,0.1
27470,10962,12,2,0.1
27471,10963,24,2,0.15
27472,10963,21,1,0
27473,10963,10,3,0
27474,10963,3,2,0
27475,10964,2,3,0
27476,10964,6,2,0
27477,10964,2,1,0
27478,10965,2,3,0
27479,10965,3,1,0.15
27480,10965,14,2,0
27481,10966,18,1,0.2
27482,10966,14,3,0.15
27483,10967,6,2,0.2
27484,10967,23,3,0
27485,10967,8,2,0.2
27486,10968,17,1,0.2
27487,10968,16,1,0
27488,10968,12,1,0
27489,10968,4,1,0.15
27490,10969,21,3,0
27491,10970,18,2,0.1
27492,10971,4,3,0.1
27493,10972,12,1,0.2
27494,10972,18,3,0
27495,10973,20,1,0
27496,10974,12,1,0.1
27497,10975,22,2,0
27498,10975,6,3,0
27499,10975,8,2,0
27500,10975,6,2,0
27501,10976,23,1,0.1
27502,10976,12,2,0.15
27503,10976,15,3,0.2
27504,10976,15,2,0.15
27505,10977,11,3,0.2
27506,10978,5,3,0.1
27507,10978,11,1,0
27508,10979,8,3,0.1
27509,10979,20,3,0
27510,10979,20,3,0
27511,10980,15,3,0.1
27512,10980,9,2,0
27513,10981,13,1,0.1
27514,10982,9,2,0.15
27515,10982,1,2,0
27516,10982,2,1,0
27517,10983,2,2,0
27518,10983,12,2,0
27519,10983,23,1,0
27520,10983,5,2,0
27521,10984,1,1,0.15
27522,10984,23,1,0.2
27523,10984,15,2,0
27524,10985,7,1,0
27525,10986,12,3,0
27526,10987,17,3,0
27527,10987,17,2,0.15
27528,10987,12,3,0.1
27529,10987,1,2,0
27530,10988,1,3,0
27531,10988,18,1,0
27532,10988,24,2,0
27533,10989,1,3,0
27534,10989,19,1,0.1
27535,10989,5,3,0.15
27536,10989,24,2,0.2
27537,10990,1,2,0
27538,10991,5,2,0
27539,10991,1,3,0
27540,10992,1,3,0.1
27541,10992,19,1,0.2
27542,10992,14,3,0
27543,10993,15,3,0
27544,10993,13,3,0
27545,10993,24,1,0.15
27546,10993,13,3,0
27547,10994,14,1,0.2
27548,10994,7,2,0
27549,10995,13,2,0
27550,10995,18,1,0.15
27551,10996,5,3,0.2
27552,10996,9,3,0.1
27553,10996,15,1,0.2
27554,10996,17,3,0
27555,10997,16,3,0.1
27556,10997,5,1,0.2
27557,10997,21,2,0
27558,10997,11,2,0.1
27559,10998,21,1,0
27560,10998,22,2,0
27561,10998,23,3,0.1
27562,10999,12,3,0
27563,10999,20,1,0
27564,10999,8,1,0.15
27565,11000,19,2,0.15
27566,11000,23,2,0.1
27567,11001,8,1,0.2
27568,11001,21,3,0.2
27569,11002,21,2,0
27570,11002,12,1,0.1
27571,11002,5,2,0
27572,11002,13,2,0.15
27573,11003,9,2,0.15
27574,11004,16,2,0
27575,11005,16,2,0
27576,11005,23,1,0
27577,11005,10,1,0
27578,11006,15,1,0.2
27579,11006,8,2,0.2
27580,11006,9,1,0
27581,11006,13,1,0.1
27582,11007,1,1,0.15
27583,11007,7,2,0
27584,11007,14,3,0.1
27585,11007,16,2,0
27586,11008,2,2,0
27587,11009,19,2,0.15
27588,11010,16,3,0.15
27589,11011,7,3,0
27590,11011,13,3,0.1
27591,11012,23,3,0
27592,11013,17,2,0
27593,11013,23,2,0.1
27594,11013,2,3,0
27595,11013,19,1,0.1
27596,11014,22,2,0
27597,11014,9,3,0
27598,11015,14,1,0.15
27599,11015,10,2,0
27600,11015,12,3,0.2
27601,11015,9,1,0.2
27602,11016,22,2,0.1
27603,11016,2,1,0.15
27604,11016,15,1,0.1
27605,11017,20,3,0.2
27606,11017,12,3,0.1
27607,11018,23,2,0
27608,11018,7,1,0.2
27609,11018,11,2,0
27610,11019,2,3,0
27611,11019,21,2,0
27612,11019,4,3,0.1
27613,11019,21,2,0
27614,11020,5,3,0.2
27615,11021,21,2,0
27616,11021,5,2,0
27617,11021,10,2,0.2
27618,11021,19,1,0
27619,11022,9,2,0.1
27620,11022,19,1,0
27621,11023,23,3,0.2
27622,11023,6,3,0.15
27623,11024,6,2,0.2
27624,11024,1,1,0.15
27625,11025,20,2,0
27626,11026,23,1,0
27627,11026,19,2,0.15
27628,11026,9,2,0.2
27629,11027,23,3,0.15
27630,11027,14,1,0.2
27631,11027,4,1,0
27632,11027,21,3,0.2
27633,11028,17,2,0
27634,11028,9,2,0
27635,11028,8,3,0.2
27636,11028,1,1,0.1
27637,11029,4,2,0
27638,11030,5,1,0.15
27639,11031,19,2,0
27640,11031,5,2,0.1
27641,11031,2,1,0
27642,11032,20,2,0.15
27643,11032,16,2,0.15
27644,11033,8,3,0
27645,11033,6,3,0
27646,11033,22,2,0.1
27647,11033,14,1,0
27648,11034,20,2,0.1
27649,11034,19,2,0.2
27650,11034,9,2,0
27651,11035,4,1,0.15
27652,11035,15,2,0.2
27653,11035,22,1,0
27654,11035,10,1,0
27655,11036,15,1,0.1
27656,11036,20,2,0
27657,11036,5,3,0.15
27658,11037,18,2,0
27659,11038,4,1,0
27660,11038,4,1,0
27661,11038,17,1,0
27662,11038,12,3,0.15
27663,11039,3,1,0.15
27664,11040,4,1,0.2
27665,11041,17,2,0.1
27666,11041,5,2,0
27667,11041,19,2,0
27668,11042,18,3,0
27669,11042,16,2,0.2
27670,11042,21,3,0.15
27671,11043,9,2,0
27672,11043,2,1,0.15
27673,11043,6,2,0
27674,11044,3,2,0
27675,11044,15,2,0
27676,11044,24,3,0.2
27677,11045,13,3,0
27678,11045,22,2,0.1
27679,11046,22,1,0.15
27680,11046,4,3,0
27681,11046,8,2,0
27682,11047,21,3,0.15
27683,11047,4,1,0.1
27684,11047,14,3,0.15
27685,11048,1,2,0
27686,11049,21,3,0.1
27687,11050,1,3,0.2
27688,11050,23,3,0
27689,11050,14,3,0.15
27690,11051,11,1,0.15
27691,11051,5,2,0
27692,11052,7,2,0
27693,11052,23,3,0.15
27694,11052,12,3,0
27695,11052,1,1,0.15
27696,11053,6,3,0.15
27697,11053,20,1,0.15
27698,11053,2,3,0
27699,11053,7,1,0.15
27700,11054,10,1,0
27701,11054,9,3,0.15
27702,11054,7,3,0.1
27703,11054,21,1,0.15
27704,11055,7,3,0
27705,11055,5,1,0
27706,11055,10,1,0.15
27707,11055,9,2,0
27708,11056,20,3,0
27709,11056,4,2,0
27710,11057,2,3,0.15
27711,11058,4,2,0.1
27712,11059,20,2,0.15
27713,11059,10,1,0
27714,11059,7,2,0.15
27715,11059,10,2,0
27716,11060,4,1,0.15
27717,11060,5,3,0
27718,11060,12,3,0
27719,11060,10,2,0
27720,11061,2,3,0.1
27721,11062,9,1,0.15
27722,11062,7,2,0.15
27723,11063,12,2,0.15
27724,11063,10,3,0
27725,11064,5,2,0
27726,11064,24,1,0
27727,11064,10,1,0.15
27728,11064,20,1,0.2
27729,11065,4,2,0
27730,11065,2,3,0
27731,11066,1,3,0.1
27732,11066,13,1,0.1
27733,11067,19,1,0.15
27734,11067,5,3,0
27735,11067,4,2,0.2
27736,11067,11,3,0.15
27737,11068,11,2,0
27738,11069,21,1,0.15
27739,11069,24,1,0.1
27740,11069,8,3,0.1
27741,11069,5,1,0
27742,11070,3,1,0.15
27743,11070,22,3,0.2
27744,11070,23,3,0.2
27745,11071,22,2,0.1
27746,11072,22,1,0
27747,11072,6,2,0.1
27748,11072,2,1,0.2
27749,11073,18,1,0.15
27750,11073,22,1,0
27751,11073,6,3,0.2
27752,11073,16,1,0.2
27753,11074,20,2,0
27754,11074,4,3,0
27755,11074,13,3,0.15
27756,11074,7,2,0
27757,11075,13,1,0
27758,11075,1,2,0.2
27759,11075,21,1,0.1
27760,11075,17,2,0.2
27761,11076,8,1,0.15
27762,11077,11,2,0.1
27763,11077,4,1,0.1
27764,11077,12,1,0
27765,11077,6,3,0
27766,11078,11,3,0.2
27767,11079,14,1,0.15
27768,11079,4,3,0.15
27769,11079,10,2,0.1
27770,11080,13,3,0
27771,11081,19,2,0.2
27772,11081,18,3,0
27773,11082,14,2,0
27774,11082,19,1,0
27775,11082,23,3,0
27776,11082,9,2,0.2
27777,11083,10,1,0.1
27778,11083,4,3,0
27779,11083,5,1,0.15
27780,11084,7,1,0
27781,11084,20,1,0.15
27782,11085,17,3,0
27783,11085,12,2,0.2
27784,11085,20,3,0.15
27785,11086,5,1,0
27786,11086,10,2,0
27787,11086,15,3,0.1
27788,11087,6,3,0
27789,11087,12,3,0
27790,11087,18,3,0
27791,11088,4,3,0.1
27792,11088,18,3,0
27793,11088,7,3,0.1
27794,11089,3,2,0
27795,11090,10,3,0
27796,11091,6,3,0
27797,11092,17,3,0
27798,11092,6,3,0
27799,11092,3,1,0.1
27800,11093,15,1,0
27801,11093,9,1,0.2
27802,11093,3,3,0
27803,11093,12,3,0
27804,11094,22,1,0.1
27805,11095,23,1,0
27806,11095,11,1,0.1
27807,11095,14,2,0.2
27808,11095,9,1,0
27809,11096,18,1,0
27810,11096,23,3,0.15
27811,11096,15,2,0
27812,11096,21,1,0.15
27813,11097,13,2,0
27814,11097,14,3,0.1
27815,11097,15,1,0.2
27816,11098,9,2,0.15
27817,11098,22,1,0.1
27818,11098,16,1,0.15
27819,11098,12,2,0
27820,11099,12,3,0.2
27821,11099,10,1,0.15
27822,11099,4,2,0
27823,11099,7,3,0
27824,11100,12,1,0
27825,11100,9,1,0.15
27826,11100,16,1,0.15
27827,11101,12,1,0.15
27828,11101,22,1,0
27829,11102,24,3,0.2
27830,11103,13,2,0
27831,11103,22,2,0
27832,11104,5,1,0.1
27833,11104,20,2,0.2
27834,11104,12,1,0
27835,11105,17,1,0
27836,11105,1,1,0.2
27837,11106,17,3,0.1
27838,11106,20,2,0
27839,11107,12,1,0
27840,11107,16,2,0.15
27841,11107,4,2,0.2
27842,11107,22,2,0.15
27843,11108,14,1,0
27844,11108,6,3,0
27845,11108,1,1,0
27846,11109,23,3,0
27847,11109,22,1,0.15
27848,11109,16,1,0.15
27849,11109,20,1,0.2
27850,11110,15,2,0
27851,11110,8,3,0
27852,11111,15,1,0
27853,11112,23,2,0.1
27854,11112,15,1,0
27855,11112,14,3,0
27856,11113,16,1,0.2
27857,11113,17,2,0.2
27858,11113,10,1,0
27859,11114,24,3,0
27860,11115,8,1,0
27861,11115,6,3,0.15
27862,11116,20,1,0.1
27863,11116,18,1,0
27864,11117,24,2,0.1
27865,11117,18,3,0.1
27866,11118,19,1,0
27867,11118,24,1,0
27868,11119,21,3,0
27869,11119,11,2,0.1
27870,11119,19,3,0
27871,11120,20,3,0.2
27872,11120,2,3,0
27873,11120,22,2,0
27874,11120,3,3,0.1
27875,11121,12,3,0.15
27876,11121,17,3,0.1
27877,11121,12,3,0.1
27878,11122,17,1,0
27879,11122,1,2,0.15
27880,11122,15,2,0.15
27881,11123,8,1,0
27882,11123,24,2,0.15
27883,11124,13,3,0.15
27884,11125,1,1,0
27885,11125,3,3,0.2
27886,11125,24,1,0.1
27887,11125,11,3,0.2
27888,11126,12,2,0
27889,11126,23,3,0
27890,11126,14,1,0.1
27891,11127,12,2,0.1
27892,11127,3,3,0.15
27893,11128,5,3,0
27894,11129,12,2,0
27895,11129,4,2,0
27896,11129,22,3,0
27897,11130,21,2,0.1
27898,11130,14,3,0.15
27899,11130,16,3,0.2
27900,11131,13,3,0
27901,11131,22,3,0
27902,11131,20,1,0.2
27903,11132,1,2,0.15
27904,11132,3,2,0
27905,11132,7,2,0.1
27906,11132,6,3,0
27907,11133,17,2,0.15
27908,11133,21,2,0
27909,11133,21,2,0
27910,11134,19,1,0.15
27911,11134,7,3,0
27912,11134,2,3,0.1
27913,11134,15,1,0
27914,11135,13,2,0.2
27915,11136,9,3,0
27916,11136,2,1,0.2
27917,11137,15,1,0
27918,11137,12,2,0.2
27919,11138,21,1,0.1
27920,11138,3,2,0
27921,11139,2,1,0.15
27922,11139,7,3,0.15
27923,11139,12,2,0
27924,11139,7,1,0
27925,11140,14,2,0.2
27926,11140,2,2,0
27927,11141,17,3,0
27928,11141,19,2,0
27929,11141,14,3,0
27930,11141,20,1,0
27931,11142,22,1,0.15
27932,11143,23,1,0
27933,11143,5,3,0.15
27934,11144,13,3,0.15
27935,11144,18,2,0.1
27936,11144,1,3,0.2
27937,11144,12,2,0
27938,11145,18,1,0.2
27939,11145,23,2,0
27940,11145,14,3,0
27941,11146,9,3,0
27942,11146,4,1,0.1
27943,11146,2,1,0
27944,11147,22,3,0
27945,11147,1,3,0
27946,11147,17,2,0
27947,11148,24,3,0.2
27948,11148,5,1,0
27949,11148,8,3,0
27950,11149,22,3,0
27951,11149,17,2,0
27952,11149,11,3,0
27953,11149,18,3,0
27954,11150,2,1,0.2
27955,11150,23,1,0
27956,11150,7,3,0.15
27957,11150,12,2,0.2
27958,11151,13,2,0
27959,11151,11,3,0.1
27960,11152,14,2,0.1
27961,11152,5,3,0
27962,11152,24,3,0
27963,11152,20,2,0.2
27964,11153,4,2,0
27965,11153,2,1,0.2
27966,11153,17,2,0.1
27967,11153,22,1,0.2
27968,11154,7,2,0.15
27969,11154,13,2,0
27970,11155,9,2,0
27971,11156,8,1,0
27972,11156,19,3,0.15
27973,11156,2,3,0
27974,11157,23,2,0.15
27975,11157,5,1,0.15
27976,11157,6,1,0.15
27977,11157,21,2,0.2
27978,11158,4,1,0.2
27979,11158,9,1,0.2
27980,11159,18,1,0
27981,11159,8,3,0
27982,11160,3,3,0
27983,11160,16,2,0.1
27984,11161,3,1,0
27985,11161,3,1,0.15
27986,11161,23,3,0
27987,11162,3,3,0.2
27988,11163,1,2,0.2
27989,11164,9,3,0
27990,11164,12,2,0
27991,11165,14,3,0
27992,11165,6,2,0
27993,11165,12,3,0.15
27994,11166,10,3,0.15
27995,11166,23,3,0.15
27996,11166,17,1,0.15
27997,11167,13,3,0.15
27998,11167,9,1,0
27999,11167,1,2,0.1
28000,11168,11,3,0.2
28001,11168,15,1,0.2
28002,11169,13,3,0.15
28003,11170,18,3,0
28004,11170,7,1,0
28005,11171,12,3,0.15
28006,11172,16,2,0.1
28007,11172,24,1,0.15
28008,11173,3,2,0
28009,11174,24,3,0.15
28010,11174,15,2,0
28011,11174,2,2,0
28012,11175,11,3,0
28013,11175,6,3,0
28014,11175,7,1,0.2
28015,11175,5,2,0.15
28016,11176,18,2,0.15
28017,11176,15,1,0
28018,11176,10,2,0
28019,11177,20,2,0.15
28020,11177,20,3,0.1
28021,11178,1,3,0
28022,11178,7,1,0
28023,11178,4,3,0
28024,11178,18,2,0.2
28025,11179,19,3,0
28026,11179,16,1,0
28027,11179,2,1,0.15
28028,11180,24,2,0.15
28029,11180,22,2,0.15
28030,11180,4,1,0
28031,11180,16,2,0
28032,11181,8,1,0.1
28033,11181,12,1,0
28034,11182,8,2,0
28035,11183,1,1,0.1
28036,11183,17,2,0.15
28037,11183,3,1,0.1
28038,11184,14,1,0
28039,11184,3,3,0.1
28040,11184,11,1,0
28041,11184,22,3,0
28042,11185,7,2,0.15
28043,11185,5,1,0
28044,11186,18,2,0
28045,11186,12,3,0.2
28046,11187,23,2,0
28047,11187,4,3,0
28048,11188,20,2,0.15
28049,11188,14,3,0.2
28050,11188,1,3,0.2
28051,11189,24,3,0.15
28052,11190,19,3,0
28053,11190,2,1,0.1
28054,11190,9,3,0
28055,11191,10,1,0
28056,11191,14,1,0
28057,11191,8,2,0.2
28058,11192,18,1,0
28059,11193,4,3,0.1
28060,11193,4,1,0.2
28061,11193,19,2,0.2
28062,11193,7,2,0
28063,11194,21,1,0
28064,11194,13,3,0.15
28065,11194,18,3,0.15
28066,11194,16,1,0
28067,11195,7,2,0.15
28068,11195,11,3,0
28069,11196,13,2,0.15
28070,11197,12,3,0
28071,11198,22,2,0.2
28072,11198,20,1,0.2
28073,11198,19,3,0
28074,11198,2,1,0.2
28075,11199,4,1,0.2
28076,11199,16,3,0
28077,11200,20,3,0
28078,11200,1,3,0
28079,11201,2,1,0
28080,11201,22,3,0
28081,11201,15,2,0
28082,11201,13,1,0
28083,11202,11,3,0
28084,11202,24,2,0.2
28085,11203,5,1,0
28086,11204,3,1,0
28087,11204,1,2,0.2
28088,11204,21,2,0.15
28089,11205,24,2,0.15
28090,11206,3,2,0
28091,11206,3,3,0.2
28092,11206,24,1,0
28093,11207,2,3,0
28094,11207,13,3,0
28095,11208,5,2,0.15
28096,11208,23,1,0.2
28097,11208,5,1,0
28098,11209,12,2,0
28099,11209,7,2,0
28100,11209,11,1,0.1
28101,11209,12,2,0.2
28102,11210,5,2,0
28103,11210,12,2,0.2
28104,11210,15,2,0.1
28105,11210,14,1,0.1
28106,11211,11,3,0.2
28107,11212,9,1,0.2
28108,11213,4,1,0.2
28109,11213,18,1,0.2
28110,11213,16,2,0
28111,11214,11,3,0.15
28112,11214,16,3,0.2
28113,11214,8,2,0.15
28114,11215,1,1,0
28115,11215,7,2,0
28116,11215,16,1,0
28117,11215,1,3,0.2
28118,11216,9,1,0.2
28119,11217,14,2,0
28120,11217,20,1,0
28121,11218,20,1,0.1
28122,11219,5,2,0
28123,11219,24,3,0
28124,11219,19,1,0.2
28125,11219,11,2,0.15
28126,11220,7,1,0.15
28127,11221,23,1,0.1
28128,11221,17,2,0
28129,11222,2,3,0.15
28130,11223,10,2,0.1
28131,11223,3,3,0
28132,11223,15,2,0.1
28133,11223,22,2,0
28134,11224,15,2,0.1
28135,11224,16,1,0.1
28136,11224,8,1,0.1
28137,11224,13,1,0
28138,11225,16,1,0
28139,11225,15,2,0.15
28140,11225,9,1,0
28141,11225,14,1,0
28142,11226,13,2,0.2
28143,11227,12,1,0
28144,11227,15,1,0
28145,11227,12,2,0.1
28146,11228,24,3,0.15
28147,11228,3,1,0
28148,11228,5,1,0.1
28149,11229,5,3,0.15
28150,11229,16,2,0
28151,11229,11,2,0
28152,11229,22,3,0
28153,11230,1,3,0
28154,11231,23,2,0
28155,11231,13,2,0.2
28156,11231,23,2,0
28157,11232,6,3,0
28158,11232,12,2,0
28159,11232,24,3,0.15
28160,11233,24,1,0
28161,11233,10,1,0
28162,11234,21,1,0
28163,11234,10,3,0
28164,11234,24,3,0.2
28165,11235,12,3,0
28166,11236,4,2,0.2
28167,11236,14,3,0.15
28168,11236,10,1,0.1
28169,11237,11,2,0.2
28170,11237,9,2,0
28171,11237,9,2,0
28172,11237,23,1,0.15
28173,11238,13,3,0
28174,11238,22,2,0.2
28175,11239,14,1,0
28176,11239,19,3,0
28177,11239,18,2,0
28178,11239,14,1,0.15
28179,11240,15,3,0.2
28180,11241,5,2,0
28181,11241,23,1,0
28182,11241,4,2,0.2
28183,11242,13,1,0
28184,11242,24,1,0.1
28185,11243,7,1,0
28186,11244,17,1,0.15
28187,11244,7,3,0.2
28188,11244,11,1,0.1
28189,11245,23,1,0
28190,11246,11,3,0.2
28191,11247,8,2,0
28192,11248,3,2,0
28193,11248,6,2,0
28194,11249,16,1,0.2
28195,11249,8,3,0
28196,11249,11,2,0.15
28197,11249,1,2,0.15
28198,11250,14,3,0
28199,11250,9,1,0.2
28200,11250,10,2,0
28201,11250,12,3,0
28202,11251,3,2,0
28203,11251,13,1,0.1
28204,11252,23,2,0
28205,11252,4,2,0.2
28206,11253,3,2,0.15
28207,11253,22,2,0.2
28208,11254,8,3,0.2
28209,11255,2,1,0
28210,11255,6,1,0.1
28211,11255,7,3,0.1
28212,11255,24,3,0.2
28213,11256,2,2,0.1
28214,11256,24,2,0.2
28215,11257,20,2,0
28216,11258,23,1,0
28217,11259,11,1,0
28218,11260,2,1,0
28219,11260,15,2,0
28220,11260,21,3,0.2
28221,11260,24,1,0.1
28222,11261,2,3,0.15
28223,11261,17,2,0
28224,11262,3,3,0.1
28225,11262,23,2,0
28226,11262,22,3,0
28227,11262,21,2,0
28228,11263,4,2,0
28229,11264,15,2,0
28230,11264,14,3,0.15
28231,11265,16,3,0
28232,11266,8,2,0.15
28233,11266,24,2,0.2
28234,11266,11,1,0
28235,11267,4,1,0
28236,11267,21,2,0
28237,11267,9,2,0.1
28238,11267,17,3,0.1
28239,11268,22,1,0.2
28240,11268,22,2,0.15
28241,11268,20,2,0.2
28242,11269,15,3,0
28243,11270,18,1,0.1
28244,11270,17,2,0.15
28245,11271,17,3,0
28246,11271,20,1,0.15
28247,11271,3,3,0.15
28248,11272,5,2,0
28249,11272,21,2,0.15
28250,11272,22,1,0
28251,11273,19,3,0.2
28252,11274,23,1,0.2
28253,11274,6,2,0
28254,11274,3,2,0.1
28255,11274,13,2,0.1
28256,11275,12,3,0
28257,11275,12,3,0.1
28258,11275,16,2,0
28259,11275,19,2,0
28260,11276,20,1,0.1
28261,11276,4,2,0.15
28262,11276,13,1,0.15
28263,11277,10,2,0.15
28264,11277,4,1,0.2
28265,11277,23,3,0.15
28266,11278,22,2,0
28267,11278,9,2,0.15
28268,11279,12,3,0.1
28269,11279,12,1,0
28270,11279,16,1,0
28271,11280,1,2,0
28272,11280,6,1,0
28273,11281,17,2,0
28274,11281,19,3,0.15
28275,11281,9,2,0
28276,11282,6,2,0
28277,11282,4,2,0
28278,11282,21,2,0
28279,11283,17,3,0.2
28280,11283,24,1,0.15
28281,11283,21,2,0
28282,11283,14,1,0
28283,11284,22,3,0.1
28284,11284,8,3,0.15
28285,11284,13,1,0.15
28286,11285,24,3,0.1
28287,11286,12,3,0.1
28288,11286,24,1,0
28289,11286,5,1,0
28290,11286,18,2,0.2
28291,11287,20,1,0.1
28292,11287,17,3,0
28293,11287,20,1,0
28294,11288,14,1,0.15
28295,11288,8,1,0.1
28296,11288,6,3,0
28297,11288,8,2,0.1
28298,11289,12,3,0.1
28299,11289,19,3,0
28300,11289,12,2,0.1
28301,11290,13,3,0
28302,11290,22,1,0.15
28303,11290,11,3,0
28304,11290,21,2,0
28305,11291,3,3,0
28306,11291,13,3,0
28307,11291,22,2,0
28308,11291,11,3,0
28309,11292,14,2,0.1
28310,11292,14,2,0
28311,11292,23,3,0.2
28312,11293,20,3,0.1
28313,11293,15,3,0
28314,11293,4,2,0.2
28315,11294,2,2,0
28316,11294,5,3,0
28317,11294,10,2,0.15
28318,11294,7,1,0.1
28319,11295,12,3,0.1
28320,11295,11,2,0
28321,11295,14,1,0
28322,11296,10,1,0.2
28323,11296,3,1,0
28324,11296,22,2,0
28325,11297,13,3,0
28326,11297,14,2,0.15
28327,11298,1,2,0.15
28328,11298,10,1,0
28329,11298,10,2,0.15
28330,11298,18,1,0
28331,11299,12,3,0.1
28332,11300,22,2,0.2
28333,11301,7,1,0
28334,11302,4,1,0
28335,11302,5,1,0.15
28336,11302,20,2,0
28337,11303,18,3,0
28338,11304,12,1,0.2
28339,11304,8,3,0.1
28340,11305,21,3,0.15
28341,11305,5,2,0.2
28342,11305,20,3,0.2
28343,11305,21,3,0.2
28344,11306,4,3,0.15
28345,11306,21,3,0
28346,11307,13,3,0
28347,11307,7,2,0
28348,11307,11,2,0
28349,11308,16,1,0.2
28350,11308,2,2,0
28351,11308,21,3,0.15
28352,11309,20,1,0
28353,11309,16,3,0
28354,11309,23,3,0.2
28355,11309,20,2,0
28356,11310,15,2,0.15
28357,11310,12,3,0
28358,11311,11,2,0
28359,11311,8,1,0.15
28360,11311,12,3,0
28361,11312,21,1,0.1
28362,11312,2,3,0.2
28363,11312,14,1,0
28364,11313,11,2,0.1
28365,11314,7,1,0.15
28366,11314,11,2,0
28367,11314,13,3,0
28368,11315,13,3,0
28369,11315,7,1,0.15
28370,11315,3,3,0
28371,11316,20,1,0
28372,11317,9,2,0
28373,11318,20,2,0
28374,11318,15,1,0.2
28375,11318,11,3,0
28376,11318,22,2,0
28377,11319,13,3,0.2
28378,11319,20,1,0
28379,11319,10,1,0.2
28380,11320,19,2,0
28381,11321,4,1,0
28382,11321,23,3,0.15
28383,11321,11,2,0.2
28384,11321,13,1,0.2
28385,11322,10,2,0
28386,11322,23,1,0
28387,11322,19,3,0
28388,11323,11,2,0
28389,11323,24,3,0.2
28390,11323,11,1,0
28391,11323,11,2,0.1
28392,11324,22,1,0.15
28393,11325,16,1,0.2
28394,11325,22,1,0.15
28395,11325,2,3,0.2
28396,11325,1,3,0
28397,11326,2,3,0.2
28398,11326,23,3,0.15
28399,11326,24,2,0.1
28400,11327,8,3,0
28401,11327,2,1,0.2
28402,11327,3,3,0.15
28403,11328,3,2,0
28404,11328,7,2,0.15
28405,11328,4,2,0.1
28406,11328,16,3,0
28407,11329,19,3,0
28408,11330,19,3,0
28409,11330,24,1,0
28410,11330,12,2,0.15
28411,11330,22,2,0
28412,11331,18,1,0
28413,11331,20,1,0.2
28414,11332,22,2,0.15
28415,11332,6,3,0
28416,11332,15,1,0.2
28417,11333,13,1,0
28418,11333,1,2,0.15
28419,11333,14,2,0.2
28420,11334,21,3,0.1
28421,11335,12,2,0
28422,11336,19,3,0.2
28423,11336,2,1,0.15
28424,11336,23,2,0.1
28425,11337,1,1,0
28426,11337,5,2,0
28427,11337,8,3,0.1
28428,11338,20,2,0.1
28429,11339,22,2,0.15
28430,11339,20,2,0
28431,11339,15,2,0
28432,11340,11,2,0.1
28433,11340,5,3,0.1
28434,11340,9,2,0
28435,11341,9,3,0.1
28436,11342,24,3,0
28437,11342,15,3,0
28438,11342,24,1,0
28439,11342,1,1,0.2
28440,11343,11,3,0
28441,11343,1,3,0
28442,11344,3,1,0
28443,11344,5,2,0.15
28444,11344,16,2,0.1
28445,11344,17,1,0.1
28446,11345,22,1,0.1
28447,11345,15,2,0.1
28448,11345,8,2,0.1
28449,11346,14,1,0.2
28450,11346,11,1,0.1
28451,11346,17,2,0.2
28452,11346,6,1,0.15
28453,11347,21,1,0.1
28454,11347,12,1,0
28455,11347,3,2,0.1
28456,11347,3,2,0
28457,11348,2,1,0
28458,11348,13,2,0
28459,11349,12,2,0
28460,11349,23,1,0
28461,11349,21,1,0
28462,11350,17,1,0
28463,11350,3,3,0
28464,11350,14,3,0.15
28465,11351,10,3,0
28466,11351,4,3,0
28467,11351,3,1,0.1
28468,11352,5,1,0
28469,11352,8,2,0
28470,11352,5,2,0
28471,11352,6,3,0
28472,11353,21,3,0
28473,11353,14,1,0
28474,11354,5,3,0.15
28475,11354,12,2,0
28476,11354,13,1,0.15
28477,11354,24,2,0
28478,11355,22,2,0.15
28479,11356,11,2,0
28480,11356,22,2,0.15
28481,11356,11,2,0.2
28482,11356,3,2,0.15
28483,11357,20,3,0
28484,11357,7,3,0
28485,11358,17,2,0
28486,11358,2,3,0.1
28487,11359,20,3,0
28488,11359,16,2,0
28489,11359,7,1,0.15
28490,11360,8,1,0
28491,11361,2,1,0.15
28492,11362,11,1,0
28493,11363,18,3,0.2
28494,11363,4,1,0.1
28495,11363,1,3,0
28496,11363,6,2,0.1
28497,11364,19,1,0
28498,11365,8,2,0
28499,11365,11,3,0.2
28500,11366,18,1,0.15
28501,11366,15,2,0
28502,11366,14,3,0
28503,11367,17,3,0.15
28504,11367,21,3,0.2
28505,11367,6,2,0.2
28506,11368,5,2,0
28507,11368,13,1,0
28508,11368,6,1,0
28509,11368,16,2,0
28510,11369,2,3,0.1
28511,11370,11,3,0
28512,11370,2,1,0.15
28513,11370,21,1,0
28514,11370,20,1,0
28515,11371,21,3,0
28516,11371,11,1,0.1
28517,11371,15,1,0
28518,11372,14,2,0
28519,11372,18,3,0
28520,11372,12,2,0
28521,11372,11,2,0.1
28522,11373,21,2,0
28523,11373,17,1,0.2
28524,11374,21,1,0.2
28525,11374,3,2,0
28526,11374,13,2,0
28527,11375,3,3,0
28528,11375,20,2,0.15
28529,11375,8,3,0.1
28530,11376,6,2,0.1
28531,11377,12,1,0
28532,11377,14,1,0
28533,11377,19,1,0.2
28534,11377,12,3,0.1
28535,11378,4,1,0
28536,11378,5,3,0
28537,11378,2,1,0.1
28538,11378,9,1,0.15
28539,11379,15,1,0.2
28540,11379,11,1,0.2
28541,11380,23,1,0
28542,11381,19,2,0
28543,11382,9,3,0.15
28544,11383,20,3,0.1
28545,11383,5,3,0
28546,11383,20,1,0.2
28547,11384,20,3,0.2
28548,11384,3,2,0.2
28549,11384,23,3,0
28550,11384,2,2,0.1
28551,11385,2,1,0.1
28552,11385,12,1,0
28553,11386,2,2,0.2
28554,11386,18,2,0.15
28555,11386,14,3,0
28556,11386,4,2,0.15
28557,11387,20,3,0
28558,11388,18,1,0.1
28559,11388,19,2,0.15
28560,11388,16,3,0.15
28561,11388,5,1,0.2
28562,11389,14,3,0
28563,11389,4,1,0.1
28564,11389,8,2,0
28565,11390,1,2,0.2
28566,11390,8,1,0.2
28567,11390,24,2,0
28568,11391,1,3,0.15
28569,11391,18,2,0
28570,11391,18,2,0
28571,11391,5,2,0
28572,11392,1,2,0.1
28573,11392,2,2,0
28574,11393,23,3,0
28575,11393,20,1,0
28576,11394,21,3,0.1
28577,11395,14,3,0
28578,11395,11,3,0
28579,11395,23,2,0.15
28580,11396,17,1,0
28581,11396,16,3,0
28582,11396,9,2,0.1
28583,11397,17,2,0.15
28584,11397,3,2,0.1
28585,11398,15,2,0
28586,11398,7,3,0
28587,11398,5,1,0
28588,11398,2,2,0.1
28589,11399,6,3,0.1
28590,11399,20,2,0.15
28591,11399,24,1,0
28592,11399,10,2,0.1
28593,11400,21,1,0.1
28594,11400,12,2,0.2
28595,11401,21,2,0.1
28596,11401,15,2,0
28597,11402,5,3,0.15
28598,11402,22,2,0.2
28599,11402,16,1,0.1
28600,11402,18,2,0
28601,11403,12,1,0.2
28602,11404,2,1,0
28603,11404,20,1,0
28604,11405,23,3,0.2
28605,11405,2,1,0
28606,11406,15,1,0
28607,11406,2,2,0.15
28608,11406,23,2,0
28609,11406,19,1,0
28610,11407,18,3,0.15
28611,11407,15,3,0.2
28612,11408,3,3,0.1
28613,11408,14,2,0.1
28614,11409,9,3,0
28615,11409,6,3,0.2
28616,11409,7,1,0
28617,11409,9,2,0.1
28618,11410,14,1,0.1
28619,11410,20,1,0
28620,11411,1,3,0.15
28621,11411,15,2,0.15
28622,11411,21,2,0.15
28623,11412,22,1,0
28624,11412,9,3,0.1
28625,11412,21,1,0
28626,11412,22,3,0.1
28627,11413,6,2,0
28628,11414,2,2,0.15
28629,11414,21,3,0
28630,11415,2,2,0.2
28631,11415,2,1,0
28632,11415,6,1,0.2
28633,11416,16,1,0
28634,11416,16,1,0
28635,11417,8,1,0.15
28636,11417,3,1,0
28637,11417,18,3,0
28638,11417,18,3,0.2
28639,11418,12,3,0
28640,11419,22,3,0
28641,11420,11,2,0.1
28642,11420,20,2,0
28643,11421,24,3,0
28644,11422,7,1,0
28645,11422,15,3,0
28646,11422,2,2,0.1
28647,11422,1,3,0.1
28648,11423,7,1,0
28649,11423,20,2,0.1
28650,11424,21,2,0.15
28651,11424,12,2,0.15
28652,11424,15,1,0
28653,11425,21,2,0
28654,11425,2,2,0.2
28655,11426,13,3,0
28656,11426,18,1,0.2
28657,11427,13,1,0
28658,11427,21,2,0
28659,11427,11,3,0
28660,11428,17,1,0.15
28661,11428,21,3,0
28662,11428,17,3,0.1
28663,11428,10,3,0.15
28664,11429,13,3,0.1
28665,11429,4,3,0
28666,11430,11,1,0
28667,11431,5,3,0.15
28668,11431,10,3,0
28669,11431,2,3,0.2
28670,11431,5,1,0
28671,11432,9,1,0.1
28672,11432,11,2,0.2
28673,11433,12,3,0.1
28674,11433,20,3,0
28675,11434,4,2,0
28676,11434,18,2,0
28677,11434,9,2,0
28678,11435,11,2,0.1
28679,11436,5,1,0
28680,11437,7,1,0
28681,11437,21,1,0
28682,11437,23,3,0
28683,11437,10,2,0
28684,11438,21,1,0
28685,11438,18,3,0
28686,11438,16,1,0
28687,11439,17,1,0
28688,11439,23,1,0
28689,11439,2,1,0.1
28690,11439,12,3,0
28691,11440,1,3,0
28692,11440,12,1,0.1
28693,11440,1,1,0
28694,11441,12,3,0.1
28695,11441,6,3,0.15
28696,11442,21,2,0
28697,11442,3,2,0.1
28698,11442,13,1,0.15
28699,11442,15,1,0.1
28700,11443,21,3,0.15
28701,11443,15,3,0
28702,11444,16,3,0
28703,11444,12,2,0.1
28704,11444,9,2,0
28705,11445,22,2,0.15
28706,11445,14,1,0
28707,11446,18,3,0.2
28708,11447,14,2,0
28709,11447,19,1,0.15
28710,11447,6,2,0
28711,11447,20,3,0
28712,11448,22,3,0.2
28713,11448,9,3,0.15
28714,11448,11,1,0
28715,11448,7,1,0
28716,11449,7,1,0
28717,11449,3,1,0.2
28718,11450,16,1,0
28719,11450,15,1,0
28720,11450,16,2,0
28721,11451,18,3,0
28722,11451,15,3,0
28723,11452,21,1,0
28724,11452,1,2,0
28725,11452,17,3,0
28726,11453,14,1,0.2
28727,11454,19,1,0
28728,11454,17,1,0.2
28729,11455,3,1,0
28730,11455,3,1,0.2
28731,11456,19,2,0
28732,11456,12,2,0
28733,11456,19,2,0
28734,11457,3,2,0.1
28735,11457,11,1,0.2
28736,11457,20,2,0.2
28737,11457,16,2,0.1
28738,11458,19,3,0.15
28739,11458,8,2,0
28740,11458,8,2,0.2
28741,11459,9,1,0
28742,11460,19,1,0.2
28743,11460,13,2,0
28744,11461,7,1,0.15
28745,11461,13,3,0
28746,11462,20,3,0.1
28747,11462,10,1,0
28748,11463,2,1,0
28749,11463,13,1,0.1
28750,11464,6,3,0.1
28751,11464,16,3,0
28752,11465,4,3,0
28753,11465,1,1,0.1
28754,11465,14,2,0.1
28755,11466,11,1,0
28756,11466,18,2,0
28757,11466,18,3,0
28758,11466,4,3,0.2
28759,11467,12,3,0.1
28760,11467,2,3,0.15
28761,11467,9,2,0
28762,11467,20,2,0
28763,11468,6,2,0.15
28764,11468,2,1,0.1
28765,11468,11,1,0
28766,11468,23,3,0.2
28767,11469,3,1,0.1
28768,11469,23,3,0.15
28769,11469,19,2,0
28770,11469,3,3,0
28771,11470,17,1,0.15
28772,11470,10,2,0
28773,11470,15,3,0
28774,11471,12,2,0
28775,11471,21,1,0.2
28776,11471,15,2,0.2
28777,11472,19,1,0.2
28778,11472,20,1,0
28779,11472,20,3,0.15
28780,11473,19,3,0
28781,11473,14,1,0
28782,11474,24,1,0
28783,11475,21,1,0.1
28784,11475,23,1,0.1
28785,11475,1,3,0.2
28786,11476,21,1,0
28787,11476,17,1,0.1
28788,11476,21,1,0
28789,11476,22,3,0
28790,11477,13,2,0.2
28791,11477,16,3,0.2
28792,11477,10,3,0
28793,11478,23,2,0
28794,11479,24,3,0.2
28795,11479,9,3,0
28796,11480,6,3,0
28797,11480,3,2,0.15
28798,11481,22,2,0.15
28799,11481,16,1,0.2
28800,11482,3,1,0.1
28801,11482,8,2,0.2
28802,11482,11,2,0.2
28803,11483,11,2,0.15
28804,11483,4,2,0.15
28805,11483,6,1,0.2
28806,11483,11,2,0
28807,11484,4,3,0.2
28808,11485,17,2,0
28809,11485,1,1,0.1
28810,11486,10,2,0.2
28811,11486,18,2,0
28812,11487,19,1,0.15
28813,11487,12,1,0
28814,11487,4,2,0.2
28815,11488,13,3,0
28816,11488,14,1,0
28817,11489,14,1,0.2
28818,11489,18,1,0
28819,11489,9,3,0
28820,11489,22,3,0.15
28821,11490,20,2,0
28822,11490,12,2,0
28823,11491,9,2,0.1
28824,11491,10,3,0.2
28825,11492,15,3,0.15
28826,11493,13,1,0
28827,11493,17,2,0
28828,11493,5,1,0.15
28829,11493,1,1,0.15
28830,11494,12,2,0.1
28831,11495,13,3,0.1
28832,11496,20,3,0.2
28833,11496,15,3,0
28834,11497,24,2,0.1
28835,11498,4,2,0.1
28836,11499,7,1,0
28837,11500,11,3,0
28838,11500,17,2,0
28839,11501,21,1,0.1
28840,11502,21,1,0.15
28841,11502,11,2,0
28842,11502,20,1,0.15
28843,11502,11,2,0
28844,11503,1,3,0
28845,11504,1,2,0
28846,11504,2,2,0.15
28847,11504,2,1,0
28848,11505,11,1,0
28849,11506,9,1,0
28850,11506,7,3,0
28851,11507,20,1,0.1
28852,11507,23,3,0
28853,11508,22,3,0.1
28854,11508,13,1,0.2
28855,11508,6,2,0
28856,11509,5,2,0.2
28857,11509,22,2,0.1
28858,11510,8,3,0
28859,11510,4,1,0
28860,11511,15,3,0.15
28861,11511,2,3,0
28862,11511,3,2,0
28863,11511,11,3,0.2
28864,11512,11,1,0.15
28865,11513,5,3,0
28866,11514,6,3,0
28867,11514,16,1,0
28868,11514,21,2,0
28869,11514,20,3,0
28870,11515,18,3,0.2
28871,11515,19,2,0.1
28872,11515,13,3,0.15
28873,11515,24,1,0
28874,11516,7,2,0
28875,11516,10,2,0.1
28876,11517,12,1,0.15
28877,11517,13,3,0.2
28878,11517,14,2,0.2
28879,11517,5,2,0
28880,11518,17,3,0
28881,11518,12,2,0.2
28882,11519,10,1,0.2
28883,11519,15,3,0.15
28884,11520,24,1,0.15
28885,11520,11,2,0
28886,11520,10,3,0.1
28887,11520,12,2,0
28888,11521,11,3,0
28889,11521,15,2,0.2
28890,11521,11,3,0
28891,11521,20,1,0.15
28892,11522,21,1,0
28893,11522,9,3,0.2
28894,11523,23,2,0.15
28895,11524,18,3,0
28896,11524,16,3,0
28897,11525,13,3,0.15
28898,11525,20,1,0
28899,11525,22,2,0
28900,11526,12,1,0
28901,11526,11,2,0
28902,11527,19,1,0.15
28903,11527,23,3,0
28904,11527,11,3,0
28905,11527,10,3,0.15
28906,11528,8,3,0.2
28907,11528,9,3,0.15
28908,11529,16,3,0
28909,11529,14,3,0
28910,11529,15,1,0.1
28911,11530,24,1,0
28912,11530,3,1,0
28913,11531,13,1,0
28914,11531,17,3,0
28915,11531,24,3,0
28916,11531,13,3,0.2
28917,11532,12,1,0
28918,11533,3,3,0.2
28919,11534,23,3,0
28920,11535,12,2,0.2
28921,11535,18,1,0
28922,11536,21,3,0
28923,11536,7,2,0.1
28924,11536,20,2,0.15
28925,11536,14,2,0
28926,11537,11,2,0
28927,11537,7,1,0.1
28928,11537,14,1,0.2
28929,11537,15,2,0.1
28930,11538,10,3,0.2
28931,11539,15,1,0.2
28932,11539,20,2,0.2
28933,11539,12,1,0
28934,11539,10,3,0.1
28935,11540,10,2,0
28936,11540,2,2,0.2
28937,11540,17,1,0.15
28938,11540,10,2,0.1
28939,11541,2,3,0.15
28940,11541,1,3,0
28941,11542,18,3,0
28942,11542,4,3,0.1
28943,11542,8,2,0.2
28944,11542,9,2,0.1
28945,11543,15,1,0
28946,11543,2,2,0.15
28947,11543,4,2,0.1
28948,11543,2,3,0
28949,11544,8,1,0
28950,11544,9,3,0
28951,11544,22,2,0
28952,11544,23,1,0.15
28953,11545,1,2,0
28954,11545,13,3,0.2
28955,11545,19,1,0
28956,11545,15,3,0.15
28957,11546,2,1,0
28958,11546,16,1,0
28959,11546,20,1,0.2
28960,11547,21,1,0
28961,11547,1,3,0
28962,11548,15,3,0
28963,11549,15,2,0.2
28964,11549,2,3,0
28965,11549,18,3,0.1
28966,11550,4,1,0.2
28967,11550,3,1,0.1
28968,11551,5,1,0.2
28969,11551,12,3,0.1
28970,11551,6,2,0.2
28971,11552,11,1,0.1
28972,11552,10,3,0
28973,11553,23,2,0.15
28974,11553,1,3,0.15
28975,11553,24,1,0
28976,11554,22,1,0.2
28977,11555,14,1,0.15
28978,11555,16,1,0
28979,11555,1,2,0
28980,11555,22,3,0.2
28981,11556,24,1,0.2
28982,11556,8,1,0.15
28983,11557,9,3,0.2
28984,11558,17,1,0.1
28985,11558,14,2,0
28986,11558,6,1,0
28987,11558,21,2,0.2
28988,11559,9,3,0
28989,11559,20,2,0.15
28990,11559,9,1,0
28991,11559,19,1,0
28992,11560,24,1,0.2
28993,11561,15,3,0.2
28994,11561,4,2,0
28995,11561,8,3,0
28996,11562,3,3,0
28997,11562,12,2,0
28998,11562,14,3,0.1
28999,11563,1,3,0.2
29000,11563,16,1,0
29001,11563,22,3,0
29002,11563,23,1,0
29003,11564,19,2,0
29004,11564,23,3,0.1
29005,11565,11,3,0.2
29006,11565,23,2,0.2
29007,11565,18,1,0.15
29008,11566,19,1,0
29009,11567,18,2,0
29010,11567,9,1,0
29011,11567,24,3,0.15
29012,11567,22,3,0.15
29013,11568,17,1,0.15
29014,11568,11,2,0
29015,11568,23,1,0
29016,11569,17,3,0.2
29017,11569,10,1,0
29018,11570,24,2,0.1
29019,11570,9,3,0
29020,11570,19,3,0.15
29021,11570,1,1,0.1
29022,11571,13,1,0
29023,11571,23,2,0.15
29024,11571,21,1,0.1
29025,11572,10,3,0.1
29026,11572,3,2,0
29027,11573,3,3,0
29028,11573,16,2,0
29029,11573,16,2,0.15
29030,11574,11,1,0
29031,11574,5,2,0.1
29032,11575,24,2,0.15
29033,11575,5,2,0.1
29034,11575,11,3,0.2
29035,11575,14,2,0
29036,11576,18,1,0
29037,11576,11,2,0
29038,11576,2,2,0.15
29039,11577,23,3,0
29040,11577,15,3,0.15
29041,11577,6,3,0
29042,11577,4,1,0
29043,11578,7,3,0.15
29044,11578,5,3,0
29045,11578,17,1,0
29046,11579,18,3,0
29047,11579,15,2,0
29048,11579,14,2,0
29049,11580,16,1,0
29050,11581,3,1,0
29051,11581,15,2,0
29052,11582,8,2,0.2
29053,11583,14,1,0
29054,11583,23,3,0
29055,11583,17,1,0
29056,11584,18,2,0.15
29057,11584,1,3,0.2
29058,11584,22,1,0
29059,11584,23,2,0
29060,11585,17,3,0.15
29061,11585,14,3,0.15
29062,11585,8,1,0
29063,11586,14,3,0
29064,11587,23,2,0.15
29065,11587,3,1,0
29066,11587,14,3,0.1
29067,11587,18,1,0.2
29068,11588,7,2,0.1
29069,11588,10,1,0.2
29070,11588,14,2,0
29071,11588,4,1,0
29072,11589,9,2,0.1
29073,11589,8,3,0
29074,11589,10,3,0.2
29075,11590,23,2,0.1
29076,11590,4,2,0
29077,11591,13,3,0.1
29078,11591,13,3,0
29079,11591,22,3,0.1
29080,11591,17,1,0.2
29081,11592,1,2,0.2
29082,11592,18,3,0
29083,11592,20,1,0
29084,11592,5,1,0.2
29085,11593,7,3,0
29086,11593,17,1,0.2
29087,11593,9,2,0.1
29088,11594,19,2,0.1
29089,11594,9,1,0.15
29090,11595,7,3,0
29091,11595,17,2,0
29092,11595,19,3,0.15
29093,11596,20,2,0
29094,11596,5,3,0.2
29095,11597,12,2,0
29096,11597,16,1,0
29097,11597,12,1,0.2
29098,11598,11,1,0
29099,11598,7,3,0.2
29100,11598,6,3,0
29101,11599,24,3,0.15
29102,11599,22,3,0
29103,11600,10,2,0
29104,11600,12,1,0.2
29105,11601,18,3,0
29106,11601,24,1,0.2
29107,11602,8,2,0
29108,11602,3,3,0
29109,11602,14,3,0
29110,11602,11,3,0.2
29111,11603,22,1,0.15
29112,11603,12,1,0.2
29113,11603,15,1,0
29114,11604,18,2,0
29115,11604,13,1,0
29116,11605,17,3,0.15
29117,11605,19,1,0
29118,11606,16,1,0.1
29119,11606,16,3,0.15
29120,11607,16,2,0
29121,11608,15,2,0.15
29122,11608,7,2,0.1
29123,11608,4,2,0.2
29124,11608,14,3,0.2
29125,11609,9,1,0
29126,11610,23,2,0
29127,11610,18,1,0
29128,11611,6,3,0
29129,11611,10,3,0.1
29130,11611,14,2,0.15
29131,11612,3,1,0
29132,11612,1,1,0.2
29133,11612,21,2,0
29134,11613,12,3,0.1
29135,11613,18,3,0
29136,11613,15,2,0.2
29137,11613,4,1,0.1
29138,11614,15,2,0.15
29139,11614,11,3,0
29140,11614,9,1,0
29141,11615,5,1,0
29142,11616,7,3,0
29143,11616,13,2,0
29144,11617,13,1,0
29145,11617,7,1,0
29146,11617,22,3,0
29147,11618,19,2,0.1
29148,11618,22,2,0
29149,11618,19,2,0.15
29150,11618,3,3,0
29151,11619,22,1,0
29152,11620,24,3,0
29153,11620,19,1,0
29154,11620,11,3,0
29155,11621,1,3,0.2
29156,11622,5,2,0
29157,11622,22,1,0.2
29158,11622,18,3,0.2
29159,11622,14,2,0
29160,11623,19,2,0.1
29161,11624,24,2,0.2
29162,11625,20,2,0.1
29163,11625,9,2,0.2
29164,11625,16,3,0
29165,11625,20,2,0
29166,11626,18,3,0
29167,11627,21,2,0.1
29168,11627,21,2,0.15
29169,11627,21,3,0.1
29170,11628,23,2,0
29171,11628,15,1,0.2
29172,11628,5,1,0.15
29173,11628,10,2,0.15
29174,11629,6,3,0.15
29175,11629,22,2,0
29176,11629,17,2,0.1
29177,11630,19,2,0
29178,11630,12,3,0.1
29179,11630,14,3,0
29180,11631,19,3,0.1
29181,11632,23,3,0
29182,11632,8,2,0
29183,11633,21,3,0
29184,11633,10,1,0.1
29185,11633,10,2,0
29186,11633,20,3,0.1
29187,11634,6,2,0
29188,11635,21,2,0
29189,11635,19,2,0
29190,11635,2,3,0
29191,11635,10,2,0.15
29192,11636,4,3,0.15
29193,11637,7,3,0
29194,11637,14,2,0.15
29195,11637,19,3,0
29196,11637,9,1,0.1
29197,11638,4,1,0
29198,11639,23,3,0.15
29199,11639,10,2,0.1
29200,11639,19,2,0
29201,11640,18,2,0.15
29202,11640,15,3,0.15
29203,11640,13,1,0.15
29204,11640,22,3,0.2
29205,11641,8,3,0
29206,11641,20,1,0
29207,11641,11,3,0.2
29208,11641,17,2,0.1
29209,11642,15,2,0
29210,11642,19,2,0.2
29211,11643,13,3,0.2
29212,11643,6,3,0
29213,11644,9,2,0
29214,11644,3,2,0
29215,11645,7,3,0
29216,11645,2,2,0
29217,11646,19,2,0
29218,11646,16,1,0
29219,11646,7,2,0
29220,11647,19,1,0
29221,11647,5,1,0
29222,11647,1,2,0.2
29223,11648,1,3,0.1
29224,11648,15,1,0.2
29225,11649,2,3,0.1
29226,11649,15,3,0
29227,11649,18,2,0
29228,11649,7,1,0
29229,11650,23,1,0
29230,11650,24,2,0.15
29231,11650,24,3,0
29232,11650,20,3,0.15
29233,11651,1,3,0.2
29234,11651,20,2,0
29235,11652,10,2,0.15
29236,11652,1,3,0
29237,11652,8,2,0
29238,11652,23,2,0
29239,11653,15,2,0.1
29240,11653,4,1,0
29241,11653,2,1,0
29242,11654,2,1,0
29243,11654,17,3,0
29244,11654,7,1,0
29245,11655,6,2,0.1
29246,11655,22,2,0
29247,11655,14,1,0
29248,11656,13,3,0
29249,11656,2,2,0.2
29250,11657,5,2,0
29251,11658,3,3,0
29252,11659,13,1,0.1
29253,11659,8,3,0.2
29254,11660,8,3,0.2
29255,11660,6,1,0
29256,11660,24,3,0
29257,11660,1,2,0
29258,11661,21,3,0
29259,11661,2,2,0.1
29260,11661,7,2,0
29261,11662,8,3,0.1
29262,11663,8,1,0
29263,11664,7,2,0.2
29264,11664,13,1,0
29265,11665,11,3,0
29266,11665,23,3,0.15
29267,11665,18,2,0
29268,11666,7,3,0.1
29269,11666,16,1,0.1
29270,11667,8,2,0
29271,11668,8,3,0
29272,11669,17,2,0
29273,11669,23,1,0
29274,11669,6,3,0.15
29275,11670,9,3,0.15
29276,11670,5,3,0
29277,11671,24,2,0.2
29278,11671,17,2,0
29279,11671,8,2,0
29280,11671,2,3,0
29281,11672,7,3,0
29282,11672,4,1,0
29283,11673,24,3,0
29284,11673,16,3,0.2
29285,11673,10,1,0
29286,11673,19,2,0
29287,11674,19,2,0
29288,11674,6,1,0
29289,11674,20,3,0
29290,11675,17,2,0.15
29291,11675,23,3,0.2
29292,11675,12,2,0.2
29293,11676,24,1,0.2
29294,11676,13,2,0.15
29295,11676,5,2,0.15
29296,11677,1,3,0
29297,11678,1,3,0.15
29298,11678,6,1,0
29299,11678,16,3,0
29300,11678,1,3,0
29301,11679,19,1,0.15
29302,11679,5,3,0
29303,11679,2,3,0
29304,11680,1,1,0.2
29305,11680,24,3,0.1
29306,11681,22,1,0
29307,11681,3,1,0
29308,11682,10,1,0
29309,11682,17,1,0
29310,11682,1,3,0.15
29311,11682,1,3,0.1
29312,11683,19,2,0
29313,11683,8,1,0.1
29314,11684,19,1,0.1
29315,11684,22,3,0.1
29316,11684,22,3,0.2
29317,11684,14,1,0
29318,11685,9,1,0
29319,11685,23,2,0.15
29320,11686,20,2,0.15
29321,11686,10,3,0.1
29322,11686,18,1,0.15
29323,11687,18,2,0
29324,11687,10,2,0.15
29325,11687,2,2,0.15
29326,11687,8,1,0.15
29327,11688,18,2,0
29328,11688,14,3,0.2
29329,11688,13,1,0.2
29330,11688,19,3,0
29331,11689,20,2,0.2
29332,11689,3,1,0.15
29333,11690,11,3,0.2
29334,11690,2,1,0
29335,11691,10,1,0.1
29336,11692,5,2,0.1
29337,11692,23,3,0
29338,11692,10,3,0
29339,11693,20,3,0.1
29340,11693,3,3,0.15
29341,11694,7,1,0.2
29342,11694,10,2,0.1
29343,11694,7,2,0
29344,11694,19,2,0
29345,11695,3,3,0
29346,11695,18,1,0.1
29347,11695,13,3,0.2
29348,11696,13,1,0.15
29349,11697,22,3,0.2
29350,11698,24,1,0
29351,11699,21,1,0
29352,11699,15,2,0.1
29353,11700,18,1,0
29354,11700,6,3,0.2
29355,11701,17,1,0
29356,11701,19,3,0
29357,11701,8,3,0
29358,11701,11,3,0
29359,11702,16,2,0
29360,11702,22,1,0.2
29361,11703,24,3,0.2
29362,11703,14,2,0
29363,11704,17,3,0.1
29364,11704,9,1,0
29365,11705,2,3,0
29366,11705,18,2,0.15
29367,11706,13,1,0.15
29368,11706,12,2,0.2
29369,11706,16,1,0.1
29370,11707,12,3,0
29371,11707,22,1,0
29372,11708,1,3,0.15
29373,11708,24,1,0
29374,11709,1,3,0.1
29375,11709,22,3,0
29376,11709,17,3,0.2
29377,11710,11,3,0
29378,11710,21,2,0
29379,11711,3,2,0
29380,11712,12,2,0
29381,11712,21,1,0
29382,11712,2,3,0
29383,11713,15,2,0
29384,11713,16,1,0.1
29385,11714,7,1,0.2
29386,11714,12,3,0.15
29387,11715,7,1,0.1
29388,11715,2,2,0
29389,11715,3,3,0.1
29390,11716,24,2,0.1
29391,11717,3,3,0
29392,11717,14,2,0
29393,11718,19,3,0
29394,11718,13,1,0.15
29395,11718,23,1,0
29396,11718,7,1,0.1
29397,11719,4,2,0
29398,11720,16,2,0
29399,11721,23,1,0
29400,11721,17,1,0.15
29401,11721,18,3,0
29402,11721,18,2,0.15
29403,11722,9,3,0.15
29404,11722,10,3,0
29405,11723,8,3,0
29406,11724,2,2,0.15
29407,11724,9,2,0.2
29408,11724,20,2,0.15
29409,11725,3,2,0.15
29410,11726,13,2,0.2
29411,11727,23,2,0.2
29412,11727,8,3,0
29413,11727,22,1,0
29414,11727,13,3,0
29415,11728,12,2,0.15
29416,11728,7,3,0.2
29417,11728,17,2,0
29418,11729,10,1,0.2
29419,11730,9,3,0
29420,11730,22,1,0.2
29421,11730,2,1,0
29422,11731,21,3,0.2
29423,11731,11,2,0.2
29424,11731,17,3,0.1
29425,11731,18,2,0
29426,11732,1,2,0.1
29427,11732,5,3,0
29428,11732,11,2,0.15
29429,11732,5,1,0
29430,11733,24,3,0
29431,11733,17,2,0
29432,11733,5,2,0
29433,11733,1,3,0
29434,11734,17,2,0.2
29435,11734,5,3,0.15
29436,11734,22,1,0.15
29437,11734,10,1,0
29438,11735,7,1,0
29439,11735,16,1,0.2
29440,11736,23,3,0
29441,11736,23,3,0.15
29442,11736,3,1,0.2
29443,11736,16,2,0.1
29444,11737,6,2,0.2
29445,11737,1,3,0
29446,11737,13,2,0
29447,11738,8,2,0.1
29448,11738,14,2,0
29449,11738,12,2,0
29450,11738,20,2,0
29451,11739,5,1,0.2
29452,11739,11,3,0
29453,11739,12,1,0.2
29454,11739,14,3,0
29455,11740,22,3,0
29456,11740,7,3,0.15
29457,11741,12,3,0.2
29458,11741,4,3,0.1
29459,11741,12,1,0.1
29460,11742,22,1,0
29461,11742,7,2,0
29462,11742,16,2,0
29463,11742,12,3,0.2
29464,11743,19,3,0.1
29465,11743,8,2,0
29466,11743,18,1,0
29467,11744,6,3,0
29468,11744,15,1,0
29469,11744,12,2,0.2
29470,11745,7,3,0.15
29471,11745,10,1,0.15
29472,11746,19,1,0
29473,11746,3,1,0
29474,11746,5,3,0.1
29475,11747,1,2,0.2
29476,11747,16,2,0
29477,11748,4,3,0.15
29478,11749,13,3,0.2
29479,11750,19,3,0
29480,11750,3,2,0
29481,11751,18,2,0.1
29482,11751,2,3,0.1
29483,11752,5,3,0.1
29484,11752,11,2,0.1
29485,11752,17,1,0
29486,11753,20,3,0.15
29487,11753,3,3,0
29488,11754,24,3,0.15
29489,11754,17,2,0
29490,11754,1,1,0
29491,11754,22,1,0
29492,11755,7,1,0
29493,11755,19,3,0.15
29494,11755,19,2,0
29495,11755,24,3,0
29496,11756,17,2,0
29497,11756,10,2,0
29498,11756,3,2,0
29499,11757,14,2,0.15
29500,11757,1,2,0
29501,11758,2,2,0
29502,11758,5,2,0
29503,11758,6,1,0.15
29504,11758,3,2,0.2
29505,11759,16,3,0
29506,11759,1,3,0
29507,11759,24,2,0
29508,11759,8,3,0
29509,11760,15,2,0
29510,11760,24,1,0.2
29511,11760,18,1,0.1
29512,11761,6,1,0.15
29513,11761,5,3,0
29514,11761,19,3,0
29515,11761,22,1,0
29516,11762,7,1,0
29517,11763,6,1,0
29518,11763,14,3,0.1
29519,11764,12,1,0.15
29520,11765,14,3,0
29521,11766,5,3,0
29522,11767,4,1,0.2
29523,11767,9,1,0
29524,11767,9,1,0.2
29525,11767,20,3,0.2
29526,11768,14,3,0
29527,11768,17,3,0.1
29528,11769,11,1,0
29529,11769,4,1,0
29530,11769,2,1,0.2
29531,11769,1,2,0.15
29532,11770,18,3,0
29533,11770,10,3,0
29534,11771,13,2,0
29535,11771,20,2,0
29536,11771,18,2,0.2
29537,11772,4,1,0.15
29538,11772,13,2,0.15
29539,11773,14,2,0.15
29540,11774,1,2,0
29541,11774,5,1,0
29542,11774,22,1,0
29543,11774,7,3,0
29544,11775,3,3,0
29545,11776,3,1,0.2
29546,11776,14,2,0
29547,11776,19,1,0
29548,11776,24,1,0
29549,11777,19,2,0
29550,11778,10,1,0
29551,11778,17,1,0
29552,11779,20,3,0
29553,11779,1,2,0.1
29554,11779,18,2,0
29555,11780,19,1,0
29556,11780,18,2,0
29557,11780,12,2,0
29558,11780,6,2,0
29559,11781,20,3,0
29560,11782,8,3,0.1
29561,11783,12,2,0.2
29562,11783,14,1,0
29563,11783,8,3,0.15
29564,11783,16,1,0.15
29565,11784,4,3,0.1
29566,11785,5,3,0
29567,11786,23,3,0
29568,11786,23,1,0.2
29569,11786,3,3,0
29570,11786,16,2,0.1
29571,11787,20,3,0
29572,11787,15,3,0.2
29573,11788,3,3,0
29574,11788,6,3,0.2
29575,11789,1,3,0
29576,11789,6,2,0
29577,11790,3,1,0
29578,11790,9,3,0.2
29579,11790,22,2,0
29580,11791,21,1,0
29581,11791,13,1,0
29582,11791,4,1,0.2
29583,11791,16,2,0.1
29584,11792,19,1,0
29585,11792,22,2,0
29586,11793,22,2,0.15
29587,11794,24,3,0
29588,11795,22,1,0.15
29589,11795,20,3,0.1
29590,11795,23,2,0.1
29591,11795,23,3,0
29592,11796,3,3,0.1
29593,11796,6,1,0
29594,11797,10,2,0.1
29595,11797,14,3,0
29596,11797,13,3,0.15
29597,11797,12,1,0.2
29598,11798,18,1,0
29599,11798,15,3,0
29600,11798,9,2,0.15
29601,11799,13,1,0
29602,11799,12,1,0.2
29603,11799,23,2,0.1
29604,11800,21,2,0.15
29605,11800,8,2,0.1
29606,11800,16,3,0
29607,11801,19,3,0
29608,11801,21,3,0.15
29609,11801,24,2,0.2
29610,11802,23,1,0
29611,11803,14,2,0
29612,11803,15,1,0
29613,11804,14,3,0
29614,11804,19,1,0
29615,11804,4,1,0.2
29616,11804,9,1,0.2
29617,11805,20,1,0.15
29618,11805,10,3,0.2
29619,11805,10,3,0.15
29620,11805,7,3,0.2
29621,11806,15,3,0.15
29622,11806,3,2,0
29623,11806,6,2,0.1
29624,11806,7,2,0.15
29625,11807,10,3,0.1
29626,11807,16,1,0
29627,11807,5,1,0.15
29628,11808,22,1,0
29629,11808,7,3,0.2
29630,11809,18,2,0.2
29631,11810,1,2,0
29632,11810,2,1,0
29633,11811,4,3,0.2
29634,11811,19,3,0
29635,11811,6,2,0.2
29636,11811,20,2,0
29637,11812,21,1,0
29638,11813,17,3,0
29639,11813,16,1,0
29640,11813,23,3,0.1
29641,11813,8,2,0.15
29642,11814,22,3,0.1
29643,11814,22,2,0.15
29644,11814,20,3,0
29645,11814,22,3,0
29646,11815,20,3,0.2
29647,11815,11,1,0.1
29648,11816,6,2,0
29649,11817,24,1,0
29650,11817,2,2,0
29651,11818,11,2,0
29652,11818,8,2,0.2
29653,11819,20,2,0
29654,11820,15,3,0
29655,11820,22,1,0.2
29656,11820,1,1,0
29657,11820,6,2,0
29658,11821,22,1,0
29659,11821,14,2,0.15
29660,11822,11,1,0.1
29661,11822,18,3,0
29662,11822,12,2,0.2
29663,11822,8,1,0
29664,11823,8,2,0
29665,11823,22,3,0.1
29666,11823,3,1,0.15
29667,11823,6,3,0.1
29668,11824,8,1,0.2
29669,11824,1,3,0.2
29670,11824,18,3,0
29671,11824,19,2,0.15
29672,11825,16,3,0.15
29673,11825,5,3,0
29674,11825,23,2,0.2
29675,11825,16,3,0
29676,11826,6,1,0.2
29677,11826,2,1,0
29678,11826,19,2,0.1
29679,11827,9,1,0.15
29680,11828,6,3,0
29681,11828,17,2,0
29682,11828,15,2,0
29683,11829,6,2,0
29684,11829,7,1,0.15
29685,11830,18,1,0.15
29686,11831,22,2,0.2
29687,11831,20,3,0
29688,11832,22,2,0
29689,11832,13,2,0.2
29690,11832,9,2,0.1
29691,11833,12,3,0.2
29692,11834,6,3,0
29693,11834,16,3,0.1
29694,11834,16,1,0.2
29695,11834,14,3,0.2
29696,11835,2,2,0
29697,11835,10,1,0
29698,11835,10,3,0
29699,11836,6,1,0.2
29700,11836,12,2,0
29701,11836,7,3,0.15
29702,11836,19,2,0
29703,11837,19,2,0
29704,11837,6,2,0
29705,11838,3,3,0
29706,11838,23,3,0.15
29707,11838,1,3,0.15
29708,11838,11,1,0.15
29709,11839,13,2,0
29710,11840,3,2,0
29711,11840,7,1,0.1
29712,11841,13,3,0
29713,11842,2,3,0
29714,11842,5,1,0
29715,11843,19,2,0.1
29716,11843,6,1,0.2
29717,11844,10,3,0.15
29718,11844,19,2,0.1
29719,11844,8,1,0
29720,11844,7,2,0
29721,11845,1,3,0
29722,11845,19,1,0
29723,11845,22,3,0
29724,11846,2,3,0
29725,11846,10,3,0
29726,11846,18,2,0
29727,11846,9,3,0
29728,11847,15,2,0.2
29729,11847,3,3,0.2
29730,11847,2,2,0
29731,11848,23,3,0.2
29732,11849,17,3,0
29733,11849,4,2,0
29734,11850,5,1,0
29735,11850,4,1,0.1
29736,11850,7,2,0.2
29737,11850,4,2,0.1
29738,11851,16,3,0.2
29739,11851,6,1,0.2
29740,11851,7,2,0
29741,11851,18,2,0
29742,11852,16,3,0
29743,11852,4,3,0
29744,11852,9,2,0.1
29745,11853,3,1,0
29746,11854,24,1,0
29747,11854,9,3,0
29748,11855,12,1,0.15
29749,11855,5,1,0
29750,11856,18,3,0.15
29751,11857,17,1,0.1
29752,11857,18,2,0
29753,11857,8,1,0.15
29754,11858,13,2,0.2
29755,11858,19,1,0.15
29756,11858,22,1,0.2
29757,11858,16,3,0
29758,11859,10,2,0
29759,11859,15,3,0
29760,11859,5,2,0.2
29761,11859,4,3,0.1
29762,11860,20,2,0.1
29763,11860,16,2,0
29764,11861,20,3,0.15
29765,11861,19,2,0
29766,11861,3,2,0.2
29767,11861,11,2,0
29768,11862,1,1,0
29769,11863,21,3,0
29770,11864,11,1,0.2
29771,11864,8,3,0.15
29772,11864,18,1,0
29773,11864,12,2,0
29774,11865,17,3,0
29775,11865,24,3,0.15
29776,11866,1,2,0
29777,11866,5,1,0.1
29778,11866,16,1,0
29779,11867,1,2,0.2
29780,11868,10,3,0.2
29781,11868,7,2,0.1
29782,11868,16,3,0.1
29783,11869,10,3,0.1
29784,11869,6,1,0
29785,11869,8,1,0.2
29786,11870,23,2,0
29787,11871,15,2,0.2
29788,11871,14,1,0
29789,11871,20,1,0.1
29790,11872,21,1,0.1
29791,11873,13,1,0.15
29792,11873,9,1,0.2
29793,11873,13,2,0
29794,11874,15,2,0.1
29795,11874,21,3,0
29796,11875,5,1,0
29797,11875,19,1,0
29798,11875,1,1,0.15
29799,11876,17,1,0.1
29800,11876,5,1,0.15
29801,11876,18,1,0.15
29802,11876,22,3,0
29803,11877,19,1,0
29804,11877,4,3,0.1
29805,11877,17,2,0
29806,11877,2,1,0
29807,11878,13,1,0.15
29808,11878,4,1,0.2
29809,11879,22,3,0.1
29810,11879,8,1,0
29811,11879,20,2,0.2
29812,11880,4,1,0
29813,11880,3,2,0.1
29814,11880,23,1,0.15
29815,11880,7,1,0
29816,11881,18,3,0
29817,11881,6,1,0
29818,11882,3,1,0.15
29819,11882,10,3,0
29820,11883,5,2,0
29821,11883,22,2,0.2
29822,11883,2,1,0
29823,11883,2,1,0
29824,11884,15,1,0
29825,11884,4,1,0
29826,11885,19,1,0
29827,11886,2,3,0
29828,11886,2,1,0
29829,11886,18,3,0
29830,11887,10,1,0.1
29831,11887,2,2,0.1
29832,11887,12,2,0.15
29833,11887,9,3,0.1
29834,11888,23,2,0.2
29835,11888,7,3,0
29836,11888,18,1,0
29837,11889,6,1,0.15
29838,11889,15,1,0.1
29839,11889,20,1,0
29840,11889,5,1,0.15
29841,11890,24,3,0
29842,11890,2,2,0
29843,11891,19,1,0.15
29844,11891,20,2,0
29845,11892,6,2,0.15
29846,11892,17,1,0.1
29847,11893,17,1,0.15
29848,11893,3,1,0.1
29849,11894,15,3,0
29850,11894,10,3,0.1
29851,11894,9,1,0
29852,11894,10,3,0.1
29853,11895,4,1,0
29854,11895,21,2,0.1
29855,11895,13,3,0.15
29856,11896,3,1,0.2
29857,11896,2,1,0
29858,11896,11,1,0.15
29859,11896,7,1,0
29860,11897,23,2,0
29861,11897,15,3,0.2
29862,11897,6,2,0.15
29863,11897,23,2,0.1
29864,11898,3,3,0
29865,11898,10,3,0
29866,11899,18,2,0.15
29867,11899,14,2,0.1
29868,11899,20,2,0
29869,11900,18,3,0
29870,11901,21,3,0.15
29871,11901,10,2,0.2
29872,11902,4,2,0.2
29873,11902,13,3,0
29874,11902,18,1,0
29875,11902,23,3,0.1
29876,11903,10,3,0.2
29877,11903,13,2,0
29878,11903,23,2,0
29879,11904,17,3,0
29880,11904,7,2,0.15
29881,11904,19,2,0.1
29882,11905,10,2,0.1
29883,11905,8,3,0
29884,11905,17,2,0
29885,11905,5,1,0
29886,11906,18,3,0.1
29887,11906,22,3,0
29888,11906,24,2,0
29889,11906,18,2,0
29890,11907,17,3,0.1
29891,11908,16,2,0.1
29892,11908,8,3,0.2
29893,11908,4,3,0
29894,11908,23,3,0.15
29895,11909,13,3,0
29896,11909,6,1,0
29897,11909,7,3,0
29898,11909,1,3,0.2
29899,11910,20,3,0
29900,11910,10,3,0.15
29901,11910,24,3,0
29902,11911,8,1,0
29903,11912,16,1,0
29904,11912,21,2,0
29905,11912,21,3,0
29906,11912,5,3,0
29907,11913,23,1,0
29908,11914,8,3,0
29909,11914,11,2,0.1
29910,11915,21,3,0
29911,11915,13,2,0
29912,11915,18,2,0
29913,11916,10,1,0.15
29914,11916,6,2,0
29915,11916,10,2,0.2
29916,11916,16,2,0.1
29917,11917,4,3,0.1
29918,11917,14,2,0.1
29919,11917,3,1,0.1
29920,11918,10,2,0.15
29921,11919,22,2,0
29922,11919,24,3,0.2
29923,11920,24,3,0
29924,11921,19,3,0
29925,11921,16,2,0.15
29926,11921,16,3,0
29927,11922,15,2,0
29928,11922,13,3,0.15
29929,11923,15,3,0
29930,11923,14,1,0.2
29931,11923,3,3,0.15
29932,11924,20,2,0
29933,11925,19,2,0.1
29934,11926,11,1,0
29935,11926,21,1,0
29936,11926,5,2,0
29937,11927,11,1,0.15
29938,11928,6,1,0
29939,11928,2,1,0.2
29940,11928,21,1,0.2
29941,11928,3,3,0
29942,11929,23,3,0
29943,11930,2,1,0.1
29944,11930,17,3,0
29945,11931,13,3,0
29946,11931,6,1,0
29947,11931,3,2,0.1
29948,11931,1,2,0.2
29949,11932,11,3,0
29950,11933,8,1,0
29951,11933,17,3,0.2
29952,11933,21,3,0.2
29953,11934,19,1,0
29954,11934,12,3,0.2
29955,11934,15,1,0.1
29956,11934,18,2,0
29957,11935,14,1,0.2
29958,11935,2,2,0.1
29959,11936,5,1,0
29960,11936,16,2,0
29961,11936,4,1,0
29962,11936,9,3,0.1
29963,11937,12,2,0.1
29964,11937,2,1,0
29965,11937,18,3,0.15
29966,11937,7,2,0
29967,11938,8,1,0.2
29968,11938,18,1,0
29969,11939,15,2,0.2
29970,11939,21,1,0
29971,11940,18,1,0.1
29972,11941,11,1,0
29973,11941,20,2,0
29974,11941,4,2,0.2
29975,11942,10,3,0
29976,11942,4,1,0
29977,11943,24,1,0.15
29978,11944,8,2,0
29979,11944,16,1,0
29980,11945,11,3,0.2
29981,11945,13,2,0.2
29982,11946,9,3,0
29983,11946,1,2,0
29984,11946,20,2,0.15
29985,11947,14,2,0.1
29986,11947,10,2,0.2
29987,11947,20,3,0
29988,11947,6,3,0.2
29989,11948,23,3,0.1
29990,11948,19,1,0
29991,11948,23,2,0.1
29992,11948,18,1,0
29993,11949,2,2,0.15
29994,11949,8,2,0.1
29995,11949,1,1,0.15
29996,11949,2,1,0.1
29997,11950,2,2,0.2
29998,11950,15,2,0.1
29999,11951,7,3,0
30000,11951,19,2,0
30001,11951,16,3,0
30002,11952,3,1,0
30003,11952,2,1,0.2
30004,11953,23,2,0.15
30005,11953,7,3,0
30006,11953,23,3,0.15
30007,11953,16,1,0
30008,11954,6,2,0.15
30009,11954,14,1,0
30010,11955,13,1,0.2
30011,11956,16,1,0.1
30012,11956,7,1,0
30013,11956,5,3,0
30014,11957,11,3,0.2
30015,11957,12,1,0
30016,11957,22,1,0
30017,11957,4,2,0.2
30018,11958,9,2,0.15
30019,11958,4,2,0.15
30020,11958,5,1,0
30021,11958,15,3,0
30022,11959,3,1,0
30023,11959,20,1,0.15
30024,11959,15,2,0.1
30025,11959,18,1,0
30026,11960,1,1,0
30027,11961,9,3,0
30028,11961,13,1,0
30029,11961,3,2,0.1
30030,11961,10,3,0
30031,11962,24,3,0.15
30032,11962,14,1,0.15
30033,11962,2,3,0
30034,11962,6,1,0.2
30035,11963,14,3,0
30036,11963,11,1,0
30037,11963,20,1,0
30038,11963,24,1,0.1
30039,11964,23,2,0.2
30040,11964,21,1,0.15
30041,11964,7,2,0
30042,11965,21,2,0.1
30043,11965,5,3,0
30044,11965,11,3,0
30045,11965,1,2,0.2
30046,11966,21,1,0
30047,11966,1,3,0.15
30048,11966,2,3,0
30049,11967,5,1,0.2
30050,11967,1,3,0.2
30051,11968,17,1,0
30052,11968,12,2,0.1
30053,11969,16,3,0.2
30054,11969,5,1,0.15
30055,11969,3,3,0.2
30056,11969,1,2,0.15
30057,11970,17,1,0
30058,11971,12,1,0.15
30059,11971,1,1,0.2
30060,11972,19,3,0
30061,11972,18,1,0
30062,11973,4,2,0.15
30063,11973,17,3,0
30064,11973,6,3,0
30065,11974,13,3,0
30066,11974,18,2,0.15
30067,11974,9,3,0
30068,11975,1,3,0.1
30069,11975,9,3,0
30070,11976,15,1,0
30071,11976,7,1,0.15
30072,11976,18,1,0.15
30073,11976,22,2,0.2
30074,11977,8,1,0
30075,11977,2,1,0
30076,11977,19,3,0.2
30077,11978,18,3,0
30078,11978,4,3,0.15
30079,11979,18,1,0
30080,11979,23,3,0.15
30081,11979,13,2,0
30082,11980,22,2,0
30083,11980,19,3,0
30084,11981,12,2,0
30085,11981,9,1,0.1
30086,11981,22,1,0
30087,11981,11,3,0.15
30088,11982,18,1,0.15
30089,11983,14,1,0.2
30090,11984,7,2,0.15
30091,11984,20,2,0.15
30092,11984,17,3,0
30093,11984,23,3,0
30094,11985,3,2,0.15
30095,11985,10,1,0.2
30096,11985,6,3,0
30097,11986,10,1,0.1
30098,11987,19,1,0.15
30099,11987,24,1,0.2
30100,11988,1,3,0.15
30101,11988,2,1,0
30102,11989,18,3,0
30103,11989,7,2,0
30104,11990,15,1,0
30105,11990,4,2,0.1
30106,11991,24,3,0
30107,11991,19,1,0.15
30108,11991,12,3,0
30109,11991,5,2,0
30110,11992,16,1,0
30111,11992,6,3,0.2
30112,11992,4,3,0
30113,11993,17,3,0
30114,11993,4,1,0.1
30115,11994,7,2,0
30116,11995,24,1,0
30117,11995,4,1,0.2
30118,11996,24,3,0.1
30119,11996,23,2,0.15
30120,11997,20,3,0
30121,11998,11,1,0
30122,11998,8,1,0.15
30123,11998,24,2,0
30124,11999,18,1,0
30125,11999,16,1,0.1
30126,12000,20,1,0
30127,12000,15,3,0.15
30128,12001,24,3,0.15
30129,12001,6,3,0
30130,12001,21,3,0
30131,12001,18,3,0
30132,12002,16,3,0
30133,12002,13,2,0.2
30134,12003,17,3,0
30135,12003,12,2,0.15
30136,12003,7,2,0.15
30137,12004,15,3,0
30138,12005,6,2,0.15
30139,12005,8,3,0.15
30140,12005,14,3,0
30141,12006,7,3,0
30142,12006,16,1,0
30143,12007,10,3,0.2
30144,12007,14,1,0
30145,12007,7,3,0.15
30146,12008,13,1,0
30147,12008,10,3,0
30148,12008,21,1,0.1
30149,12009,17,3,0
30150,12010,11,2,0
30151,12010,9,1,0.15
30152,12011,20,2,0.2
30153,12011,16,3,0
30154,12012,16,3,0.1
30155,12012,21,1,0.1
30156,12012,23,3,0.1
30157,12013,4,2,0.15
30158,12013,18,1,0
30159,12013,17,1,0
30160,12013,13,3,0.1
30161,12014,1,2,0
30162,12014,21,1,0
30163,12015,6,2,0
30164,12015,8,2,0
30165,12015,4,1,0
30166,12015,19,3,0
30167,12016,11,1,0.2
30168,12016,3,2,0
30169,12017,18,2,0
30170,12017,20,1,0
30171,12017,23,1,0.2
30172,12018,5,3,0
30173,12018,8,3,0
30174,12018,3,2,0
30175,12018,11,2,0
30176,12019,24,1,0.2
30177,12020,19,2,0
30178,12021,22,2,0.15
30179,12021,23,3,0.1
30180,12021,1,3,0.1
30181,12021,17,3,0.15
30182,12022,21,1,0.15
30183,12022,16,1,0
30184,12022,24,1,0.1
30185,12022,9,3,0
30186,12023,5,1,0
30187,12023,4,3,0
30188,12023,14,2,0
30189,12024,3,2,0
30190,12024,22,3,0
30191,12024,19,2,0.15
30192,12025,9,2,0
30193,12025,18,1,0.1
30194,12025,2,2,0
30195,12026,12,2,0.1
30196,12026,24,2,0
30197,12026,15,1,0.2
30198,12026,10,3,0
30199,12027,2,2,0
30200,12028,11,1,0.1
30201,12029,15,1,0.15
30202,12029,10,2,0
30203,12029,20,1,0.1
30204,12030,2,2,0.2
30205,12030,6,2,0.15
30206,12031,21,3,0
30207,12031,13,1,0
30208,12031,6,1,0
30209,12031,5,1,0.1
30210,12032,20,1,0
30211,12032,22,3,0.15
30212,12032,20,3,0.2
30213,12032,17,2,0.1
30214,12033,16,2,0.2
30215,12034,14,2,0
30216,12034,14,3,0.1
30217,12034,4,3,0.1
30218,12034,12,3,0.2
30219,12035,12,3,0.2
30220,12035,7,1,0.2
30221,12036,8,3,0
30222,12036,21,1,0.15
30223,12036,16,2,0.2
30224,12036,8,2,0.15
30225,12037,18,1,0
30226,12037,22,1,0
30227,12037,16,2,0
30228,12038,13,3,0.15
30229,12038,8,1,0
30230,12039,19,3,0
30231,12039,17,3,0
30232,12040,15,2,0.2
30233,12040,9,2,0.1
30234,12040,11,2,0
30235,12040,18,1,0
30236,12041,17,2,0.2
30237,12041,21,2,0.2
30238,12041,20,2,0
30239,12042,24,3,0.2
30240,12042,22,3,0.2
30241,12043,12,3,0.2
30242,12044,20,3,0.15
30243,12045,11,3,0.15
30244,12046,17,3,0.1
30245,12047,23,2,0
30246,12047,10,3,0
30247,12048,14,1,0.15
30248,12048,22,3,0
30249,12049,6,3,0.2
30250,12049,3,3,0
30251,12049,18,2,0
30252,12049,6,3,0.2
30253,12050,18,2,0
30254,12051,12,3,0.1
30255,12051,14,3,0
30256,12051,10,3,0.15
30257,12051,2,3,0.1
30258,12052,19,1,0.15
30259,12052,7,1,0.2
30260,12052,23,1,0
30261,12053,13,1,0
30262,12054,18,2,0.15
30263,12054,14,3,0
30264,12055,14,2,0
30265,12056,20,2,0
30266,12056,24,3,0.1
30267,12057,7,2,0
30268,12058,10,1,0.1
30269,12058,5,3,0
30270,12058,11,2,0
30271,12059,18,3,0.2
30272,12059,13,3,0
30273,12059,21,2,0.15
30274,12060,9,2,0
30275,12061,23,2,0
30276,12061,24,2,0.2
30277,12061,13,2,0
30278,12061,8,2,0.2
30279,12062,20,2,0.2
30280,12063,12,3,0
30281,12063,14,2,0
30282,12064,17,1,0.2
30283,12064,5,2,0.15
30284,12065,12,1,0
30285,12065,12,3,0.15
30286,12066,24,2,0.1
30287,12067,21,2,0.1
30288,12067,10,1,0
30289,12067,21,3,0.2
30290,12067,11,3,0
30291,12068,18,1,0.15
30292,12069,9,3,0
30293,12069,16,3,0.1
30294,12069,24,3,0
30295,12070,2,2,0.15
30296,12071,19,3,0
30297,12071,6,2,0.15
30298,12071,15,2,0.1
30299,12071,18,2,0.2
30300,12072,19,3,0
30301,12072,23,2,0.2
30302,12072,22,1,0
30303,12073,16,3,0
30304,12074,2,2,0
30305,12075,20,2,0.1
30306,12076,19,2,0.15
30307,12077,12,1,0
30308,12077,12,1,0
30309,12077,13,2,0.1
30310,12078,8,3,0
30311,12078,16,1,0.1
30312,12079,9,2,0.1
30313,12079,16,2,0
30314,12079,2,3,0.1
30315,12079,6,2,0
30316,12080,5,2,0
30317,12081,4,3,0
30318,12081,19,3,0
30319,12081,2,3,0
30320,12081,7,1,0
30321,12082,6,1,0.15
30322,12083,17,2,0
30323,12083,8,2,0.2
30324,12084,24,3,0.15
30325,12084,13,3,0.15
30326,12085,7,3,0
30327,12085,5,1,0.2
30328,12085,10,2,0.1
30329,12086,9,3,0
30330,12086,2,2,0.15
30331,12087,6,1,0.1
30332,12088,3,1,0.2
30333,12089,5,3,0.1
30334,12089,16,3,0.15
30335,12090,19,2,0
30336,12091,19,3,0
30337,12091,22,1,0.15
30338,12091,8,2,0
30339,12092,1,2,0.1
30340,12092,24,1,0
30341,12092,19,3,0
30342,12093,7,3,0
30343,12093,13,3,0
30344,12093,9,3,0.2
30345,12093,7,2,0
30346,12094,11,2,0.15
30347,12095,23,3,0
30348,12095,2,3,0
30349,12095,4,2,0
30350,12096,17,1,0.15
30351,12096,3,3,0.2
30352,12097,10,2,0
30353,12097,18,2,0
30354,12098,8,3,0.2
30355,12098,14,3,0.1
30356,12098,5,2,0
30357,12098,8,2,0
30358,12099,23,1,0.2
30359,12099,23,1,0
30360,12100,15,2,0
30361,12100,6,2,0
30362,12101,19,2,0.2
30363,12101,20,1,0
30364,12102,11,2,0
30365,12102,6,1,0.15
30366,12102,20,3,0.1
30367,12103,12,2,0
30368,12103,1,3,0.1
30369,12103,6,3,0.2
30370,12104,12,1,0.2
30371,12104,13,1,0.1
30372,12104,21,2,0
30373,12104,18,1,0.15
30374,12105,10,3,0.2
30375,12105,19,2,0.15
30376,12105,15,1,0.1
30377,12106,6,1,0
30378,12106,8,3,0
30379,12106,7,2,0
30380,12107,22,1,0.1
30381,12107,24,3,0
30382,12107,14,1,0.15
30383,12107,1,3,0
30384,12108,20,3,0.1
30385,12109,11,1,0
30386,12109,13,1,0
30387,12110,13,3,0.2
30388,12110,2,2,0.1
30389,12110,17,2,0
30390,12110,2,2,0
30391,12111,9,1,0.15
30392,12111,19,2,0.15
30393,12111,11,3,0.2
30394,12112,22,1,0
30395,12112,13,2,0.15
30396,12113,15,3,0.15
30397,12113,14,2,0
30398,12113,14,2,0.15
30399,12114,24,2,0.2
30400,12114,2,1,0
30401,12115,19,3,0.15
30402,12116,10,3,0
30403,12117,21,3,0.2
30404,12118,21,2,0
30405,12118,19,1,0
30406,12118,4,3,0
30407,12118,1,1,0.1
30408,12119,2,1,0
30409,12120,5,2,0
30410,12120,23,3,0
30411,12120,20,2,0.1
30412,12120,21,2,0
30413,12121,23,1,0
30414,12121,22,1,0
30415,12121,5,1,0.2
30416,12122,13,1,0.1
30417,12122,12,3,0
30418,12122,17,2,0
30419,12122,14,1,0.2
30420,12123,19,2,0.15
30421,12124,21,1,0.1
30422,12124,12,3,0
30423,12125,21,1,0
30424,12125,20,3,0.2
30425,12125,20,2,0
30426,12125,7,3,0.2
30427,12126,21,2,0.1
30428,12126,22,3,0.2
30429,12126,11,2,0.15
30430,12127,14,1,0.1
30431,12127,6,3,0.2
30432,12128,5,1,0.15
30433,12128,2,3,0.1
30434,12129,24,3,0.15
30435,12130,18,1,0.15
30436,12130,4,1,0
30437,12130,7,1,0.2
30438,12130,1,1,0
30439,12131,24,3,0
30440,12131,12,2,0.2
30441,12132,14,2,0
30442,12132,20,1,0.1
30443,12133,16,2,0
30444,12133,19,3,0
30445,12133,8,3,0.15
30446,12133,6,1,0.15
30447,12134,6,2,0.1
30448,12134,5,1,0
30449,12134,7,2,0.2
30450,12135,2,2,0
30451,12136,4,3,0
30452,12136,3,2,0
30453,12137,21,2,0
30454,12137,23,2,0
30455,12137,8,2,0.15
30456,12137,24,3,0.15
30457,12138,3,1,0.15
30458,12138,11,1,0
30459,12138,24,2,0
30460,12139,2,3,0.1
30461,12139,13,2,0.2
30462,12140,1,3,0.1
30463,12140,3,1,0.1
30464,12141,11,1,0
30465,12141,20,1,0.15
30466,12142,10,1,0.15
30467,12142,17,2,0
30468,12143,10,2,0.1
30469,12143,7,1,0.15
30470,12144,5,3,0.15
30471,12144,18,3,0.2
30472,12145,5,2,0
30473,12145,8,1,0.15
30474,12146,2,3,0
30475,12146,18,2,0.1
30476,12146,11,1,0
30477,12146,5,3,0.1
30478,12147,19,2,0
30479,12147,6,3,0
30480,12148,4,2,0.1
30481,12148,12,2,0
30482,12149,5,2,0
30483,12149,16,2,0.15
30484,12149,11,2,0.2
30485,12149,6,2,0
30486,12150,14,1,0.1
30487,12150,11,2,0
30488,12150,18,1,0.15
30489,12150,15,3,0
30490,12151,1,1,0
30491,12151,9,2,0
30492,12151,11,2,0.1
30493,12152,10,1,0.15
30494,12153,3,3,0
30495,12153,6,2,0.1
30496,12154,6,3,0.15
30497,12154,10,1,0
30498,12154,11,2,0
30499,12154,16,3,0
30500,12155,17,1,0.15
30501,12155,11,1,0.2
30502,12155,6,2,0.15
30503,12155,12,3,0.1
30504,12156,24,2,0.1
30505,12156,12,2,0.2
30506,12156,20,3,0.1
30507,12156,12,3,0.2
30508,12157,17,3,0.15
30509,12158,22,1,0
30510,12159,16,1,0.1
30511,12159,5,3,0
30512,12159,20,1,0
30513,12159,2,3,0
30514,12160,9,2,0
30515,12161,20,3,0
30516,12161,22,3,0.15
30517,12161,2,2,0.2
30518,12161,1,2,0
30519,12162,9,1,0.2
30520,12163,3,2,0
30521,12163,22,2,0.2
30522,12163,10,3,0.2
30523,12163,17,3,0.1
30524,12164,5,2,0.2
30525,12164,15,1,0.15
30526,12164,1,2,0.15
30527,12165,11,1,0.2
30528,12165,12,3,0
30529,12165,24,3,0.15
30530,12166,21,2,0
30531,12167,5,2,0.1
30532,12167,3,3,0
30533,12167,14,3,0
30534,12168,7,3,0
30535,12168,9,3,0
30536,12168,6,3,0
30537,12169,6,3,0
30538,12169,20,3,0.2
30539,12169,10,2,0.1
30540,12169,8,2,0
30541,12170,8,2,0.1
30542,12171,21,1,0.15
30543,12171,8,1,0.15
30544,12171,11,2,0
30545,12171,11,3,0
30546,12172,23,1,0.2
30547,12173,11,3,0.1
30548,12173,2,1,0.2
30549,12173,11,1,0
30550,12173,23,1,0
30551,12174,22,1,0
30552,12175,22,2,0
30553,12175,23,1,0.2
30554,12175,14,1,0
30555,12175,12,3,0.2
30556,12176,1,2,0.1
30557,12176,6,1,0
30558,12176,19,1,0
30559,12176,4,3,0.2
30560,12177,16,3,0.15
30561,12177,21,2,0
30562,12177,1,1,0.1
30563,12177,4,2,0.2
30564,12178,22,2,0.15
30565,12179,15,3,0
30566,12180,21,3,0
30567,12180,10,1,0
30568,12180,5,2,0.2
30569,12180,15,3,0.15
30570,12181,7,1,0
30571,12182,23,3,0.1
30572,12182,1,1,0.1
30573,12183,18,2,0
30574,12183,16,3,0.15
30575,12184,21,2,0.15
30576,12184,19,2,0
30577,12184,19,1,0.2
30578,12184,15,3,0
30579,12185,15,2,0.1
30580,12185,2,2,0
30581,12185,14,1,0
30582,12185,12,2,0
30583,12186,7,3,0
30584,12186,15,2,0
30585,12186,2,3,0
30586,12187,21,2,0.2
30587,12187,8,1,0.1
30588,12187,20,3,0
30589,12188,23,1,0
30590,12188,22,1,0.15
30591,12189,5,3,0
30592,12189,16,3,0.2
30593,12189,5,3,0
30594,12189,17,2,0.2
30595,12190,18,2,0
30596,12190,12,3,0.15
30597,12191,24,3,0.15
30598,12191,10,1,0.15
30599,12192,8,3,0.1
30600,12192,14,1,0.1
30601,12192,11,1,0.15
30602,12193,9,3,0.1
30603,12194,11,3,0.15
30604,12194,13,2,0.1
30605,12194,12,1,0.2
30606,12195,1,1,0
30607,12196,5,2,0
30608,12196,20,3,0.1
30609,12197,17,3,0
30610,12197,14,1,0.1
30611,12197,3,3,0.1
30612,12197,20,1,0
30613,12198,18,3,0.1
30614,12198,18,2,0
30615,12199,13,3,0.2
30616,12199,11,2,0.1
30617,12199,13,1,0.2
30618,12200,13,2,0.15
30619,12201,12,3,0.15
30620,12201,16,1,0
30621,12202,23,1,0.1
30622,12202,22,3,0
30623,12202,11,1,0
30624,12203,19,2,0.1
30625,12204,14,2,0.1
30626,12204,4,3,0.15
30627,12204,8,2,0
30628,12204,6,1,0.2
30629,12205,14,2,0
30630,12206,2,3,0
30631,12206,13,3,0.15
30632,12206,5,3,0.2
30633,12207,2,2,0
30634,12207,6,1,0.15
30635,12207,9,2,0.15
30636,12208,2,3,0
30637,12208,13,1,0.15
30638,12208,13,3,0
30639,12208,12,2,0.1
30640,12209,15,2,0
30641,12209,21,2,0.1
30642,12210,14,2,0
30643,12210,17,2,0
30644,12211,20,2,0.15
30645,12211,1,1,0.15
30646,12211,13,2,0
30647,12212,24,2,0
30648,12213,10,2,0.15
30649,12213,5,3,0
30650,12213,2,3,0.15
30651,12214,1,3,0.1
30652,12214,15,1,0.2
30653,12214,7,2,0
30654,12215,5,1,0.15
30655,12215,9,1,0
30656,12216,18,1,0.1
30657,12216,10,3,0
30658,12216,5,3,0
30659,12216,15,1,0
30660,12217,12,3,0
30661,12217,14,2,0.2
30662,12218,7,3,0
30663,12218,3,2,0.1
30664,12218,10,1,0
30665,12219,16,3,0
30666,12219,23,3,0.2
30667,12219,18,3,0
30668,12220,15,3,0
30669,12220,1,1,0.1
30670,12220,7,1,0
30671,12221,19,2,0
30672,12222,6,1,0
30673,12223,8,1,0.2
30674,12223,14,2,0
30675,12223,23,2,0
30676,12223,8,1,0
30677,12224,2,1,0
30678,12224,5,3,0
30679,12225,15,3,0.2
30680,12226,19,1,0
30681,12226,7,3,0
30682,12226,10,1,0
30683,12227,2,3,0.15
30684,12228,16,1,0
30685,12228,14,3,0
30686,12228,10,2,0
30687,12229,6,3,0.15
30688,12230,5,3,0.15
30689,12230,11,3,0
30690,12230,6,2,0
30691,12230,14,1,0
30692,12231,17,1,0.15
30693,12231,23,2,0.2
30694,12232,6,1,0
30695,12232,14,3,0
30696,12232,19,3,0
30697,12233,21,2,0.15
30698,12234,3,3,0
30699,12234,14,3,0.15
30700,12234,6,3,0
30701,12234,7,3,0.1
30702,12235,8,3,0.2
30703,12235,4,2,0
30704,12235,6,1,0.15
30705,12236,23,1,0.15
30706,12236,20,2,0
30707,12237,11,1,0.1
30708,12237,17,3,0
30709,12238,13,3,0.15
30710,12238,6,3,0.2
30711,12238,12,1,0.1
30712,12238,17,2,0.2
30713,12239,18,1,0.2
30714,12239,17,1,0
30715,12239,10,3,0.1
30716,12240,6,1,0.15
30717,12240,5,3,0.15
30718,12241,2,1,0
30719,12242,20,2,0.1
30720,12243,1,1,0
30721,12244,8,1,0.15
30722,12245,23,1,0
30723,12245,15,3,0.2
30724,12246,22,2,0
30725,12246,3,2,0.2
30726,12247,5,3,0
30727,12247,13,3,0
30728,12247,10,2,0.15
30729,12248,17,1,0.2
30730,12249,11,3,0
30731,12249,4,3,0
30732,12249,20,3,0.1
30733,12249,4,3,0.15
30734,12250,8,2,0
30735,12251,16,1,0
30736,12251,1,1,0
30737,12251,14,3,0
30738,12251,14,2,0.2
30739,12252,14,2,0.2
30740,12252,24,1,0.2
30741,12252,10,3,0
30742,12253,4,3,0
30743,12254,14,2,0.2
30744,12254,5,3,0.15
30745,12254,22,3,0
30746,12254,6,3,0.1
30747,12255,9,1,0
30748,12255,8,2,0.15
30749,12255,20,3,0.1
30750,12256,3,3,0
30751,12256,6,1,0
30752,12257,19,1,0
30753,12258,17,2,0
30754,12258,2,1,0
30755,12259,8,2,0.2
30756,12259,7,3,0.2
30757,12259,19,2,0.1
30758,12259,1,2,0.15
30759,12260,17,3,0
30760,12260,19,1,0
30761,12260,20,1,0
30762,12261,6,1,0.1
30763,12261,3,3,0.1
30764,12261,24,1,0.2
30765,12262,22,1,0
30766,12263,1,1,0
30767,12263,20,1,0.1
30768,12263,12,2,0
30769,12264,9,1,0.2
30770,12264,14,1,0.2
30771,12264,12,2,0.1
30772,12265,16,1,0.2
30773,12265,17,2,0
30774,12265,3,3,0.15
30775,12266,14,3,0.1
30776,12267,24,3,0
30777,12267,16,2,0
30778,12267,13,3,0
30779,12268,21,2,0
30780,12269,11,3,0
30781,12270,11,1,0.2
30782,12271,11,2,0.15
30783,12271,13,1,0
30784,12271,15,3,0
30785,12271,12,1,0
30786,12272,6,2,0
30787,12272,3,3,0
30788,12273,13,3,0
30789,12273,13,1,0.15
30790,12274,16,3,0
30791,12275,23,2,0.1
30792,12275,24,1,0.2
30793,12275,15,3,0.2
30794,12275,5,2,0
30795,12276,15,1,0.15
30796,12277,4,3,0.1
30797,12277,24,1,0
30798,12278,8,2,0.1
30799,12278,4,1,0
30800,12278,13,1,0.15
30801,12278,9,3,0
30802,12279,21,1,0.1
30803,12280,22,3,0.15
30804,12280,21,2,0
30805,12280,17,1,0.15
30806,12281,20,2,0.2
30807,12281,12,3,0
30808,12281,3,1,0.1
30809,12281,22,3,0
30810,12282,3,2,0
30811,12282,21,1,0.1
30812,12282,19,2,0
30813,12282,17,3,0.1
30814,12283,1,2,0.2
30815,12284,9,3,0.15
30816,12284,19,3,0
30817,12285,6,3,0.15
30818,12286,22,2,0
30819,12286,10,3,0.15
30820,12286,7,2,0
30821,12286,11,2,0.1
30822,12287,9,1,0
30823,12288,17,2,0.1
30824,12289,11,2,0.15
30825,12290,12,2,0.15
30826,12291,13,3,0
30827,12291,24,3,0
30828,12292,22,1,0.15
30829,12293,14,1,0
30830,12294,17,1,0
30831,12294,17,3,0.15
30832,12294,1,3,0.1
30833,12294,5,1,0
30834,12295,18,1,0
30835,12295,1,2,0
30836,12295,10,3,0
30837,12295,12,1,0
30838,12296,10,1,0
30839,12296,2,1,0
30840,12296,12,1,0
30841,12296,10,2,0.2
30842,12297,15,1,0.1
30843,12298,24,1,0.1
30844,12298,16,3,0
30845,12299,21,1,0.15
30846,12299,4,1,0
30847,12299,11,2,0.1
30848,12299,15,1,0.15
30849,12300,9,1,0.1
30850,12300,8,2,0.1
30851,12300,12,2,0.15
30852,12300,9,1,0.15
30853,12301,4,1,0.2
30854,12302,6,2,0.1
30855,12302,1,1,0
30856,12302,5,3,0.2
30857,12302,1,3,0
30858,12303,13,1,0
30859,12304,20,1,0.15
30860,12305,20,1,0.15
30861,12305,15,2,0
30862,12305,21,2,0.1
30863,12305,9,3,0.1
30864,12306,11,3,0
30865,12307,24,1,0.2
30866,12307,10,3,0.2
30867,12308,21,3,0.15
30868,12308,23,3,0
30869,12309,2,1,0.2
30870,12309,15,1,0.15
30871,12309,6,2,0.2
30872,12310,21,1,0
30873,12311,7,3,0.15
30874,12311,18,1,0.15
30875,12311,12,3,0
30876,12312,14,2,0.2
30877,12312,1,2,0
30878,12313,3,3,0
30879,12313,2,2,0.15
30880,12313,9,1,0
30881,12314,6,2,0.1
30882,12314,23,2,0
30883,12314,10,3,0
30884,12315,20,2,0.1
30885,12315,13,1,0.2
30886,12315,14,1,0.1
30887,12315,20,1,0
30888,12316,8,2,0.1
30889,12316,15,2,0.1
30890,12316,1,1,0
30891,12317,17,2,0.15
30892,12317,3,2,0
30893,12317,18,2,0
30894,12318,2,1,0
30895,12319,2,2,0
30896,12319,15,2,0.1
30897,12320,6,1,0
30898,12320,24,2,0.1
30899,12321,12,2,0.15
30900,12322,24,1,0
30901,12322,10,1,0
30902,12322,12,1,0
30903,12323,7,3,0.2
30904,12324,19,2,0.2
30905,12324,22,2,0.2
30906,12325,15,3,0.15
30907,12325,24,2,0
30908,12325,4,1,0
30909,12325,11,1,0.1
30910,12326,24,2,0
30911,12327,7,3,0
30912,12327,3,3,0.2
30913,12328,20,1,0
30914,12329,13,3,0.1
30915,12329,17,2,0.1
30916,12329,19,3,0
30917,12330,9,2,0.2
30918,12330,21,2,0.15
30919,12330,22,3,0
30920,12330,5,2,0.15
30921,12331,18,1,0.2
30922,12332,19,1,0.1
30923,12333,20,2,0.1
30924,12333,9,1,0.1
30925,12334,18,2,0.2
30926,12334,16,1,0
30927,12334,1,2,0.1
30928,12334,10,1,0.2
30929,12335,5,3,0
30930,12335,21,3,0.1
30931,12335,21,3,0.2
30932,12336,1,1,0
30933,12336,23,2,0.1
30934,12337,11,1,0.15
30935,12337,19,1,0
30936,12337,23,2,0
30937,12337,22,3,0
30938,12338,18,2,0.2
30939,12338,6,1,0.15
30940,12338,14,2,0.1
30941,12339,23,1,0.15
30942,12340,23,2,0.2
30943,12340,9,1,0
30944,12341,4,2,0.1
30945,12341,11,3,0
30946,12341,12,1,0
30947,12342,4,1,0
30948,12343,2,1,0.1
30949,12343,23,1,0
30950,12343,22,3,0
30951,12343,4,3,0.2
30952,12344,20,1,0.1
30953,12344,24,2,0
30954,12344,22,3,0.1
30955,12345,19,3,0.15
30956,12345,13,3,0
30957,12346,22,2,0
30958,12346,6,3,0.2
30959,12347,17,2,0.15
30960,12347,2,1,0
30961,12348,7,3,0.1
30962,12348,12,1,0
30963,12348,8,2,0.15
30964,12348,22,1,0.2
30965,12349,4,1,0
30966,12349,11,3,0
30967,12349,4,3,0.2
30968,12349,6,3,0
30969,12350,23,2,0.2
30970,12350,14,3,0.2
30971,12350,24,3,0
30972,12350,8,1,0
30973,12351,22,1,0
30974,12352,4,2,0
30975,12352,1,3,0.2
30976,12353,1,1,0.1
30977,12354,5,2,0.15
30978,12354,22,1,0
30979,12355,7,1,0
30980,12355,7,2,0.15
30981,12355,7,2,0
30982,12355,1,2,0
30983,12356,11,2,0.15
30984,12357,9,1,0.15
30985,12357,3,2,0.15
30986,12357,3,1,0.1
30987,12357,20,3,0.15
30988,12358,7,3,0
30989,12359,8,3,0
30990,12359,15,1,0
30991,12359,9,1,0.1
30992,12360,22,3,0.2
30993,12360,4,2,0.1
30994,12360,5,2,0.15
30995,12360,23,2,0.1
30996,12361,15,1,0.2
30997,12361,7,3,0
30998,12362,15,2,0
30999,12362,17,2,0.1
31000,12362,21,3,0
31001,12363,1,1,0
31002,12364,8,1,0
31003,12364,3,1,0.1
31004,12364,6,3,0.1
31005,12365,1,1,0.15
31006,12366,19,1,0.2
31007,12366,15,2,0
31008,12366,6,3,0.15
31009,12366,22,3,0.2
31010,12367,14,1,0
31011,12367,16,1,0.1
31012,12367,2,2,0.2
31013,12367,12,2,0.15
31014,12368,17,2,0.15
31015,12368,22,1,0
31016,12368,12,1,0
31017,12369,21,3,0
31018,12369,1,2,0
31019,12369,19,1,0
31020,12370,6,1,0.2
31021,12370,10,1,0.2
31022,12371,15,3,0.15
31023,12371,12,1,0.1
31024,12371,2,1,0.2
31025,12371,12,2,0.1
31026,12372,20,3,0.2
31027,12372,12,2,0
31028,12372,10,3,0.2
31029,12373,10,1,0
31030,12374,7,3,0.15
31031,12375,2,3,0
31032,12375,1,1,0
31033,12376,3,3,0.2
31034,12377,7,3,0.2
31035,12377,19,3,0.15
31036,12377,12,1,0.2
31037,12378,21,1,0
31038,12378,2,2,0.1
31039,12378,7,1,0.15
31040,12378,7,2,0.2
31041,12379,11,1,0
31042,12379,15,1,0
31043,12379,18,2,0
31044,12380,2,2,0.15
31045,12380,6,1,0
31046,12380,15,3,0.1
31047,12381,19,2,0
31048,12381,17,3,0.15
31049,12382,10,1,0
31050,12382,13,3,0
31051,12383,21,2,0.2
31052,12383,8,1,0.1
31053,12384,4,3,0.15
31054,12384,23,2,0
31055,12385,2,2,0
31056,12385,13,3,0
31057,12385,21,1,0
31058,12385,16,2,0
31059,12386,24,3,0.1
31060,12386,8,2,0.15
31061,12386,12,1,0
31062,12387,10,3,0.1
31063,12387,24,3,0
31064,12387,18,3,0
31065,12387,20,2,0
31066,12388,17,2,0.1
31067,12388,2,2,0.15
31068,12388,14,1,0.2
31069,12389,3,3,0.15
31070,12390,16,2,0.15
31071,12390,4,3,0
31072,12390,24,3,0
31073,12390,13,1,0
31074,12391,8,1,0
31075,12391,18,3,0.2
31076,12391,18,3,0
31077,12391,4,3,0
31078,12392,2,2,0
31079,12392,24,1,0
31080,12392,19,3,0
31081,12393,5,1,0.1
31082,12394,3,1,0
31083,12394,17,3,0.2
31084,12395,11,2,0.15
31085,12396,11,2,0.2
31086,12396,1,2,0.1
31087,12396,21,1,0
31088,12396,4,2,0
31089,12397,14,1,0.1
31090,12397,2,2,0
31091,12398,2,1,0.2
31092,12398,8,3,0.15
31093,12398,4,3,0.1
31094,12399,24,1,0
31095,12399,2,3,0
31096,12400,13,3,0
31097,12400,9,3,0
31098,12400,2,1,0.2
31099,12400,24,2,0
31100,12401,7,3,0.2
31101,12401,21,2,0
31102,12402,14,2,0.15
31103,12403,15,2,0
31104,12404,19,1,0
31105,12404,12,3,0.2
31106,12405,23,2,0.1
31107,12406,24,2,0
31108,12406,22,1,0.15
31109,12406,4,1,0.1
31110,12407,9,3,0.2
31111,12407,4,1,0.2
31112,12407,10,2,0.15
31113,12407,5,3,0
31114,12408,11,2,0
31115,12409,12,3,0
31116,12409,11,3,0
31117,12409,14,3,0.15
31118,12409,23,2,0
31119,12410,23,2,0.1
31120,12410,1,2,0
31121,12410,24,2,0
31122,12410,20,3,0.1
31123,12411,23,3,0
31124,12411,8,3,0
31125,12411,13,1,0
31126,12412,4,2,0
31127,12412,6,3,0.15
31128,12412,11,1,0
31129,12413,17,2,0.1
31130,12413,11,1,0
31131,12413,5,3,0
31132,12414,15,1,0.1
31133,12414,6,1,0.15
31134,12415,9,3,0
31135,12416,15,1,0
31136,12417,12,2,0
31137,12417,15,1,0
31138,12417,9,3,0
31139,12418,16,1,0.2
31140,12418,20,3,0
31141,12419,10,3,0.15
31142,12419,12,1,0.1
31143,12420,7,1,0
31144,12420,24,1,0.2
31145,12420,8,1,0
31146,12421,7,2,0.15
31147,12421,15,3,0.2
31148,12421,19,1,0.2
31149,12421,9,2,0.2
31150,12422,20,2,0
31151,12422,23,1,0.1
31152,12422,2,3,0.2
31153,12422,22,2,0
31154,12423,21,3,0.1
31155,12423,23,1,0
31156,12424,11,2,0.2
31157,12424,7,1,0.15
31158,12425,13,3,0
31159,12425,3,3,0.2
31160,12426,19,3,0.2
31161,12426,20,3,0
31162,12426,17,1,0.15
31163,12426,15,1,0.1
31164,12427,16,2,0.15
31165,12427,20,1,0
31166,12428,1,3,0
31167,12428,6,2,0.15
31168,12429,4,1,0.2
31169,12429,1,2,0.2
31170,12429,23,2,0.1
31171,12430,15,2,0
31172,12431,6,1,0.1
31173,12431,21,2,0
31174,12431,13,2,0
31175,12431,14,3,0.1
31176,12432,1,2,0.2
31177,12432,2,1,0.15
31178,12432,14,3,0
31179,12433,16,2,0.1
31180,12434,4,2,0.15
31181,12434,4,3,0.2
31182,12434,12,1,0
31183,12435,23,2,0
31184,12435,2,3,0
31185,12435,20,3,0
31186,12436,24,3,0
31187,12436,12,1,0.1
31188,12436,8,3,0.2
31189,12437,5,2,0.1
31190,12437,5,1,0.2
31191,12438,23,3,0.1
31192,12438,15,3,0.1
31193,12438,21,2,0
31194,12438,14,2,0.15
31195,12439,18,3,0
31196,12440,14,1,0
31197,12440,2,2,0.1
31198,12440,5,1,0
31199,12440,19,2,0.15
31200,12441,20,2,0.15
31201,12441,14,2,0
31202,12441,13,1,0
31203,12441,11,1,0
31204,12442,16,2,0.2
31205,12442,23,3,0.15
31206,12442,1,2,0
31207,12443,7,3,0.2
31208,12444,12,3,0
31209,12444,8,1,0.1
31210,12444,20,3,0
31211,12444,8,2,0
31212,12445,12,1,0.1
31213,12445,22,3,0.15
31214,12446,8,2,0
31215,12447,9,1,0.15
31216,12448,4,3,0
31217,12449,7,3,0
31218,12449,2,1,0.15
31219,12450,16,1,0.2
31220,12450,18,1,0
31221,12450,14,3,0
31222,12451,7,3,0.1
31223,12451,18,1,0
31224,12451,21,3,0.15
31225,12451,8,1,0
31226,12452,6,3,0
31227,12452,12,2,0
31228,12452,13,2,0.2
31229,12452,20,2,0
31230,12453,1,3,0.1
31231,12453,6,2,0
31232,12453,10,1,0
31233,12454,24,1,0
31234,12454,9,2,0
31235,12455,8,1,0.2
31236,12455,20,2,0
31237,12456,18,2,0.2
31238,12457,16,2,0.15
31239,12457,23,1,0.15
31240,12457,1,1,0.2
31241,12458,22,2,0
31242,12458,15,1,0
31243,12458,15,2,0
31244,12459,18,1,0
31245,12460,6,2,0.1
31246,12460,21,2,0.2
31247,12460,23,3,0.15
31248,12460,23,1,0
31249,12461,6,3,0
31250,12462,9,1,0
31251,12463,16,3,0.2
31252,12463,15,3,0.1
31253,12463,6,3,0.15
31254,12463,13,3,0
31255,12464,20,2,0
31256,12464,10,2,0
31257,12464,21,2,0.2
31258,12464,4,3,0
31259,12465,14,2,0
31260,12465,3,3,0
31261,12466,22,1,0
31262,12466,16,2,0.15
31263,12466,1,1,0.1
31264,12466,6,2,0.15
31265,12467,12,3,0.1
31266,12467,19,1,0
31267,12467,7,3,0
31268,12467,8,1,0
31269,12468,18,2,0.1
31270,12468,2,3,0.15
31271,12468,21,1,0.1
31272,12469,3,2,0
31273,12469,13,3,0
31274,12469,10,3,0.1
31275,12470,21,3,0.2
31276,12470,4,1,0
31277,12470,15,2,0.1
31278,12470,8,1,0
31279,12471,10,2,0.2
31280,12471,4,2,0
31281,12471,13,1,0.1
31282,12472,21,1,0.2
31283,12473,22,3,0.1
31284,12473,14,3,0
31285,12474,1,1,0
31286,12474,6,1,0
31287,12474,17,1,0
31288,12474,20,3,0.15
31289,12475,15,1,0.1
31290,12475,1,1,0
31291,12475,21,1,0
31292,12476,24,3,0.15
31293,12476,10,3,0.15
31294,12476,9,3,0
31295,12477,6,2,0
31296,12477,6,3,0
31297,12478,1,3,0.2
31298,12479,5,3,0
31299,12479,7,3,0.15
31300,12480,3,2,0.2
31301,12480,15,1,0.1
31302,12480,13,1,0
31303,12481,16,3,0.15
31304,12481,20,3,0.1
31305,12482,6,2,0
31306,12482,9,3,0
31307,12482,1,1,0.1
31308,12483,23,2,0
31309,12483,11,3,0.2
31310,12483,22,3,0.2
31311,12483,11,1,0.15
31312,12484,4,2,0
31313,12485,5,2,0
31314,12485,19,2,0
31315,12485,2,2,0
31316,12485,17,3,0
31317,12486,8,2,0.15
31318,12487,6,3,0
31319,12487,10,1,0.2
31320,12487,15,2,0.2
31321,12488,13,2,0
31322,12488,19,3,0.2
31323,12489,12,1,0.2
31324,12490,22,3,0
31325,12491,18,3,0
31326,12491,2,3,0
31327,12492,2,2,0
31328,12493,12,2,0.1
31329,12494,24,3,0.2
31330,12494,20,3,0.15
31331,12494,22,2,0.15
31332,12494,11,2,0.15
31333,12495,13,3,0.2
31334,12495,5,2,0.15
31335,12496,24,3,0
31336,12496,24,1,0
31337,12496,15,3,0.15
31338,12497,16,2,0
31339,12497,22,3,0.2
31340,12497,6,2,0
31341,12497,18,2,0
31342,12498,14,1,0.2
31343,12498,23,3,0
31344,12499,11,2,0.2
31345,12499,10,3,0.2
31346,12499,12,3,0
31347,12499,13,3,0
31348,12500,6,1,0
31349,12500,8,1,0
31350,12500,16,3,0.1
31351,12500,9,1,0.15
31352,12501,17,2,0
31353,12501,18,3,0.1
31354,12501,18,1,0
31355,12501,10,3,0
31356,12502,7,1,0.1
31357,12502,15,2,0.1
31358,12502,20,3,0.2
31359,12502,13,3,0
31360,12503,6,3,0
31361,12503,16,3,0
31362,12503,24,2,0
31363,12504,4,1,0
31364,12505,22,1,0.1
31365,12506,16,3,0
31366,12506,12,1,0.1
31367,12506,9,1,0.1
31368,12506,9,1,0
31369,12507,5,2,0.2
31370,12507,21,1,0
31371,12507,3,2,0.2
31372,12508,6,2,0
31373,12508,9,3,0
31374,12509,22,2,0.1
31375,12509,20,1,0.1
31376,12509,14,2,0
31377,12510,1,2,0
31378,12510,21,3,0
31379,12510,16,2,0
31380,12511,1,2,0.15
31381,12511,14,1,0.15
31382,12511,8,2,0.1
31383,12512,7,3,0.1
31384,12512,23,2,0
31385,12513,23,1,0.15
31386,12513,8,2,0.15
31387,12514,12,1,0
31388,12514,23,2,0
31389,12515,7,1,0.1
31390,12516,24,2,0.15
31391,12516,5,1,0.15
31392,12517,24,1,0
31393,12517,7,2,0
31394,12517,1,2,0
31395,12518,10,3,0
31396,12518,7,2,0
31397,12518,22,3,0.1
31398,12519,19,1,0.15
31399,12519,20,2,0
31400,12519,23,3,0.1
31401,12520,10,2,0.2
31402,12520,12,3,0.1
31403,12521,12,1,0.1
31404,12521,8,3,0.1
31405,12521,10,1,0
31406,12521,20,3,0
31407,12522,13,3,0
31408,12522,24,1,0
31409,12522,12,2,0.1
31410,12523,8,3,0.1
31411,12523,16,2,0.1
31412,12524,9,1,0
31413,12524,12,2,0.1
31414,12524,9,2,0
31415,12525,10,3,0.15
31416,12525,24,1,0
31417,12525,19,1,0.15
31418,12525,23,1,0
31419,12526,13,2,0.1
31420,12526,20,3,0
31421,12527,11,2,0
31422,12528,2,2,0.15
31423,12529,23,2,0.15
31424,12529,11,1,0.15
31425,12530,23,2,0.2
31426,12530,19,1,0
31427,12530,11,2,0.1
31428,12530,11,3,0.2
31429,12531,18,2,0.2
31430,12532,1,3,0
31431,12532,5,3,0.2
31432,12532,20,2,0
31433,12532,16,2,0.1
31434,12533,13,1,0
31435,12534,21,1,0.1
31436,12534,18,1,0.1
31437,12534,4,3,0.2
31438,12534,20,3,0.2
31439,12535,6,1,0.1
31440,12535,18,2,0
31441,12535,14,2,0
31442,12536,16,1,0
31443,12536,11,3,0.15
31444,12537,12,1,0.15
31445,12537,16,1,0
31446,12538,12,2,0.15
31447,12538,16,1,0
31448,12538,1,1,0
31449,12538,13,3,0.2
31450,12539,2,2,0.1
31451,12539,13,1,0
31452,12540,18,2,0
31453,12541,5,2,0
31454,12541,1,3,0.1
31455,12542,9,2,0.2
31456,12542,21,1,0.1
31457,12542,8,1,0
31458,12542,9,2,0.15
31459,12543,8,1,0
31460,12543,15,2,0
31461,12543,22,1,0
31462,12544,17,3,0.1
31463,12545,24,3,0
31464,12545,20,1,0
31465,12545,10,2,0.2
31466,12546,9,3,0.1
31467,12546,6,2,0.15
31468,12546,19,2,0
31469,12546,20,2,0.2
31470,12547,11,1,0.1
31471,12547,17,2,0
31472,12547,3,3,0
31473,12547,11,3,0.15
31474,12548,22,1,0
31475,12548,5,3,0.15
31476,12549,5,3,0.15
31477,12550,6,2,0
31478,12551,2,2,0
31479,12552,2,1,0
31480,12552,15,2,0
31481,12552,23,1,0.15
31482,12552,14,1,0.2
31483,12553,17,1,0
31484,12554,1,2,0
31485,12554,16,2,0
31486,12555,8,1,0.2
31487,12555,13,1,0
31488,12555,1,3,0.2
31489,12556,13,3,0
31490,12556,6,1,0.1
31491,12556,16,3,0.15
31492,12557,4,1,0.1
31493,12557,17,1,0.15
31494,12557,2,1,0.15
31495,12558,21,1,0.2
31496,12558,21,1,0
31497,12558,24,3,0.2
31498,12559,6,3,0
31499,12559,15,3,0.1
31500,12559,22,2,0.1
31501,12560,9,3,0
31502,12560,2,3,0.1
31503,12560,4,3,0.2
31504,12561,8,1,0
31505,12561,5,1,0.2
31506,12561,10,2,0.1
31507,12562,19,1,0.1
31508,12562,11,1,0
31509,12562,12,3,0.15
31510,12562,10,2,0.2
31511,12563,23,1,0.1
31512,12563,13,2,0
31513,12563,19,2,0
31514,12564,7,1,0.2
31515,12564,17,1,0.15
31516,12564,24,2,0.15
31517,12565,21,2,0
31518,12565,10,1,0.15
31519,12565,5,2,0.1
31520,12566,8,3,0.1
31521,12567,13,1,0.15
31522,12568,13,2,0
31523,12568,20,1,0.1
31524,12569,6,1,0
31525,12570,1,3,0.2
31526,12571,3,3,0
31527,12571,19,3,0
31528,12571,13,1,0.2
31529,12572,16,1,0.15
31530,12572,6,2,0.2
31531,12572,6,1,0.1
31532,12572,8,3,0
31533,12573,19,2,0
31534,12573,17,3,0.2
31535,12573,18,2,0.2
31536,12573,24,1,0
31537,12574,17,3,0
31538,12574,24,2,0
31539,12574,24,2,0
31540,12574,13,3,0.1
31541,12575,22,1,0
31542,12575,8,3,0.1
31543,12575,1,2,0.15
31544,12575,24,1,0
31545,12576,6,3,0
31546,12576,17,2,0
31547,12576,24,2,0.15
31548,12577,18,2,0.2
31549,12577,21,2,0
31550,12577,16,1,0
31551,12578,24,3,0
31552,12578,13,1,0
31553,12578,9,3,0.15
31554,12579,8,1,0.2
31555,12579,14,3,0.2
31556,12579,1,2,0.15
31557,12579,20,3,0.15
31558,12580,11,1,0
31559,12580,10,1,0
31560,12580,17,3,0.2
31561,12581,4,1,0
31562,12582,7,2,0.15
31563,12582,18,3,0
31564,12582,14,3,0
31565,12583,6,2,0.2
31566,12583,2,3,0.2
31567,12583,4,1,0
31568,12583,16,2,0.2
31569,12584,2,2,0
31570,12584,8,3,0.1
31571,12585,22,2,0.15
31572,12586,18,2,0.1
31573,12586,3,2,0
31574,12586,16,3,0.15
31575,12587,4,2,0.2
31576,12587,2,3,0
31577,12588,24,1,0.1
31578,12588,1,1,0
31579,12589,6,2,0.1
31580,12589,2,3,0
31581,12590,5,3,0.1
31582,12591,13,2,0.2
31583,12591,2,1,0
31584,12591,22,3,0
31585,12592,7,3,0.15
31586,12592,24,3,0.15
31587,12592,2,2,0.2
31588,12593,13,1,0
31589,12593,1,3,0.15
31590,12594,15,2,0
31591,12594,1,2,0.1
31592,12594,1,2,0
31593,12594,16,1,0
31594,12595,16,2,0.2
31595,12595,20,1,0
31596,12595,2,2,0
31597,12595,10,3,0.15
31598,12596,18,3,0
31599,12596,12,3,0.1
31600,12596,3,3,0
31601,12596,2,2,0.1
31602,12597,13,3,0
31603,12597,17,1,0
31604,12597,3,1,0
31605,12597,23,2,0.2
31606,12598,22,2,0
31607,12598,12,1,0.15
31608,12599,3,1,0
31609,12599,16,1,0.15
31610,12600,24,2,0
31611,12600,20,1,0
31612,12600,3,3,0.2
31613,12600,10,2,0
31614,12601,9,3,0
31615,12601,3,1,0
31616,12602,5,3,0.2
31617,12602,9,3,0
31618,12602,9,3,0
31619,12602,3,1,0.15
31620,12603,5,1,0.15
31621,12604,3,2,0.15
31622,12604,4,2,0.1
31623,12604,20,3,0.1
31624,12605,4,2,0.1
31625,12606,21,2,0.15
31626,12607,10,3,0.15
31627,12607,19,3,0.15
31628,12607,11,3,0
31629,12607,12,2,0.2
31630,12608,11,2,0
31631,12609,4,2,0.1
31632,12609,22,2,0.15
31633,12609,21,1,0.1
31634,12609,3,2,0.15
31635,12610,24,1,0.15
31636,12610,18,1,0.2
31637,12610,15,1,0
31638,12611,4,1,0
31639,12611,19,3,0
31640,12612,3,1,0
31641,12612,13,1,0.15
31642,12612,17,3,0.2
31643,12613,4,3,0.2
31644,12613,1,3,0
31645,12613,6,1,0
31646,12614,20,2,0.2
31647,12615,17,2,0.15
31648,12615,7,1,0
31649,12615,3,1,0
31650,12615,3,1,0.1
31651,12616,18,2,0
31652,12616,3,1,0
31653,12616,20,2,0.2
31654,12616,4,1,0.2
31655,12617,13,3,0.2
31656,12617,17,3,0
31657,12617,13,1,0
31658,12617,7,2,0
31659,12618,7,2,0.1
31660,12618,7,1,0
31661,12618,2,1,0
31662,12619,12,3,0.1
31663,12619,17,2,0.1
31664,12620,18,3,0
31665,12621,18,3,0.2
31666,12622,1,1,0
31667,12622,11,1,0
31668,12622,4,2,0.15
31669,12622,4,1,0.15
31670,12623,3,1,0
31671,12623,3,2,0
31672,12624,1,3,0
31673,12624,21,1,0
31674,12625,23,3,0
31675,12625,9,2,0
31676,12626,12,1,0.2
31677,12626,18,2,0.1
31678,12627,21,2,0.1
31679,12627,4,1,0.15
31680,12628,12,2,0
31681,12628,23,3,0
31682,12629,7,2,0
31683,12630,21,2,0
31684,12630,6,2,0
31685,12630,6,3,0.1
31686,12630,18,2,0
31687,12631,3,1,0.15
31688,12631,8,2,0.1
31689,12631,7,3,0
31690,12632,24,2,0.15
31691,12632,22,1,0
31692,12633,13,3,0.15
31693,12634,4,1,0.15
31694,12634,22,1,0
31695,12634,22,1,0
31696,12634,4,2,0.2
31697,12635,7,3,0.1
31698,12635,7,2,0
31699,12635,16,1,0
31700,12635,3,1,0
31701,12636,20,2,0.15
31702,12636,1,2,0
31703,12636,9,2,0.2
31704,12637,13,1,0
31705,12637,20,2,0
31706,12638,22,2,0.1
31707,12638,22,2,0.15
31708,12638,12,1,0
31709,12638,20,1,0
31710,12639,8,3,0.2
31711,12639,15,1,0
31712,12639,24,3,0
31713,12640,9,2,0.2
31714,12640,20,1,0
31715,12640,4,1,0
31716,12640,9,1,0
31717,12641,14,3,0.1
31718,12641,19,3,0.2
31719,12641,1,3,0
31720,12642,5,3,0
31721,12643,6,2,0.15
31722,12644,7,3,0.2
31723,12645,12,2,0
31724,12645,4,3,0
31725,12646,8,2,0.15
31726,12647,17,2,0.1
31727,12647,5,1,0
31728,12647,3,3,0.2
31729,12648,4,1,0.2
31730,12648,24,1,0
31731,12649,9,1,0.1
31732,12649,20,3,0.1
31733,12650,3,2,0.1
31734,12650,3,3,0.2
31735,12650,6,3,0
31736,12650,24,3,0
31737,12651,5,1,0
31738,12651,24,1,0
31739,12651,21,1,0
31740,12652,12,2,0
31741,12652,4,1,0.1
31742,12653,12,3,0.2
31743,12653,6,3,0.1
31744,12653,9,1,0.2
31745,12653,14,3,0.2
31746,12654,14,1,0
31747,12654,15,3,0
31748,12655,20,2,0
31749,12656,3,3,0
31750,12657,18,2,0
31751,12657,23,3,0.15
31752,12658,3,1,0.15
31753,12658,9,1,0.15
31754,12658,17,1,0.15
31755,12659,5,1,0.2
31756,12659,6,3,0.1
31757,12659,24,2,0.15
31758,12659,17,3,0
31759,12660,19,1,0
31760,12660,22,1,0
31761,12661,24,2,0
31762,12661,17,1,0
31763,12662,21,2,0.15
31764,12662,9,3,0
31765,12662,14,2,0.2
31766,12662,11,2,0
31767,12663,15,3,0
31768,12664,16,3,0
31769,12664,18,2,0.2
31770,12665,17,2,0
31771,12665,6,1,0
31772,12665,10,2,0.15
31773,12665,17,2,0
31774,12666,8,1,0.2
31775,12666,21,3,0.15
31776,12666,6,1,0
31777,12666,22,3,0
31778,12667,22,1,0
31779,12667,5,2,0
31780,12667,23,3,0
31781,12668,24,2,0.2
31782,12668,24,2,0.1
31783,12668,1,2,0
31784,12669,8,2,0.1
31785,12669,11,2,0
31786,12669,20,1,0.1
31787,12670,11,2,0.1
31788,12671,7,3,0.1
31789,12672,1,1,0
31790,12673,4,3,0
31791,12673,1,3,0
31792,12674,3,2,0.15
31793,12674,11,1,0.2
31794,12674,5,2,0.1
31795,12675,2,3,0
31796,12676,6,1,0
31797,12676,17,3,0
31798,12677,12,1,0.2
31799,12677,4,2,0
31800,12677,9,3,0.1
31801,12678,1,2,0
31802,12678,3,1,0
31803,12679,19,2,0.1
31804,12679,24,2,0
31805,12680,22,1,0
31806,12680,8,2,0.15
31807,12680,16,1,0.1
31808,12680,10,1,0.15
31809,12681,7,1,0.1
31810,12682,19,3,0.2
31811,12682,4,1,0
31812,12683,13,3,0
31813,12683,24,2,0
31814,12683,9,2,0.2
31815,12684,8,1,0
31816,12684,3,3,0
31817,12684,3,2,0.1
31818,12685,4,1,0
31819,12685,9,2,0
31820,12685,24,2,0.2
31821,12686,16,3,0
31822,12687,19,1,0
31823,12687,16,2,0.2
31824,12687,10,2,0.15
31825,12688,6,3,0
31826,12689,6,3,0
31827,12689,24,2,0.15
31828,12689,8,1,0.2
31829,12689,10,2,0.15
31830,12690,11,3,0.2
31831,12690,17,3,0.2
31832,12690,22,1,0
31833,12691,6,3,0
31834,12691,15,3,0.15
31835,12691,16,2,0.1
31836,12692,3,3,0.15
31837,12692,4,2,0
31838,12693,23,3,0
31839,12693,6,1,0
31840,12693,12,3,0
31841,12694,4,2,0
31842,12695,24,1,0
31843,12695,19,3,0
31844,12695,1,3,0.2
31845,12696,21,3,0
31846,12697,14,1,0.2
31847,12698,3,3,0
31848,12698,5,1,0.15
31849,12698,18,2,0.15
31850,12699,7,3,0
31851,12699,18,3,0
31852,12700,20,1,0.1
31853,12701,5,3,0
31854,12701,22,1,0
31855,12702,18,3,0.2
31856,12702,8,3,0.15
31857,12702,23,2,0.15
31858,12702,16,1,0.15
31859,12703,5,2,0
31860,12703,15,2,0.1
31861,12704,6,3,0
31862,12705,22,1,0.1
31863,12706,17,2,0.1
31864,12707,19,1,0
31865,12708,2,2,0.15
31866,12709,16,3,0.1
31867,12710,14,1,0.15
31868,12710,23,1,0.2
31869,12710,2,1,0.1
31870,12711,10,3,0.2
31871,12712,2,1,0
31872,12712,7,1,0.15
31873,12713,7,1,0
31874,12713,2,2,0.2
31875,12714,10,3,0.15
31876,12714,8,3,0.1
31877,12714,2,3,0
31878,12715,16,1,0
31879,12715,7,2,0
31880,12716,14,1,0.2
31881,12716,15,2,0
31882,12717,3,2,0.1
31883,12717,23,1,0
31884,12717,10,1,0
31885,12718,22,1,0.1
31886,12719,15,1,0
31887,12719,9,2,0
31888,12719,15,3,0
31889,12720,1,2,0
31890,12720,6,1,0.2
31891,12720,3,1,0.1
31892,12721,19,3,0.15
31893,12721,2,2,0.2
31894,12721,14,3,0.1
31895,12721,16,1,0
31896,12722,12,2,0
31897,12723,12,3,0
31898,12723,14,1,0
31899,12724,7,3,0.1
31900,12724,8,1,0
31901,12725,9,2,0
31902,12725,21,3,0
31903,12725,1,1,0.2
31904,12726,21,3,0.15
31905,12727,6,2,0
31906,12727,13,3,0
31907,12727,24,3,0
31908,12728,4,3,0.15
31909,12728,18,2,0.2
31910,12729,20,1,0
31911,12729,17,3,0
31912,12730,21,1,0
31913,12730,15,3,0
31914,12730,12,3,0.2
31915,12731,23,2,0.2
31916,12732,19,1,0
31917,12733,16,1,0.1
31918,12733,8,3,0
31919,12733,15,1,0
31920,12733,15,2,0.2
31921,12734,19,2,0
31922,12735,14,3,0
31923,12735,14,1,0.1
31924,12735,14,1,0
31925,12735,12,3,0.1
31926,12736,1,2,0.2
31927,12736,23,3,0
31928,12736,3,2,0
31929,12737,1,1,0
31930,12737,10,1,0.15
31931,12737,10,1,0.1
31932,12737,13,3,0
31933,12738,3,3,0.15
31934,12738,23,2,0
31935,12738,20,1,0
31936,12739,23,1,0
31937,12739,1,3,0
31938,12739,20,1,0.1
31939,12740,20,1,0.2
31940,12740,13,1,0.2
31941,12740,10,3,0.1
31942,12741,22,1,0.15
31943,12741,17,1,0
31944,12741,3,2,0.15
31945,12741,6,1,0
31946,12742,6,2,0.2
31947,12742,12,1,0
31948,12743,12,3,0.2
31949,12744,20,1,0
31950,12744,8,1,0
31951,12745,18,3,0.2
31952,12745,4,3,0
31953,12745,12,1,0.15
31954,12746,22,3,0
31955,12746,8,2,0
31956,12746,21,1,0
31957,12747,19,2,0
31958,12748,3,1,0
31959,12748,6,2,0
31960,12748,11,3,0
31961,12749,3,1,0.15
31962,12750,20,1,0.1
31963,12750,2,1,0.2
31964,12750,7,3,0.1
31965,12750,18,3,0
31966,12751,3,1,0
31967,12751,18,2,0
31968,12751,4,1,0.2
31969,12752,17,3,0.15
31970,12753,24,1,0.2
31971,12753,2,2,0.15
31972,12754,21,3,0
31973,12754,19,1,0.1
31974,12754,5,2,0.2
31975,12755,9,2,0.15
31976,12756,10,3,0.1
31977,12757,10,1,0.15
31978,12757,14,1,0.15
31979,12757,19,1,0
31980,12757,10,2,0.1
31981,12758,21,2,0
31982,12758,1,1,0
31983,12758,23,3,0.2
31984,12759,8,2,0.1
31985,12759,14,3,0.2
31986,12760,22,2,0
31987,12760,12,2,0.2
31988,12760,22,2,0.1
31989,12760,15,1,0.1
31990,12761,10,1,0.2
31991,12762,12,3,0.2
31992,12762,9,1,0.2
31993,12763,7,1,0
31994,12764,15,3,0.1
31995,12764,7,2,0
31996,12764,15,1,0.2
31997,12764,4,2,0.2
31998,12765,8,1,0
31999,12765,3,2,0
32000,12765,12,2,0
32001,12765,20,3,0
32002,12766,8,2,0
32003,12766,1,1,0
32004,12767,20,1,0.2
32005,12767,17,3,0
32006,12768,22,3,0
32007,12768,17,2,0
32008,12769,5,3,0.15
32009,12769,9,2,0
32010,12769,5,3,0.1
32011,12769,23,2,0
32012,12770,6,1,0.1
32013,12770,7,1,0.2
32014,12771,3,1,0.15
32015,12771,3,1,0
32016,12771,9,1,0
32017,12772,22,3,0
32018,12772,22,3,0.1
32019,12772,22,2,0
32020,12773,15,3,0
32021,12773,14,1,0
32022,12774,5,3,0.15
32023,12774,15,3,0
32024,12774,13,3,0
32025,12775,3,2,0
32026,12775,4,2,0.1
32027,12776,14,3,0
32028,12776,16,2,0.15
32029,12777,23,1,0
32030,12777,21,3,0.1
32031,12778,8,3,0.15
32032,12779,4,1,0.2
32033,12779,24,3,0
32034,12780,16,2,0.2
32035,12781,12,3,0.1
32036,12781,18,1,0
32037,12781,11,1,0.2
32038,12781,8,2,0
32039,12782,3,2,0
32040,12782,8,2,0.2
32041,12783,3,1,0
32042,12783,7,3,0.1
32043,12784,23,2,0.1
32044,12785,5,3,0.15
32045,12786,24,2,0.15
32046,12786,15,3,0
32047,12787,13,3,0
32048,12787,2,2,0
32049,12787,9,3,0.1
32050,12787,4,2,0.2
32051,12788,16,3,0.15
32052,12788,21,1,0
32053,12788,14,3,0.1
32054,12788,8,1,0
32055,12789,8,2,0
32056,12790,19,2,0
32057,12790,6,3,0
32058,12790,15,2,0.15
32059,12791,7,2,0
32060,12791,19,2,0
32061,12791,1,3,0.1
32062,12791,8,3,0.15
32063,12792,13,1,0.15
32064,12793,19,2,0.2
32065,12793,10,2,0
32066,12793,15,3,0.15
32067,12793,12,1,0
32068,12794,7,2,0.1
32069,12794,18,3,0
32070,12794,20,1,0.2
32071,12794,9,2,0
32072,12795,19,2,0
32073,12796,16,1,0.1
32074,12796,21,3,0.2
32075,12796,21,1,0.1
32076,12797,10,3,0
32077,12798,17,3,0
32078,12798,22,1,0.15
32079,12798,24,2,0.15
32080,12799,17,1,0
32081,12799,24,3,0
32082,12799,5,2,0
32083,12800,7,3,0
32084,12800,6,3,0.15
32085,12801,13,2,0.15
32086,12801,4,2,0
32087,12801,6,2,0
32088,12802,20,1,0
32089,12802,10,3,0
32090,12802,17,3,0
32091,12803,9,1,0
32092,12804,16,2,0.1
32093,12805,8,3,0.2
32094,12805,23,1,0
32095,12805,2,1,0.1
32096,12806,21,3,0
32097,12806,24,2,0
32098,12806,5,3,0.1
32099,12806,16,3,0.2
32100,12807,4,1,0
32101,12808,3,1,0
32102,12808,19,3,0
32103,12809,20,2,0
32104,12810,5,2,0
32105,12810,4,3,0.1
32106,12810,2,2,0
32107,12811,12,3,0.2
32108,12812,22,2,0.1
32109,12812,23,1,0
32110,12812,12,1,0.2
32111,12813,12,3,0.1
32112,12813,5,2,0
32113,12813,18,2,0.1
32114,12813,14,2,0
32115,12814,23,2,0.2
32116,12814,2,1,0.1
32117,12814,22,1,0.15
32118,12815,1,2,0.15
32119,12815,13,3,0.1
32120,12815,5,3,0.1
32121,12816,2,1,0
32122,12816,12,2,0
32123,12816,3,3,0
32124,12817,19,2,0.15
32125,12817,6,2,0
32126,12818,10,2,0
32127,12818,18,1,0
32128,12818,19,2,0.2
32129,12818,14,1,0.1
32130,12819,16,3,0.1
32131,12819,21,3,0
32132,12819,24,2,0.1
32133,12820,13,3,0
32134,12820,6,3,0.2
32135,12821,12,1,0
32136,12821,9,2,0.15
32137,12822,8,1,0
32138,12822,23,1,0.15
32139,12823,16,1,0.1
32140,12823,7,3,0
32141,12823,13,3,0.1
32142,12824,5,2,0
32143,12824,9,1,0
32144,12824,5,3,0
32145,12825,13,2,0
32146,12825,16,2,0
32147,12826,13,3,0.1
32148,12827,8,1,0
32149,12828,8,1,0.2
32150,12828,1,2,0.1
32151,12828,23,3,0
32152,12829,6,3,0.15
32153,12829,3,2,0.15
32154,12829,16,2,0
32155,12829,17,2,0.15
32156,12830,10,3,0
32157,12830,22,1,0
32158,12831,16,2,0
32159,12831,2,3,0.2
32160,12831,17,2,0.1
32161,12832,15,1,0
32162,12833,21,2,0
32163,12833,3,3,0.15
32164,12834,9,3,0.1
32165,12834,8,2,0.1
32166,12834,22,2,0.1
32167,12835,18,3,0
32168,12835,22,2,0
32169,12836,17,2,0
32170,12836,5,2,0.2
32171,12836,22,3,0
32172,12836,20,3,0.15
32173,12837,19,3,0
32174,12837,1,2,0.2
32175,12837,8,3,0.2
32176,12838,14,1,0
32177,12839,16,2,0.1
32178,12839,14,2,0
32179,12839,11,2,0
32180,12840,2,3,0
32181,12841,9,2,0.1
32182,12841,16,3,0
32183,12841,8,2,0.2
32184,12842,20,2,0.1
32185,12842,7,2,0
32186,12842,16,1,0.15
32187,12842,20,3,0.2
32188,12843,9,3,0
32189,12843,22,2,0
32190,12843,7,3,0
32191,12844,8,1,0
32192,12844,11,1,0.2
32193,12844,23,2,0.15
32194,12845,6,2,0.15
32195,12846,15,1,0
32196,12846,1,3,0
32197,12847,14,1,0
32198,12847,2,1,0
32199,12847,16,2,0
32200,12847,10,3,0
32201,12848,4,3,0
32202,12848,18,2,0
32203,12848,22,2,0
32204,12849,22,3,0
32205,12849,13,3,0.15
32206,12850,6,3,0
32207,12850,22,2,0.2
32208,12850,6,3,0.15
32209,12851,6,2,0
32210,12851,14,1,0
32211,12851,3,2,0.2
32212,12852,2,3,0
32213,12852,24,2,0.15
32214,12852,13,1,0
32215,12852,6,2,0
32216,12853,10,2,0.1
32217,12853,6,2,0.1
32218,12853,10,3,0
32219,12853,12,2,0
32220,12854,24,1,0
32221,12855,18,2,0.15
32222,12855,23,1,0
32223,12855,19,1,0
32224,12855,13,1,0
32225,12856,10,1,0
32226,12857,23,3,0.2
32227,12857,20,1,0.1
32228,12857,17,2,0.2
32229,12858,8,2,0.1
32230,12858,1,2,0
32231,12858,24,1,0
32232,12859,6,3,0
32233,12860,12,1,0.2
32234,12860,2,2,0.2
32235,12860,13,1,0
32236,12861,10,2,0
32237,12861,15,1,0
32238,12862,19,2,0
32239,12863,7,2,0.15
32240,12863,5,3,0.1
32241,12863,16,3,0
32242,12863,18,3,0
32243,12864,5,3,0
32244,12865,12,3,0
32245,12865,10,2,0
32246,12866,2,3,0.2
32247,12866,15,2,0
32248,12867,5,1,0
32249,12868,14,2,0.1
32250,12868,5,3,0
32251,12869,17,2,0.1
32252,12869,12,3,0.2
32253,12869,16,2,0
32254,12869,24,2,0.15
32255,12870,15,2,0.1
32256,12870,14,2,0
32257,12870,22,1,0.15
32258,12871,10,2,0.1
32259,12871,3,3,0
32260,12871,2,3,0.1
32261,12871,16,3,0.2
32262,12872,13,1,0.1
32263,12872,22,2,0
32264,12873,12,3,0
32265,12873,21,1,0.1
32266,12874,7,3,0
32267,12875,19,2,0.1
32268,12875,6,2,0
32269,12875,3,1,0.15
32270,12876,4,3,0.15
32271,12877,12,2,0.2
32272,12877,23,1,0
32273,12877,4,1,0
32274,12878,17,3,0.2
32275,12878,13,3,0.2
32276,12878,10,1,0
32277,12879,15,2,0.2
32278,12880,21,1,0
32279,12880,8,1,0.2
32280,12880,3,3,0
32281,12880,18,3,0
32282,12881,9,2,0
32283,12881,20,1,0
32284,12882,5,1,0.2
32285,12882,14,3,0.1
32286,12883,5,3,0
32287,12883,22,2,0.1
32288,12884,23,3,0
32289,12885,22,3,0
32290,12886,19,1,0.15
32291,12886,22,2,0.15
32292,12886,3,3,0
32293,12887,18,3,0
32294,12887,23,1,0.2
32295,12887,6,2,0.15
32296,12887,21,2,0
32297,12888,21,3,0.2
32298,12888,7,3,0.15
32299,12888,5,3,0
32300,12889,1,1,0
32301,12889,23,1,0.1
32302,12889,8,2,0
32303,12890,15,3,0
32304,12891,2,1,0.2
32305,12891,10,2,0.2
32306,12891,2,1,0.15
32307,12891,16,1,0.2
32308,12892,4,3,0
32309,12892,10,1,0
32310,12892,16,3,0
32311,12893,24,1,0
32312,12894,8,1,0.1
32313,12894,21,1,0
32314,12895,6,2,0
32315,12895,20,3,0
32316,12895,24,2,0.1
32317,12896,20,1,0
32318,12897,12,1,0
32319,12898,18,3,0.2
32320,12898,23,3,0
32321,12898,9,1,0
32322,12898,4,2,0
32323,12899,6,3,0.1
32324,12899,13,3,0.15
32325,12899,12,2,0.1
32326,12900,9,3,0
32327,12900,22,3,0
32328,12900,1,1,0.15
32329,12900,15,3,0.15
32330,12901,10,3,0.1
32331,12901,17,3,0
32332,12901,11,2,0
32333,12901,14,1,0.1
32334,12902,13,2,0.2
32335,12902,12,2,0
32336,12902,5,3,0
32337,12902,20,3,0.1
32338,12903,6,1,0
32339,12903,13,1,0
32340,12903,16,3,0
32341,12904,6,2,0.1
32342,12904,17,2,0.15
32343,12905,23,2,0
32344,12905,21,3,0
32345,12906,22,1,0
32346,12906,24,1,0
32347,12907,3,2,0.15
32348,12908,18,2,0
32349,12909,9,3,0
32350,12909,3,3,0
32351,12909,5,3,0
32352,12909,19,3,0.15
32353,12910,12,1,0
32354,12911,15,1,0.1
32355,12911,11,2,0
32356,12912,1,3,0
32357,12912,2,1,0.15
32358,12912,12,3,0.15
32359,12913,24,1,0.2
32360,12914,21,1,0.1
32361,12914,13,3,0
32362,12914,2,3,0
32363,12915,9,2,0
32364,12915,1,2,0
32365,12915,15,3,0
32366,12915,14,1,0.15
32367,12916,20,1,0.15
32368,12916,19,1,0
32369,12916,16,3,0.15
32370,12916,22,1,0.15
32371,12917,23,2,0
32372,12917,5,1,0.15
32373,12917,4,3,0.15
32374,12918,24,2,0
32375,12919,6,1,0.2
32376,12920,17,3,0
32377,12921,1,1,0
32378,12922,7,3,0
32379,12922,24,3,0.2
32380,12922,14,2,0.2
32381,12923,5,2,0
32382,12924,8,1,0
32383,12924,18,2,0
32384,12925,21,1,0
32385,12925,22,2,0.15
32386,12926,11,2,0
32387,12926,11,1,0.15
32388,12926,24,3,0.1
32389,12927,20,3,0
32390,12927,2,1,0.2
32391,12927,16,2,0
32392,12927,21,2,0
32393,12928,5,3,0.1
32394,12928,5,3,0.15
32395,12929,11,3,0.2
32396,12929,18,3,0
32397,12929,23,3,0
32398,12929,9,3,0.1
32399,12930,12,3,0.1
32400,12930,16,3,0
32401,12930,5,1,0.2
32402,12931,13,2,0.15
32403,12932,7,3,0.2
32404,12932,7,2,0
32405,12932,18,1,0
32406,12933,1,1,0
32407,12933,15,3,0.1
32408,12934,18,3,0
32409,12934,18,1,0.15
32410,12935,9,3,0
32411,12935,3,1,0
32412,12935,7,3,0.15
32413,12935,14,2,0.1
32414,12936,9,3,0
32415,12936,22,2,0
32416,12936,5,1,0.1
32417,12937,15,3,0
32418,12937,13,2,0
32419,12937,16,3,0.1
32420,12937,10,1,0.15
32421,12938,3,2,0.1
32422,12938,11,3,0.2
32423,12938,16,3,0.2
32424,12938,21,3,0
32425,12939,2,3,0.1
32426,12939,1,1,0.2
32427,12939,20,3,0
32428,12940,8,2,0
32429,12940,12,2,0.2
32430,12941,5,2,0.1
32431,12941,13,2,0
32432,12941,16,1,0
32433,12941,18,2,0
32434,12942,19,1,0
32435,12943,19,2,0.1
32436,12943,16,3,0.2
32437,12943,1,2,0.1
32438,12943,18,1,0.1
32439,12944,12,1,0.15
32440,12944,6,1,0
32441,12944,3,2,0.1
32442,12944,10,3,0
32443,12945,12,3,0
32444,12945,18,3,0
32445,12946,7,2,0.15
32446,12946,11,1,0.2
32447,12947,23,2,0
32448,12947,14,3,0.2
32449,12947,24,2,0
32450,12947,6,1,0.15
32451,12948,23,2,0.1
32452,12949,23,3,0
32453,12950,6,2,0.15
32454,12950,2,1,0.2
32455,12950,24,2,0.2
32456,12950,10,2,0
32457,12951,3,1,0.2
32458,12951,15,3,0
32459,12951,7,2,0.2
32460,12952,13,2,0
32461,12953,1,2,0.15
32462,12953,23,2,0
32463,12953,13,2,0
32464,12953,3,1,0
32465,12954,3,3,0
32466,12954,21,1,0
32467,12954,9,2,0
32468,12955,11,2,0.2
32469,12955,12,3,0.2
32470,12955,8,2,0
32471,12955,17,3,0
32472,12956,15,1,0
32473,12956,13,2,0.2
32474,12957,24,1,0
32475,12958,10,2,0
32476,12958,13,1,0.2
32477,12959,22,3,0
32478,12959,14,2,0
32479,12959,4,1,0.1
32480,12959,17,2,0
32481,12960,1,2,0
32482,12960,21,1,0.15
32483,12960,4,2,0.1
32484,12960,15,2,0.15
32485,12961,22,1,0.2
32486,12961,7,2,0
32487,12962,23,1,0
32488,12962,18,3,0.2
32489,12962,3,2,0
32490,12962,19,2,0
32491,12963,16,1,0.2
32492,12963,10,2,0
32493,12963,1,3,0.1
32494,12963,10,3,0.2
32495,12964,18,3,0
32496,12964,8,2,0.15
32497,12964,24,3,0.1
32498,12964,12,3,0
32499,12965,18,1,0.1
32500,12965,2,2,0
32501,12965,17,3,0
32502,12966,4,2,0.1
32503,12966,2,2,0.2
32504,12966,7,3,0
32505,12966,12,1,0.15
32506,12967,5,2,0
32507,12968,9,2,0
32508,12968,5,1,0
32509,12968,13,2,0
32510,12969,11,1,0
32511,12969,14,2,0.2
32512,12969,7,3,0.2
32513,12969,18,2,0.2
32514,12970,9,3,0.1
32515,12971,2,1,0
32516,12971,6,1,0
32517,12972,15,2,0.15
32518,12972,12,2,0.15
32519,12973,3,1,0
32520,12974,14,1,0
32521,12974,17,1,0.15
32522,12975,24,1,0
32523,12975,5,2,0.1
32524,12975,16,1,0.2
32525,12975,13,1,0
32526,12976,10,3,0
32527,12976,9,3,0.15
32528,12976,14,3,0.15
32529,12976,24,2,0.2
32530,12977,17,2,0.2
32531,12977,22,3,0.15
32532,12978,12,2,0.2
32533,12978,17,1,0.1
32534,12978,7,1,0.1
32535,12978,18,3,0.1
32536,12979,19,1,0
32537,12979,5,3,0.2
32538,12980,4,1,0.2
32539,12980,13,2,0.1
32540,12980,1,3,0.15
32541,12981,1,2,0.15
32542,12982,13,2,0.1
32543,12982,3,1,0.15
32544,12983,1,1,0.1
32545,12983,23,1,0
32546,12984,5,3,0
32547,12984,19,1,0
32548,12985,2,1,0.1
32549,12986,2,3,0
32550,12986,24,3,0.2
32551,12987,7,3,0.2
32552,12988,5,3,0
32553,12988,24,3,0.2
32554,12989,22,3,0.2
32555,12989,22,2,0
32556,12990,18,3,0.2
32557,12990,16,1,0.15
32558,12990,22,2,0
32559,12990,24,1,0
32560,12991,4,3,0.1
32561,12991,22,1,0.1
32562,12992,13,3,0
32563,12993,13,2,0.2
32564,12993,2,1,0.1
32565,12993,16,1,0
32566,12993,2,3,0.1
32567,12994,10,1,0.15
32568,12994,23,1,0.15
32569,12994,12,3,0
32570,12995,24,2,0
32571,12995,19,2,0.2
32572,12996,9,2,0.2
32573,12996,12,2,0
32574,12997,12,1,0
32575,12998,17,3,0
32576,12998,18,3,0.1
32577,12999,18,2,0
32578,12999,7,3,0
32579,12999,9,3,0
32580,13000,3,2,0
32581,13000,3,3,0
32582,13001,24,3,0
32583,13001,13,3,0
32584,13001,7,2,0.15
32585,13001,22,2,0
32586,13002,1,2,0
32587,13002,24,3,0
32588,13002,14,2,0.2
32589,13003,5,3,0
32590,13004,2,1,0
32591,13004,14,3,0
32592,13005,8,1,0.15
32593,13005,4,1,0
32594,13005,14,1,0.15
32595,13005,17,3,0.1
32596,13006,18,1,0.1
32597,13006,1,3,0
32598,13007,23,3,0
32599,13007,9,3,0.15
32600,13007,24,2,0
32601,13007,14,2,0.15
32602,13008,18,3,0
32603,13008,10,1,0.2
32604,13009,15,3,0.15
32605,13010,22,2,0
32606,13010,1,2,0
32607,13010,21,2,0
32608,13010,24,3,0.1
32609,13011,12,3,0
32610,13011,5,3,0.1
32611,13011,3,1,0
32612,13011,7,2,0.2
32613,13012,5,1,0
32614,13013,21,2,0
32615,13013,6,3,0.15
32616,13013,14,1,0
32617,13013,8,2,0
32618,13014,5,1,0
32619,13014,21,2,0
32620,13015,11,3,0
32621,13015,7,3,0
32622,13015,14,3,0
32623,13016,14,2,0
32624,13016,14,1,0.15
32625,13016,22,3,0.1
32626,13016,15,3,0.2
32627,13017,2,3,0
32628,13017,11,1,0.1
32629,13017,7,2,0
32630,13018,18,3,0
32631,13018,10,2,0
32632,13018,18,2,0
32633,13019,4,1,0.2
32634,13019,16,1,0.1
32635,13019,9,3,0.2
32636,13020,14,1,0.2
32637,13020,22,1,0.2
32638,13020,7,3,0.2
32639,13021,6,1,0
32640,13022,15,1,0
32641,13022,1,2,0
32642,13022,12,2,0
32643,13022,2,3,0
32644,13023,3,3,0.15
32645,13023,23,3,0.15
32646,13024,7,1,0
32647,13024,4,1,0.2
32648,13025,10,2,0.15
32649,13025,8,2,0
32650,13025,8,3,0
32651,13025,15,3,0.1
32652,13026,12,1,0
32653,13026,3,1,0
32654,13026,7,3,0.1
32655,13027,15,1,0
32656,13027,17,1,0.15
32657,13028,11,3,0.1
32658,13029,1,1,0
32659,13029,22,2,0
32660,13029,9,3,0.1
32661,13029,21,2,0
32662,13030,20,1,0
32663,13030,14,2,0.15
32664,13030,11,1,0
32665,13031,11,2,0.2
32666,13032,4,1,0
32667,13033,16,2,0.2
32668,13033,14,1,0
32669,13033,4,3,0.15
32670,13033,2,3,0.2
32671,13034,24,2,0.1
32672,13034,21,3,0.2
32673,13034,1,3,0.1
32674,13034,22,2,0.2
32675,13035,20,2,0.1
32676,13035,24,3,0
32677,13036,11,2,0.1
32678,13036,13,3,0
32679,13037,24,2,0.15
32680,13038,12,2,0
32681,13038,19,1,0.15
32682,13038,1,3,0.15
32683,13038,9,3,0.1
32684,13039,16,3,0.2
32685,13039,15,2,0.15
32686,13040,21,3,0.1
32687,13040,14,3,0
32688,13040,19,3,0.1
32689,13041,21,1,0
32690,13042,7,1,0.15
32691,13043,7,2,0
32692,13043,16,2,0.2
32693,13043,7,3,0.15
32694,13043,15,2,0.1
32695,13044,14,1,0.1
32696,13045,3,2,0.2
32697,13046,13,2,0
32698,13046,6,2,0.2
32699,13046,1,3,0.2
32700,13046,7,2,0.2
32701,13047,16,1,0
32702,13047,17,2,0
32703,13048,6,1,0
32704,13049,8,1,0
32705,13049,11,3,0
32706,13050,7,3,0.2
32707,13050,1,2,0
32708,13050,24,2,0
32709,13050,4,2,0.1
32710,13051,22,3,0.15
32711,13051,15,2,0.1
32712,13051,18,3,0
32713,13052,5,2,0
32714,13052,7,2,0
32715,13053,11,1,0.2
32716,13053,22,3,0
32717,13053,20,2,0.2
32718,13054,17,1,0.1
32719,13054,19,1,0.1
32720,13054,9,2,0.2
32721,13054,15,1,0.15
32722,13055,14,1,0
32723,13056,4,3,0
32724,13056,16,3,0
32725,13056,4,2,0.2
32726,13057,2,2,0.1
32727,13057,5,2,0
32728,13058,10,2,0.15
32729,13058,9,1,0.15
32730,13059,12,1,0.1
32731,13059,22,2,0
32732,13059,7,3,0
32733,13060,20,1,0.15
32734,13060,21,2,0
32735,13061,12,1,0.15
32736,13061,7,3,0
32737,13061,24,3,0
32738,13061,15,3,0
32739,13062,16,2,0.15
32740,13063,17,2,0.15
32741,13063,3,1,0.2
32742,13063,7,1,0.15
32743,13064,14,1,0.1
32744,13064,20,1,0.2
32745,13065,12,3,0
32746,13065,7,3,0
32747,13065,16,2,0.15
32748,13066,20,2,0
32749,13066,21,1,0.15
32750,13066,19,2,0
32751,13067,23,1,0.15
32752,13067,13,1,0
32753,13068,5,1,0
32754,13068,4,2,0
32755,13068,13,1,0
32756,13068,3,1,0
32757,13069,17,2,0.2
32758,13069,16,2,0
32759,13070,11,2,0.2
32760,13070,22,2,0
32761,13070,17,2,0
32762,13070,7,1,0
32763,13071,8,1,0
32764,13071,20,1,0
32765,13071,1,2,0
32766,13071,16,1,0.2
32767,13072,6,3,0
32768,13072,1,2,0
32769,13072,9,2,0
32770,13073,22,2,0
32771,13073,23,1,0
32772,13074,12,3,0
32773,13074,20,1,0.15
32774,13075,4,2,0
32775,13075,2,3,0.1
32776,13075,10,2,0
32777,13075,8,3,0
32778,13076,5,2,0
32779,13076,8,2,0
32780,13077,23,2,0.1
32781,13077,16,3,0.1
32782,13077,19,1,0.2
32783,13077,17,2,0.1
32784,13078,14,1,0
32785,13079,15,2,0
32786,13079,20,1,0.2
32787,13080,12,3,0.15
32788,13080,14,2,0.2
32789,13081,19,2,0.2
32790,13081,6,3,0
32791,13082,22,1,0.15
32792,13083,8,2,0.15
32793,13083,2,2,0
32794,13083,5,3,0
32795,13084,3,1,0.1
32796,13084,21,2,0
32797,13085,17,1,0
32798,13086,22,3,0.1
32799,13087,10,1,0
32800,13087,23,1,0
32801,13087,1,1,0.15
32802,13087,11,3,0.1
32803,13088,13,1,0
32804,13088,19,3,0.2
32805,13088,16,1,0
32806,13089,7,1,0.2
32807,13089,8,3,0.2
32808,13090,23,2,0
32809,13090,6,1,0
32810,13091,19,3,0
32811,13091,1,2,0
32812,13091,11,3,0
32813,13092,14,2,0.2
32814,13092,9,3,0.2
32815,13093,17,2,0
32816,13093,18,1,0.1
32817,13093,3,2,0.1
32818,13093,9,3,0.1
32819,13094,4,3,0.1
32820,13094,7,2,0
32821,13094,21,1,0
32822,13094,2,1,0.2
32823,13095,24,3,0.1
32824,13095,15,2,0.2
32825,13096,22,2,0
32826,13097,24,2,0.1
32827,13097,21,1,0
32828,13097,6,2,0
32829,13097,24,2,0
32830,13098,4,2,0.1
32831,13099,11,3,0
32832,13100,2,2,0
32833,13101,2,2,0.15
32834,13101,3,1,0.1
32835,13101,1,2,0.1
32836,13101,12,3,0.15
32837,13102,13,1,0.15
32838,13102,22,3,0
32839,13102,6,2,0
32840,13102,20,3,0.1
32841,13103,23,2,0
32842,13103,6,3,0
32843,13103,16,1,0.2
32844,13104,11,1,0
32845,13105,5,3,0.1
32846,13106,4,1,0
32847,13106,6,1,0.1
32848,13106,12,3,0
32849,13107,5,2,0
32850,13107,4,3,0
32851,13107,2,2,0.15
32852,13108,9,1,0.1
32853,13109,12,3,0.2
32854,13109,10,3,0.15
32855,13109,11,1,0
32856,13110,18,1,0.15
32857,13110,8,3,0.15
32858,13110,16,2,0.15
32859,13111,16,2,0
32860,13112,4,1,0.2
32861,13112,21,1,0.2
32862,13112,17,3,0.15
32863,13113,11,2,0
32864,13113,6,2,0
32865,13113,8,2,0
32866,13113,19,3,0.2
32867,13114,16,2,0
32868,13115,6,1,0
32869,13116,22,1,0
32870,13117,2,2,0.15
32871,13117,11,2,0.2
32872,13118,8,2,0.2
32873,13118,18,3,0
32874,13118,17,2,0
32875,13119,3,3,0.2
32876,13120,17,1,0.1
32877,13121,7,1,0.1
32878,13121,9,2,0.2
32879,13121,18,1,0.2
32880,13121,4,3,0.1
32881,13122,9,2,0
32882,13122,19,3,0
32883,13123,1,3,0.1
32884,13124,21,1,0.2
32885,13125,23,3,0
32886,13125,14,3,0.2
32887,13125,23,1,0
32888,13126,17,1,0.2
32889,13126,6,2,0
32890,13127,2,3,0.15
32891,13128,9,1,0
32892,13128,18,3,0.2
32893,13128,12,3,0
32894,13129,4,3,0
32895,13129,14,1,0
32896,13129,1,3,0.1
32897,13130,9,1,0.15
32898,13131,20,3,0.1
32899,13132,3,2,0.1
32900,13133,8,1,0
32901,13133,19,3,0
32902,13133,20,3,0
32903,13133,2,1,0
32904,13134,2,2,0
32905,13134,20,2,0.2
32906,13134,9,2,0
32907,13134,23,3,0.15
32908,13135,14,1,0
32909,13136,22,3,0
32910,13137,6,2,0.1
32911,13137,24,3,0.2
32912,13137,1,3,0.2
32913,13137,24,3,0.15
32914,13138,24,1,0
32915,13138,17,1,0
32916,13139,8,3,0
32917,13140,16,1,0
32918,13140,4,2,0.1
32919,13140,10,3,0
32920,13141,17,1,0
32921,13141,6,2,0.15
32922,13141,18,2,0
32923,13142,22,2,0
32924,13142,11,3,0.2
32925,13142,7,3,0.1
32926,13142,2,1,0.2
32927,13143,6,3,0
32928,13143,24,2,0
32929,13143,12,1,0.1
32930,13143,7,2,0.2
32931,13144,23,2,0
32932,13145,4,1,0
32933,13145,14,1,0
32934,13146,1,1,0
32935,13147,2,1,0
32936,13148,23,1,0.1
32937,13148,5,3,0
32938,13148,12,3,0.1
32939,13149,21,2,0.2
32940,13150,18,3,0.15
32941,13150,1,3,0.1
32942,13151,12,2,0.1
32943,13151,23,1,0
32944,13152,18,2,0
32945,13152,5,1,0
32946,13153,9,3,0.2
32947,13153,14,2,0.15
32948,13153,16,2,0.15
32949,13153,11,2,0
32950,13154,23,3,0.15
32951,13154,20,3,0.1
32952,13154,14,1,0
32953,13154,20,1,0
32954,13155,22,1,0
32955,13155,10,3,0.1
32956,13156,4,3,0
32957,13156,9,1,0.2
32958,13157,14,1,0.2
32959,13158,1,1,0.2
32960,13158,1,1,0
32961,13159,24,3,0
32962,13159,22,1,0
32963,13159,22,1,0.15
32964,13159,15,2,0
32965,13160,8,1,0.15
32966,13160,8,3,0
32967,13161,8,2,0
32968,13161,23,1,0.1
32969,13161,8,3,0.2
32970,13162,7,2,0.1
32971,13162,13,2,0
32972,13163,5,2,0.1
32973,13164,1,2,0.2
32974,13164,10,1,0
32975,13164,24,1,0.1
32976,13165,21,1,0.15
32977,13165,4,1,0.1
32978,13165,5,3,0
32979,13166,12,2,0.2
32980,13167,23,2,0
32981,13167,9,1,0.15
32982,13168,13,3,0.15
32983,13168,17,3,0
32984,13169,24,1,0
32985,13169,13,3,0
32986,13170,10,2,0
32987,13171,2,1,0
32988,13171,12,1,0.15
32989,13172,23,3,0
32990,13172,19,1,0
32991,13172,1,1,0.2
32992,13173,10,1,0.15
32993,13173,5,3,0
32994,13173,4,1,0
32995,13174,14,1,0.2
32996,13174,20,1,0.2
32997,13175,3,3,0.1
32998,13176,11,2,0
32999,13177,18,1,0
33000,13177,23,1,0
33001,13178,19,3,0.2
33002,13178,3,3,0.1
33003,13178,10,1,0
33004,13178,11,2,0
33005,13179,10,2,0.1
33006,13179,15,1,0.15
33007,13179,1,1,0
33008,13180,3,3,0.15
33009,13180,3,1,0
33010,13180,14,3,0
33011,13181,18,2,0.15
33012,13181,24,2,0
33013,13182,9,1,0
33014,13183,12,3,0.2
33015,13183,2,1,0.2
33016,13184,24,2,0.1
33017,13184,14,3,0
33018,13184,2,3,0
33019,13184,16,1,0
33020,13185,14,1,0.2
33021,13185,6,3,0.15
33022,13186,9,3,0
33023,13187,4,3,0.1
33024,13187,3,1,0
33025,13187,10,3,0
33026,13188,20,1,0
33027,13189,22,3,0.2
33028,13190,1,2,0
33029,13190,4,1,0
33030,13191,21,2,0
33031,13191,23,3,0.2
33032,13192,3,1,0.2
33033,13192,6,1,0
33034,13192,13,1,0
33035,13193,12,2,0
33036,13193,11,3,0.15
33037,13193,8,1,0.1
33038,13193,2,3,0
33039,13194,10,2,0
33040,13195,7,2,0
33041,13195,13,3,0.2
33042,13195,5,2,0.1
33043,13196,1,1,0
33044,13197,10,3,0
33045,13197,9,3,0.2
33046,13197,19,2,0.2
33047,13198,17,2,0
33048,13198,12,3,0.2
33049,13198,7,3,0
33050,13199,20,2,0.2
33051,13199,10,3,0
33052,13200,19,3,0.1
33053,13200,5,1,0
33054,13200,5,1,0.15
33055,13200,7,3,0.2
33056,13201,2,1,0
33057,13201,19,3,0
33058,13202,24,3,0
33059,13202,24,2,0
33060,13202,1,3,0.15
33061,13202,17,2,0.15
33062,13203,10,2,0.2
33063,13204,3,3,0
33064,13204,24,2,0.1
33065,13205,17,2,0.15
33066,13205,5,2,0.1
33067,13206,3,1,0.1
33068,13206,9,3,0
33069,13207,18,3,0.2
33070,13207,15,1,0.15
33071,13207,22,3,0.15
33072,13208,4,3,0
33073,13209,9,3,0
33074,13210,10,1,0
33075,13210,3,2,0
33076,13210,19,1,0
33077,13211,6,3,0.2
33078,13212,18,3,0
33079,13212,3,3,0.1
33080,13213,15,1,0.15
33081,13213,8,2,0.1
33082,13214,9,1,0.15
33083,13214,11,1,0.2
33084,13215,14,2,0
33085,13215,14,2,0.1
33086,13216,23,3,0
33087,13217,4,3,0.15
33088,13217,24,1,0.1
33089,13217,4,3,0
33090,13218,15,2,0.15
33091,13218,7,2,0.15
33092,13219,21,1,0
33093,13219,9,1,0
33094,13219,6,2,0.2
33095,13220,2,3,0.2
33096,13220,13,2,0
33097,13221,4,3,0
33098,13222,19,3,0.2
33099,13222,12,3,0
33100,13223,20,1,0
33101,13223,9,2,0.15
33102,13223,24,3,0.1
33103,13224,6,2,0
33104,13224,18,2,0.1
33105,13224,11,1,0
33106,13224,1,1,0
33107,13225,15,2,0
33108,13225,2,3,0
33109,13225,16,1,0
33110,13225,20,2,0
33111,13226,14,2,0
33112,13226,21,1,0
33113,13226,17,1,0.15
33114,13227,13,3,0.2
33115,13228,10,3,0
33116,13228,9,2,0
33117,13228,16,2,0.15
33118,13228,24,3,0.2
33119,13229,1,2,0
33120,13229,24,1,0.15
33121,13229,7,3,0.15
33122,13230,24,1,0.15
33123,13230,15,2,0.15
33124,13230,13,2,0
33125,13230,20,3,0.2
33126,13231,22,3,0.2
33127,13231,24,1,0
33128,13231,20,2,0
33129,13232,18,3,0
33130,13232,24,2,0
33131,13233,19,1,0
33132,13233,7,1,0
33133,13233,11,2,0
33134,13233,3,2,0.15
33135,13234,18,1,0.2
33136,13234,15,2,0
33137,13234,14,2,0.2
33138,13234,13,2,0.15
33139,13235,1,2,0
33140,13235,2,1,0
33141,13235,7,2,0
33142,13236,16,2,0.2
33143,13236,8,1,0.2
33144,13237,3,3,0
33145,13237,12,1,0
33146,13237,17,2,0
33147,13238,14,2,0
33148,13238,19,1,0
33149,13239,2,3,0.1
33150,13240,23,1,0
33151,13240,10,1,0
33152,13241,6,3,0.15
33153,13241,9,2,0.15
33154,13242,22,3,0.15
33155,13243,11,2,0.2
33156,13244,12,1,0.15
33157,13244,3,2,0
33158,13244,20,2,0
33159,13244,2,3,0.1
33160,13245,3,2,0.1
33161,13245,22,2,0
33162,13245,23,3,0
33163,13245,10,2,0
33164,13246,8,3,0.1
33165,13247,11,1,0
33166,13247,23,2,0
33167,13247,17,3,0.1
33168,13247,4,3,0.2
33169,13248,5,3,0.2
33170,13248,5,2,0
33171,13248,2,2,0.1
33172,13248,3,1,0.15
33173,13249,10,2,0.15
33174,13249,3,2,0
33175,13249,9,1,0
33176,13249,21,3,0.15
33177,13250,18,2,0
33178,13250,6,2,0
33179,13250,22,3,0.1
33180,13250,7,3,0
33181,13251,11,1,0.2
33182,13251,15,3,0.2
33183,13251,20,3,0
33184,13252,11,2,0.2
33185,13252,11,2,0
33186,13253,3,3,0.15
33187,13253,11,1,0.2
33188,13254,15,2,0
33189,13254,12,3,0
33190,13255,11,2,0
33191,13255,15,2,0
33192,13256,3,3,0
33193,13256,20,1,0
33194,13256,11,3,0.15
33195,13257,12,2,0.15
33196,13257,9,3,0
33197,13257,21,3,0
33198,13258,5,1,0
33199,13258,8,3,0
33200,13258,16,3,0
33201,13259,4,2,0.15
33202,13260,19,3,0
33203,13260,21,2,0
33204,13260,24,2,0
33205,13261,22,1,0
33206,13261,5,2,0
33207,13261,1,2,0
33208,13261,1,3,0
33209,13262,17,2,0.1
33210,13263,18,2,0.1
33211,13263,11,3,0
33212,13264,6,2,0
33213,13265,18,3,0.2
33214,13265,14,3,0.15
33215,13266,7,3,0
33216,13267,20,1,0
33217,13267,18,3,0.1
33218,13268,12,1,0
33219,13268,4,3,0
33220,13269,20,1,0
33221,13269,2,3,0.2
33222,13269,14,1,0.2
33223,13270,23,2,0.15
33224,13270,3,1,0
33225,13270,16,1,0.15
33226,13270,9,3,0.1
33227,13271,3,1,0
33228,13272,23,2,0
33229,13272,5,3,0
33230,13272,21,2,0.1
33231,13272,6,2,0.2
33232,13273,17,3,0.2
33233,13273,2,3,0.1
33234,13274,7,3,0
33235,13274,20,3,0
33236,13274,23,3,0.1
33237,13274,1,2,0
33238,13275,11,3,0.15
33239,13275,19,3,0.15
33240,13275,21,3,0
33241,13276,19,1,0
33242,13276,22,1,0.15
33243,13276,7,3,0
33244,13277,21,3,0
33245,13277,12,1,0.2
33246,13277,22,3,0
33247,13277,3,2,0.1
33248,13278,6,3,0.2
33249,13278,3,1,0
33250,13279,19,1,0.1
33251,13279,22,1,0.2
33252,13279,3,3,0.1
33253,13280,18,2,0.15
33254,13280,3,1,0
33255,13281,14,1,0.2
33256,13281,5,2,0
33257,13282,14,2,0
33258,13282,5,3,0
33259,13282,18,1,0.2
33260,13283,1,1,0.15
33261,13283,19,2,0
33262,13283,2,1,0.15
33263,13284,10,2,0
33264,13284,16,2,0.15
33265,13285,21,2,0.1
33266,13285,11,1,0
33267,13285,1,3,0.2
33268,13285,23,2,0.2
33269,13286,21,1,0.1
33270,13286,4,2,0
33271,13287,19,1,0.15
33272,13287,23,1,0.15
33273,13287,8,3,0.2
33274,13287,16,3,0
33275,13288,14,2,0.15
33276,13288,23,1,0.15
33277,13288,12,1,0
33278,13289,22,1,0.1
33279,13290,23,1,0.1
33280,13290,16,1,0
33281,13290,1,2,0.1
33282,13291,16,2,0
33283,13291,20,2,0.15
33284,13291,9,1,0
33285,13291,2,1,0.15
33286,13292,21,3,0
33287,13293,17,1,0
33288,13293,18,1,0
33289,13293,13,3,0
33290,13293,19,3,0.2
33291,13294,9,2,0
33292,13295,20,3,0.15
33293,13295,24,3,0.2
33294,13295,18,2,0
33295,13296,6,3,0.1
33296,13297,14,2,0.1
33297,13297,18,1,0.1
33298,13297,21,3,0
33299,13298,17,2,0
33300,13298,13,2,0
33301,13298,6,1,0
33302,13299,2,1,0.2
33303,13299,16,1,0
33304,13299,16,3,0.2
33305,13300,13,1,0
33306,13301,23,3,0.1
33307,13302,10,3,0
33308,13302,11,1,0.2
33309,13303,6,3,0
33310,13303,15,1,0.2
33311,13303,21,2,0.15
33312,13303,19,1,0
33313,13304,17,3,0.2
33314,13304,5,1,0
33315,13304,4,2,0.15
33316,13304,10,3,0.2
33317,13305,4,2,0.2
33318,13305,24,2,0
33319,13305,23,3,0
33320,13306,4,3,0
33321,13306,8,3,0
33322,13306,13,2,0
33323,13306,18,3,0.15
33324,13307,2,2,0.1
33325,13307,23,2,0.1
33326,13307,17,3,0.1
33327,13308,11,1,0
33328,13308,11,3,0.2
33329,13309,17,3,0
33330,13309,10,3,0.2
33331,13309,1,3,0
33332,13310,9,3,0
33333,13311,14,1,0.1
33334,13311,15,2,0.15
33335,13312,17,1,0
33336,13312,7,3,0
33337,13312,16,2,0
33338,13312,19,2,0
33339,13313,21,2,0.15
33340,13313,18,1,0.1
33341,13313,24,1,0
33342,13313,23,3,0
33343,13314,2,3,0
33344,13314,17,1,0
33345,13314,16,2,0
33346,13315,19,3,0
33347,13315,6,1,0.2
33348,13315,8,3,0
33349,13315,16,3,0.15
33350,13316,19,2,0.15
33351,13316,1,2,0
33352,13316,18,1,0
33353,13317,11,3,0.15
33354,13317,9,2,0
33355,13317,15,2,0.1
33356,13318,4,2,0
33357,13318,9,2,0
33358,13318,4,3,0
33359,13319,20,1,0
33360,13319,22,3,0
33361,13319,11,2,0.15
33362,13319,4,2,0.1
33363,13320,21,3,0
33364,13320,7,3,0
33365,13320,23,2,0
33366,13321,10,1,0.2
33367,13321,22,2,0.15
33368,13321,5,3,0.2
33369,13321,7,2,0
33370,13322,1,2,0
33371,13322,8,2,0
33372,13322,6,2,0
33373,13322,21,1,0.2
33374,13323,15,3,0
33375,13324,19,1,0.1
33376,13325,3,2,0
33377,13325,4,2,0
33378,13325,1,1,0.15
33379,13325,10,1,0.2
33380,13326,9,3,0.15
33381,13326,17,1,0.1
33382,13326,5,2,0
33383,13326,10,1,0.2
33384,13327,20,1,0
33385,13327,2,3,0
33386,13328,7,3,0
33387,13328,17,1,0.1
33388,13329,11,3,0
33389,13330,19,2,0.15
33390,13330,22,3,0
33391,13330,12,2,0.15
33392,13331,8,2,0.15
33393,13331,12,1,0.15
33394,13332,2,2,0
33395,13332,3,3,0.1
33396,13332,1,2,0.15
33397,13332,11,2,0
33398,13333,9,1,0
33399,13333,14,3,0.2
33400,13333,5,1,0
33401,13334,17,1,0.2
33402,13334,16,1,0
33403,13334,7,3,0
33404,13335,24,3,0.1
33405,13335,18,2,0.2
33406,13335,23,1,0
33407,13335,5,3,0.1
33408,13336,13,1,0.1
33409,13336,19,2,0.1
33410,13337,10,2,0.15
33411,13337,2,3,0
33412,13337,14,1,0.15
33413,13337,1,3,0
33414,13338,6,2,0.1
33415,13338,6,2,0.1
33416,13338,22,3,0
33417,13339,10,3,0.1
33418,13339,9,2,0
33419,13340,24,2,0
33420,13341,10,1,0.15
33421,13341,15,1,0.2
33422,13342,5,1,0
33423,13342,7,1,0
33424,13343,10,2,0
33425,13344,7,1,0.15
33426,13344,18,3,0.1
33427,13345,19,1,0
33428,13345,13,3,0.2
33429,13346,22,2,0.2
33430,13346,20,1,0
33431,13347,4,1,0.15
33432,13348,2,3,0.15
33433,13348,19,3,0.2
33434,13348,18,2,0
33435,13348,4,1,0.15
33436,13349,22,1,0
33437,13350,14,1,0
33438,13351,13,3,0.15
33439,13351,23,3,0
33440,13351,17,3,0.15
33441,13352,21,2,0.1
33442,13353,21,3,0
33443,13353,8,1,0
33444,13353,1,3,0
33445,13353,6,2,0.15
33446,13354,6,2,0
33447,13354,7,3,0.2
33448,13354,2,3,0.2
33449,13354,18,2,0
33450,13355,7,1,0.2
33451,13355,3,3,0.2
33452,13356,19,2,0
33453,13356,24,2,0.2
33454,13356,7,3,0
33455,13357,4,3,0.15
33456,13357,7,3,0
33457,13357,9,1,0.15
33458,13358,2,1,0.15
33459,13358,24,2,0.1
33460,13358,7,1,0.15
33461,13358,8,2,0
33462,13359,24,3,0.15
33463,13360,1,3,0.15
33464,13360,4,1,0.1
33465,13360,4,2,0.1
33466,13361,11,3,0.15
33467,13361,2,1,0
33468,13362,11,1,0
33469,13362,2,1,0.2
33470,13362,17,3,0.15
33471,13362,22,1,0.2
33472,13363,16,2,0.1
33473,13363,17,1,0
33474,13363,19,3,0.2
33475,13363,5,2,0.1
33476,13364,5,2,0
33477,13364,13,1,0
33478,13364,22,3,0
33479,13364,4,3,0.2
33480,13365,24,3,0.15
33481,13366,17,3,0
33482,13366,10,2,0.1
33483,13367,4,1,0.15
33484,13367,13,2,0
33485,13367,20,2,0.1
33486,13368,3,3,0
33487,13369,23,3,0
33488,13369,6,3,0
33489,13370,17,3,0.1
33490,13370,4,3,0.2
33491,13370,19,1,0
33492,13371,12,1,0
33493,13371,5,1,0.1
33494,13371,24,3,0.2
33495,13372,13,1,0
33496,13372,17,3,0
33497,13373,13,3,0
33498,13373,22,2,0.15
33499,13373,17,2,0
33500,13373,22,2,0
33501,13374,21,3,0
33502,13374,5,3,0
33503,13374,13,2,0
33504,13374,23,2,0.1
33505,13375,20,2,0
33506,13375,21,3,0.2
33507,13375,13,2,0.1
33508,13376,13,3,0
33509,13376,20,3,0.1
33510,13377,2,1,0.2
33511,13378,21,3,0
33512,13378,4,2,0
33513,13379,19,1,0.1
33514,13380,14,3,0.1
33515,13380,3,3,0
33516,13380,1,1,0.15
33517,13381,7,3,0.2
33518,13381,1,3,0.1
33519,13381,11,3,0.1
33520,13382,3,3,0.2
33521,13382,13,3,0
33522,13382,1,3,0
33523,13382,3,3,0
33524,13383,9,2,0
33525,13384,5,3,0
33526,13384,2,2,0
33527,13384,9,2,0.2
33528,13385,21,1,0.2
33529,13386,6,2,0.2
33530,13386,12,1,0
33531,13386,1,2,0
33532,13387,3,1,0.15
33533,13388,14,3,0.2
33534,13388,4,1,0
33535,13388,7,2,0
33536,13388,20,2,0.2
33537,13389,14,2,0.1
33538,13390,24,1,0.1
33539,13390,4,1,0
33540,13391,23,3,0.15
33541,13392,7,2,0.1
33542,13392,10,3,0
33543,13392,15,1,0
33544,13393,8,3,0
33545,13393,18,3,0.15
33546,13394,13,1,0.2
33547,13394,16,2,0
33548,13395,3,1,0
33549,13396,5,2,0
33550,13396,18,2,0
33551,13397,11,2,0
33552,13397,24,1,0.2
33553,13398,2,1,0.1
33554,13398,18,2,0.1
33555,13399,16,2,0
33556,13399,18,2,0
33557,13400,21,3,0.15
33558,13400,18,2,0.15
33559,13400,5,2,0
33560,13401,14,1,0.15
33561,13401,24,3,0.15
33562,13401,21,1,0
33563,13401,4,2,0
33564,13402,12,1,0.1
33565,13402,23,2,0
33566,13402,23,1,0.1
33567,13402,18,1,0.1
33568,13403,14,1,0
33569,13403,12,3,0.1
33570,13404,14,3,0.2
33571,13404,13,3,0
33572,13404,17,1,0.2
33573,13405,19,1,0
33574,13405,10,2,0.2
33575,13405,16,1,0
33576,13406,2,3,0.1
33577,13406,13,3,0
33578,13406,3,3,0
33579,13407,2,1,0.15
33580,13407,1,1,0.2
33581,13408,18,1,0
33582,13408,17,2,0
33583,13409,2,2,0.1
33584,13409,13,3,0.1
33585,13409,11,1,0.2
33586,13409,21,3,0.1
33587,13410,12,3,0.15
33588,13410,17,1,0
33589,13410,14,1,0.15
33590,13410,19,1,0.1
33591,13411,21,1,0.2
33592,13411,20,2,0.15
33593,13411,18,3,0.2
33594,13412,11,1,0.15
33595,13412,22,2,0
33596,13412,1,2,0
33597,13413,19,1,0.15
33598,13413,9,2,0
33599,13413,21,2,0.1
33600,13414,3,3,0.2
33601,13415,14,3,0.1
33602,13415,10,2,0.15
33603,13415,21,3,0
33604,13415,4,3,0.1
33605,13416,1,2,0.2
33606,13416,22,2,0
33607,13417,19,1,0
33608,13418,24,2,0
33609,13419,23,2,0.2
33610,13419,17,1,0
33611,13420,8,2,0.2
33612,13421,23,2,0
33613,13422,20,1,0
33614,13422,1,1,0.15
33615,13422,14,2,0.15
33616,13422,9,2,0.2
33617,13423,20,2,0
33618,13423,24,1,0
33619,13423,23,3,0.15
33620,13424,22,2,0
33621,13424,3,3,0.2
33622,13424,13,3,0
33623,13424,8,2,0.15
33624,13425,2,2,0
33625,13425,21,3,0
33626,13425,14,2,0.2
33627,13425,16,3,0
33628,13426,1,1,0
33629,13427,10,2,0.15
33630,13428,20,1,0.15
33631,13428,17,3,0
33632,13429,3,1,0
33633,13429,4,1,0.15
33634,13429,2,1,0.2
33635,13429,10,3,0
33636,13430,18,2,0.1
33637,13431,15,2,0.15
33638,13431,17,1,0
33639,13431,16,1,0.15
33640,13432,19,2,0
33641,13432,12,1,0.2
33642,13433,9,1,0
33643,13433,14,2,0.2
33644,13433,11,3,0
33645,13433,21,3,0.15
33646,13434,19,2,0.1
33647,13434,10,3,0.15
33648,13435,14,2,0.2
33649,13435,15,2,0.2
33650,13435,1,2,0.1
33651,13436,2,3,0
33652,13436,24,1,0
33653,13436,12,3,0.2
33654,13436,3,1,0
33655,13437,11,1,0
33656,13438,20,2,0
33657,13438,3,2,0
33658,13439,17,1,0.2
33659,13439,14,1,0
33660,13439,18,1,0
33661,13439,24,2,0.1
33662,13440,23,1,0
33663,13440,22,1,0
33664,13440,5,1,0
33665,13441,6,2,0
33666,13441,12,3,0.1
33667,13442,14,3,0
33668,13442,4,1,0
33669,13442,12,1,0.15
33670,13442,16,3,0.1
33671,13443,14,3,0
33672,13444,23,2,0.1
33673,13444,20,1,0.1
33674,13444,15,3,0
33675,13445,24,3,0.1
33676,13445,24,3,0.15
33677,13446,1,2,0
33678,13446,13,3,0
33679,13447,19,1,0
33680,13448,21,2,0.15
33681,13449,2,1,0.2
33682,13449,9,3,0.1
33683,13449,13,1,0.2
33684,13449,23,1,0
33685,13450,8,1,0
33686,13451,1,3,0.1
33687,13451,9,2,0
33688,13451,8,3,0.2
33689,13451,1,2,0
33690,13452,21,2,0.15
33691,13452,10,2,0.1
33692,13453,7,3,0.15
33693,13453,4,2,0
33694,13454,11,2,0.15
33695,13454,15,1,0.1
33696,13454,2,2,0
33697,13454,12,3,0
33698,13455,14,1,0
33699,13455,7,2,0.15
33700,13455,4,2,0.15
33701,13455,3,2,0
33702,13456,21,2,0.2
33703,13457,5,3,0.2
33704,13457,19,1,0
33705,13457,1,2,0.2
33706,13458,7,2,0.1
33707,13458,16,1,0
33708,13458,23,3,0.15
33709,13458,23,1,0.2
33710,13459,8,2,0
33711,13459,13,3,0.2
33712,13459,22,2,0
33713,13460,15,1,0.2
33714,13461,21,2,0
33715,13461,11,2,0
33716,13461,9,1,0
33717,13462,14,1,0
33718,13463,19,1,0
33719,13464,4,2,0.2
33720,13464,2,2,0.2
33721,13464,21,1,0.2
33722,13464,9,2,0
33723,13465,4,3,0
33724,13465,16,2,0.1
33725,13465,14,3,0.15
33726,13466,9,2,0.2
33727,13467,13,3,0.1
33728,13468,3,3,0.15
33729,13468,3,1,0
33730,13468,18,3,0
33731,13469,23,3,0
33732,13469,9,3,0.15
33733,13469,23,3,0.1
33734,13469,18,3,0
33735,13470,1,3,0
33736,13470,22,2,0.15
33737,13470,3,2,0
33738,13470,21,1,0
33739,13471,21,3,0.1
33740,13471,8,1,0.1
33741,13472,17,3,0
33742,13472,7,1,0.2
33743,13472,21,1,0.1
33744,13473,6,3,0
33745,13474,7,3,0
33746,13475,7,1,0
33747,13476,18,1,0.2
33748,13476,23,1,0.2
33749,13476,4,3,0.15
33750,13476,11,3,0.15
33751,13477,8,2,0
33752,13477,7,1,0
33753,13477,9,2,0
33754,13478,8,1,0
33755,13479,22,1,0.1
33756,13479,17,1,0
33757,13479,22,3,0.1
33758,13480,3,2,0.15
33759,13480,24,3,0
33760,13480,20,3,0
33761,13481,14,1,0.1
33762,13481,8,3,0
33763,13481,1,1,0
33764,13482,5,3,0
33765,13482,21,2,0
33766,13482,21,1,0
33767,13483,15,2,0
33768,13483,1,3,0.2
33769,13484,1,1,0.1
33770,13484,15,2,0
33771,13484,10,2,0
33772,13485,24,2,0
33773,13486,3,1,0.15
33774,13486,3,3,0
33775,13487,19,3,0
33776,13487,23,3,0.15
33777,13488,20,3,0.15
33778,13489,20,3,0
33779,13489,13,3,0.15
33780,13489,19,3,0
33781,13490,16,1,0.2
33782,13490,22,3,0
33783,13490,18,2,0.15
33784,13491,23,1,0.2
33785,13491,12,2,0
33786,13491,11,2,0.15
33787,13492,12,3,0
33788,13492,11,3,0.15
33789,13492,18,1,0
33790,13493,2,2,0
33791,13493,22,2,0
33792,13493,13,1,0.15
33793,13494,15,1,0.1
33794,13494,8,3,0.2
33795,13495,5,2,0.2
33796,13496,7,3,0.2
33797,13496,15,2,0.15
33798,13497,15,2,0
33799,13497,14,3,0
33800,13498,16,1,0
33801,13498,15,2,0.15
33802,13498,1,1,0.2
33803,13498,15,3,0.1
33804,13499,11,3,0.2
33805,13499,5,1,0
33806,13499,12,3,0
33807,13499,12,1,0
33808,13500,24,1,0.15
33809,13500,10,1,0.2
33810,13500,11,2,0
33811,13500,6,1,0.2
33812,13501,1,2,0.15
33813,13501,1,1,0
33814,13502,15,3,0
33815,13503,6,3,0.2
33816,13504,2,2,0
33817,13504,1,1,0
33818,13504,21,2,0.1
33819,13505,2,2,0.1
33820,13505,15,3,0.2
33821,13505,24,1,0.15
33822,13505,8,1,0
33823,13506,6,1,0
33824,13507,8,2,0
33825,13508,9,3,0.1
33826,13508,14,3,0.15
33827,13509,3,1,0.2
33828,13509,12,1,0
33829,13510,2,3,0.15
33830,13511,20,2,0
33831,13511,5,2,0
33832,13511,10,2,0.15
33833,13512,24,2,0
33834,13512,23,3,0
33835,13512,1,2,0.15
33836,13512,19,2,0.2
33837,13513,22,1,0
33838,13514,3,2,0.15
33839,13514,20,2,0.15
33840,13514,2,3,0.2
33841,13514,4,2,0
33842,13515,13,2,0
33843,13515,24,2,0.1
33844,13515,13,3,0
33845,13516,3,3,0
33846,13516,20,2,0
33847,13516,2,2,0.15
33848,13517,15,1,0
33849,13517,20,1,0
33850,13517,21,1,0.1
33851,13518,6,3,0
33852,13519,1,3,0.15
33853,13520,2,1,0
33854,13520,5,1,0
33855,13520,18,1,0
33856,13520,13,1,0
33857,13521,20,3,0.2
33858,13521,3,2,0
33859,13522,16,2,0.15
33860,13523,11,2,0.2
33861,13523,5,1,0
33862,13524,19,2,0
33863,13524,12,3,0.1
33864,13524,12,2,0
33865,13524,19,1,0.15
33866,13525,3,2,0.1
33867,13525,23,3,0
33868,13526,15,2,0
33869,13527,5,3,0
33870,13527,7,1,0.2
33871,13527,23,2,0
33872,13527,20,1,0
33873,13528,19,2,0
33874,13528,13,3,0.2
33875,13529,24,3,0
33876,13530,16,2,0
33877,13531,8,1,0
33878,13531,5,2,0
33879,13531,1,3,0
33880,13532,8,1,0
33881,13532,24,2,0.1
33882,13532,22,2,0.15
33883,13532,12,3,0.2
33884,13533,15,2,0.15
33885,13533,13,1,0
33886,13533,12,1,0.2
33887,13534,16,1,0.15
33888,13534,6,3,0.15
33889,13534,21,1,0
33890,13534,20,3,0.2
33891,13535,21,2,0
33892,13535,12,2,0
33893,13535,4,2,0
33894,13535,24,1,0.1
33895,13536,17,1,0.15
33896,13537,18,2,0.2
33897,13537,23,3,0
33898,13537,6,1,0
33899,13537,12,2,0.1
33900,13538,6,3,0.2
33901,13539,10,1,0.2
33902,13540,16,1,0
33903,13540,14,3,0.1
33904,13540,6,2,0.2
33905,13540,20,1,0.15
33906,13541,24,3,0
33907,13541,22,1,0.2
33908,13541,22,3,0
33909,13542,1,2,0.2
33910,13542,24,2,0.1
33911,13543,24,3,0.15
33912,13543,2,3,0
33913,13543,7,2,0.1
33914,13544,9,1,0.2
33915,13544,10,3,0.15
33916,13544,7,1,0.15
33917,13544,20,3,0
33918,13545,7,2,0
33919,13545,1,3,0.15
33920,13546,18,1,0.1
33921,13546,24,2,0
33922,13547,8,3,0
33923,13547,22,3,0
33924,13547,12,2,0
33925,13548,1,1,0.2
33926,13549,1,3,0.15
33927,13549,11,1,0.2
33928,13549,19,3,0
33929,13549,7,3,0.15
33930,13550,13,2,0.1
33931,13551,23,3,0
33932,13551,10,1,0
33933,13551,20,2,0.15
33934,13552,10,1,0
33935,13552,3,3,0
33936,13552,11,2,0
33937,13553,1,1,0.2
33938,13553,1,2,0.1
33939,13554,1,2,0.1
33940,13555,24,1,0.2
33941,13555,15,3,0.1
33942,13555,19,3,0.15
33943,13556,14,1,0
33944,13557,16,3,0.2
33945,13557,17,3,0
33946,13557,11,1,0.15
33947,13558,19,2,0.1
33948,13558,7,3,0.2
33949,13558,7,3,0
33950,13559,22,1,0.2
33951,13559,9,2,0
33952,13560,6,1,0
33953,13560,4,2,0
33954,13560,2,3,0.15
33955,13560,7,1,0.2
33956,13561,23,1,0.15
33957,13561,9,2,0
33958,13562,19,1,0.15
33959,13562,11,1,0.2
33960,13562,23,1,0
33961,13563,13,1,0.2
33962,13564,17,3,0
33963,13565,6,1,0.2
33964,13566,12,3,0.1
33965,13566,9,1,0.1
33966,13566,21,2,0.1
33967,13567,12,2,0
33968,13567,11,3,0
33969,13568,7,1,0.15
33970,13569,2,3,0.15
33971,13569,11,1,0
33972,13569,20,2,0.15
33973,13569,14,2,0
33974,13570,18,1,0.2
33975,13571,3,2,0
33976,13572,1,1,0.15
33977,13573,10,3,0
33978,13574,5,3,0
33979,13574,11,3,0.2
33980,13575,10,1,0
33981,13575,11,2,0.1
33982,13575,7,1,0
33983,13576,9,3,0
33984,13577,21,2,0.2
33985,13578,5,3,0.1
33986,13579,3,2,0.15
33987,13579,5,1,0
33988,13580,13,2,0
33989,13580,11,2,0
33990,13580,16,1,0.2
33991,13580,13,2,0
33992,13581,16,1,0
33993,13581,17,1,0.2
33994,13581,22,3,0.2
33995,13581,23,2,0
33996,13582,2,1,0.15
33997,13582,13,2,0
33998,13582,1,2,0.1
33999,13582,21,3,0
34000,13583,22,1,0
34001,13583,19,1,0.1
34002,13583,10,1,0.2
34003,13584,8,1,0.15
34004,13584,11,3,0.1
34005,13584,5,3,0
34006,13584,10,1,0
34007,13585,4,2,0
34008,13585,8,3,0
34009,13585,10,1,0.2
34010,13585,2,1,0
34011,13586,11,1,0.15
34012,13586,4,2,0.1
34013,13586,6,3,0.2
34014,13587,11,1,0.2
34015,13587,16,3,0
34016,13588,5,3,0.2
34017,13588,1,3,0
34018,13588,4,2,0
34019,13588,13,2,0.1
34020,13589,12,2,0.2
34021,13589,4,2,0.15
34022,13589,6,1,0.2
34023,13589,2,3,0
34024,13590,2,2,0.1
34025,13591,23,2,0
34026,13592,15,2,0
34027,13593,21,2,0
34028,13593,7,1,0.1
34029,13594,8,1,0.1
34030,13594,16,2,0.1
34031,13594,6,1,0
34032,13594,24,2,0.15
34033,13595,2,2,0
34034,13595,21,1,0.2
34035,13595,14,1,0
34036,13595,5,3,0
34037,13596,15,3,0.15
34038,13596,14,3,0
34039,13596,10,1,0.2
34040,13596,3,3,0.2
34041,13597,23,1,0
34042,13597,16,2,0
34043,13598,9,3,0
34044,13598,15,2,0.2
34045,13598,24,1,0
34046,13599,4,1,0.1
34047,13599,4,1,0.15
34048,13599,23,3,0
34049,13599,2,1,0.1
34050,13600,10,3,0
34051,13601,15,2,0
34052,13601,19,2,0.2
34053,13602,14,1,0
34054,13603,10,2,0
34055,13603,9,1,0
34056,13603,21,3,0
34057,13603,13,1,0.2
34058,13604,23,3,0
34059,13604,10,2,0
34060,13604,3,3,0.15
34061,13605,12,1,0
34062,13605,9,1,0
34063,13606,17,2,0
34064,13606,11,1,0
34065,13606,22,3,0
34066,13607,17,3,0
34067,13608,8,3,0.2
34068,13609,10,1,0.1
34069,13610,11,3,0.1
34070,13610,23,3,0
34071,13610,1,1,0.1
34072,13611,4,2,0
34073,13611,12,1,0.15
34074,13611,5,3,0
34075,13611,2,2,0.2
34076,13612,20,3,0.1
34077,13613,3,2,0.1
34078,13613,15,1,0.1
34079,13613,23,1,0.1
34080,13614,22,1,0
34081,13615,11,2,0.15
34082,13615,21,3,0.1
34083,13615,15,3,0
34084,13616,7,3,0
34085,13616,6,2,0.15
34086,13616,5,1,0
34087,13617,21,2,0
34088,13617,21,1,0.1
34089,13618,24,3,0.15
34090,13619,24,3,0.1
34091,13619,5,3,0.15
34092,13619,17,3,0
34093,13619,6,1,0
34094,13620,20,3,0
34095,13621,10,2,0
34096,13621,13,3,0.2
34097,13621,17,2,0
34098,13622,19,2,0.15
34099,13622,13,2,0.1
34100,13622,16,2,0
34101,13623,13,1,0.15
34102,13623,17,1,0
34103,13623,20,2,0.1
34104,13623,11,3,0
34105,13624,14,3,0.1
34106,13624,18,2,0.15
34107,13624,12,3,0
34108,13624,14,2,0.15
34109,13625,22,2,0
34110,13626,13,2,0
34111,13626,3,1,0
34112,13626,12,3,0
34113,13626,5,2,0.15
34114,13627,2,3,0.1
34115,13627,4,1,0
34116,13627,20,3,0.15
34117,13628,17,2,0
34118,13628,13,3,0
34119,13628,10,2,0.15
34120,13628,9,3,0
34121,13629,5,2,0
34122,13629,15,2,0.2
34123,13629,4,3,0.2
34124,13630,7,2,0.1
34125,13630,3,1,0
34126,13630,8,3,0
34127,13630,20,3,0.15
34128,13631,16,3,0
34129,13631,4,2,0.1
34130,13631,2,1,0.15
34131,13631,15,2,0.1
34132,13632,2,2,0.15
34133,13632,23,2,0
34134,13633,3,1,0.15
34135,13634,17,2,0.2
34136,13634,9,1,0.2
34137,13635,11,2,0.2
34138,13635,15,2,0.1
34139,13636,1,3,0.15
34140,13637,15,1,0
34141,13637,12,3,0.1
34142,13637,16,2,0
34143,13637,23,2,0
34144,13638,6,2,0
34145,13638,24,1,0
34146,13638,1,3,0
34147,13639,19,1,0.1
34148,13639,16,2,0.2
34149,13639,14,1,0.2
34150,13640,14,3,0.15
34151,13640,16,2,0.1
34152,13641,23,2,0
34153,13641,24,3,0
34154,13641,22,2,0.15
34155,13642,2,1,0
34156,13642,12,3,0
34157,13643,7,2,0
34158,13644,2,1,0.2
34159,13644,2,2,0.1
34160,13644,6,3,0.1
34161,13645,13,2,0.15
34162,13645,8,3,0.2
34163,13645,4,3,0.15
34164,13646,11,2,0
34165,13647,23,1,0.15
34166,13647,21,1,0
34167,13647,10,1,0
34168,13648,2,3,0.2
34169,13649,9,2,0
34170,13649,13,3,0.15
34171,13649,7,1,0
34172,13650,14,2,0
34173,13650,5,2,0.15
34174,13650,12,2,0.2
34175,13650,4,3,0
34176,13651,18,3,0
34177,13651,21,3,0
34178,13652,2,1,0.1
34179,13653,20,3,0
34180,13654,4,1,0.2
34181,13654,21,2,0.1
34182,13654,18,1,0.1
34183,13654,16,3,0
34184,13655,2,2,0
34185,13655,9,1,0
34186,13655,3,2,0.15
34187,13656,13,3,0.2
34188,13657,8,3,0
34189,13657,8,3,0.2
34190,13657,1,3,0.15
34191,13658,22,1,0.1
34192,13658,14,3,0.15
34193,13658,7,1,0
34194,13658,19,3,0.15
34195,13659,12,2,0.2
34196,13659,8,2,0.15
34197,13659,15,3,0.1
34198,13659,9,3,0
34199,13660,19,2,0.15
34200,13660,17,1,0
34201,13660,23,2,0
34202,13660,20,1,0
34203,13661,9,2,0.1
34204,13661,5,1,0.2
34205,13661,8,2,0
34206,13662,6,3,0
34207,13662,6,3,0.15
34208,13663,18,2,0
34209,13663,21,3,0
34210,13664,14,1,0
34211,13664,17,2,0
34212,13664,20,1,0
34213,13664,24,2,0
34214,13665,16,3,0.1
34215,13665,8,1,0.2
34216,13665,7,1,0.1
34217,13665,10,3,0
34218,13666,6,1,0
34219,13666,14,1,0
34220,13666,3,3,0.1
34221,13666,5,2,0.15
34222,13667,8,2,0
34223,13667,23,2,0
34224,13668,24,3,0
34225,13668,16,2,0.2
34226,13668,2,2,0.15
34227,13668,7,2,0
34228,13669,17,2,0
34229,13669,7,1,0.1
34230,13669,20,3,0
34231,13669,23,1,0
34232,13670,7,3,0
34233,13671,21,2,0.1
34234,13671,5,2,0
34235,13672,9,3,0.1
34236,13672,18,1,0
34237,13673,11,2,0.15
34238,13673,19,3,0.1
34239,13673,3,2,0
34240,13673,1,3,0
34241,13674,1,3,0.15
34242,13674,11,1,0.2
34243,13674,10,3,0.15
34244,13675,14,2,0.2
34245,13675,13,3,0.1
34246,13675,14,1,0.15
34247,13675,22,2,0.15
34248,13676,24,3,0.2
34249,13676,22,2,0
34250,13676,16,2,0
34251,13676,1,1,0
34252,13677,21,1,0.1
34253,13678,8,3,0.1
34254,13679,19,2,0.2
34255,13680,7,1,0
34256,13680,15,2,0
34257,13680,16,2,0.15
34258,13681,7,3,0
34259,13682,5,3,0
34260,13683,6,3,0.15
34261,13683,1,2,0
34262,13683,7,3,0.15
34263,13684,13,2,0
34264,13684,2,1,0
34265,13684,12,2,0
34266,13685,5,3,0.1
34267,13685,14,2,0
34268,13685,21,2,0.15
34269,13686,7,2,0
34270,13686,6,3,0.2
34271,13686,20,3,0.15
34272,13686,2,2,0
34273,13687,17,3,0.2
34274,13687,11,1,0.1
34275,13688,20,2,0
34276,13688,8,1,0.2
34277,13688,4,1,0
34278,13689,22,2,0.1
34279,13689,8,1,0.1
34280,13689,8,3,0.2
34281,13689,24,1,0.2
34282,13690,13,3,0
34283,13690,4,1,0
34284,13690,2,1,0.1
34285,13691,7,2,0.15
34286,13691,18,3,0.2
34287,13692,19,2,0
34288,13692,19,3,0.15
34289,13693,14,3,0
34290,13694,15,2,0
34291,13694,8,3,0
34292,13694,6,2,0
34293,13694,14,2,0.2
34294,13695,18,3,0
34295,13696,22,2,0.15
34296,13696,13,3,0.1
34297,13696,21,1,0.1
34298,13696,16,1,0
34299,13697,5,3,0
34300,13698,21,2,0.1
34301,13699,16,1,0
34302,13699,1,3,0.1
34303,13699,17,1,0.2
34304,13699,15,2,0
34305,13700,8,3,0
34306,13701,21,1,0.2
34307,13702,8,1,0.2
34308,13702,14,3,0
34309,13702,21,2,0
34310,13702,21,1,0
34311,13703,12,1,0
34312,13703,3,2,0
34313,13703,3,3,0
34314,13704,21,3,0
34315,13705,11,1,0
34316,13705,8,1,0
34317,13705,24,2,0.1
34318,13705,2,1,0
34319,13706,13,1,0.15
34320,13707,21,1,0
34321,13707,19,2,0
34322,13708,6,1,0.2
34323,13708,18,1,0
34324,13709,11,3,0
34325,13709,13,1,0.1
34326,13710,16,1,0.1
34327,13710,16,3,0.15
34328,13711,4,3,0
34329,13711,18,3,0.15
34330,13711,12,3,0
34331,13712,14,2,0
34332,13712,4,3,0.2
34333,13712,12,1,0
34334,13713,5,3,0.2
34335,13714,12,1,0
34336,13714,19,1,0.1
34337,13714,16,3,0.2
34338,13715,4,1,0.1
34339,13716,8,3,0
34340,13717,20,2,0.1
34341,13717,10,1,0.2
34342,13717,12,3,0.1
34343,13718,14,3,0
34344,13719,20,3,0.15
34345,13719,15,3,0.1
34346,13720,4,2,0.15
34347,13721,6,3,0.1
34348,13722,18,3,0
34349,13723,10,3,0.15
34350,13723,14,1,0
34351,13723,18,3,0
34352,13723,19,3,0
34353,13724,11,3,0.15
34354,13724,13,1,0
34355,13724,10,3,0
34356,13725,24,2,0
34357,13726,15,3,0
34358,13726,4,1,0.2
34359,13727,23,1,0
34360,13727,10,1,0
34361,13727,13,2,0.2
34362,13727,19,3,0.15
34363,13728,7,2,0.1
34364,13728,9,1,0.1
34365,13728,11,2,0
34366,13729,7,3,0.1
34367,13729,18,1,0.1
34368,13729,23,2,0.2
34369,13730,22,1,0
34370,13730,11,1,0.15
34371,13730,6,2,0.1
34372,13731,2,1,0.2
34373,13732,10,1,0.15
34374,13732,23,2,0
34375,13733,3,3,0.1
34376,13734,6,2,0.15
34377,13734,21,3,0.15
34378,13734,10,3,0.2
34379,13735,23,1,0
34380,13736,11,1,0.1
34381,13736,24,3,0
34382,13737,21,2,0
34383,13737,5,3,0
34384,13737,21,3,0
34385,13737,20,2,0
34386,13738,24,1,0.1
34387,13738,11,3,0.1
34388,13739,24,1,0
34389,13740,9,1,0
34390,13740,16,2,0
34391,13740,19,3,0.15
34392,13741,4,1,0
34393,13742,1,1,0
34394,13742,6,3,0.2
34395,13742,17,3,0
34396,13742,20,1,0
34397,13743,20,2,0.1
34398,13743,4,2,0
34399,13744,17,2,0.1
34400,13744,8,1,0.15
34401,13745,24,2,0
34402,13745,22,3,0.2
34403,13745,18,3,0.2
34404,13745,17,2,0.1
34405,13746,19,1,0
34406,13746,14,2,0
34407,13747,1,1,0.15
34408,13747,5,1,0.15
34409,13747,21,1,0
34410,13747,12,3,0.1
34411,13748,19,1,0.2
34412,13749,5,3,0.2
34413,13749,22,1,0.2
34414,13749,5,1,0
34415,13749,17,2,0
34416,13750,9,3,0
34417,13750,11,2,0
34418,13750,13,3,0.2
34419,13751,19,2,0.15
34420,13751,2,1,0
34421,13752,1,1,0.15
34422,13752,20,2,0
34423,13752,14,2,0
34424,13753,21,3,0
34425,13753,16,2,0
34426,13753,8,3,0
34427,13753,20,3,0.2
34428,13754,13,2,0.2
34429,13754,19,1,0
34430,13754,2,3,0
34431,13754,4,3,0.2
34432,13755,4,1,0
34433,13755,5,3,0.2
34434,13755,13,1,0
34435,13756,1,3,0.15
34436,13756,11,2,0
34437,13756,7,3,0
34438,13756,8,1,0.1
34439,13757,1,1,0.1
34440,13757,10,2,0
34441,13757,15,1,0.2
34442,13757,11,1,0.15
34443,13758,1,1,0
34444,13758,24,1,0
34445,13758,16,2,0.15
34446,13758,3,2,0.1
34447,13759,16,3,0.15
34448,13759,19,1,0.1
34449,13759,7,2,0.1
34450,13760,4,1,0
34451,13760,18,2,0.2
34452,13761,14,3,0.1
34453,13761,23,3,0
34454,13761,20,3,0.15
34455,13761,10,3,0.2
34456,13762,23,3,0.1
34457,13762,11,1,0.15
34458,13762,16,2,0
34459,13763,6,2,0
34460,13763,24,2,0
34461,13763,1,1,0.1
34462,13763,8,3,0.15
34463,13764,19,1,0.15
34464,13764,23,3,0.15
34465,13764,23,2,0
34466,13765,14,1,0.1
34467,13766,21,2,0
34468,13767,19,1,0.15
34469,13768,10,2,0.2
34470,13768,8,3,0.1
34471,13768,24,2,0
34472,13769,24,2,0.2
34473,13770,23,2,0
34474,13770,20,3,0.1
34475,13770,4,1,0.1
34476,13770,4,1,0
34477,13771,21,1,0
34478,13771,15,2,0.1
34479,13771,6,2,0
34480,13771,9,3,0.2
34481,13772,13,3,0.2
34482,13773,11,1,0
34483,13774,14,1,0
34484,13774,4,3,0
34485,13775,6,1,0
34486,13775,9,2,0.2
34487,13776,10,2,0.2
34488,13776,5,2,0
34489,13776,13,3,0
34490,13776,24,2,0.1
34491,13777,10,2,0
34492,13777,15,1,0.1
34493,13777,14,2,0.2
34494,13777,18,3,0
34495,13778,20,2,0
34496,13779,7,1,0
34497,13780,8,2,0
34498,13780,21,1,0
34499,13780,6,3,0
34500,13781,4,2,0.15
34501,13781,16,1,0
34502,13782,21,1,0
34503,13782,8,3,0
34504,13782,21,2,0
34505,13783,10,1,0.2
34506,13783,11,3,0
34507,13783,6,1,0.15
34508,13783,10,3,0.1
34509,13784,2,2,0.1
34510,13784,22,2,0.1
34511,13784,11,3,0.1
34512,13785,24,1,0
34513,13786,14,3,0
34514,13787,17,2,0
34515,13787,4,2,0.1
34516,13787,20,2,0.1
34517,13787,5,2,0
34518,13788,1,3,0
34519,13788,7,1,0
34520,13789,4,1,0.1
34521,13789,14,1,0.2
34522,13790,8,2,0.15
34523,13791,17,3,0
34524,13791,12,2,0
34525,13791,22,3,0.15
34526,13791,13,1,0
34527,13792,15,1,0.15
34528,13792,11,1,0.1
34529,13792,13,3,0
34530,13792,19,2,0.15
34531,13793,15,1,0
34532,13793,2,3,0
34533,13794,14,2,0.15
34534,13794,13,2,0
34535,13795,23,1,0.15
34536,13795,3,1,0.2
34537,13795,6,2,0
34538,13795,12,3,0.2
34539,13796,7,3,0
34540,13797,13,3,0.2
34541,13798,1,1,0
34542,13798,19,1,0
34543,13798,12,3,0.1
34544,13798,17,3,0
34545,13799,7,2,0.2
34546,13799,19,3,0
34547,13799,24,3,0
34548,13799,17,2,0
34549,13800,5,3,0.2
34550,13801,8,3,0
34551,13801,13,2,0.1
34552,13802,16,2,0.15
34553,13802,17,2,0.15
34554,13802,6,1,0
34555,13803,12,3,0.15
34556,13803,20,3,0.15
34557,13803,22,2,0.15
34558,13804,13,1,0
34559,13804,18,3,0
34560,13804,2,3,0
34561,13804,2,3,0.2
34562,13805,22,1,0.2
34563,13806,6,3,0.15
34564,13807,19,1,0
34565,13808,6,2,0.1
34566,13809,8,1,0.2
34567,13809,13,1,0.15
34568,13809,15,1,0
34569,13810,5,3,0
34570,13810,17,3,0.2
34571,13810,1,2,0.2
34572,13811,6,3,0
34573,13812,22,1,0.15
34574,13812,20,1,0.2
34575,13812,13,1,0
34576,13813,22,1,0
34577,13813,19,2,0
34578,13813,4,2,0
34579,13813,9,3,0
34580,13814,2,2,0.15
34581,13814,4,2,0
34582,13815,2,1,0.15
34583,13815,22,2,0.2
34584,13816,19,1,0.2
34585,13816,14,3,0
34586,13816,6,2,0.15
34587,13817,14,2,0.1
34588,13817,16,1,0
34589,13817,11,2,0
34590,13817,24,2,0.2
34591,13818,17,3,0
34592,13818,17,1,0
34593,13818,6,3,0.2
34594,13818,20,3,0.1
34595,13819,2,2,0
34596,13819,24,1,0
34597,13819,6,2,0
34598,13820,23,1,0.15
34599,13820,8,3,0.15
34600,13821,10,1,0
34601,13821,4,1,0.2
34602,13822,9,1,0.15
34603,13822,8,3,0
34604,13822,19,2,0
34605,13822,1,2,0
34606,13823,9,2,0
34607,13824,20,1,0.1
34608,13824,1,1,0.1
34609,13824,17,2,0.15
34610,13825,2,1,0
34611,13825,12,1,0.15
34612,13825,12,1,0.15
34613,13826,22,1,0.15
34614,13827,19,3,0.15
34615,13827,2,3,0.1
34616,13827,15,2,0.15
34617,13827,21,3,0.2
34618,13828,20,2,0.15
34619,13828,18,3,0
34620,13828,3,2,0
34621,13829,6,2,0.15
34622,13829,13,2,0.15
34623,13830,24,2,0.1
34624,13830,13,3,0
34625,13830,1,2,0.2
34626,13831,15,2,0
34627,13831,2,3,0.1
34628,13831,19,3,0.15
34629,13832,11,1,0.15
34630,13832,17,2,0.15
34631,13832,5,1,0
34632,13833,5,1,0
34633,13834,7,2,0
34634,13835,4,1,0.1
34635,13836,13,3,0
34636,13836,21,1,0
34637,13837,14,3,0.2
34638,13837,3,1,0.15
34639,13837,14,1,0.15
34640,13838,19,3,0.1
34641,13838,13,1,0.2
34642,13838,22,2,0
34643,13839,1,1,0.1
34644,13839,20,3,0
34645,13839,13,2,0.1
34646,13840,3,3,0.1
34647,13840,23,1,0
34648,13841,12,2,0
34649,13842,4,2,0
34650,13843,10,1,0
34651,13843,16,1,0.1
34652,13843,8,3,0.2
34653,13844,5,3,0.1
34654,13845,7,1,0.15
34655,13845,19,2,0.2
34656,13845,8,3,0.1
34657,13846,20,1,0
34658,13846,21,1,0
34659,13847,13,1,0.15
34660,13848,7,1,0.2
34661,13848,22,1,0
34662,13849,1,3,0.2
34663,13850,19,3,0.1
34664,13850,17,3,0
34665,13850,17,3,0
34666,13850,12,2,0.1
34667,13851,22,1,0
34668,13851,18,2,0.1
34669,13851,19,1,0
34670,13851,15,3,0.2
34671,13852,13,1,0.15
34672,13852,14,3,0.2
34673,13852,22,3,0
34674,13852,4,1,0
34675,13853,19,3,0
34676,13853,24,2,0
34677,13853,3,2,0.1
34678,13853,17,3,0.2
34679,13854,11,2,0.2
34680,13854,14,3,0
34681,13854,20,2,0.2
34682,13854,22,1,0.1
34683,13855,8,1,0.2
34684,13856,14,3,0.15
34685,13857,14,1,0
34686,13857,11,3,0.1
34687,13857,20,2,0.1
34688,13858,19,1,0
34689,13858,7,1,0
34690,13858,16,1,0.2
34691,13859,10,1,0.2
34692,13859,7,2,0
34693,13859,15,1,0
34694,13860,17,2,0
34695,13860,10,3,0.2
34696,13861,4,3,0
34697,13861,2,2,0.15
34698,13862,4,1,0.1
34699,13862,19,2,0.15
34700,13862,13,3,0.2
34701,13863,19,3,0
34702,13863,18,1,0.15
34703,13863,11,2,0.1
34704,13864,19,1,0
34705,13864,24,3,0.15
34706,13864,19,2,0
34707,13864,13,3,0
34708,13865,7,3,0
34709,13866,12,1,0
34710,13867,13,2,0
34711,13868,23,1,0
34712,13868,12,2,0
34713,13869,16,1,0.15
34714,13869,1,2,0.2
34715,13870,14,1,0.2
34716,13871,18,1,0.15
34717,13871,14,3,0
34718,13872,8,2,0.2
34719,13872,1,2,0.15
34720,13872,7,2,0.15
34721,13872,23,3,0
34722,13873,10,3,0
34723,13873,21,3,0
34724,13873,14,1,0
34725,13873,16,2,0
34726,13874,6,1,0
34727,13874,4,2,0
34728,13875,10,1,0.2
34729,13875,18,2,0.1
34730,13876,15,3,0.2
34731,13876,7,2,0
34732,13876,12,2,0
34733,13876,2,3,0.1
34734,13877,4,2,0.2
34735,13877,22,1,0.1
34736,13877,4,3,0
34737,13878,23,3,0.15
34738,13878,7,2,0
34739,13878,12,1,0.1
34740,13879,14,1,0.15
34741,13880,20,1,0.2
34742,13881,5,1,0
34743,13882,15,1,0.15
34744,13882,8,1,0.15
34745,13883,21,2,0
34746,13883,15,1,0
34747,13883,8,2,0.15
34748,13883,12,2,0
34749,13884,1,2,0.1
34750,13884,21,3,0.15
34751,13885,23,3,0.15
34752,13885,3,1,0
34753,13885,15,2,0.1
34754,13886,20,3,0.2
34755,13886,21,3,0
34756,13886,17,1,0.15
34757,13886,3,2,0
34758,13887,11,3,0.2
34759,13887,5,2,0.2
34760,13887,10,2,0.2
34761,13887,8,2,0
34762,13888,19,3,0.2
34763,13888,7,2,0
34764,13888,11,1,0
34765,13888,6,3,0
34766,13889,19,1,0.1
34767,13889,7,1,0.2
34768,13889,12,3,0.1
34769,13890,20,1,0
34770,13891,22,2,0
34771,13891,19,3,0
34772,13891,18,1,0
34773,13891,14,1,0.2
34774,13892,21,2,0.15
34775,13892,10,3,0.15
34776,13893,9,3,0.15
34777,13893,23,3,0
34778,13893,17,2,0
34779,13894,20,2,0.1
34780,13895,2,3,0.15
34781,13895,13,3,0
34782,13896,22,1,0.2
34783,13897,14,3,0
34784,13897,21,1,0.15
34785,13897,20,2,0.1
34786,13898,9,3,0
34787,13898,13,3,0
34788,13898,12,3,0
34789,13899,18,3,0.2
34790,13899,23,2,0
34791,13899,3,2,0
34792,13900,6,1,0.15
34793,13900,24,3,0
34794,13901,10,3,0
34795,13902,12,1,0
34796,13903,10,2,0.2
34797,13903,20,1,0
34798,13904,1,2,0.15
34799,13904,10,3,0
34800,13904,11,3,0
34801,13905,16,1,0
34802,13905,21,3,0
34803,13905,20,3,0.1
34804,13905,15,3,0.15
34805,13906,20,3,0
34806,13907,2,2,0
34807,13907,23,3,0.1
34808,13908,14,3,0.15
34809,13909,24,1,0.2
34810,13910,15,1,0
34811,13910,8,1,0
34812,13910,19,1,0
34813,13910,16,2,0.15
34814,13911,18,1,0
34815,13912,18,1,0
34816,13912,12,3,0
34817,13912,21,1,0
34818,13912,10,3,0.15
34819,13913,2,1,0
34820,13913,21,3,0.15
34821,13913,8,3,0.2
34822,13914,18,1,0.15
34823,13914,9,2,0
34824,13914,17,1,0
34825,13915,13,1,0
34826,13915,6,1,0
34827,13915,20,2,0
34828,13915,23,3,0.2
34829,13916,1,3,0
34830,13917,14,1,0
34831,13917,10,3,0
34832,13917,15,3,0.15
34833,13917,10,3,0
34834,13918,20,3,0.15
34835,13918,10,2,0
34836,13918,5,3,0.2
34837,13918,3,3,0
34838,13919,15,3,0.15
34839,13920,20,1,0
34840,13920,3,3,0
34841,13921,3,2,0.2
34842,13921,19,1,0
34843,13921,4,2,0.15
34844,13921,3,3,0
34845,13922,7,3,0.2
34846,13922,3,3,0.15
34847,13922,14,3,0
34848,13923,16,3,0.15
34849,13924,19,2,0
34850,13925,14,2,0.1
34851,13925,10,3,0
34852,13926,5,2,0
34853,13926,7,1,0
34854,13926,20,1,0.1
34855,13927,12,1,0
34856,13927,21,3,0
34857,13927,18,2,0
34858,13927,9,1,0
34859,13928,15,3,0
34860,13928,17,1,0
34861,13928,22,1,0.1
34862,13928,13,1,0
34863,13929,12,1,0.2
34864,13929,17,2,0.1
34865,13929,3,1,0
34866,13929,7,3,0.2
34867,13930,2,2,0
34868,13930,20,3,0.2
34869,13930,22,1,0
34870,13931,21,3,0
34871,13931,20,2,0
34872,13932,3,3,0
34873,13932,12,2,0.2
34874,13933,21,1,0.15
34875,13933,17,1,0.15
34876,13933,22,1,0
34877,13933,3,3,0.2
34878,13934,23,1,0.15
34879,13934,17,1,0.15
34880,13934,10,2,0
34881,13934,2,3,0.2
34882,13935,10,1,0.2
34883,13936,18,2,0.1
34884,13937,8,1,0.2
34885,13937,15,3,0.2
34886,13937,5,1,0.1
34887,13937,3,3,0
34888,13938,23,1,0
34889,13938,12,2,0
34890,13938,12,2,0
34891,13938,16,1,0.2
34892,13939,19,3,0.1
34893,13939,17,1,0.2
34894,13939,9,1,0
34895,13940,2,3,0.1
34896,13940,20,2,0.15
34897,13940,21,3,0.2
34898,13940,22,2,0
34899,13941,6,3,0.15
34900,13941,1,3,0
34901,13941,24,3,0
34902,13941,22,3,0
34903,13942,14,3,0.2
34904,13943,18,3,0.1
34905,13943,13,1,0.15
34906,13944,6,1,0
34907,13944,17,1,0.1
34908,13944,9,3,0
34909,13944,6,1,0
34910,13945,23,1,0.1
34911,13945,24,2,0
34912,13946,19,1,0.2
34913,13946,15,2,0
34914,13946,6,1,0
34915,13946,12,2,0
34916,13947,8,2,0.2
34917,13948,14,1,0
34918,13948,17,1,0
34919,13949,16,3,0.2
34920,13949,12,2,0.15
34921,13949,14,1,0
34922,13950,23,1,0.2
34923,13950,8,1,0.1
34924,13950,22,1,0
34925,13950,15,2,0
34926,13951,23,1,0.2
34927,13951,16,3,0
34928,13951,11,2,0
34929,13951,7,1,0.2
34930,13952,19,2,0.1
34931,13952,10,2,0
34932,13952,18,1,0.2
34933,13953,10,3,0
34934,13953,3,1,0
34935,13953,24,1,0.15
34936,13953,12,1,0
34937,13954,9,1,0
34938,13954,4,1,0.15
34939,13954,11,2,0.2
34940,13955,17,3,0.1
34941,13955,7,3,0
34942,13956,9,3,0.15
34943,13956,11,2,0.2
34944,13957,17,1,0.15
34945,13957,20,3,0
34946,13957,3,3,0
34947,13957,6,1,0.2
34948,13958,4,1,0.1
34949,13958,10,3,0.2
34950,13959,2,2,0
34951,13959,13,1,0.15
34952,13959,20,3,0.1
34953,13960,16,2,0.1
34954,13960,14,3,0
34955,13960,21,2,0
34956,13960,19,1,0.15
34957,13961,3,3,0.15
34958,13961,24,2,0
34959,13961,17,1,0.1
34960,13961,1,1,0
34961,13962,4,3,0
34962,13963,13,2,0.1
34963,13963,21,2,0
34964,13964,16,1,0
34965,13964,2,1,0
34966,13965,14,2,0.2
34967,13966,22,2,0
34968,13967,15,1,0
34969,13968,9,2,0.15
34970,13968,6,1,0
34971,13968,23,3,0.2
34972,13968,11,1,0.2
34973,13969,8,1,0
34974,13969,10,3,0
34975,13969,11,1,0.2
34976,13969,15,2,0
34977,13970,8,2,0.2
34978,13970,21,2,0
34979,13970,11,3,0.1
34980,13970,9,3,0.15
34981,13971,6,3,0.2
34982,13972,7,3,0.1
34983,13973,11,2,0.15
34984,13974,19,3,0
34985,13974,9,3,0
34986,13974,20,3,0.2
34987,13974,7,3,0
34988,13975,2,1,0.15
34989,13975,6,1,0
34990,13975,7,2,0
34991,13976,19,2,0.1
34992,13977,24,1,0.15
34993,13977,11,1,0
34994,13977,2,2,0
34995,13977,14,1,0.1
34996,13978,17,2,0.1
34997,13978,23,1,0
34998,13978,11,3,0
34999,13979,1,1,0.15
35000,13979,23,1,0.2
35001,13980,9,2,0.2
35002,13980,6,1,0
35003,13981,6,3,0
35004,13981,9,2,0.1
35005,13981,16,2,0
35006,13981,23,3,0
35007,13982,20,2,0.1
35008,13983,24,1,0.1
35009,13984,8,2,0
35010,13984,7,3,0
35011,13984,2,1,0.1
35012,13984,17,3,0
35013,13985,7,1,0
35014,13985,12,3,0
35015,13986,11,3,0
35016,13986,4,1,0
35017,13986,2,3,0.1
35018,13986,1,3,0
35019,13987,8,2,0
35020,13987,11,3,0.15
35021,13987,16,3,0.2
35022,13987,18,3,0
35023,13988,24,3,0.15
35024,13988,17,3,0.15
35025,13988,20,2,0.15
35026,13988,15,3,0
35027,13989,1,1,0.1
35028,13989,20,2,0.1
35029,13990,23,3,0
35030,13991,1,2,0.2
35031,13992,14,2,0.2
35032,13992,15,1,0.2
35033,13992,15,1,0
35034,13993,6,3,0
35035,13994,19,3,0.2
35036,13994,18,1,0.1
35037,13994,5,2,0
35038,13994,10,1,0
35039,13995,21,3,0
35040,13996,9,2,0.1
35041,13996,7,2,0
35042,13996,19,2,0
35043,13997,17,3,0
35044,13997,8,2,0.1
35045,13998,15,1,0.15
35046,13999,11,3,0
35047,13999,18,3,0
35048,13999,22,3,0
35049,13999,3,1,0
35050,14000,14,3,0
35051,14000,14,1,0
35052,14001,24,1,0.1
35053,14001,6,3,0.1
35054,14001,14,2,0
35055,14001,10,1,0.2
35056,14002,16,2,0
35057,14002,4,3,0
35058,14003,19,2,0.15
35059,14003,16,3,0.1
35060,14003,10,2,0.1
35061,14004,11,2,0.15
35062,14005,19,1,0
35063,14006,12,3,0.15
35064,14007,21,1,0
35065,14007,17,3,0
35066,14007,24,2,0
35067,14007,16,2,0.1
35068,14008,23,1,0
35069,14009,10,2,0
35070,14010,21,2,0.1
35071,14010,4,1,0
35072,14010,8,2,0
35073,14010,5,2,0.2
35074,14011,10,3,0
35075,14012,14,3,0
35076,14013,1,3,0.15
35077,14013,24,3,0.2
35078,14014,9,3,0
35079,14014,2,2,0.15
35080,14015,6,3,0.1
35081,14015,18,3,0
35082,14015,21,3,0.2
35083,14015,3,1,0.15
35084,14016,11,3,0
35085,14016,23,2,0.2
35086,14016,1,2,0
35087,14016,8,1,0
35088,14017,4,3,0
35089,14017,21,1,0.15
35090,14017,12,1,0
35091,14017,17,3,0
35092,14018,16,3,0
35093,14018,12,2,0.1
35094,14019,14,1,0.2
35095,14019,17,3,0
35096,14019,10,1,0
35097,14019,8,2,0.15
35098,14020,11,2,0
35099,14020,17,3,0.15
35100,14020,5,1,0.15
35101,14020,22,1,0
35102,14021,22,3,0
35103,14021,19,2,0.1
35104,14021,1,1,0.1
35105,14022,20,1,0
35106,14022,4,3,0
35107,14023,20,3,0.1
35108,14023,4,2,0
35109,14024,1,3,0.15
35110,14024,24,2,0
35111,14024,8,1,0.15
35112,14025,4,1,0.1
35113,14025,20,2,0
35114,14025,6,1,0
35115,14026,5,2,0.1
35116,14026,14,2,0
35117,14026,12,2,0
35118,14027,19,2,0
35119,14027,13,1,0
35120,14027,11,3,0.1
35121,14027,11,1,0.15
35122,14028,23,2,0.15
35123,14028,3,3,0.15
35124,14028,3,2,0.2
35125,14028,22,2,0.2
35126,14029,12,3,0.15
35127,14030,7,1,0
35128,14030,4,1,0
35129,14030,1,1,0
35130,14031,13,1,0.15
35131,14031,5,2,0.2
35132,14031,1,3,0
35133,14031,21,2,0
35134,14032,5,1,0
35135,14032,6,1,0
35136,14032,17,3,0.2
35137,14032,19,1,0
35138,14033,21,1,0
35139,14033,19,1,0
35140,14033,7,3,0.15
35141,14033,2,1,0.15
35142,14034,6,2,0.1
35143,14035,17,1,0
35144,14036,15,2,0.15
35145,14036,16,2,0.1
35146,14037,24,2,0.15
35147,14037,23,1,0
35148,14038,7,3,0.1
35149,14038,3,3,0
35150,14039,21,1,0
35151,14040,4,2,0
35152,14040,4,2,0.1
35153,14041,19,3,0
35154,14042,13,2,0.1
35155,14042,7,3,0.15
35156,14042,3,1,0.1
35157,14042,13,3,0
35158,14043,18,2,0.15
35159,14043,8,1,0.15
35160,14043,6,1,0
35161,14044,6,2,0
35162,14045,1,3,0
35163,14045,4,3,0
35164,14045,10,3,0.1
35165,14045,18,3,0
35166,14046,13,3,0.15
35167,14046,7,1,0.1
35168,14046,20,1,0.2
35169,14046,5,2,0
35170,14047,22,1,0.15
35171,14048,8,1,0.15
35172,14049,10,3,0
35173,14050,18,2,0.1
35174,14050,18,1,0.2
35175,14050,21,3,0.1
35176,14051,9,1,0.1
35177,14051,7,2,0
35178,14051,4,2,0
35179,14051,17,2,0.2
35180,14052,5,3,0
35181,14053,14,3,0
35182,14053,24,3,0.1
35183,14053,20,3,0.2
35184,14054,13,1,0
35185,14054,1,2,0
35186,14055,8,2,0.2
35187,14056,14,1,0.15
35188,14056,17,2,0
35189,14056,10,3,0
35190,14057,20,3,0
35191,14057,3,1,0.15
35192,14057,7,1,0.15
35193,14058,18,2,0.2
35194,14058,16,1,0
35195,14058,4,1,0.2
35196,14059,3,2,0
35197,14060,5,3,0.15
35198,14060,9,3,0.1
35199,14060,21,3,0
35200,14061,5,2,0
35201,14061,23,1,0.1
35202,14062,15,1,0.1
35203,14062,14,2,0.15
35204,14062,24,1,0
35205,14062,5,1,0.15
35206,14063,3,3,0.2
35207,14064,11,2,0.1
35208,14065,8,1,0
35209,14065,6,2,0
35210,14066,17,3,0
35211,14066,24,1,0
35212,14066,19,1,0
35213,14066,12,2,0
35214,14067,10,3,0.15
35215,14067,16,3,0.2
35216,14067,5,3,0
35217,14067,8,3,0
35218,14068,4,1,0.15
35219,14068,13,2,0.2
35220,14068,10,2,0.1
35221,14069,20,3,0.2
35222,14069,8,2,0.15
35223,14070,13,1,0
35224,14070,10,2,0.1
35225,14070,7,2,0
35226,14071,22,2,0.2
35227,14071,21,1,0.2
35228,14071,18,1,0
35229,14072,7,1,0
35230,14072,17,3,0
35231,14072,2,2,0
35232,14073,13,2,0.15
35233,14073,18,2,0
35234,14073,15,1,0
35235,14074,5,2,0.15
35236,14074,21,1,0.1
35237,14074,24,2,0.15
35238,14074,23,3,0
35239,14075,8,3,0
35240,14076,6,3,0
35241,14076,11,1,0
35242,14076,24,1,0.15
35243,14077,19,1,0.1
35244,14078,15,2,0.15
35245,14078,20,1,0
35246,14078,3,3,0.2
35247,14078,2,1,0.1
35248,14079,13,2,0.2
35249,14079,20,1,0.2
35250,14079,2,3,0.2
35251,14080,7,1,0
35252,14080,17,2,0.2
35253,14081,3,3,0.1
35254,14081,4,3,0.15
35255,14081,13,2,0.2
35256,14081,9,1,0.15
35257,14082,16,1,0
35258,14082,6,1,0
35259,14082,11,3,0.1
35260,14083,12,1,0
35261,14083,13,2,0
35262,14083,18,3,0
35263,14083,12,2,0
35264,14084,5,2,0
35265,14084,17,3,0
35266,14084,24,3,0.2
35267,14084,9,3,0.1
35268,14085,24,3,0.15
35269,14086,7,1,0
35270,14086,9,3,0.1
35271,14086,8,1,0
35272,14087,23,1,0.2
35273,14087,10,3,0.15
35274,14087,18,2,0.15
35275,14088,14,3,0.1
35276,14088,1,3,0.1
35277,14089,21,3,0.1
35278,14089,15,1,0
35279,14089,3,3,0.2
35280,14090,24,1,0.15
35281,14090,22,1,0.1
35282,14090,15,2,0
35283,14091,18,1,0.15
35284,14092,2,3,0.2
35285,14092,16,2,0
35286,14092,9,3,0
35287,14093,5,2,0
35288,14093,1,2,0
35289,14093,22,2,0
35290,14094,4,2,0.2
35291,14094,16,2,0.2
35292,14095,17,1,0.2
35293,14095,21,1,0
35294,14095,1,1,0.2
35295,14095,7,2,0.1
35296,14096,13,2,0
35297,14096,19,2,0
35298,14096,4,1,0
35299,14097,8,2,0
35300,14097,6,3,0
35301,14097,13,3,0.2
35302,14098,7,2,0
35303,14098,7,1,0.2
35304,14098,5,3,0
35305,14098,24,2,0.1
35306,14099,24,2,0
35307,14099,8,3,0
35308,14099,6,2,0
35309,14099,14,1,0
35310,14100,8,3,0.1
35311,14100,13,1,0.15
35312,14101,13,2,0.15
35313,14101,12,2,0
35314,14102,10,3,0
35315,14103,3,3,0.1
35316,14103,5,1,0
35317,14103,1,2,0.1
35318,14103,19,2,0.1
35319,14104,22,1,0
35320,14105,2,2,0.2
35321,14105,21,3,0.2
35322,14105,6,2,0.2
35323,14105,12,3,0.1
35324,14106,10,1,0.1
35325,14106,3,3,0
35326,14106,3,2,0
35327,14106,8,1,0
35328,14107,1,2,0
35329,14107,4,2,0
35330,14107,9,2,0
35331,14107,13,1,0.2
35332,14108,15,1,0.2
35333,14108,17,2,0.1
35334,14108,21,2,0.15
35335,14108,20,1,0
35336,14109,3,2,0.1
35337,14109,11,1,0
35338,14110,14,3,0.1
35339,14110,5,1,0
35340,14111,1,1,0
35341,14111,6,1,0.1
35342,14111,21,2,0
35343,14112,1,2,0
35344,14112,20,1,0
35345,14112,10,3,0.2
35346,14113,6,2,0.15
35347,14114,10,1,0.1
35348,14114,24,2,0
35349,14114,19,3,0
35350,14114,24,3,0.2
35351,14115,10,2,0.15
35352,14115,12,3,0.1
35353,14116,19,3,0
35354,14116,14,1,0.1
35355,14116,13,1,0.2
35356,14117,7,3,0.2
35357,14117,1,2,0.2
35358,14118,16,1,0.15
35359,14118,11,3,0.2
35360,14118,18,3,0
35361,14119,20,3,0
35362,14119,22,3,0.1
35363,14120,12,2,0
35364,14121,23,2,0.1
35365,14121,8,1,0
35366,14122,1,1,0.15
35367,14122,22,1,0.1
35368,14123,13,3,0.2
35369,14123,12,2,0.2
35370,14123,5,1,0.2
35371,14124,5,2,0
35372,14125,10,2,0.2
35373,14125,18,2,0
35374,14125,18,3,0.2
35375,14126,2,2,0.15
35376,14126,16,3,0
35377,14126,5,2,0.1
35378,14127,3,1,0.1
35379,14128,21,1,0.2
35380,14128,9,1,0.1
35381,14128,17,1,0.15
35382,14129,1,3,0
35383,14129,20,3,0
35384,14130,24,3,0
35385,14130,14,2,0.1
35386,14131,4,2,0
35387,14131,10,3,0.15
35388,14132,19,2,0.2
35389,14132,18,2,0.1
35390,14133,2,2,0.2
35391,14133,9,2,0.15
35392,14133,1,3,0
35393,14133,15,2,0
35394,14134,22,1,0
35395,14134,17,1,0.2
35396,14134,19,1,0
35397,14135,16,2,0.15
35398,14135,10,2,0.1
35399,14135,10,1,0
35400,14135,11,2,0
35401,14136,6,1,0.2
35402,14136,4,3,0.1
35403,14137,3,2,0
35404,14137,22,3,0
35405,14138,1,3,0.15
35406,14138,19,3,0
35407,14138,19,2,0.2
35408,14139,15,2,0
35409,14140,21,3,0
35410,14140,19,2,0.15
35411,14140,7,1,0
35412,14140,3,2,0.2
35413,14141,24,1,0.15
35414,14141,8,3,0
35415,14141,16,1,0
35416,14142,5,2,0.2
35417,14142,17,1,0
35418,14142,1,1,0
35419,14142,22,3,0
35420,14143,21,3,0
35421,14143,2,2,0.2
35422,14143,1,3,0
35423,14144,13,2,0.15
35424,14144,11,1,0.2
35425,14144,17,2,0.15
35426,14144,3,1,0
35427,14145,18,1,0.1
35428,14146,10,1,0
35429,14146,21,3,0
35430,14146,24,2,0.1
35431,14147,24,3,0
35432,14147,24,1,0.2
35433,14147,1,2,0
35434,14147,19,2,0.2
35435,14148,15,2,0
35436,14148,17,1,0
35437,14148,7,3,0.15
35438,14148,4,3,0
35439,14149,17,3,0
35440,14149,22,3,0.1
35441,14150,24,1,0
35442,14150,8,3,0.15
35443,14150,18,2,0
35444,14151,16,2,0
35445,14152,13,2,0
35446,14152,13,2,0
35447,14153,8,2,0
35448,14153,1,3,0
35449,14154,22,2,0
35450,14154,14,2,0.2
35451,14154,22,3,0
35452,14155,21,2,0
35453,14155,20,2,0
35454,14156,16,2,0.1
35455,14157,11,1,0.15
35456,14157,1,3,0.15
35457,14158,23,3,0.1
35458,14158,20,1,0
35459,14158,23,2,0
35460,14158,12,3,0
35461,14159,11,3,0.1
35462,14159,15,2,0.1
35463,14159,10,1,0.2
35464,14160,13,1,0
35465,14161,5,1,0.15
35466,14161,4,3,0
35467,14161,23,1,0.1
35468,14161,11,3,0.1
35469,14162,12,1,0.2
35470,14162,11,1,0
35471,14163,3,3,0
35472,14163,2,2,0
35473,14163,23,2,0
35474,14164,23,3,0.1
35475,14165,19,2,0.1
35476,14165,24,2,0
35477,14165,22,3,0.15
35478,14166,10,2,0.15
35479,14166,24,1,0
35480,14166,22,1,0.2
35481,14167,22,3,0
35482,14168,13,2,0.1
35483,14168,5,2,0
35484,14169,21,3,0.2
35485,14169,21,1,0
35486,14170,19,3,0.2
35487,14171,8,1,0.1
35488,14171,11,2,0
35489,14171,18,3,0.1
35490,14172,16,3,0.2
35491,14173,2,2,0
35492,14173,12,3,0.2
35493,14174,20,2,0
35494,14175,1,1,0
35495,14176,17,2,0.1
35496,14177,1,1,0
35497,14178,4,2,0.15
35498,14179,11,1,0.15
35499,14179,6,3,0.1
35500,14180,6,1,0.1
35501,14180,23,2,0.2
35502,14180,4,1,0
35503,14181,7,1,0.1
35504,14181,12,3,0.2
35505,14181,3,1,0
35506,14181,8,3,0.1
35507,14182,23,2,0.1
35508,14183,6,1,0.2
35509,14183,18,3,0
35510,14184,10,1,0.1
35511,14184,15,3,0.15
35512,14184,14,3,0.1
35513,14185,4,3,0.15
35514,14185,3,2,0.15
35515,14186,1,1,0
35516,14186,13,3,0
35517,14186,1,2,0
35518,14187,3,1,0.2
35519,14188,18,2,0
35520,14188,24,2,0
35521,14188,6,3,0.1
35522,14188,3,1,0.2
35523,14189,20,1,0.1
35524,14189,3,1,0
35525,14189,7,3,0
35526,14190,1,2,0.1
35527,14190,6,2,0
35528,14190,20,3,0
35529,14191,14,3,0.15
35530,14192,16,1,0
35531,14193,16,3,0.1
35532,14194,24,2,0.1
35533,14194,10,1,0.15
35534,14194,11,3,0
35535,14194,18,2,0
35536,14195,1,1,0.15
35537,14195,3,2,0.2
35538,14195,7,2,0.1
35539,14195,20,2,0
35540,14196,24,3,0.2
35541,14196,1,2,0.15
35542,14196,12,3,0
35543,14196,21,2,0.1
35544,14197,9,3,0
35545,14197,10,3,0
35546,14197,22,3,0
35547,14198,20,3,0.1
35548,14198,3,1,0
35549,14198,20,2,0
35550,14198,16,1,0
35551,14199,22,2,0.15
35552,14199,5,2,0.15
35553,14199,21,3,0
35554,14200,13,2,0.2
35555,14201,12,2,0.1
35556,14201,12,3,0
35557,14201,3,2,0.2
35558,14201,22,1,0
35559,14202,18,1,0.2
35560,14202,20,1,0
35561,14203,8,3,0
35562,14204,18,2,0.2
35563,14204,3,1,0.15
35564,14204,12,2,0
35565,14204,4,1,0
35566,14205,22,2,0.15
35567,14205,21,3,0
35568,14206,16,1,0
35569,14206,17,1,0.2
35570,14207,17,2,0.1
35571,14207,6,2,0
35572,14208,20,1,0.15
35573,14208,14,1,0
35574,14208,12,1,0
35575,14208,24,1,0.15
35576,14209,2,1,0
35577,14209,24,1,0
35578,14209,10,3,0.2
35579,14209,18,2,0
35580,14210,16,3,0.1
35581,14210,18,1,0.15
35582,14210,1,1,0.1
35583,14211,8,3,0.15
35584,14211,2,2,0
35585,14211,12,3,0.2
35586,14211,13,3,0.2
35587,14212,14,1,0
35588,14212,6,1,0
35589,14212,8,2,0.15
35590,14212,5,3,0
35591,14213,15,2,0.15
35592,14213,24,3,0
35593,14213,20,3,0
35594,14213,11,3,0
35595,14214,20,1,0
35596,14214,1,2,0
35597,14214,7,1,0.1
35598,14214,23,2,0.2
35599,14215,14,2,0.1
35600,14216,13,1,0
35601,14216,21,1,0
35602,14216,18,3,0.15
35603,14217,18,2,0
35604,14217,16,3,0.1
35605,14218,5,1,0.2
35606,14218,13,3,0.1
35607,14218,7,2,0
35608,14218,14,3,0
35609,14219,2,1,0
35610,14219,8,1,0.1
35611,14219,13,1,0.15
35612,14220,21,2,0
35613,14220,3,3,0
35614,14220,2,3,0
35615,14221,4,1,0
35616,14222,8,3,0.2
35617,14222,22,1,0.15
35618,14223,18,3,0
35619,14223,2,3,0
35620,14223,12,2,0.1
35621,14223,23,2,0
35622,14224,10,2,0
35623,14224,22,2,0.2
35624,14224,8,2,0
35625,14225,19,1,0.2
35626,14225,16,2,0.2
35627,14225,21,1,0
35628,14225,5,2,0
35629,14226,18,2,0.1
35630,14227,23,1,0.2
35631,14227,6,3,0
35632,14227,18,2,0.15
35633,14228,15,2,0
35634,14229,17,3,0.1
35635,14229,6,2,0.15
35636,14229,21,1,0.15
35637,14229,9,1,0
35638,14230,8,3,0.15
35639,14231,2,2,0.2
35640,14232,19,2,0
35641,14232,12,2,0.2
35642,14233,4,2,0
35643,14233,1,1,0
35644,14234,18,3,0.1
35645,14234,3,2,0
35646,14235,23,2,0
35647,14235,13,1,0
35648,14235,3,1,0.2
35649,14236,19,2,0
35650,14237,22,2,0
35651,14237,24,1,0
35652,14237,20,1,0
35653,14238,13,2,0
35654,14238,6,1,0.1
35655,14238,10,1,0
35656,14238,24,1,0
35657,14239,13,1,0
35658,14239,7,3,0.2
35659,14239,22,1,0
35660,14240,9,1,0
35661,14240,4,2,0.2
35662,14240,4,1,0.1
35663,14240,12,1,0
35664,14241,4,3,0.2
35665,14241,2,2,0
35666,14241,24,1,0.1
35667,14242,2,3,0.15
35668,14242,2,2,0.1
35669,14243,5,3,0.15
35670,14243,1,2,0.1
35671,14243,11,2,0
35672,14243,17,2,0
35673,14244,12,1,0.1
35674,14244,13,1,0.15
35675,14244,19,1,0
35676,14244,14,2,0.1
35677,14245,13,1,0
35678,14245,3,3,0.1
35679,14245,9,2,0.1
35680,14246,16,1,0.2
35681,14247,9,2,0.1
35682,14247,3,1,0.2
35683,14247,19,1,0.1
35684,14247,23,2,0.2
35685,14248,4,1,0.15
35686,14248,3,2,0.1
35687,14248,15,1,0
35688,14248,11,3,0.1
35689,14249,5,3,0.2
35690,14250,16,1,0.2
35691,14250,4,2,0
35692,14250,15,2,0.2
35693,14250,8,2,0
35694,14251,11,2,0
35695,14251,2,3,0.15
35696,14251,7,1,0
35697,14251,8,2,0
35698,14252,18,3,0
35699,14252,12,3,0.15
35700,14252,6,2,0
35701,14253,13,1,0
35702,14253,5,1,0.15
35703,14254,22,3,0.15
35704,14254,4,2,0.1
35705,14254,11,2,0
35706,14255,24,2,0
35707,14255,14,2,0.1
35708,14256,12,1,0
35709,14256,18,3,0
35710,14256,2,2,0
35711,14256,3,1,0
35712,14257,14,3,0
35713,14258,3,1,0
35714,14259,5,2,0
35715,14260,15,3,0
35716,14261,18,2,0.15
35717,14261,15,3,0
35718,14262,12,2,0.1
35719,14263,17,1,0
35720,14263,5,1,0
35721,14263,5,2,0.15
35722,14263,22,1,0
35723,14264,8,2,0.15
35724,14264,4,3,0
35725,14264,3,2,0
35726,14265,9,2,0
35727,14265,24,2,0.2
35728,14265,19,2,0
35729,14265,17,2,0.2
35730,14266,3,2,0.2
35731,14267,12,2,0.15
35732,14267,11,1,0.1
35733,14268,2,1,0
35734,14268,17,2,0
35735,14268,7,2,0
35736,14268,8,2,0
35737,14269,12,2,0
35738,14269,1,3,0.15
35739,14269,4,2,0.1
35740,14269,14,3,0
35741,14270,7,3,0
35742,14271,22,2,0
35743,14272,16,2,0
35744,14272,13,2,0
35745,14273,20,3,0
35746,14273,10,2,0
35747,14274,20,1,0.2
35748,14274,20,3,0.15
35749,14274,19,1,0.15
35750,14274,15,2,0.1
35751,14275,15,1,0.1
35752,14275,23,2,0
35753,14276,14,1,0
35754,14276,7,3,0
35755,14277,1,1,0.15
35756,14277,12,3,0.1
35757,14277,24,2,0.2
35758,14277,20,2,0.2
35759,14278,1,1,0.1
35760,14278,17,2,0.1
35761,14278,3,3,0
35762,14279,19,1,0.15
35763,14279,19,2,0.15
35764,14279,23,3,0
35765,14280,20,1,0.2
35766,14280,23,3,0.15
35767,14281,23,3,0.15
35768,14281,4,3,0.2
35769,14281,16,1,0.2
35770,14281,16,2,0.1
35771,14282,24,3,0.1
35772,14282,21,3,0.15
35773,14282,15,3,0
35774,14282,3,3,0.1
35775,14283,12,1,0
35776,14283,22,3,0.15
35777,14284,8,1,0
35778,14284,17,2,0
35779,14284,9,1,0.1
35780,14284,17,3,0
35781,14285,1,2,0.2
35782,14285,24,2,0.15
35783,14286,12,2,0
35784,14286,16,1,0.1
35785,14286,5,2,0
35786,14286,12,2,0.15
35787,14287,7,2,0
35788,14288,4,2,0
35789,14288,19,3,0
35790,14288,14,2,0
35791,14288,14,2,0
35792,14289,10,1,0.1
35793,14289,15,1,0
35794,14289,18,1,0.15
35795,14289,14,3,0.15
35796,14290,1,2,0.1
35797,14291,18,3,0
35798,14291,22,3,0
35799,14291,17,3,0
35800,14291,20,3,0.15
35801,14292,1,1,0.2
35802,14293,6,3,0.2
35803,14293,6,2,0.2
35804,14294,23,1,0
35805,14294,10,2,0
35806,14294,1,2,0.15
35807,14294,19,1,0.2
35808,14295,9,2,0
35809,14295,18,3,0.15
35810,14296,1,2,0
35811,14296,19,3,0
35812,14296,16,3,0.15
35813,14297,8,1,0.2
35814,14297,14,1,0
35815,14297,23,1,0.15
35816,14297,5,3,0
35817,14298,8,3,0.1
35818,14299,4,3,0
35819,14299,12,3,0
35820,14299,22,3,0
35821,14299,20,1,0.15
35822,14300,13,2,0.2
35823,14300,19,3,0
35824,14301,3,3,0.1
35825,14302,15,2,0.15
35826,14303,3,3,0.2
35827,14303,23,2,0.1
35828,14303,19,2,0.2
35829,14303,10,3,0
35830,14304,17,1,0.2
35831,14304,21,1,0
35832,14305,14,1,0.2
35833,14305,22,1,0
35834,14305,8,1,0.2
35835,14306,14,3,0
35836,14306,7,1,0
35837,14306,4,2,0
35838,14307,22,1,0.15
35839,14307,22,2,0.2
35840,14307,8,3,0.15
35841,14308,20,1,0
35842,14308,19,3,0
35843,14308,13,3,0.15
35844,14309,5,1,0.2
35845,14309,1,3,0.15
35846,14309,24,1,0
35847,14310,24,3,0.15
35848,14310,6,3,0
35849,14310,21,3,0
35850,14310,13,3,0.15
35851,14311,24,3,0
35852,14311,23,3,0.2
35853,14311,5,2,0.2
35854,14311,17,3,0.2
35855,14312,16,2,0
35856,14312,15,2,0
35857,14312,1,2,0
35858,14313,7,3,0.15
35859,14314,5,2,0
35860,14314,24,3,0
35861,14314,7,3,0
35862,14315,19,1,0.15
35863,14315,16,2,0
35864,14315,3,1,0.15
35865,14316,4,2,0.2
35866,14317,20,3,0
35867,14318,2,2,0
35868,14319,21,1,0
35869,14319,8,3,0
35870,14319,5,2,0.15
35871,14320,5,3,0
35872,14321,14,2,0.1
35873,14322,5,2,0.1
35874,14323,9,3,0
35875,14324,8,1,0.15
35876,14324,24,3,0
35877,14325,12,2,0.2
35878,14325,14,1,0.2
35879,14325,5,3,0
35880,14325,4,2,0
35881,14326,15,2,0
35882,14326,2,2,0.15
35883,14326,12,1,0.2
35884,14327,12,1,0
35885,14327,10,2,0
35886,14328,17,1,0
35887,14328,15,1,0
35888,14329,7,1,0
35889,14329,8,3,0.2
35890,14330,7,3,0
35891,14331,21,2,0.1
35892,14331,2,2,0.1
35893,14331,13,3,0
35894,14332,8,3,0.2
35895,14332,9,3,0.15
35896,14333,13,2,0
35897,14333,19,2,0.15
35898,14333,24,2,0
35899,14333,22,1,0.2
35900,14334,6,3,0.15
35901,14334,14,1,0
35902,14334,3,1,0.1
35903,14334,11,2,0.15
35904,14335,18,2,0
35905,14335,3,3,0.2
35906,14336,11,2,0.1
35907,14336,11,1,0
35908,14336,10,2,0.1
35909,14337,12,2,0.15
35910,14337,18,3,0
35911,14337,12,1,0
35912,14337,3,3,0
35913,14338,14,1,0.2
35914,14339,10,1,0.15
35915,14339,3,3,0
35916,14340,13,1,0.2
35917,14340,22,3,0
35918,14340,15,2,0.1
35919,14341,12,3,0.1
35920,14341,7,3,0
35921,14341,3,2,0.15
35922,14342,12,2,0
35923,14342,19,2,0.2
35924,14343,20,3,0.2
35925,14344,17,3,0.1
35926,14344,21,2,0.1
35927,14344,20,3,0.1
35928,14344,8,2,0
35929,14345,21,3,0.2
35930,14346,1,1,0
35931,14346,7,2,0.2
35932,14346,13,2,0
35933,14346,13,3,0
35934,14347,7,3,0
35935,14347,15,1,0
35936,14347,3,3,0.2
35937,14348,18,3,0.1
35938,14348,14,2,0
35939,14349,14,2,0.1
35940,14349,5,1,0.15
35941,14350,9,1,0
35942,14350,6,2,0.2
35943,14350,9,3,0
35944,14351,3,3,0.1
35945,14351,2,1,0
35946,14351,15,2,0.2
35947,14351,21,2,0.1
35948,14352,11,2,0
35949,14352,2,1,0
35950,14352,20,3,0.1
35951,14352,13,2,0
35952,14353,2,3,0
35953,14353,14,2,0
35954,14353,7,3,0.1
35955,14353,15,2,0
35956,14354,22,3,0.1
35957,14354,14,2,0.2
35958,14354,7,2,0
35959,14354,18,3,0
35960,14355,17,3,0
35961,14355,1,1,0.2
35962,14355,17,1,0
35963,14356,15,1,0
35964,14356,20,1,0
35965,14356,3,2,0
35966,14356,2,3,0
35967,14357,16,2,0.1
35968,14357,18,1,0
35969,14358,19,3,0
35970,14359,19,1,0.1
35971,14359,17,2,0
35972,14360,18,3,0.15
35973,14360,13,2,0
35974,14360,22,2,0.15
35975,14361,8,2,0.1
35976,14361,2,3,0
35977,14361,24,2,0
35978,14362,21,3,0.15
35979,14362,7,2,0
35980,14363,13,1,0
35981,14363,21,3,0.2
35982,14364,13,2,0.2
35983,14364,15,3,0
35984,14364,20,2,0.2
35985,14364,11,3,0
35986,14365,12,2,0.1
35987,14366,1,2,0
35988,14366,22,3,0.2
35989,14366,11,1,0
35990,14367,1,2,0
35991,14367,13,1,0
35992,14367,7,1,0.1
35993,14367,6,3,0
35994,14368,5,2,0.1
35995,14368,22,3,0.2
35996,14368,9,2,0.1
35997,14369,19,2,0
35998,14370,22,2,0
35999,14370,20,3,0.15
36000,14370,7,3,0
36001,14371,17,3,0
36002,14371,11,3,0.2
36003,14372,24,3,0
36004,14372,21,3,0
36005,14373,2,2,0.1
36006,14373,22,3,0
36007,14373,7,3,0
36008,14374,24,1,0
36009,14374,12,1,0
36010,14374,21,1,0.15
36011,14374,9,1,0
36012,14375,24,3,0
36013,14375,8,1,0.2
36014,14375,8,2,0.15
36015,14375,2,3,0
36016,14376,2,3,0.1
36017,14377,5,2,0.2
36018,14377,22,3,0
36019,14377,23,1,0.15
36020,14377,9,1,0.15
36021,14378,21,3,0
36022,14378,10,1,0
36023,14379,11,2,0
36024,14379,5,3,0
36025,14380,16,3,0
36026,14380,11,2,0.1
36027,14381,18,1,0.2
36028,14381,12,1,0
36029,14382,4,1,0
36030,14382,24,3,0.2
36031,14382,4,1,0
36032,14382,18,3,0.15
36033,14383,24,2,0.15
36034,14384,12,2,0
36035,14385,11,2,0
36036,14385,17,1,0.2
36037,14385,23,1,0
36038,14385,13,1,0
36039,14386,20,2,0.15
36040,14387,2,1,0.1
36041,14387,3,3,0
36042,14388,24,2,0.2
36043,14388,11,2,0
36044,14388,12,2,0.1
36045,14388,18,2,0
36046,14389,16,2,0
36047,14389,7,2,0
36048,14389,6,3,0
36049,14390,14,1,0.15
36050,14390,4,3,0
36051,14391,15,2,0.2
36052,14391,3,2,0
36053,14391,6,3,0.15
36054,14391,1,1,0.1
36055,14392,1,3,0
36056,14392,19,2,0
36057,14393,12,1,0.1
36058,14394,4,2,0
36059,14395,12,1,0
36060,14396,17,1,0
36061,14397,7,2,0
36062,14397,5,2,0
36063,14397,11,2,0.1
36064,14398,16,1,0
36065,14398,19,1,0.1
36066,14398,5,1,0.1
36067,14399,16,1,0.1
36068,14400,6,2,0.2
36069,14400,22,3,0.1
36070,14400,15,1,0
36071,14400,11,3,0
36072,14401,20,2,0.1
36073,14402,8,1,0
36074,14402,11,1,0
36075,14403,19,2,0
36076,14404,10,2,0.2
36077,14404,22,1,0
36078,14405,10,3,0.1
36079,14405,4,1,0
36080,14405,11,1,0.1
36081,14406,2,1,0
36082,14406,4,3,0
36083,14407,23,3,0
36084,14408,16,2,0.15
36085,14408,23,1,0
36086,14409,17,2,0
36087,14409,5,1,0
36088,14409,23,1,0
36089,14409,24,3,0
36090,14410,12,3,0
36091,14410,20,1,0
36092,14410,7,3,0.2
36093,14411,23,2,0
36094,14411,10,3,0.2
36095,14411,15,3,0.1
36096,14411,18,3,0
36097,14412,4,2,0.15
36098,14412,23,2,0.1
36099,14413,9,2,0
36100,14414,23,1,0.2
36101,14414,21,3,0
36102,14414,23,3,0
36103,14415,23,1,0
36104,14415,5,1,0.2
36105,14415,9,1,0.1
36106,14416,4,3,0
36107,14416,22,2,0.2
36108,14416,18,3,0.2
36109,14416,22,1,0
36110,14417,12,2,0
36111,14418,8,3,0.15
36112,14418,11,2,0
36113,14419,19,1,0.2
36114,14419,7,1,0.15
36115,14419,3,3,0
36116,14419,3,1,0.2
36117,14420,2,2,0.15
36118,14420,4,3,0.2
36119,14421,10,2,0.1
36120,14421,23,1,0
36121,14421,13,2,0
36122,14421,24,3,0.1
36123,14422,15,3,0.1
36124,14423,4,2,0
36125,14424,20,1,0.1
36126,14425,23,2,0
36127,14425,22,1,0
36128,14426,14,1,0
36129,14427,15,3,0
36130,14427,17,1,0
36131,14427,7,2,0.15
36132,14427,19,2,0.2
36133,14428,9,2,0.1
36134,14428,6,2,0.1
36135,14429,24,2,0.1
36136,14429,16,3,0.2
36137,14429,19,3,0
36138,14430,13,3,0
36139,14431,5,3,0
36140,14431,19,2,0
36141,14431,1,2,0.2
36142,14431,18,3,0.1
36143,14432,6,1,0.1
36144,14432,1,3,0
36145,14432,12,2,0.1
36146,14433,4,1,0.2
36147,14433,19,1,0
36148,14433,11,3,0.2
36149,14433,7,2,0
36150,14434,7,1,0.1
36151,14435,17,2,0.1
36152,14435,4,1,0
36153,14436,4,1,0
36154,14436,5,2,0.15
36155,14437,9,1,0.1
36156,14437,14,3,0.1
36157,14437,10,2,0
36158,14438,7,3,0.2
36159,14438,6,3,0
36160,14439,18,1,0
36161,14440,20,1,0.2
36162,14440,11,3,0.2
36163,14441,10,1,0.15
36164,14441,18,3,0.1
36165,14441,6,1,0
36166,14442,23,1,0.15
36167,14442,22,1,0
36168,14442,22,1,0.2
36169,14442,15,3,0
36170,14443,4,2,0.15
36171,14444,12,2,0
36172,14444,15,2,0.1
36173,14444,3,1,0
36174,14445,24,2,0.2
36175,14445,10,2,0.1
36176,14446,6,1,0
36177,14447,8,3,0.1
36178,14447,22,2,0.2
36179,14447,14,1,0
36180,14448,21,2,0
36181,14449,2,2,0.15
36182,14449,11,3,0
36183,14450,3,3,0
36184,14450,23,3,0
36185,14450,14,1,0.15
36186,14451,7,2,0
36187,14451,14,1,0
36188,14451,12,1,0
36189,14452,9,1,0.1
36190,14452,9,1,0.15
36191,14452,22,3,0
36192,14453,24,2,0
36193,14454,13,1,0
36194,14455,14,2,0.15
36195,14455,13,2,0.15
36196,14455,4,2,0
36197,14456,4,3,0.15
36198,14457,14,3,0.1
36199,14458,23,2,0.2
36200,14458,14,3,0.1
36201,14458,4,1,0.2
36202,14458,3,1,0
36203,14459,10,1,0.15
36204,14459,6,1,0.15
36205,14459,24,2,0
36206,14459,22,2,0
36207,14460,1,1,0.1
36208,14460,20,2,0
36209,14461,24,2,0.2
36210,14461,10,2,0.2
36211,14461,7,1,0.15
36212,14461,14,3,0.1
36213,14462,17,3,0.1
36214,14462,10,1,0
36215,14463,9,1,0
36216,14463,18,1,0
36217,14464,3,1,0
36218,14464,1,1,0
36219,14464,1,1,0.1
36220,14465,18,3,0
36221,14465,16,1,0
36222,14465,14,1,0
36223,14465,5,2,0
36224,14466,7,2,0.2
36225,14466,3,1,0.15
36226,14466,1,1,0.15
36227,14467,11,1,0.2
36228,14467,12,2,0
36229,14468,1,1,0.1
36230,14469,11,3,0
36231,14469,4,2,0
36232,14470,9,1,0
36233,14471,14,1,0
36234,14472,17,2,0.15
36235,14473,13,2,0
36236,14473,15,2,0.2
36237,14473,10,1,0.15
36238,14473,8,3,0.15
36239,14474,5,1,0
36240,14475,20,3,0
36241,14475,15,3,0.15
36242,14476,1,3,0.1
36243,14477,13,3,0
36244,14477,2,3,0.15
36245,14477,20,2,0
36246,14478,12,2,0
36247,14478,17,1,0.2
36248,14479,6,1,0.15
36249,14479,15,2,0.1
36250,14479,24,3,0
36251,14480,15,2,0.1
36252,14480,17,1,0
36253,14480,8,3,0.1
36254,14481,18,2,0.15
36255,14482,14,3,0
36256,14483,19,2,0.1
36257,14483,9,2,0
36258,14483,17,2,0.1
36259,14484,1,1,0.2
36260,14484,2,3,0.1
36261,14484,3,3,0
36262,14485,20,2,0.1
36263,14486,17,3,0.2
36264,14486,17,3,0.1
36265,14486,19,3,0.2
36266,14486,11,3,0
36267,14487,18,3,0
36268,14487,3,2,0.2
36269,14487,24,1,0.1
36270,14488,6,1,0
36271,14488,3,3,0
36272,14488,12,1,0
36273,14489,12,3,0.2
36274,14489,19,2,0
36275,14489,9,1,0.2
36276,14490,2,3,0.2
36277,14490,21,2,0.15
36278,14490,2,3,0.2
36279,14490,8,3,0
36280,14491,3,1,0.2
36281,14492,24,3,0.1
36282,14492,12,1,0
36283,14492,10,1,0
36284,14492,7,3,0
36285,14493,3,2,0.1
36286,14493,14,3,0
36287,14494,5,1,0.1
36288,14495,17,1,0
36289,14495,3,2,0.2
36290,14495,10,1,0
36291,14495,23,2,0.15
36292,14496,10,2,0.15
36293,14496,23,2,0
36294,14496,1,2,0.15
36295,14496,22,2,0
36296,14497,11,2,0
36297,14497,21,3,0
36298,14497,18,3,0.2
36299,14497,12,3,0.15
36300,14498,2,2,0
36301,14498,23,2,0
36302,14498,22,3,0.15
36303,14498,22,2,0
36304,14499,4,2,0
36305,14499,16,1,0.15
36306,14499,22,1,0
36307,14499,15,3,0
36308,14500,19,3,0
36309,14500,18,1,0.2
36310,14500,17,1,0
36311,14500,13,2,0.2
36312,14501,4,1,0
36313,14501,4,2,0.1
36314,14501,15,1,0
36315,14502,17,1,0
36316,14502,6,2,0
36317,14502,23,3,0.15
36318,14503,6,3,0.15
36319,14503,13,3,0.15
36320,14503,11,1,0.15
36321,14503,6,1,0.1
36322,14504,17,1,0.15
36323,14504,23,3,0.2
36324,14504,17,3,0.2
36325,14505,7,1,0.1
36326,14506,2,1,0
36327,14506,16,2,0.15
36328,14506,17,1,0
36329,14507,7,3,0
36330,14507,16,2,0
36331,14508,6,3,0.1
36332,14509,9,2,0
36333,14509,18,2,0
36334,14509,12,1,0
36335,14510,9,3,0.2
36336,14510,17,3,0
36337,14511,4,1,0
36338,14511,21,1,0.15
36339,14511,18,1,0.2
36340,14512,22,1,0.2
36341,14512,17,1,0
36342,14512,16,3,0
36343,14513,20,1,0.1
36344,14514,14,2,0.15
36345,14515,4,1,0.1
36346,14516,10,1,0.2
36347,14516,24,1,0.15
36348,14517,13,2,0
36349,14518,7,2,0.1
36350,14518,19,1,0
36351,14518,9,2,0
36352,14518,18,2,0.2
36353,14519,12,1,0.1
36354,14519,1,2,0.2
36355,14519,13,2,0.2
36356,14519,20,2,0.15
36357,14520,8,3,0.2
36358,14520,6,1,0.2
36359,14520,5,1,0.2
36360,14521,23,3,0.1
36361,14521,10,3,0
36362,14521,16,2,0.1
36363,14521,4,1,0
36364,14522,3,1,0
36365,14522,18,1,0
36366,14522,22,2,0.15
36367,14522,16,2,0
36368,14523,21,1,0
36369,14523,18,2,0
36370,14523,13,3,0.1
36371,14523,17,1,0.1
36372,14524,4,2,0.1
36373,14524,3,2,0.15
36374,14524,20,1,0
36375,14524,6,3,0.15
36376,14525,6,3,0.2
36377,14526,3,1,0
36378,14526,19,3,0
36379,14527,5,3,0.1
36380,14528,8,2,0.1
36381,14528,14,1,0
36382,14529,15,1,0.15
36383,14529,22,1,0
36384,14529,6,3,0
36385,14530,24,2,0
36386,14530,18,1,0.15
36387,14530,17,2,0.15
36388,14530,14,1,0
36389,14531,18,2,0
36390,14531,8,1,0.1
36391,14531,1,1,0
36392,14531,12,1,0.1
36393,14532,23,3,0.15
36394,14533,14,1,0.1
36395,14534,18,2,0.2
36396,14534,24,2,0.1
36397,14534,21,1,0.1
36398,14535,8,2,0
36399,14536,14,1,0
36400,14537,7,1,0
36401,14537,16,1,0.1
36402,14537,24,1,0
36403,14538,1,1,0
36404,14539,10,3,0
36405,14539,23,3,0.2
36406,14539,13,1,0
36407,14540,22,2,0
36408,14541,22,2,0.1
36409,14541,8,3,0
36410,14542,10,3,0.15
36411,14542,22,2,0.15
36412,14542,6,2,0
36413,14542,14,2,0
36414,14543,3,2,0.1
36415,14543,11,2,0
36416,14543,16,3,0
36417,14543,4,1,0.2
36418,14544,6,3,0.2
36419,14544,18,3,0
36420,14544,5,1,0
36421,14545,15,1,0.1
36422,14545,1,2,0.15
36423,14545,16,1,0
36424,14546,3,1,0.2
36425,14546,7,1,0.15
36426,14546,12,1,0.1
36427,14547,20,3,0
36428,14548,9,1,0.2
36429,14549,14,2,0
36430,14550,11,1,0.1
36431,14551,14,2,0.15
36432,14551,14,1,0
36433,14551,4,3,0.15
36434,14551,9,2,0
36435,14552,21,2,0.1
36436,14553,3,3,0
36437,14554,21,3,0
36438,14554,18,1,0.1
36439,14554,13,1,0
36440,14555,11,3,0
36441,14555,3,1,0.15
36442,14555,15,1,0
36443,14556,22,1,0.2
36444,14556,2,2,0.15
36445,14556,13,2,0.15
36446,14557,1,1,0
36447,14558,22,2,0.1
36448,14558,6,3,0.1
36449,14558,20,3,0
36450,14558,6,2,0.1
36451,14559,2,1,0
36452,14559,9,1,0.1
36453,14559,15,3,0
36454,14559,10,1,0
36455,14560,22,3,0
36456,14560,18,1,0.2
36457,14561,18,3,0.15
36458,14562,22,3,0
36459,14562,20,1,0
36460,14563,16,2,0
36461,14564,12,1,0.15
36462,14564,7,1,0
36463,14565,3,2,0
36464,14566,6,3,0.2
36465,14566,6,3,0.2
36466,14567,3,3,0
36467,14567,12,3,0.15
36468,14568,5,2,0
36469,14568,13,2,0.15
36470,14568,7,2,0.15
36471,14569,6,2,0
36472,14569,3,2,0
36473,14569,23,2,0
36474,14569,19,1,0.15
36475,14570,10,2,0.15
36476,14570,5,2,0
36477,14570,1,1,0
36478,14571,14,3,0.2
36479,14572,20,1,0.15
36480,14573,12,2,0.15
36481,14573,9,2,0.15
36482,14573,10,1,0
36483,14574,8,3,0
36484,14574,3,2,0
36485,14575,9,1,0.2
36486,14575,17,3,0.1
36487,14576,8,1,0
36488,14577,12,2,0
36489,14577,17,2,0.15
36490,14577,10,2,0
36491,14578,2,2,0
36492,14578,22,1,0.2
36493,14578,4,1,0
36494,14579,13,1,0
36495,14579,11,1,0
36496,14580,3,3,0
36497,14580,13,1,0
36498,14581,8,1,0.2
36499,14581,21,3,0.15
36500,14581,6,1,0
36501,14582,4,3,0.15
36502,14582,21,2,0
36503,14583,1,2,0.1
36504,14583,21,2,0.15
36505,14583,18,3,0
36506,14583,16,1,0.15
36507,14584,19,3,0
36508,14584,17,1,0
36509,14584,4,1,0
36510,14584,17,2,0
36511,14585,17,3,0.2
36512,14585,23,3,0
36513,14586,13,2,0
36514,14586,24,3,0
36515,14586,14,3,0
36516,14586,4,1,0.15
36517,14587,17,1,0.2
36518,14587,23,3,0.2
36519,14588,1,1,0
36520,14588,10,3,0.2
36521,14588,15,3,0
36522,14588,4,1,0
36523,14589,4,1,0
36524,14589,11,1,0.1
36525,14590,10,2,0.15
36526,14590,16,2,0
36527,14591,1,2,0
36528,14591,10,3,0.15
36529,14591,7,1,0
36530,14591,4,2,0
36531,14592,1,1,0
36532,14592,10,1,0.2
36533,14592,9,3,0.2
36534,14592,23,2,0
36535,14593,3,2,0.1
36536,14593,17,2,0.1
36537,14594,2,3,0
36538,14594,20,1,0
36539,14594,8,3,0
36540,14595,11,3,0
36541,14595,12,2,0
36542,14595,18,3,0
36543,14595,6,2,0
36544,14596,12,1,0
36545,14596,2,3,0
36546,14597,22,3,0
36547,14597,24,2,0.2
36548,14597,12,2,0.15
36549,14597,16,3,0.15
36550,14598,6,3,0.15
36551,14598,7,1,0.2
36552,14599,4,3,0
36553,14599,13,1,0
36554,14600,10,2,0.15
36555,14601,4,1,0.2
36556,14601,23,2,0.1
36557,14601,9,2,0
36558,14602,15,3,0
36559,14602,11,3,0.1
36560,14602,17,1,0
36561,14602,12,2,0.15
36562,14603,13,1,0
36563,14604,15,3,0
36564,14604,11,3,0.2
36565,14605,24,3,0
36566,14605,2,2,0.1
36567,14605,17,3,0
36568,14605,2,1,0
36569,14606,13,1,0
36570,14606,20,1,0.2
36571,14606,18,1,0.2
36572,14607,10,2,0
36573,14607,14,2,0
36574,14607,7,2,0.2
36575,14607,17,2,0
36576,14608,24,2,0.1
36577,14609,8,1,0
36578,14610,1,1,0
36579,14610,15,1,0
36580,14611,21,3,0.15
36581,14611,8,2,0.1
36582,14612,1,3,0
36583,14613,2,2,0
36584,14613,14,1,0.2
36585,14613,5,1,0
36586,14613,11,3,0.15
36587,14614,6,2,0.15
36588,14614,12,3,0
36589,14614,8,3,0
36590,14614,8,3,0.2
36591,14615,11,3,0.15
36592,14615,4,2,0
36593,14615,20,2,0
36594,14616,12,1,0.2
36595,14616,1,1,0
36596,14616,16,1,0.1
36597,14616,11,2,0.15
36598,14617,13,2,0.2
36599,14618,2,2,0.15
36600,14618,6,2,0
36601,14618,4,1,0.15
36602,14618,23,3,0.15
36603,14619,14,1,0
36604,14619,16,1,0
36605,14619,19,3,0
36606,14620,4,1,0
36607,14620,4,1,0
36608,14621,10,3,0
36609,14622,15,2,0.2
36610,14622,10,2,0
36611,14622,1,2,0.2
36612,14623,7,2,0.2
36613,14623,7,3,0.1
36614,14623,6,2,0.2
36615,14624,16,2,0.15
36616,14624,9,3,0.1
36617,14624,7,2,0
36618,14625,19,3,0
36619,14625,18,2,0.15
36620,14625,7,2,0
36621,14625,24,3,0.15
36622,14626,6,3,0
36623,14626,15,1,0
36624,14626,8,2,0.1
36625,14626,23,1,0
36626,14627,7,3,0
36627,14628,1,2,0
36628,14628,11,2,0
36629,14629,24,2,0
36630,14629,16,1,0
36631,14629,12,3,0.1
36632,14630,5,1,0
36633,14630,6,3,0
36634,14630,10,3,0.2
36635,14631,9,3,0
36636,14631,6,2,0
36637,14632,10,3,0
36638,14632,3,1,0.1
36639,14632,10,1,0
36640,14632,18,1,0
36641,14633,4,2,0.15
36642,14633,22,3,0
36643,14633,20,3,0
36644,14633,21,3,0.2
36645,14634,12,3,0.1
36646,14634,6,3,0.15
36647,14634,15,2,0
36648,14635,13,3,0.2
36649,14635,22,3,0
36650,14635,22,3,0.2
36651,14636,13,1,0.1
36652,14636,13,2,0.2
36653,14636,21,1,0
36654,14637,7,3,0
36655,14638,2,2,0
36656,14638,23,3,0
36657,14638,10,3,0.15
36658,14638,20,2,0.15
36659,14639,11,3,0.1
36660,14639,22,1,0.15
36661,14640,19,3,0
36662,14640,11,1,0.1
36663,14640,7,1,0.1
36664,14640,13,1,0
36665,14641,10,2,0.1
36666,14641,17,1,0.1
36667,14641,10,1,0
36668,14642,4,1,0
36669,14642,9,1,0
36670,14642,20,3,0.2
36671,14642,22,2,0.15
36672,14643,24,2,0.15
36673,14643,18,2,0.1
36674,14643,17,2,0.15
36675,14644,15,1,0.2
36676,14644,19,1,0.15
36677,14644,15,2,0
36678,14645,1,2,0
36679,14645,11,3,0
36680,14645,11,3,0
36681,14645,24,3,0.1
36682,14646,8,3,0.15
36683,14646,2,2,0.1
36684,14646,4,2,0
36685,14647,2,3,0
36686,14647,23,1,0.2
36687,14648,22,3,0
36688,14648,5,3,0.15
36689,14649,2,2,0
36690,14649,2,3,0.15
36691,14650,9,2,0
36692,14650,23,3,0.1
36693,14650,2,3,0
36694,14651,9,1,0
36695,14651,24,2,0
36696,14651,16,1,0.1
36697,14651,13,1,0
36698,14652,23,2,0.15
36699,14652,21,1,0.15
36700,14652,21,1,0
36701,14652,18,2,0.2
36702,14653,5,1,0.1
36703,14653,23,3,0.2
36704,14653,12,1,0.15
36705,14654,5,1,0
36706,14654,6,1,0.2
36707,14655,1,2,0.1
36708,14655,5,3,0
36709,14655,3,1,0
36710,14656,6,1,0
36711,14656,7,2,0
36712,14657,18,3,0.15
36713,14657,24,1,0
36714,14657,15,1,0
36715,14658,10,1,0
36716,14659,13,2,0
36717,14659,9,3,0
36718,14659,20,1,0.15
36719,14659,17,2,0.15
36720,14660,11,2,0.1
36721,14661,6,1,0.15
36722,14661,5,2,0.15
36723,14661,3,3,0
36724,14661,13,1,0.2
36725,14662,2,1,0.1
36726,14662,9,2,0
36727,14662,23,2,0
36728,14663,3,3,0.15
36729,14663,4,1,0
36730,14664,1,1,0
36731,14664,3,2,0.1
36732,14664,20,3,0
36733,14664,21,2,0
36734,14665,6,1,0.15
36735,14665,10,3,0.2
36736,14665,17,2,0
36737,14666,19,2,0.15
36738,14666,1,2,0.1
36739,14666,20,1,0.15
36740,14666,18,3,0
36741,14667,7,2,0
36742,14667,13,2,0
36743,14667,9,2,0.15
36744,14668,3,3,0.2
36745,14668,1,1,0
36746,14669,4,1,0
36747,14669,13,2,0
36748,14669,17,2,0
36749,14669,10,1,0
36750,14670,5,1,0
36751,14670,10,2,0
36752,14670,23,1,0
36753,14671,8,2,0.15
36754,14671,5,3,0
36755,14671,8,2,0.2
36756,14672,6,2,0.1
36757,14672,12,2,0.1
36758,14672,8,3,0.2
36759,14673,6,3,0
36760,14674,24,2,0.1
36761,14675,22,3,0
36762,14675,5,1,0
36763,14676,14,3,0.15
36764,14676,2,1,0
36765,14676,14,3,0
36766,14677,20,2,0
36767,14677,24,3,0
36768,14677,24,1,0.15
36769,14678,21,3,0
36770,14679,5,1,0.15
36771,14679,8,2,0.15
36772,14679,9,2,0
36773,14679,19,1,0.2
36774,14680,6,3,0.2
36775,14680,5,1,0
36776,14680,23,2,0.2
36777,14680,12,3,0
36778,14681,19,2,0.2
36779,14681,2,2,0
36780,14681,17,1,0
36781,14682,13,3,0
36782,14682,6,1,0.2
36783,14682,21,3,0
36784,14682,21,1,0
36785,14683,21,3,0.1
36786,14683,15,3,0
36787,14684,7,3,0.2
36788,14684,11,2,0.15
36789,14684,13,1,0.15
36790,14685,16,1,0.1
36791,14686,5,3,0.15
36792,14686,24,2,0.2
36793,14686,20,1,0.15
36794,14687,23,2,0.1
36795,14688,15,2,0.15
36796,14689,2,3,0
36797,14689,4,1,0.15
36798,14689,9,1,0
36799,14689,20,3,0
36800,14690,1,3,0
36801,14690,2,1,0.2
36802,14690,16,2,0.1
36803,14690,8,3,0
36804,14691,1,2,0
36805,14691,1,3,0.15
36806,14691,15,2,0.15
36807,14692,3,1,0.2
36808,14692,14,2,0
36809,14693,8,1,0.1
36810,14694,22,2,0
36811,14695,3,1,0.1
36812,14695,19,3,0.2
36813,14695,16,3,0.2
36814,14696,2,1,0.1
36815,14696,17,3,0
36816,14696,24,1,0
36817,14697,17,1,0
36818,14697,19,3,0.1
36819,14697,16,2,0
36820,14698,18,3,0
36821,14699,18,1,0.15
36822,14699,19,3,0
36823,14699,13,3,0
36824,14699,3,1,0.15
36825,14700,5,3,0
36826,14701,4,3,0
36827,14701,3,1,0
36828,14702,17,1,0.15
36829,14702,15,2,0.15
36830,14703,11,3,0.1
36831,14704,23,1,0
36832,14705,20,3,0.1
36833,14706,18,3,0.1
36834,14707,8,1,0.2
36835,14707,14,3,0.15
36836,14707,5,2,0
36837,14707,15,1,0
36838,14708,7,2,0.1
36839,14708,8,1,0.15
36840,14709,18,2,0
36841,14709,18,2,0
36842,14709,10,3,0
36843,14710,19,2,0
36844,14711,22,1,0
36845,14711,8,2,0
36846,14711,20,1,0.2
36847,14711,23,3,0.2
36848,14712,22,2,0.15
36849,14712,10,1,0.1
36850,14712,21,1,0
36851,14713,10,3,0
36852,14713,12,1,0
36853,14714,16,2,0.2
36854,14714,9,1,0.1
36855,14714,7,3,0
36856,14714,19,1,0
36857,14715,6,3,0
36858,14715,7,3,0
36859,14715,16,2,0.15
36860,14716,14,3,0
36861,14717,17,2,0
36862,14717,16,1,0
36863,14718,7,1,0.2
36864,14718,4,1,0.1
36865,14718,12,1,0.15
36866,14719,19,3,0.15
36867,14719,4,2,0
36868,14720,24,2,0
36869,14720,9,2,0.1
36870,14720,2,2,0.2
36871,14721,9,1,0.15
36872,14722,11,3,0
36873,14722,1,2,0
36874,14722,15,2,0
36875,14722,23,1,0
36876,14723,8,1,0.15
36877,14723,13,1,0
36878,14723,9,2,0.15
36879,14723,14,1,0.1
36880,14724,14,3,0.1
36881,14724,6,2,0
36882,14724,23,1,0.15
36883,14724,6,3,0
36884,14725,2,1,0
36885,14726,4,2,0.1
36886,14726,13,1,0.2
36887,14726,23,3,0.15
36888,14727,11,2,0
36889,14727,7,1,0.1
36890,14727,17,3,0.15
36891,14728,8,1,0
36892,14728,3,3,0.2
36893,14728,23,3,0.15
36894,14729,2,2,0.1
36895,14729,8,1,0.15
36896,14729,8,1,0
36897,14730,12,1,0.1
36898,14730,11,1,0
36899,14730,9,3,0
36900,14731,11,1,0
36901,14731,24,3,0.1
36902,14731,10,2,0.1
36903,14731,1,3,0
36904,14732,15,3,0
36905,14733,19,3,0
36906,14733,12,1,0
36907,14733,23,2,0
36908,14733,2,2,0.15
36909,14734,6,1,0
36910,14734,18,1,0.1
36911,14735,6,2,0
36912,14735,6,3,0
36913,14736,15,3,0.2
36914,14736,17,1,0.2
36915,14736,18,3,0.15
36916,14736,12,1,0.15
36917,14737,15,1,0
36918,14737,3,3,0.15
36919,14737,7,3,0.2
36920,14738,1,3,0.1
36921,14739,2,1,0
36922,14739,7,1,0.15
36923,14739,13,2,0
36924,14739,12,1,0
36925,14740,2,1,0
36926,14740,4,1,0.2
36927,14741,4,2,0
36928,14741,14,2,0
36929,14741,15,1,0
36930,14742,5,3,0
36931,14742,1,2,0
36932,14743,24,1,0
36933,14743,19,2,0.2
36934,14743,10,2,0
36935,14743,3,2,0.2
36936,14744,17,3,0.2
36937,14745,14,3,0
36938,14745,10,2,0
36939,14745,14,3,0
36940,14745,23,3,0.15
36941,14746,3,1,0.2
36942,14746,20,2,0.15
36943,14746,13,1,0.1
36944,14747,2,3,0
36945,14747,2,1,0.2
36946,14747,11,1,0
36947,14748,18,1,0
36948,14748,2,2,0.1
36949,14749,14,1,0
36950,14749,1,2,0
36951,14749,15,3,0
36952,14749,20,1,0
36953,14750,20,2,0.15
36954,14750,12,3,0
36955,14751,16,3,0
36956,14751,10,2,0
36957,14751,6,2,0.1
36958,14752,14,1,0.1
36959,14752,15,2,0.2
36960,14753,16,1,0.1
36961,14754,7,1,0.1
36962,14755,17,2,0.15
36963,14755,18,2,0
36964,14755,10,3,0.15
36965,14756,13,2,0
36966,14756,6,2,0
36967,14757,11,2,0
36968,14758,1,3,0
36969,14758,14,1,0.1
36970,14759,24,1,0.1
36971,14760,21,1,0
36972,14761,13,2,0
36973,14762,22,1,0
36974,14762,19,2,0
36975,14762,4,3,0
36976,14763,12,3,0
36977,14764,20,2,0.15
36978,14765,18,3,0.1
36979,14765,20,1,0
36980,14765,8,2,0
36981,14766,23,3,0.2
36982,14766,3,1,0
36983,14766,4,3,0.15
36984,14766,21,1,0.15
36985,14767,6,3,0
36986,14767,8,1,0.1
36987,14767,21,2,0
36988,14767,12,1,0.2
36989,14768,2,1,0
36990,14769,15,3,0.1
36991,14770,15,1,0.15
36992,14770,21,3,0
36993,14770,14,1,0
36994,14770,15,1,0.1
36995,14771,12,3,0.2
36996,14771,11,3,0
36997,14772,13,1,0
36998,14773,7,3,0
36999,14773,24,3,0.15
37000,14773,16,3,0.1
37001,14774,23,3,0.15
37002,14775,8,1,0
37003,14775,3,2,0
37004,14776,10,1,0.15
37005,14776,21,2,0.1
37006,14776,1,3,0
37007,14777,17,1,0.1
37008,14777,7,3,0.1
37009,14777,16,1,0.1
37010,14778,11,3,0.15
37011,14779,8,1,0.1
37012,14780,22,3,0.15
37013,14780,17,2,0.15
37014,14781,11,2,0.2
37015,14781,23,2,0.1
37016,14781,7,1,0.15
37017,14782,5,1,0.15
37018,14783,12,2,0
37019,14783,23,2,0
37020,14784,24,3,0.2
37021,14785,14,3,0
37022,14786,16,1,0
37023,14786,22,2,0
37024,14786,8,1,0
37025,14786,13,3,0.1
37026,14787,12,1,0
37027,14787,12,2,0.2
37028,14788,20,3,0
37029,14788,7,3,0.2
37030,14788,9,1,0
37031,14788,9,3,0.1
37032,14789,15,3,0
37033,14789,18,2,0
37034,14790,1,2,0.1
37035,14790,24,2,0.2
37036,14790,21,3,0.15
37037,14790,17,3,0.15
37038,14791,19,3,0
37039,14791,11,3,0.2
37040,14792,13,3,0
37041,14792,7,1,0
37042,14792,3,1,0.1
37043,14793,17,3,0
37044,14793,1,1,0.15
37045,14793,9,2,0.15
37046,14793,15,3,0.1
37047,14794,9,1,0.2
37048,14795,12,1,0
37049,14795,4,3,0
37050,14796,9,2,0.15
37051,14796,9,1,0
37052,14797,13,3,0
37053,14798,12,2,0.1
37054,14798,10,2,0.1
37055,14798,11,2,0.2
37056,14799,15,1,0
37057,14799,1,2,0.15
37058,14799,8,3,0
37059,14800,7,2,0
37060,14800,18,3,0
37061,14800,9,3,0.15
37062,14800,5,1,0
37063,14801,1,2,0.1
37064,14801,10,3,0.15
37065,14801,6,3,0
37066,14801,10,1,0
37067,14802,24,1,0
37068,14802,3,2,0.2
37069,14803,4,1,0.15
37070,14803,21,1,0.1
37071,14803,15,1,0.15
37072,14803,13,2,0.1
37073,14804,6,3,0
37074,14804,23,3,0.15
37075,14804,19,3,0.2
37076,14805,13,3,0.15
37077,14806,4,1,0
37078,14806,23,1,0.15
37079,14807,17,3,0.15
37080,14807,23,2,0.1
37081,14808,3,1,0.1
37082,14808,23,3,0.2
37083,14808,1,2,0
37084,14809,4,3,0
37085,14809,7,3,0
37086,14810,3,2,0
37087,14811,9,3,0
37088,14811,5,2,0.1
37089,14811,2,1,0.1
37090,14811,20,3,0.1
37091,14812,17,3,0.2
37092,14812,22,3,0
37093,14813,8,1,0.15
37094,14813,21,3,0.15
37095,14814,21,3,0
37096,14815,19,2,0
37097,14815,3,1,0.2
37098,14815,18,3,0.1
37099,14816,12,2,0
37100,14816,13,1,0
37101,14816,2,3,0
37102,14816,10,1,0.2
37103,14817,12,1,0
37104,14817,19,2,0
37105,14817,9,2,0
37106,14817,12,1,0.2
37107,14818,4,1,0
37108,14818,20,2,0
37109,14819,20,3,0.1
37110,14819,6,1,0.1
37111,14819,5,2,0.1
37112,14819,20,3,0
37113,14820,5,1,0
37114,14821,21,2,0.1
37115,14822,16,1,0
37116,14822,22,3,0.1
37117,14822,18,2,0.1
37118,14822,16,1,0
37119,14823,9,1,0
37120,14823,13,3,0.2
37121,14823,16,2,0
37122,14824,17,2,0.15
37123,14824,1,1,0
37124,14825,21,2,0
37125,14825,15,3,0.2
37126,14825,17,1,0
37127,14825,3,3,0
37128,14826,19,1,0.1
37129,14826,22,3,0.15
37130,14826,2,3,0.1
37131,14827,6,1,0.1
37132,14827,13,2,0.1
37133,14827,6,1,0
37134,14827,24,2,0
37135,14828,21,2,0
37136,14828,21,2,0.15
37137,14828,5,1,0.1
37138,14829,3,3,0
37139,14829,12,1,0.2
37140,14829,3,3,0
37141,14829,5,1,0.2
37142,14830,4,1,0.2
37143,14831,20,2,0.2
37144,14831,5,2,0.2
37145,14831,7,1,0.2
37146,14831,9,1,0
37147,14832,23,1,0
37148,14832,21,1,0.1
37149,14832,7,2,0
37150,14833,13,3,0.1
37151,14834,4,3,0
37152,14834,2,1,0
37153,14834,11,2,0.2
37154,14834,3,3,0
37155,14835,16,1,0
37156,14836,2,2,0.1
37157,14836,6,2,0
37158,14836,13,1,0.15
37159,14836,12,1,0.15
37160,14837,2,3,0.15
37161,14837,5,2,0.15
37162,14838,2,1,0.1
37163,14838,21,1,0
37164,14838,16,3,0
37165,14839,16,1,0
37166,14839,17,1,0.2
37167,14839,24,3,0
37168,14839,13,3,0.1
37169,14840,7,2,0.2
37170,14840,3,1,0.15
37171,14841,23,2,0
37172,14841,4,3,0.15
37173,14841,22,3,0.1
37174,14841,22,3,0.1
37175,14842,7,2,0
37176,14842,17,2,0
37177,14842,17,1,0.2
37178,14843,15,3,0
37179,14844,21,2,0
37180,14844,20,2,0
37181,14845,19,3,0.1
37182,14845,24,2,0.1
37183,14845,10,1,0
37184,14846,23,1,0
37185,14846,6,1,0
37186,14846,21,3,0
37187,14846,16,3,0.2
37188,14847,8,2,0
37189,14847,22,3,0
37190,14847,23,2,0
37191,14848,5,1,0
37192,14848,21,1,0.2
37193,14849,2,3,0.1
37194,14849,10,2,0.2
37195,14849,10,2,0.1
37196,14850,19,2,0
37197,14850,6,2,0.2
37198,14850,15,3,0
37199,14850,22,2,0
37200,14851,2,2,0.1
37201,14852,1,2,0.15
37202,14852,2,1,0
37203,14852,10,1,0.15
37204,14852,12,1,0.2
37205,14853,13,1,0
37206,14853,3,3,0
37207,14853,17,1,0.2
37208,14853,12,1,0.15
37209,14854,10,3,0
37210,14854,15,2,0.15
37211,14855,10,3,0
37212,14855,5,3,0
37213,14856,7,3,0.1
37214,14856,9,3,0
37215,14856,2,2,0.15
37216,14857,8,2,0
37217,14858,20,2,0.15
37218,14858,24,2,0.15
37219,14858,16,3,0
37220,14859,24,1,0
37221,14860,18,1,0.1
37222,14860,9,2,0.2
37223,14860,24,3,0.2
37224,14860,1,1,0
37225,14861,11,3,0
37226,14862,4,2,0
37227,14862,19,3,0
37228,14862,19,1,0.1
37229,14862,22,2,0.2
37230,14863,5,2,0
37231,14863,12,2,0.15
37232,14863,7,2,0
37233,14863,8,3,0.15
37234,14864,20,2,0
37235,14865,17,3,0
37236,14865,21,3,0.15
37237,14866,21,3,0.1
37238,14866,7,3,0
37239,14866,20,2,0
37240,14867,16,3,0
37241,14867,13,2,0
37242,14868,11,1,0
37243,14868,17,2,0.15
37244,14868,13,2,0.1
37245,14868,2,1,0
37246,14869,7,3,0.1
37247,14869,22,1,0.1
37248,14870,14,2,0.15
37249,14871,7,3,0
37250,14871,18,3,0
37251,14871,8,3,0
37252,14872,11,2,0
37253,14873,19,2,0
37254,14873,11,2,0.2
37255,14874,19,3,0.2
37256,14874,21,2,0.15
37257,14875,2,1,0
37258,14875,1,1,0.1
37259,14876,18,3,0.15
37260,14876,4,3,0
37261,14876,4,3,0.1
37262,14876,4,2,0
37263,14877,16,1,0.1
37264,14877,6,3,0
37265,14878,16,1,0
37266,14878,17,2,0
37267,14878,11,2,0
37268,14878,19,2,0
37269,14879,4,1,0
37270,14879,18,3,0
37271,14879,6,3,0.1
37272,14879,24,3,0
37273,14880,6,3,0
37274,14881,1,1,0
37275,14882,17,2,0
37276,14883,20,3,0
37277,14883,14,2,0
37278,14883,18,3,0.2
37279,14883,18,3,0
37280,14884,11,1,0.2
37281,14884,3,3,0.15
37282,14884,4,3,0.1
37283,14885,8,2,0
37284,14885,16,2,0
37285,14886,20,2,0.15
37286,14886,1,1,0
37287,14886,9,3,0.15
37288,14887,5,1,0
37289,14888,19,2,0.15
37290,14888,3,2,0.1
37291,14888,11,2,0.15
37292,14888,21,1,0.2
37293,14889,18,3,0
37294,14889,10,2,0
37295,14890,23,3,0.1
37296,14890,11,3,0.15
37297,14891,11,1,0.2
37298,14891,19,3,0.1
37299,14892,21,1,0
37300,14892,8,1,0.2
37301,14892,11,1,0
37302,14892,11,3,0.15
37303,14893,4,3,0.15
37304,14893,16,1,0
37305,14894,1,1,0.15
37306,14894,2,3,0.1
37307,14894,23,2,0
37308,14894,1,1,0
37309,14895,5,1,0.2
37310,14895,9,3,0
37311,14895,16,2,0
37312,14896,24,2,0
37313,14896,14,2,0
37314,14897,3,2,0
37315,14897,19,2,0.2
37316,14897,23,2,0
37317,14898,11,3,0.1
37318,14899,3,1,0.15
37319,14899,2,2,0.1
37320,14899,3,2,0.1
37321,14900,18,2,0.15
37322,14900,10,1,0.15
37323,14901,20,1,0.15
37324,14901,10,1,0.15
37325,14902,12,3,0.15
37326,14902,16,1,0
37327,14902,1,3,0
37328,14902,2,3,0
37329,14903,3,2,0
37330,14903,2,2,0.1
37331,14903,19,2,0
37332,14904,9,1,0
37333,14904,10,2,0.15
37334,14904,11,1,0
37335,14904,21,2,0.15
37336,14905,18,3,0
37337,14906,6,1,0
37338,14906,11,3,0.2
37339,14906,16,2,0.15
37340,14906,7,2,0
37341,14907,12,3,0
37342,14907,7,2,0
37343,14908,12,2,0.1
37344,14909,13,1,0
37345,14910,5,3,0.1
37346,14910,17,3,0.1
37347,14910,9,1,0.1
37348,14910,16,1,0.15
37349,14911,12,3,0.2
37350,14911,21,1,0.15
37351,14912,9,3,0
37352,14912,1,1,0.1
37353,14913,10,2,0.15
37354,14913,15,3,0.2
37355,14914,11,3,0.15
37356,14914,13,2,0.1
37357,14915,19,2,0.2
37358,14916,11,1,0
37359,14917,23,1,0
37360,14918,7,1,0.1
37361,14918,4,1,0.2
37362,14918,11,1,0.2
37363,14918,11,1,0.15
37364,14919,3,1,0
37365,14919,14,2,0.2
37366,14920,9,2,0
37367,14920,19,2,0
37368,14920,19,2,0.15
37369,14921,1,1,0
37370,14921,19,3,0
37371,14921,12,1,0
37372,14921,6,3,0.1
37373,14922,19,1,0.2
37374,14922,13,2,0.2
37375,14922,3,2,0
37376,14923,20,2,0.1
37377,14923,14,3,0
37378,14924,2,3,0.2
37379,14925,19,1,0
37380,14925,22,2,0.1
37381,14925,17,2,0.2
37382,14925,1,1,0
37383,14926,12,3,0
37384,14926,4,3,0.2
37385,14927,14,1,0
37386,14927,4,2,0
37387,14927,7,2,0
37388,14927,9,2,0.15
37389,14928,9,2,0
37390,14929,22,3,0.15
37391,14930,4,2,0
37392,14930,8,1,0.1
37393,14930,13,1,0
37394,14930,7,3,0.15
37395,14931,15,3,0.15
37396,14931,23,2,0
37397,14931,4,3,0
37398,14932,5,3,0.1
37399,14933,9,3,0.2
37400,14933,19,2,0
37401,14933,12,2,0.2
37402,14934,18,1,0.2
37403,14934,18,1,0
37404,14935,15,1,0.1
37405,14935,10,1,0
37406,14935,19,1,0
37407,14936,24,2,0
37408,14936,14,3,0.2
37409,14936,17,3,0.2
37410,14936,13,1,0.2
37411,14937,10,2,0
37412,14937,14,3,0.2
37413,14937,19,1,0
37414,14938,23,2,0
37415,14938,13,2,0.15
37416,14938,10,3,0
37417,14939,23,3,0.15
37418,14939,12,2,0
37419,14939,14,1,0.2
37420,14940,2,3,0
37421,14940,2,2,0.15
37422,14940,8,1,0
37423,14941,20,2,0.15
37424,14941,17,3,0
37425,14941,10,2,0
37426,14942,16,3,0
37427,14942,13,3,0
37428,14943,1,2,0
37429,14943,19,1,0.1
37430,14943,18,2,0
37431,14944,11,3,0.15
37432,14944,16,3,0
37433,14945,1,3,0.1
37434,14945,7,1,0
37435,14945,2,1,0.1
37436,14946,14,1,0.2
37437,14946,24,1,0.15
37438,14947,6,3,0
37439,14947,14,3,0
37440,14948,21,2,0.1
37441,14948,12,3,0.15
37442,14948,17,3,0.1
37443,14949,13,3,0
37444,14949,8,3,0
37445,14950,13,3,0
37446,14950,12,2,0.1
37447,14950,17,1,0.1
37448,14950,11,1,0
37449,14951,9,3,0
37450,14951,15,3,0.1
37451,14951,20,3,0
37452,14952,5,2,0
37453,14952,3,1,0.15
37454,14952,16,3,0.2
37455,14952,20,3,0.15
37456,14953,12,1,0.2
37457,14953,3,1,0.2
37458,14953,5,2,0.2
37459,14953,24,2,0.15
37460,14954,7,3,0
37461,14954,7,1,0
37462,14954,9,1,0.2
37463,14955,24,3,0.15
37464,14956,16,3,0
37465,14956,23,1,0
37466,14957,10,3,0.1
37467,14957,3,3,0
37468,14957,7,3,0.15
37469,14957,6,3,0.2
37470,14958,12,2,0
37471,14958,12,2,0
37472,14959,20,2,0
37473,14959,15,1,0.2
37474,14960,1,3,0
37475,14960,17,1,0
37476,14960,10,2,0
37477,14960,24,1,0.15
37478,14961,7,1,0
37479,14961,2,2,0.15
37480,14962,10,2,0
37481,14962,8,1,0
37482,14963,22,1,0.2
37483,14963,13,2,0
37484,14963,23,1,0
37485,14963,11,3,0
37486,14964,11,2,0.2
37487,14965,2,1,0
37488,14965,21,2,0.15
37489,14966,2,2,0.2
37490,14966,21,3,0
37491,14966,15,1,0
37492,14966,11,2,0
37493,14967,14,2,0
37494,14967,23,1,0.2
37495,14967,16,3,0.1
37496,14968,4,3,0
37497,14969,23,3,0.1
37498,14970,3,3,0
37499,14970,22,2,0
37500,14971,16,1,0.1
37501,14972,18,3,0
37502,14972,21,2,0.1
37503,14972,8,2,0.15
37504,14973,7,3,0
37505,14973,10,1,0
37506,14974,4,2,0
37507,14974,7,3,0
37508,14975,1,1,0
37509,14976,14,3,0
37510,14976,1,1,0.1
37511,14977,15,1,0.15
37512,14977,14,2,0
37513,14977,13,3,0
37514,14977,21,3,0
37515,14978,7,3,0.1
37516,14978,9,3,0
37517,14978,18,3,0
37518,14979,7,3,0.1
37519,14979,18,2,0
37520,14979,13,2,0.2
37521,14980,8,1,0.1
37522,14980,16,1,0
37523,14980,9,1,0.1
37524,14980,21,1,0
37525,14981,3,2,0
37526,14981,19,3,0
37527,14982,23,3,0
37528,14982,12,2,0
37529,14982,7,1,0.15
37530,14983,6,1,0.15
37531,14983,16,3,0.1
37532,14983,19,2,0
37533,14984,3,3,0
37534,14984,15,1,0
37535,14984,21,2,0.1
37536,14984,19,1,0.1
37537,14985,9,3,0.1
37538,14985,10,3,0
37539,14985,19,3,0
37540,14985,21,1,0
37541,14986,12,3,0
37542,14987,24,2,0
37543,14987,1,3,0.1
37544,14987,8,2,0.15
37545,14987,7,3,0.1
37546,14988,24,3,0.1
37547,14988,5,3,0.15
37548,14988,20,3,0.1
37549,14988,13,2,0.1
37550,14989,21,2,0.15
37551,14990,5,3,0.15
37552,14990,20,2,0
37553,14991,20,2,0.1
37554,14991,5,1,0.15
37555,14991,24,3,0.1
37556,14992,19,2,0.2
37557,14992,22,3,0.1
37558,14993,11,3,0.2
37559,14994,13,2,0.2
37560,14995,21,2,0
37561,14995,7,2,0.2
37562,14996,2,3,0
37563,14996,1,1,0
37564,14996,20,3,0.1
37565,14997,5,2,0.2
37566,14997,6,1,0.15
37567,14998,24,1,0.1
37568,14998,7,2,0
37569,14999,20,2,0.1
37570,14999,2,3,0.2
37571,15000,14,2,0.2
37572,15000,20,2,0.2
37573,15000,17,2,0.1
37574,15000,20,1,0.2
